<?xml version="1.0" encoding="ISO-8859-1"?>

<history configuration="config/rounds/auction3.xml">
	<agents>
		<agent name="Neutral">
			<vehicle name="Vehicle 1"/>
			<vehicle name="Vehicle 2"/>
			<vehicle name="Vehicle 3"/>
			<vehicle name="Vehicle 4"/>
		</agent>
		<agent name="Positive">
			<vehicle name="Vehicle 5"/>
			<vehicle name="Vehicle 6"/>
			<vehicle name="Vehicle 7"/>
			<vehicle name="Vehicle 8"/>
		</agent>
	</agents>
	<rounds>
		<round id="1">
			<tasks>
				<task id="0" pickup="Paris" delivery="Monaco" weight="25" reward="40845">
					<bid agent="Neutral" bid="2517"/>
					<bid agent="Positive" bid="3305"/>
				</task>
				<task id="1" pickup="Paris" delivery="Monaco" weight="25" reward="40845">
					<bid agent="Neutral" bid="1342"/>
					<bid agent="Positive" bid="2112"/>
				</task>
				<task id="2" pickup="Lyon" delivery="Paris" weight="28" reward="78143">
					<bid agent="Neutral" bid="1531"/>
					<bid agent="Positive" bid="1436"/>
				</task>
				<task id="3" pickup="Brest" delivery="Lyon" weight="13" reward="37398">
					<bid agent="Neutral" bid="2472"/>
					<bid agent="Positive" bid="3575"/>
				</task>
				<task id="4" pickup="Brest" delivery="Strasbourg" weight="25" reward="35950">
					<bid agent="Neutral" bid="3249"/>
					<bid agent="Positive" bid="4443"/>
				</task>
				<task id="5" pickup="Brest" delivery="Monaco" weight="15" reward="100">
					<bid agent="Neutral" bid="2663"/>
					<bid agent="Positive" bid="3880"/>
				</task>
				<task id="6" pickup="Lyon" delivery="Monaco" weight="28" reward="72973">
					<bid agent="Neutral" bid="2243"/>
					<bid agent="Positive" bid="3167"/>
				</task>
				<task id="7" pickup="Paris" delivery="Le Havre" weight="26" reward="96758">
					<bid agent="Neutral" bid="1078"/>
					<bid agent="Positive" bid="992"/>
				</task>
				<task id="8" pickup="Brest" delivery="Le Havre" weight="18" reward="56013">
					<bid agent="Neutral" bid="1884"/>
					<bid agent="Positive" bid="2917"/>
				</task>
				<task id="9" pickup="Paris" delivery="Monaco" weight="25" reward="40845">
					<bid agent="Neutral" bid="2014"/>
					<bid agent="Positive" bid="3706"/>
				</task>
				<task id="10" pickup="Paris" delivery="Monaco" weight="25" reward="40845">
					<bid agent="Neutral" bid="2097"/>
					<bid agent="Positive" bid="2681"/>
				</task>
				<task id="11" pickup="Marseille" delivery="Bordeaux" weight="16" reward="65734">
					<bid agent="Neutral" bid="2799"/>
					<bid agent="Positive" bid="3773"/>
				</task>
				<task id="12" pickup="Lyon" delivery="Monaco" weight="28" reward="72973">
					<bid agent="Neutral" bid="3606"/>
					<bid agent="Positive" bid="3662"/>
				</task>
				<task id="13" pickup="Genève" delivery="Marseille" weight="29" reward="78212">
					<bid agent="Neutral" bid="1089"/>
					<bid agent="Positive" bid="2457"/>
				</task>
				<task id="14" pickup="Le Havre" delivery="Strasbourg" weight="10" reward="63183">
					<bid agent="Neutral" bid="2653"/>
					<bid agent="Positive" bid="2835"/>
				</task>
				<task id="15" pickup="Monaco" delivery="Genève" weight="22" reward="74352">
					<bid agent="Neutral" bid="2692"/>
					<bid agent="Positive" bid="2876"/>
				</task>
				<task id="16" pickup="Bordeaux" delivery="Le Havre" weight="23" reward="56495">
					<bid agent="Neutral" bid="4125"/>
					<bid agent="Positive" bid="4087"/>
				</task>
				<task id="17" pickup="Genève" delivery="Bordeaux" weight="16" reward="59460">
					<bid agent="Neutral" bid="677"/>
					<bid agent="Positive" bid="1152"/>
				</task>
				<task id="18" pickup="Monaco" delivery="Genève" weight="22" reward="74352">
					<bid agent="Neutral" bid="1312"/>
					<bid agent="Positive" bid="1616"/>
				</task>
				<task id="19" pickup="Paris" delivery="Monaco" weight="25" reward="40845">
					<bid agent="Neutral" bid="3117"/>
					<bid agent="Positive" bid="4050"/>
				</task>
				<task id="20" pickup="Monaco" delivery="Brest" weight="12" reward="100">
					<bid agent="Neutral" bid="7585"/>
					<bid agent="Positive" bid="7216"/>
				</task>
				<task id="21" pickup="Bordeaux" delivery="Marseille" weight="21" reward="65734">
					<bid agent="Neutral" bid="3502"/>
					<bid agent="Positive" bid="3013"/>
				</task>
				<task id="22" pickup="Brest" delivery="Marseille" weight="11" reward="15612">
					<bid agent="Neutral" bid="8712"/>
					<bid agent="Positive" bid="6665"/>
				</task>
				<task id="23" pickup="Monaco" delivery="Le Havre" weight="23" reward="27332">
					<bid agent="Neutral" bid="5270"/>
					<bid agent="Positive" bid="3488"/>
				</task>
				<task id="24" pickup="Brest" delivery="Le Havre" weight="18" reward="56013">
					<bid agent="Neutral" bid="2955"/>
					<bid agent="Positive" bid="3123"/>
				</task>
				<task id="25" pickup="Brest" delivery="Bordeaux" weight="21" reward="29263">
					<bid agent="Neutral" bid="2747"/>
					<bid agent="Positive" bid="2496"/>
				</task>
				<task id="26" pickup="Strasbourg" delivery="Brest" weight="25" reward="35950">
					<bid agent="Neutral" bid="975"/>
					<bid agent="Positive" bid="3126"/>
				</task>
				<task id="27" pickup="Paris" delivery="Strasbourg" weight="26" reward="76696">
					<bid agent="Neutral" bid="2435"/>
					<bid agent="Positive" bid="2551"/>
				</task>
				<task id="28" pickup="Monaco" delivery="Genève" weight="22" reward="74352">
					<bid agent="Neutral" bid="322"/>
					<bid agent="Positive" bid="388"/>
				</task>
				<task id="29" pickup="Monaco" delivery="Lyon" weight="15" reward="72973">
					<bid agent="Neutral" bid="1347"/>
					<bid agent="Positive" bid="1231"/>
				</task>
				<task id="30" pickup="Brest" delivery="Monaco" weight="15" reward="100">
					<bid agent="Neutral" bid="5605"/>
					<bid agent="Positive" bid="2535"/>
				</task>
				<task id="31" pickup="Genève" delivery="Le Havre" weight="23" reward="54358">
					<bid agent="Neutral" bid="6187"/>
					<bid agent="Positive" bid="2446"/>
				</task>
				<task id="32" pickup="Marseille" delivery="Brest" weight="16" reward="15612">
					<bid agent="Neutral" bid="2872"/>
					<bid agent="Positive" bid="1569"/>
				</task>
				<task id="33" pickup="Le Havre" delivery="Bordeaux" weight="22" reward="56495">
					<bid agent="Neutral" bid="2780"/>
					<bid agent="Positive" bid="2969"/>
				</task>
				<task id="34" pickup="Monaco" delivery="Brest" weight="12" reward="100">
					<bid agent="Neutral" bid="4027"/>
					<bid agent="Positive" bid="2780"/>
				</task>
				<task id="35" pickup="Le Havre" delivery="Marseille" weight="28" reward="42844">
					<bid agent="Neutral" bid="5075"/>
					<bid agent="Positive" bid="4423"/>
				</task>
				<task id="36" pickup="Monaco" delivery="Lyon" weight="15" reward="72973">
					<bid agent="Neutral" bid="702"/>
					<bid agent="Positive" bid="787"/>
				</task>
				<task id="37" pickup="Paris" delivery="Strasbourg" weight="26" reward="76696">
					<bid agent="Neutral" bid="3812"/>
					<bid agent="Positive" bid="5160"/>
				</task>
				<task id="38" pickup="Strasbourg" delivery="Paris" weight="26" reward="76696">
					<bid agent="Neutral" bid="687"/>
					<bid agent="Positive" bid="2785"/>
				</task>
				<task id="39" pickup="Bordeaux" delivery="Genève" weight="23" reward="59460">
					<bid agent="Neutral" bid="3992"/>
					<bid agent="Positive" bid="1564"/>
				</task>
			</tasks>
			<events>
				<event id="0" time="0" vehicle="Vehicle 1" pickup="1"/>
				<event id="1" time="0" vehicle="Vehicle 3" pickup="4"/>
				<event id="2" time="0" vehicle="Vehicle 4" move="Lyon"/>
				<event id="3" time="0" vehicle="Vehicle 6" pickup="16"/>
				<event id="4" time="0" vehicle="Vehicle 7" pickup="20"/>
				<event id="5" time="300000000" vehicle="Vehicle 1" pickup="10"/>
				<event id="6" time="300000000" vehicle="Vehicle 3" pickup="5"/>
				<event id="7" time="300000000" vehicle="Vehicle 6" pickup="39"/>
				<event id="8" time="300000000" vehicle="Vehicle 7" pickup="29"/>
				<event id="9" time="600000000" vehicle="Vehicle 1" pickup="9"/>
				<event id="10" time="600000000" vehicle="Vehicle 3" pickup="3"/>
				<event id="11" time="600000000" vehicle="Vehicle 6" move="Lyon"/>
				<event id="12" time="600000000" vehicle="Vehicle 7" pickup="34"/>
				<event id="13" time="900000000" vehicle="Vehicle 1" move="Lyon"/>
				<event id="14" time="900000000" vehicle="Vehicle 3" move="Paris"/>
				<event id="15" time="900000000" vehicle="Vehicle 7" pickup="23"/>
				<event id="16" time="1200000000" vehicle="Vehicle 7" move="Marseille"/>
				<event id="17" time="1655555555" vehicle="Vehicle 4" pickup="12"/>
				<event id="18" time="1955555555" vehicle="Vehicle 4" pickup="6"/>
				<event id="19" time="2255555554" vehicle="Vehicle 4" move="Marseille"/>
				<event id="20" time="3700000000" vehicle="Vehicle 7" pickup="32"/>
				<event id="21" time="4000000000" vehicle="Vehicle 7" move="Lyon"/>
				<event id="22" time="5766666664" vehicle="Vehicle 4" move="Monaco"/>
				<event id="23" time="7133333333" vehicle="Vehicle 6" pickup="2"/>
				<event id="24" time="7433333333" vehicle="Vehicle 6" move="Genève"/>
				<event id="25" time="7466666666" vehicle="Vehicle 3" pickup="27"/>
				<event id="26" time="7511111111" vehicle="Vehicle 7" deliver="29"/>
				<event id="27" time="7766666666" vehicle="Vehicle 3" move="Strasbourg"/>
				<event id="28" time="7811111111" vehicle="Vehicle 7" move="Paris"/>
				<event id="29" time="8266666663" vehicle="Vehicle 4" pickup="18"/>
				<event id="30" time="8566666663" vehicle="Vehicle 4" deliver="12"/>
				<event id="31" time="8666666666" vehicle="Vehicle 1" move="Marseille"/>
				<event id="32" time="8866666663" vehicle="Vehicle 4" pickup="28"/>
				<event id="33" time="9088888887" vehicle="Vehicle 6" deliver="39"/>
				<event id="34" time="9166666662" vehicle="Vehicle 4" deliver="6"/>
				<event id="35" time="9388888887" vehicle="Vehicle 6" pickup="31"/>
				<event id="36" time="9466666662" vehicle="Vehicle 4" pickup="15"/>
				<event id="37" time="9688888887" vehicle="Vehicle 6" move="Lyon"/>
				<event id="38" time="9766666662" vehicle="Vehicle 4" move="Genève"/>
				<event id="39" time="11344444442" vehicle="Vehicle 6" move="Paris"/>
				<event id="40" time="12988888887" vehicle="Vehicle 7" move="Le Havre"/>
				<event id="41" time="13177777776" vehicle="Vehicle 3" deliver="4"/>
				<event id="42" time="13477777776" vehicle="Vehicle 3" pickup="38"/>
				<event id="43" time="13777777776" vehicle="Vehicle 3" deliver="27"/>
				<event id="44" time="13933333332" vehicle="Vehicle 1" move="Monaco"/>
				<event id="45" time="14077777775" vehicle="Vehicle 3" move="Paris"/>
				<event id="46" time="15166666664" vehicle="Vehicle 7" deliver="23"/>
				<event id="47" time="15466666664" vehicle="Vehicle 7" pickup="35"/>
				<event id="48" time="15555555550" vehicle="Vehicle 4" deliver="15"/>
				<event id="49" time="15766666664" vehicle="Vehicle 7" move="Paris"/>
				<event id="50" time="15855555550" vehicle="Vehicle 4" deliver="28"/>
				<event id="51" time="16155555549" vehicle="Vehicle 4" deliver="18"/>
				<event id="52" time="16522222219" vehicle="Vehicle 6" deliver="2"/>
				<event id="53" time="16822222219" vehicle="Vehicle 6" pickup="7"/>
				<event id="54" time="17122222218" vehicle="Vehicle 6" move="Le Havre"/>
				<event id="55" time="17683333331" vehicle="Vehicle 1" deliver="1"/>
				<event id="56" time="17944444441" vehicle="Vehicle 7" move="Brest"/>
				<event id="57" time="17983333331" vehicle="Vehicle 1" pickup="36"/>
				<event id="58" time="18283333330" vehicle="Vehicle 1" deliver="10"/>
				<event id="59" time="18583333330" vehicle="Vehicle 1" deliver="9"/>
				<event id="60" time="18883333330" vehicle="Vehicle 1" move="Marseille"/>
				<event id="61" time="19299999995" vehicle="Vehicle 6" deliver="31"/>
				<event id="62" time="19488888885" vehicle="Vehicle 3" deliver="38"/>
				<event id="63" time="19599999995" vehicle="Vehicle 6" deliver="7"/>
				<event id="64" time="19788888885" vehicle="Vehicle 3" pickup="0"/>
				<event id="65" time="19899999995" vehicle="Vehicle 6" deliver="16"/>
				<event id="66" time="20088888884" vehicle="Vehicle 3" pickup="19"/>
				<event id="67" time="20388888884" vehicle="Vehicle 3" move="Lyon"/>
				<event id="68" time="22633333329" vehicle="Vehicle 1" move="Lyon"/>
				<event id="69" time="24511111107" vehicle="Vehicle 7" deliver="32"/>
				<event id="70" time="24811111107" vehicle="Vehicle 7" pickup="25"/>
				<event id="71" time="25111111106" vehicle="Vehicle 7" deliver="20"/>
				<event id="72" time="25411111106" vehicle="Vehicle 7" pickup="22"/>
				<event id="73" time="25566666661" vehicle="Vehicle 3" deliver="3"/>
				<event id="74" time="25711111106" vehicle="Vehicle 7" deliver="34"/>
				<event id="75" time="25866666661" vehicle="Vehicle 3" move="Marseille"/>
				<event id="76" time="26011111105" vehicle="Vehicle 7" pickup="30"/>
				<event id="77" time="26311111105" vehicle="Vehicle 7" move="Paris"/>
				<event id="78" time="27899999995" vehicle="Vehicle 1" deliver="36"/>
				<event id="79" time="28199999995" vehicle="Vehicle 1" move="Genève"/>
				<event id="80" time="29377777771" vehicle="Vehicle 3" move="Monaco"/>
				<event id="81" time="30683333328" vehicle="Vehicle 1" move="Strasbourg"/>
				<event id="82" time="31877777770" vehicle="Vehicle 3" deliver="0"/>
				<event id="83" time="32177777769" vehicle="Vehicle 3" deliver="19"/>
				<event id="84" time="32477777769" vehicle="Vehicle 3" deliver="5"/>
				<event id="85" time="32877777770" vehicle="Vehicle 7" move="Bordeaux"/>
				<event id="86" time="37166666660" vehicle="Vehicle 1" pickup="26"/>
				<event id="87" time="37466666660" vehicle="Vehicle 1" move="Paris"/>
				<event id="88" time="39366666658" vehicle="Vehicle 7" deliver="25"/>
				<event id="89" time="39666666658" vehicle="Vehicle 7" pickup="21"/>
				<event id="90" time="39966666658" vehicle="Vehicle 7" move="Marseille"/>
				<event id="91" time="45583333326" vehicle="Vehicle 1" move="Brest"/>
				<event id="92" time="47144444435" vehicle="Vehicle 7" deliver="21"/>
				<event id="93" time="47444444435" vehicle="Vehicle 7" deliver="22"/>
				<event id="94" time="47744444435" vehicle="Vehicle 7" deliver="35"/>
				<event id="95" time="48044444434" vehicle="Vehicle 7" move="Monaco"/>
				<event id="96" time="50544444433" vehicle="Vehicle 7" deliver="30"/>
				<event id="97" time="55433333325" vehicle="Vehicle 1" pickup="8"/>
				<event id="98" time="55733333325" vehicle="Vehicle 1" pickup="24"/>
				<event id="99" time="56033333324" vehicle="Vehicle 1" deliver="26"/>
				<event id="100" time="56333333324" vehicle="Vehicle 1" move="Paris"/>
				<event id="101" time="66183333323" vehicle="Vehicle 1" move="Le Havre"/>
				<event id="102" time="69449999989" vehicle="Vehicle 1" pickup="14"/>
				<event id="103" time="69749999989" vehicle="Vehicle 1" pickup="33"/>
				<event id="104" time="70049999989" vehicle="Vehicle 1" deliver="8"/>
				<event id="105" time="70349999989" vehicle="Vehicle 1" deliver="24"/>
				<event id="106" time="70649999989" vehicle="Vehicle 1" move="Paris"/>
				<event id="107" time="73916666655" vehicle="Vehicle 1" pickup="37"/>
				<event id="108" time="74216666654" vehicle="Vehicle 1" move="Strasbourg"/>
				<event id="109" time="82333333320" vehicle="Vehicle 1" deliver="14"/>
				<event id="110" time="82633333320" vehicle="Vehicle 1" deliver="37"/>
				<event id="111" time="82933333320" vehicle="Vehicle 1" move="Genève"/>
				<event id="112" time="89416666652" vehicle="Vehicle 1" pickup="17"/>
				<event id="113" time="89716666652" vehicle="Vehicle 1" pickup="13"/>
				<event id="114" time="90016666651" vehicle="Vehicle 1" move="Lyon"/>
				<event id="115" time="92499999984" vehicle="Vehicle 1" move="Marseille"/>
				<event id="116" time="97766666650" vehicle="Vehicle 1" deliver="13"/>
				<event id="117" time="98066666649" vehicle="Vehicle 1" pickup="11"/>
				<event id="118" time="98366666649" vehicle="Vehicle 1" move="Bordeaux"/>
				<event id="119" time="109133333315" vehicle="Vehicle 1" deliver="33"/>
				<event id="120" time="109433333315" vehicle="Vehicle 1" deliver="17"/>
				<event id="121" time="109733333315" vehicle="Vehicle 1" deliver="11"/>
			</events>
		</round>
	</rounds>
	<statistics>
		<stat rank="1" agent="Positive">
			<total-tasks value="15"/>
			<total-distance value="5584.0"/>
			<total-cost value="27920"/>
			<total-reward value="45941"/>
			<total-profit value="18021"/>
		</stat>
		<stat rank="2" agent="Neutral">
			<total-tasks value="25"/>
			<total-distance value="9917.0"/>
			<total-cost value="49585"/>
			<total-reward value="53094"/>
			<total-profit value="3509"/>
		</stat>
	</statistics>
</history>
