<?xml version="1.0" encoding="ISO-8859-1"?>

<history configuration="config/rounds/auction1.xml">
	<agents>
		<agent name="Negative">
			<vehicle name="Vehicle 1"/>
			<vehicle name="Vehicle 2"/>
		</agent>
		<agent name="Positive">
			<vehicle name="Vehicle 3"/>
			<vehicle name="Vehicle 4"/>
		</agent>
	</agents>
	<rounds>
		<round id="1">
			<tasks>
				<task id="0" pickup="Leeds" delivery="Sheffield" weight="6" reward="1281">
					<bid agent="Negative" bid="164"/>
					<bid agent="Positive" bid="635"/>
				</task>
				<task id="1" pickup="Liverpool" delivery="Sheffield" weight="7" reward="14258">
					<bid agent="Negative" bid="277"/>
					<bid agent="Positive" bid="817"/>
				</task>
				<task id="2" pickup="Manchester" delivery="Cardiff" weight="9" reward="31460">
					<bid agent="Negative" bid="601"/>
					<bid agent="Positive" bid="1161"/>
				</task>
				<task id="3" pickup="Manchester" delivery="London" weight="6" reward="31997">
					<bid agent="Negative" bid="584"/>
					<bid agent="Positive" bid="1268"/>
				</task>
				<task id="4" pickup="Plymouth" delivery="Birmingham" weight="8" reward="58829">
					<bid agent="Negative" bid="1236"/>
					<bid agent="Positive" bid="1255"/>
				</task>
				<task id="5" pickup="Liverpool" delivery="Norwich" weight="5" reward="58793">
					<bid agent="Negative" bid="712"/>
					<bid agent="Positive" bid="1641"/>
				</task>
				<task id="6" pickup="Birmingham" delivery="Norwich" weight="8" reward="35595">
					<bid agent="Negative" bid="336"/>
					<bid agent="Positive" bid="905"/>
				</task>
				<task id="7" pickup="Sheffield" delivery="Manchester" weight="7" reward="20470">
					<bid agent="Negative" bid="458"/>
					<bid agent="Positive" bid="1176"/>
				</task>
				<task id="8" pickup="Liverpool" delivery="Cardiff" weight="6" reward="37671">
					<bid agent="Negative" bid="394"/>
					<bid agent="Positive" bid="1300"/>
				</task>
				<task id="9" pickup="Sheffield" delivery="Norwich" weight="7" reward="51741">
					<bid agent="Negative" bid="563"/>
					<bid agent="Positive" bid="1895"/>
				</task>
				<task id="10" pickup="Portsmouth" delivery="Cardiff" weight="5" reward="48984">
					<bid agent="Negative" bid="805"/>
					<bid agent="Positive" bid="1353"/>
				</task>
				<task id="11" pickup="Plymouth" delivery="London" weight="7" reward="37707">
					<bid agent="Negative" bid="535"/>
					<bid agent="Positive" bid="606"/>
				</task>
				<task id="12" pickup="Sheffield" delivery="Norwich" weight="7" reward="51741">
					<bid agent="Negative" bid="719"/>
					<bid agent="Positive" bid="2274"/>
				</task>
				<task id="13" pickup="Newcastle" delivery="Liverpool" weight="9" reward="24497">
					<bid agent="Negative" bid="329"/>
					<bid agent="Positive" bid="1929"/>
				</task>
				<task id="14" pickup="Cardiff" delivery="Newcastle" weight="8" reward="55643">
					<bid agent="Negative" bid="1356"/>
					<bid agent="Positive" bid="2304"/>
				</task>
				<task id="15" pickup="Birmingham" delivery="Sheffield" weight="6" reward="10034">
					<bid agent="Negative" bid="163"/>
					<bid agent="Positive" bid="898"/>
				</task>
				<task id="16" pickup="Newcastle" delivery="Birmingham" weight="5" reward="35058">
					<bid agent="Negative" bid="691"/>
					<bid agent="Positive" bid="1868"/>
				</task>
				<task id="17" pickup="Birmingham" delivery="Plymouth" weight="6" reward="58829">
					<bid agent="Negative" bid="1372"/>
					<bid agent="Positive" bid="2777"/>
				</task>
				<task id="18" pickup="Cardiff" delivery="Newcastle" weight="8" reward="55643">
					<bid agent="Negative" bid="768"/>
					<bid agent="Positive" bid="2146"/>
				</task>
				<task id="19" pickup="Leeds" delivery="Sheffield" weight="6" reward="1281">
					<bid agent="Negative" bid="47"/>
					<bid agent="Positive" bid="1191"/>
				</task>
			</tasks>
			<events>
				<event id="0" time="0" vehicle="Vehicle 1" pickup="16"/>
				<event id="1" time="0" vehicle="Vehicle 2" move="Birmingham"/>
				<event id="2" time="300000000" vehicle="Vehicle 1" pickup="13"/>
				<event id="3" time="600000000" vehicle="Vehicle 1" move="Leeds"/>
				<event id="4" time="1311111111" vehicle="Vehicle 2" pickup="17"/>
				<event id="5" time="1611111111" vehicle="Vehicle 2" move="London"/>
				<event id="6" time="1694444444" vehicle="Vehicle 1" pickup="19"/>
				<event id="7" time="1994444444" vehicle="Vehicle 1" move="Liverpool"/>
				<event id="8" time="2799999999" vehicle="Vehicle 1" deliver="13"/>
				<event id="9" time="2922222221" vehicle="Vehicle 2" move="Portsmouth"/>
				<event id="10" time="3099999999" vehicle="Vehicle 1" pickup="8"/>
				<event id="11" time="3399999999" vehicle="Vehicle 1" move="Manchester"/>
				<event id="12" time="3753333331" vehicle="Vehicle 2" move="Plymouth"/>
				<event id="13" time="3785555554" vehicle="Vehicle 1" pickup="2"/>
				<event id="14" time="4085555553" vehicle="Vehicle 1" move="Birmingham"/>
				<event id="15" time="5139999997" vehicle="Vehicle 1" move="Cardiff"/>
				<event id="16" time="5642222219" vehicle="Vehicle 2" pickup="11"/>
				<event id="17" time="5942222219" vehicle="Vehicle 2" deliver="17"/>
				<event id="18" time="6242222218" vehicle="Vehicle 2" pickup="4"/>
				<event id="19" time="6417777774" vehicle="Vehicle 1" pickup="18"/>
				<event id="20" time="6542222218" vehicle="Vehicle 2" move="Portsmouth"/>
				<event id="21" time="6717777774" vehicle="Vehicle 1" deliver="8"/>
				<event id="22" time="7017777773" vehicle="Vehicle 1" pickup="14"/>
				<event id="23" time="7317777773" vehicle="Vehicle 1" deliver="2"/>
				<event id="24" time="7617777773" vehicle="Vehicle 1" move="Birmingham"/>
				<event id="25" time="8431111106" vehicle="Vehicle 2" pickup="10"/>
				<event id="26" time="8731111106" vehicle="Vehicle 2" move="London"/>
				<event id="27" time="8895555550" vehicle="Vehicle 1" pickup="15"/>
				<event id="28" time="9195555549" vehicle="Vehicle 1" deliver="16"/>
				<event id="29" time="9495555549" vehicle="Vehicle 1" move="Sheffield"/>
				<event id="30" time="9562222216" vehicle="Vehicle 2" deliver="11"/>
				<event id="31" time="9862222216" vehicle="Vehicle 2" move="Birmingham"/>
				<event id="32" time="10497777770" vehicle="Vehicle 1" deliver="19"/>
				<event id="33" time="10797777770" vehicle="Vehicle 1" pickup="9"/>
				<event id="34" time="11097777769" vehicle="Vehicle 1" pickup="7"/>
				<event id="35" time="11173333326" vehicle="Vehicle 2" deliver="4"/>
				<event id="36" time="11397777769" vehicle="Vehicle 1" move="Leeds"/>
				<event id="37" time="11473333326" vehicle="Vehicle 2" move="Cardiff"/>
				<event id="38" time="11856666657" vehicle="Vehicle 1" move="Newcastle"/>
				<event id="39" time="12751111103" vehicle="Vehicle 2" deliver="10"/>
				<event id="40" time="12951111101" vehicle="Vehicle 1" deliver="18"/>
				<event id="41" time="13251111100" vehicle="Vehicle 1" deliver="14"/>
				<event id="42" time="13551111100" vehicle="Vehicle 1" move="Leeds"/>
				<event id="43" time="14645555543" vehicle="Vehicle 1" move="Liverpool"/>
				<event id="44" time="15451111098" vehicle="Vehicle 1" pickup="1"/>
				<event id="45" time="15751111098" vehicle="Vehicle 1" pickup="5"/>
				<event id="46" time="16051111097" vehicle="Vehicle 1" move="Manchester"/>
				<event id="47" time="16436666652" vehicle="Vehicle 1" deliver="7"/>
				<event id="48" time="16736666652" vehicle="Vehicle 1" pickup="3"/>
				<event id="49" time="17036666651" vehicle="Vehicle 1" move="Liverpool"/>
				<event id="50" time="17422222206" vehicle="Vehicle 1" move="Leeds"/>
				<event id="51" time="18227777760" vehicle="Vehicle 1" pickup="0"/>
				<event id="52" time="18527777760" vehicle="Vehicle 1" move="Sheffield"/>
				<event id="53" time="18986666648" vehicle="Vehicle 1" deliver="0"/>
				<event id="54" time="19286666647" vehicle="Vehicle 1" deliver="1"/>
				<event id="55" time="19586666647" vehicle="Vehicle 1" pickup="12"/>
				<event id="56" time="19886666647" vehicle="Vehicle 1" deliver="15"/>
				<event id="57" time="20186666646" vehicle="Vehicle 1" move="Birmingham"/>
				<event id="58" time="21188888867" vehicle="Vehicle 1" pickup="6"/>
				<event id="59" time="21488888867" vehicle="Vehicle 1" move="London"/>
				<event id="60" time="22799999978" vehicle="Vehicle 1" deliver="3"/>
				<event id="61" time="23099999978" vehicle="Vehicle 1" move="Norwich"/>
				<event id="62" time="24377777755" vehicle="Vehicle 1" deliver="5"/>
				<event id="63" time="24677777755" vehicle="Vehicle 1" deliver="9"/>
				<event id="64" time="24977777755" vehicle="Vehicle 1" deliver="12"/>
				<event id="65" time="25277777754" vehicle="Vehicle 1" deliver="6"/>
			</events>
		</round>
	</rounds>
	<statistics>
		<stat rank="1" agent="Negative">
			<total-tasks value="20"/>
			<total-distance value="2396.6"/>
			<total-cost value="11983"/>
			<total-reward value="12110"/>
			<total-profit value="127"/>
		</stat>
		<stat rank="2" agent="Positive">
			<total-tasks value="0"/>
			<total-distance value="0.0"/>
			<total-cost value="0"/>
			<total-reward value="0"/>
			<total-profit value="0"/>
		</stat>
	</statistics>
</history>
