<?xml version="1.0" encoding="ISO-8859-1"?>

<history configuration="config/rounds/auction2.xml">
	<agents>
		<agent name="Positive">
			<vehicle name="Vehicle 1"/>
			<vehicle name="Vehicle 2"/>
			<vehicle name="Vehicle 3"/>
		</agent>
		<agent name="Future">
			<vehicle name="Vehicle 4"/>
			<vehicle name="Vehicle 5"/>
			<vehicle name="Vehicle 6"/>
			<vehicle name="Vehicle 7"/>
		</agent>
	</agents>
	<rounds>
		<round id="1">
			<tasks>
				<task id="0" pickup="Breda" delivery="Almere" weight="27" reward="62791">
					<bid agent="Positive" bid="437"/>
					<bid agent="Future" bid="407"/>
				</task>
				<task id="1" pickup="Den Haag" delivery="Groningen" weight="19" reward="8119">
					<bid agent="Positive" bid="783"/>
					<bid agent="Future" bid="770"/>
				</task>
				<task id="2" pickup="Apeldoorn" delivery="Den Haag" weight="26" reward="47362">
					<bid agent="Positive" bid="588"/>
					<bid agent="Future" bid="463"/>
				</task>
				<task id="3" pickup="Utrecht" delivery="Groningen" weight="12" reward="30020">
					<bid agent="Positive" bid="359"/>
					<bid agent="Future" bid="399"/>
				</task>
				<task id="4" pickup="Utrecht" delivery="Amsterdam" weight="24" reward="91775">
					<bid agent="Positive" bid="106"/>
					<bid agent="Future" bid="92"/>
				</task>
				<task id="5" pickup="Nijmegen" delivery="Groningen" weight="26" reward="29695">
					<bid agent="Positive" bid="304"/>
					<bid agent="Future" bid="475"/>
				</task>
				<task id="6" pickup="Almere" delivery="Utrecht" weight="26" reward="92712">
					<bid agent="Positive" bid="291"/>
					<bid agent="Future" bid="200"/>
				</task>
				<task id="7" pickup="Den Haag" delivery="Nijmegen" weight="28" reward="54405">
					<bid agent="Positive" bid="610"/>
					<bid agent="Future" bid="519"/>
				</task>
				<task id="8" pickup="Apeldoorn" delivery="Almere" weight="21" reward="77731">
					<bid agent="Positive" bid="251"/>
					<bid agent="Future" bid="117"/>
				</task>
				<task id="9" pickup="Apeldoorn" delivery="Den Haag" weight="26" reward="47362">
					<bid agent="Positive" bid="528"/>
					<bid agent="Future" bid="489"/>
				</task>
				<task id="10" pickup="Almere" delivery="Eindhoven" weight="12" reward="55300">
					<bid agent="Positive" bid="580"/>
					<bid agent="Future" bid="627"/>
				</task>
				<task id="11" pickup="Breda" delivery="Nijmegen" weight="11" reward="71177">
					<bid agent="Positive" bid="378"/>
					<bid agent="Future" bid="333"/>
				</task>
				<task id="12" pickup="Rotterdam" delivery="Almere" weight="22" reward="67350">
					<bid agent="Positive" bid="420"/>
					<bid agent="Future" bid="279"/>
				</task>
				<task id="13" pickup="Den Haag" delivery="Apeldoorn" weight="17" reward="47362">
					<bid agent="Positive" bid="444"/>
					<bid agent="Future" bid="288"/>
				</task>
				<task id="14" pickup="Eindhoven" delivery="Nijmegen" weight="28" reward="81761">
					<bid agent="Positive" bid="141"/>
					<bid agent="Future" bid="391"/>
				</task>
				<task id="15" pickup="Rotterdam" delivery="Apeldoorn" weight="16" reward="57702">
					<bid agent="Positive" bid="282"/>
					<bid agent="Future" bid="452"/>
				</task>
				<task id="16" pickup="Amsterdam" delivery="Breda" weight="23" reward="61855">
					<bid agent="Positive" bid="240"/>
					<bid agent="Future" bid="357"/>
				</task>
				<task id="17" pickup="Apeldoorn" delivery="Den Haag" weight="26" reward="47362">
					<bid agent="Positive" bid="630"/>
					<bid agent="Future" bid="817"/>
				</task>
				<task id="18" pickup="Almere" delivery="Rotterdam" weight="25" reward="67350">
					<bid agent="Positive" bid="285"/>
					<bid agent="Future" bid="310"/>
				</task>
				<task id="19" pickup="Eindhoven" delivery="Breda" weight="15" reward="85018">
					<bid agent="Positive" bid="529"/>
					<bid agent="Future" bid="573"/>
				</task>
				<task id="20" pickup="Amsterdam" delivery="Nijmegen" weight="20" reward="56603">
					<bid agent="Positive" bid="596"/>
					<bid agent="Future" bid="593"/>
				</task>
				<task id="21" pickup="Breda" delivery="Nijmegen" weight="11" reward="71177">
					<bid agent="Positive" bid="260"/>
					<bid agent="Future" bid="331"/>
				</task>
				<task id="22" pickup="Eindhoven" delivery="Groningen" weight="27" reward="1117">
					<bid agent="Positive" bid="521"/>
					<bid agent="Future" bid="747"/>
				</task>
				<task id="23" pickup="Amsterdam" delivery="Nijmegen" weight="20" reward="56603">
					<bid agent="Positive" bid="212"/>
					<bid agent="Future" bid="230"/>
				</task>
				<task id="24" pickup="Groningen" delivery="Amsterdam" weight="15" reward="34661">
					<bid agent="Positive" bid="799"/>
					<bid agent="Future" bid="810"/>
				</task>
				<task id="25" pickup="Den Haag" delivery="Groningen" weight="19" reward="8119">
					<bid agent="Positive" bid="414"/>
					<bid agent="Future" bid="433"/>
				</task>
				<task id="26" pickup="Eindhoven" delivery="Rotterdam" weight="15" reward="65233">
					<bid agent="Positive" bid="156"/>
					<bid agent="Future" bid="543"/>
				</task>
				<task id="27" pickup="Groningen" delivery="Amsterdam" weight="15" reward="34661">
					<bid agent="Positive" bid="486"/>
					<bid agent="Future" bid="459"/>
				</task>
				<task id="28" pickup="Utrecht" delivery="Almere" weight="23" reward="92712">
					<bid agent="Positive" bid="234"/>
					<bid agent="Future" bid="454"/>
				</task>
				<task id="29" pickup="Utrecht" delivery="Breda" weight="29" reward="80418">
					<bid agent="Positive" bid="101"/>
					<bid agent="Future" bid="231"/>
				</task>
			</tasks>
			<events>
				<event id="0" time="0" vehicle="Vehicle 2" pickup="26"/>
				<event id="1" time="0" vehicle="Vehicle 4" pickup="13"/>
				<event id="2" time="0" vehicle="Vehicle 5" pickup="8"/>
				<event id="3" time="0" vehicle="Vehicle 6" pickup="27"/>
				<event id="4" time="0" vehicle="Vehicle 7" pickup="12"/>
				<event id="5" time="300000000" vehicle="Vehicle 2" pickup="19"/>
				<event id="6" time="300000000" vehicle="Vehicle 4" pickup="1"/>
				<event id="7" time="300000000" vehicle="Vehicle 5" pickup="2"/>
				<event id="8" time="300000000" vehicle="Vehicle 6" move="Almere"/>
				<event id="9" time="300000000" vehicle="Vehicle 7" move="Breda"/>
				<event id="10" time="600000000" vehicle="Vehicle 2" pickup="14"/>
				<event id="11" time="600000000" vehicle="Vehicle 4" move="Rotterdam"/>
				<event id="12" time="600000000" vehicle="Vehicle 5" pickup="9"/>
				<event id="13" time="840000000" vehicle="Vehicle 7" pickup="0"/>
				<event id="14" time="882222222" vehicle="Vehicle 4" move="Utrecht"/>
				<event id="15" time="900000000" vehicle="Vehicle 2" move="Nijmegen"/>
				<event id="16" time="900000000" vehicle="Vehicle 5" move="Almere"/>
				<event id="17" time="1140000000" vehicle="Vehicle 7" move="Utrecht"/>
				<event id="18" time="1574444443" vehicle="Vehicle 4" move="Apeldoorn"/>
				<event id="19" time="1680000000" vehicle="Vehicle 2" deliver="14"/>
				<event id="20" time="1790000000" vehicle="Vehicle 5" deliver="8"/>
				<event id="21" time="1956666666" vehicle="Vehicle 7" move="Almere"/>
				<event id="22" time="1980000000" vehicle="Vehicle 2" move="Utrecht"/>
				<event id="23" time="2011111111" vehicle="Vehicle 6" move="Amsterdam"/>
				<event id="24" time="2090000000" vehicle="Vehicle 5" pickup="6"/>
				<event id="25" time="2318888886" vehicle="Vehicle 4" deliver="13"/>
				<event id="26" time="2365555555" vehicle="Vehicle 6" deliver="27"/>
				<event id="27" time="2390000000" vehicle="Vehicle 5" move="Utrecht"/>
				<event id="28" time="2437777776" vehicle="Vehicle 7" deliver="0"/>
				<event id="29" time="2618888886" vehicle="Vehicle 4" move="Groningen"/>
				<event id="30" time="2737777776" vehicle="Vehicle 7" deliver="12"/>
				<event id="31" time="2871111111" vehicle="Vehicle 5" deliver="6"/>
				<event id="32" time="2940000000" vehicle="Vehicle 2" pickup="29"/>
				<event id="33" time="3171111110" vehicle="Vehicle 5" pickup="4"/>
				<event id="34" time="3240000000" vehicle="Vehicle 2" move="Breda"/>
				<event id="35" time="3471111110" vehicle="Vehicle 5" move="Amsterdam"/>
				<event id="36" time="3977777776" vehicle="Vehicle 5" deliver="4"/>
				<event id="37" time="4056666666" vehicle="Vehicle 2" deliver="29"/>
				<event id="38" time="4185555552" vehicle="Vehicle 4" deliver="1"/>
				<event id="39" time="4277777775" vehicle="Vehicle 5" pickup="20"/>
				<event id="40" time="4356666666" vehicle="Vehicle 2" deliver="19"/>
				<event id="41" time="4577777775" vehicle="Vehicle 5" move="Den Haag"/>
				<event id="42" time="4656666666" vehicle="Vehicle 2" move="Rotterdam"/>
				<event id="43" time="5196666665" vehicle="Vehicle 2" deliver="26"/>
				<event id="44" time="5302222219" vehicle="Vehicle 5" deliver="9"/>
				<event id="45" time="5496666665" vehicle="Vehicle 2" pickup="15"/>
				<event id="46" time="5602222219" vehicle="Vehicle 5" pickup="7"/>
				<event id="47" time="5796666665" vehicle="Vehicle 2" move="Utrecht"/>
				<event id="48" time="5902222219" vehicle="Vehicle 5" deliver="2"/>
				<event id="49" time="6202222218" vehicle="Vehicle 5" move="Rotterdam"/>
				<event id="50" time="6484444440" vehicle="Vehicle 5" move="Breda"/>
				<event id="51" time="6488888886" vehicle="Vehicle 2" pickup="3"/>
				<event id="52" time="6788888886" vehicle="Vehicle 2" pickup="28"/>
				<event id="53" time="7024444439" vehicle="Vehicle 5" pickup="11"/>
				<event id="54" time="7088888885" vehicle="Vehicle 2" move="Apeldoorn"/>
				<event id="55" time="7324444439" vehicle="Vehicle 5" move="Nijmegen"/>
				<event id="56" time="7833333329" vehicle="Vehicle 2" pickup="17"/>
				<event id="57" time="8133333328" vehicle="Vehicle 2" deliver="15"/>
				<event id="58" time="8393333327" vehicle="Vehicle 5" deliver="7"/>
				<event id="59" time="8433333328" vehicle="Vehicle 2" move="Groningen"/>
				<event id="60" time="8693333327" vehicle="Vehicle 5" deliver="20"/>
				<event id="61" time="8993333327" vehicle="Vehicle 5" deliver="11"/>
				<event id="62" time="9999999994" vehicle="Vehicle 2" pickup="24"/>
				<event id="63" time="10299999994" vehicle="Vehicle 2" deliver="3"/>
				<event id="64" time="10599999994" vehicle="Vehicle 2" move="Almere"/>
				<event id="65" time="12311111105" vehicle="Vehicle 2" deliver="28"/>
				<event id="66" time="12611111105" vehicle="Vehicle 2" pickup="10"/>
				<event id="67" time="12911111105" vehicle="Vehicle 2" pickup="18"/>
				<event id="68" time="13211111104" vehicle="Vehicle 2" move="Utrecht"/>
				<event id="69" time="13692222215" vehicle="Vehicle 2" move="Rotterdam"/>
				<event id="70" time="14384444436" vehicle="Vehicle 2" deliver="18"/>
				<event id="71" time="14684444436" vehicle="Vehicle 2" move="Den Haag"/>
				<event id="72" time="14966666658" vehicle="Vehicle 2" pickup="25"/>
				<event id="73" time="15266666657" vehicle="Vehicle 2" deliver="17"/>
				<event id="74" time="15566666657" vehicle="Vehicle 2" move="Amsterdam"/>
				<event id="75" time="16291111101" vehicle="Vehicle 2" pickup="23"/>
				<event id="76" time="16591111101" vehicle="Vehicle 2" deliver="24"/>
				<event id="77" time="16891111101" vehicle="Vehicle 2" pickup="16"/>
				<event id="78" time="17191111100" vehicle="Vehicle 2" move="Utrecht"/>
				<event id="79" time="17697777766" vehicle="Vehicle 2" move="Breda"/>
				<event id="80" time="18514444432" vehicle="Vehicle 2" deliver="16"/>
				<event id="81" time="18814444432" vehicle="Vehicle 2" pickup="21"/>
				<event id="82" time="19114444431" vehicle="Vehicle 2" move="Eindhoven"/>
				<event id="83" time="19805555542" vehicle="Vehicle 2" deliver="10"/>
				<event id="84" time="20105555541" vehicle="Vehicle 2" pickup="22"/>
				<event id="85" time="20405555541" vehicle="Vehicle 2" move="Nijmegen"/>
				<event id="86" time="21185555540" vehicle="Vehicle 2" deliver="23"/>
				<event id="87" time="21485555540" vehicle="Vehicle 2" deliver="21"/>
				<event id="88" time="21785555540" vehicle="Vehicle 2" pickup="5"/>
				<event id="89" time="22085555539" vehicle="Vehicle 2" move="Apeldoorn"/>
				<event id="90" time="22719999983" vehicle="Vehicle 2" move="Groningen"/>
				<event id="91" time="24286666649" vehicle="Vehicle 2" deliver="22"/>
				<event id="92" time="24586666649" vehicle="Vehicle 2" deliver="25"/>
				<event id="93" time="24886666649" vehicle="Vehicle 2" deliver="5"/>
			</events>
		</round>
	</rounds>
	<statistics>
		<stat rank="1" agent="Future">
			<total-tasks value="13"/>
			<total-distance value="1051.4"/>
			<total-cost value="5257"/>
			<total-reward value="5009"/>
			<total-profit value="-248"/>
		</stat>
		<stat rank="2" agent="Positive">
			<total-tasks value="17"/>
			<total-distance value="1348.8"/>
			<total-cost value="6744"/>
			<total-reward value="6047"/>
			<total-profit value="-697"/>
		</stat>
	</statistics>
</history>
