<?xml version="1.0" encoding="ISO-8859-1"?>

<history configuration="config/rounds/auction3.xml">
	<agents>
		<agent name="Future">
			<vehicle name="Vehicle 1"/>
			<vehicle name="Vehicle 2"/>
			<vehicle name="Vehicle 3"/>
			<vehicle name="Vehicle 4"/>
		</agent>
		<agent name="Neutral">
			<vehicle name="Vehicle 5"/>
			<vehicle name="Vehicle 6"/>
			<vehicle name="Vehicle 7"/>
			<vehicle name="Vehicle 8"/>
		</agent>
	</agents>
	<rounds>
		<round id="1">
			<tasks>
				<task id="0" pickup="Paris" delivery="Monaco" weight="25" reward="40845">
					<bid agent="Future" bid="2717"/>
					<bid agent="Neutral" bid="3100"/>
				</task>
				<task id="1" pickup="Paris" delivery="Monaco" weight="25" reward="40845">
					<bid agent="Future" bid="1472"/>
					<bid agent="Neutral" bid="1964"/>
				</task>
				<task id="2" pickup="Lyon" delivery="Paris" weight="28" reward="78143">
					<bid agent="Future" bid="1475"/>
					<bid agent="Neutral" bid="1320"/>
				</task>
				<task id="3" pickup="Brest" delivery="Lyon" weight="13" reward="37398">
					<bid agent="Future" bid="2830"/>
					<bid agent="Neutral" bid="3358"/>
				</task>
				<task id="4" pickup="Brest" delivery="Strasbourg" weight="25" reward="35950">
					<bid agent="Future" bid="3921"/>
					<bid agent="Neutral" bid="4184"/>
				</task>
				<task id="5" pickup="Brest" delivery="Monaco" weight="15" reward="100">
					<bid agent="Future" bid="3358"/>
					<bid agent="Neutral" bid="3648"/>
				</task>
				<task id="6" pickup="Lyon" delivery="Monaco" weight="28" reward="72973">
					<bid agent="Future" bid="2266"/>
					<bid agent="Neutral" bid="2709"/>
				</task>
				<task id="7" pickup="Paris" delivery="Le Havre" weight="26" reward="96758">
					<bid agent="Future" bid="856"/>
					<bid agent="Neutral" bid="1351"/>
				</task>
				<task id="8" pickup="Brest" delivery="Le Havre" weight="18" reward="56013">
					<bid agent="Future" bid="2217"/>
					<bid agent="Neutral" bid="2641"/>
				</task>
				<task id="9" pickup="Paris" delivery="Monaco" weight="25" reward="40845">
					<bid agent="Future" bid="2807"/>
					<bid agent="Neutral" bid="3292"/>
				</task>
				<task id="10" pickup="Paris" delivery="Monaco" weight="25" reward="40845">
					<bid agent="Future" bid="2272"/>
					<bid agent="Neutral" bid="2145"/>
				</task>
				<task id="11" pickup="Marseille" delivery="Bordeaux" weight="16" reward="65734">
					<bid agent="Future" bid="2973"/>
					<bid agent="Neutral" bid="3286"/>
				</task>
				<task id="12" pickup="Lyon" delivery="Monaco" weight="28" reward="72973">
					<bid agent="Future" bid="47"/>
					<bid agent="Neutral" bid="854"/>
				</task>
				<task id="13" pickup="Genève" delivery="Marseille" weight="29" reward="78212">
					<bid agent="Future" bid="2459"/>
					<bid agent="Neutral" bid="2170"/>
				</task>
				<task id="14" pickup="Le Havre" delivery="Strasbourg" weight="10" reward="63183">
					<bid agent="Future" bid="3028"/>
					<bid agent="Neutral" bid="1578"/>
				</task>
				<task id="15" pickup="Monaco" delivery="Genève" weight="22" reward="74352">
					<bid agent="Future" bid="3470"/>
					<bid agent="Neutral" bid="3095"/>
				</task>
				<task id="16" pickup="Bordeaux" delivery="Le Havre" weight="23" reward="56495">
					<bid agent="Future" bid="3238"/>
					<bid agent="Neutral" bid="3710"/>
				</task>
				<task id="17" pickup="Genève" delivery="Bordeaux" weight="16" reward="59460">
					<bid agent="Future" bid="2867"/>
					<bid agent="Neutral" bid="2215"/>
				</task>
				<task id="18" pickup="Monaco" delivery="Genève" weight="22" reward="74352">
					<bid agent="Future" bid="2157"/>
					<bid agent="Neutral" bid="1162"/>
				</task>
				<task id="19" pickup="Paris" delivery="Monaco" weight="25" reward="40845">
					<bid agent="Future" bid="2892"/>
					<bid agent="Neutral" bid="1125"/>
				</task>
				<task id="20" pickup="Monaco" delivery="Brest" weight="12" reward="100">
					<bid agent="Future" bid="5996"/>
					<bid agent="Neutral" bid="4737"/>
				</task>
				<task id="21" pickup="Bordeaux" delivery="Marseille" weight="21" reward="65734">
					<bid agent="Future" bid="3591"/>
					<bid agent="Neutral" bid="2022"/>
				</task>
				<task id="22" pickup="Brest" delivery="Marseille" weight="11" reward="15612">
					<bid agent="Future" bid="7576"/>
					<bid agent="Neutral" bid="2775"/>
				</task>
				<task id="23" pickup="Monaco" delivery="Le Havre" weight="23" reward="27332">
					<bid agent="Future" bid="689"/>
					<bid agent="Neutral" bid="505"/>
				</task>
				<task id="24" pickup="Brest" delivery="Le Havre" weight="18" reward="56013">
					<bid agent="Future" bid="4573"/>
					<bid agent="Neutral" bid="3605"/>
				</task>
				<task id="25" pickup="Brest" delivery="Bordeaux" weight="21" reward="29263">
					<bid agent="Future" bid="4653"/>
					<bid agent="Neutral" bid="4900"/>
				</task>
				<task id="26" pickup="Strasbourg" delivery="Brest" weight="25" reward="35950">
					<bid agent="Future" bid="4898"/>
					<bid agent="Neutral" bid="2940"/>
				</task>
				<task id="27" pickup="Paris" delivery="Strasbourg" weight="26" reward="76696">
					<bid agent="Future" bid="46"/>
					<bid agent="Neutral" bid="562"/>
				</task>
				<task id="28" pickup="Monaco" delivery="Genève" weight="22" reward="74352">
					<bid agent="Future" bid="3017"/>
					<bid agent="Neutral" bid="1302"/>
				</task>
				<task id="29" pickup="Monaco" delivery="Lyon" weight="15" reward="72973">
					<bid agent="Future" bid="1349"/>
					<bid agent="Neutral" bid="44"/>
				</task>
				<task id="30" pickup="Brest" delivery="Monaco" weight="15" reward="100">
					<bid agent="Future" bid="5009"/>
					<bid agent="Neutral" bid="2995"/>
				</task>
				<task id="31" pickup="Genève" delivery="Le Havre" weight="23" reward="54358">
					<bid agent="Future" bid="5144"/>
					<bid agent="Neutral" bid="1717"/>
				</task>
				<task id="32" pickup="Marseille" delivery="Brest" weight="16" reward="15612">
					<bid agent="Future" bid="1315"/>
					<bid agent="Neutral" bid="3602"/>
				</task>
				<task id="33" pickup="Le Havre" delivery="Bordeaux" weight="22" reward="56495">
					<bid agent="Future" bid="1120"/>
					<bid agent="Neutral" bid="50"/>
				</task>
				<task id="34" pickup="Monaco" delivery="Brest" weight="12" reward="100">
					<bid agent="Future" bid="1809"/>
					<bid agent="Neutral" bid="44"/>
				</task>
				<task id="35" pickup="Le Havre" delivery="Marseille" weight="28" reward="42844">
					<bid agent="Future" bid="4686"/>
					<bid agent="Neutral" bid="3885"/>
				</task>
				<task id="36" pickup="Monaco" delivery="Lyon" weight="15" reward="72973">
					<bid agent="Future" bid="1168"/>
					<bid agent="Neutral" bid="402"/>
				</task>
				<task id="37" pickup="Paris" delivery="Strasbourg" weight="26" reward="76696">
					<bid agent="Future" bid="3468"/>
					<bid agent="Neutral" bid="44"/>
				</task>
				<task id="38" pickup="Strasbourg" delivery="Paris" weight="26" reward="76696">
					<bid agent="Future" bid="1075"/>
					<bid agent="Neutral" bid="55"/>
				</task>
				<task id="39" pickup="Bordeaux" delivery="Genève" weight="23" reward="59460">
					<bid agent="Future" bid="2051"/>
					<bid agent="Neutral" bid="44"/>
				</task>
			</tasks>
			<events>
				<event id="0" time="0" vehicle="Vehicle 1" pickup="9"/>
				<event id="1" time="0" vehicle="Vehicle 3" pickup="4"/>
				<event id="2" time="0" vehicle="Vehicle 6" pickup="39"/>
				<event id="3" time="0" vehicle="Vehicle 7" pickup="20"/>
				<event id="4" time="0" vehicle="Vehicle 8" pickup="26"/>
				<event id="5" time="300000000" vehicle="Vehicle 1" pickup="1"/>
				<event id="6" time="300000000" vehicle="Vehicle 3" pickup="3"/>
				<event id="7" time="300000000" vehicle="Vehicle 6" pickup="21"/>
				<event id="8" time="300000000" vehicle="Vehicle 7" pickup="29"/>
				<event id="9" time="300000000" vehicle="Vehicle 8" pickup="38"/>
				<event id="10" time="600000000" vehicle="Vehicle 1" pickup="7"/>
				<event id="11" time="600000000" vehicle="Vehicle 3" pickup="5"/>
				<event id="12" time="600000000" vehicle="Vehicle 6" move="Marseille"/>
				<event id="13" time="600000000" vehicle="Vehicle 7" pickup="36"/>
				<event id="14" time="600000000" vehicle="Vehicle 8" move="Paris"/>
				<event id="15" time="900000000" vehicle="Vehicle 1" move="Le Havre"/>
				<event id="16" time="900000000" vehicle="Vehicle 3" move="Paris"/>
				<event id="17" time="900000000" vehicle="Vehicle 7" pickup="34"/>
				<event id="18" time="1200000000" vehicle="Vehicle 7" pickup="23"/>
				<event id="19" time="1500000000" vehicle="Vehicle 7" move="Marseille"/>
				<event id="20" time="4000000000" vehicle="Vehicle 7" move="Lyon"/>
				<event id="21" time="4166666666" vehicle="Vehicle 1" deliver="7"/>
				<event id="22" time="4466666666" vehicle="Vehicle 1" move="Paris"/>
				<event id="23" time="6011111111" vehicle="Vehicle 8" move="Brest"/>
				<event id="24" time="7466666666" vehicle="Vehicle 3" pickup="27"/>
				<event id="25" time="7511111111" vehicle="Vehicle 7" deliver="29"/>
				<event id="26" time="7733333332" vehicle="Vehicle 1" pickup="0"/>
				<event id="27" time="7766666666" vehicle="Vehicle 3" move="Strasbourg"/>
				<event id="28" time="7777777777" vehicle="Vehicle 6" deliver="21"/>
				<event id="29" time="7811111111" vehicle="Vehicle 7" deliver="36"/>
				<event id="30" time="8033333331" vehicle="Vehicle 1" move="Lyon"/>
				<event id="31" time="8077777776" vehicle="Vehicle 6" move="Lyon"/>
				<event id="32" time="8111111110" vehicle="Vehicle 7" move="Paris"/>
				<event id="33" time="11588888886" vehicle="Vehicle 6" move="Genève"/>
				<event id="34" time="12577777776" vehicle="Vehicle 8" pickup="22"/>
				<event id="35" time="12877777776" vehicle="Vehicle 8" pickup="30"/>
				<event id="36" time="13177777775" vehicle="Vehicle 8" deliver="26"/>
				<event id="37" time="13177777776" vehicle="Vehicle 3" deliver="4"/>
				<event id="38" time="13244444441" vehicle="Vehicle 6" pickup="17"/>
				<event id="39" time="13288888886" vehicle="Vehicle 7" move="Brest"/>
				<event id="40" time="13477777775" vehicle="Vehicle 8" move="Paris"/>
				<event id="41" time="13477777776" vehicle="Vehicle 3" deliver="27"/>
				<event id="42" time="13544444441" vehicle="Vehicle 6" deliver="39"/>
				<event id="43" time="13777777776" vehicle="Vehicle 3" move="Genève"/>
				<event id="44" time="13844444441" vehicle="Vehicle 6" pickup="31"/>
				<event id="45" time="14144444440" vehicle="Vehicle 6" move="Lyon"/>
				<event id="46" time="15799999995" vehicle="Vehicle 6" pickup="2"/>
				<event id="47" time="15799999997" vehicle="Vehicle 1" move="Marseille"/>
				<event id="48" time="16099999995" vehicle="Vehicle 6" move="Paris"/>
				<event id="49" time="18099999998" vehicle="Vehicle 3" move="Lyon"/>
				<event id="50" time="19755555553" vehicle="Vehicle 3" deliver="3"/>
				<event id="51" time="19855555552" vehicle="Vehicle 7" pickup="24"/>
				<event id="52" time="20044444441" vehicle="Vehicle 8" pickup="19"/>
				<event id="53" time="20055555552" vehicle="Vehicle 3" pickup="12"/>
				<event id="54" time="20155555551" vehicle="Vehicle 7" deliver="20"/>
				<event id="55" time="20344444441" vehicle="Vehicle 8" deliver="38"/>
				<event id="56" time="20355555552" vehicle="Vehicle 3" pickup="6"/>
				<event id="57" time="20455555551" vehicle="Vehicle 7" deliver="34"/>
				<event id="58" time="20644444441" vehicle="Vehicle 8" pickup="10"/>
				<event id="59" time="20655555552" vehicle="Vehicle 3" move="Marseille"/>
				<event id="60" time="20755555551" vehicle="Vehicle 7" move="Paris"/>
				<event id="61" time="20944444441" vehicle="Vehicle 8" move="Lyon"/>
				<event id="62" time="21066666663" vehicle="Vehicle 1" move="Monaco"/>
				<event id="63" time="21277777772" vehicle="Vehicle 6" deliver="2"/>
				<event id="64" time="21577777772" vehicle="Vehicle 6" move="Le Havre"/>
				<event id="65" time="23755555549" vehicle="Vehicle 6" pickup="33"/>
				<event id="66" time="24055555548" vehicle="Vehicle 6" deliver="31"/>
				<event id="67" time="24166666662" vehicle="Vehicle 3" move="Monaco"/>
				<event id="68" time="24355555548" vehicle="Vehicle 6" move="Paris"/>
				<event id="69" time="24816666662" vehicle="Vehicle 1" deliver="0"/>
				<event id="70" time="25116666661" vehicle="Vehicle 1" deliver="1"/>
				<event id="71" time="25416666661" vehicle="Vehicle 1" deliver="9"/>
				<event id="72" time="25716666661" vehicle="Vehicle 1" move="Marseille"/>
				<event id="73" time="26122222218" vehicle="Vehicle 8" move="Marseille"/>
				<event id="74" time="26533333325" vehicle="Vehicle 6" move="Bordeaux"/>
				<event id="75" time="26666666661" vehicle="Vehicle 3" deliver="12"/>
				<event id="76" time="26966666661" vehicle="Vehicle 3" deliver="6"/>
				<event id="77" time="27266666660" vehicle="Vehicle 3" deliver="5"/>
				<event id="78" time="27322222217" vehicle="Vehicle 7" pickup="37"/>
				<event id="79" time="27622222217" vehicle="Vehicle 7" move="Le Havre"/>
				<event id="80" time="29466666660" vehicle="Vehicle 1" pickup="11"/>
				<event id="81" time="29633333328" vehicle="Vehicle 8" deliver="22"/>
				<event id="82" time="29766666660" vehicle="Vehicle 1" pickup="32"/>
				<event id="83" time="29799999994" vehicle="Vehicle 7" deliver="24"/>
				<event id="84" time="29933333328" vehicle="Vehicle 8" move="Monaco"/>
				<event id="85" time="30066666659" vehicle="Vehicle 1" move="Bordeaux"/>
				<event id="86" time="30099999994" vehicle="Vehicle 7" pickup="14"/>
				<event id="87" time="30399999994" vehicle="Vehicle 7" deliver="23"/>
				<event id="88" time="30699999994" vehicle="Vehicle 7" pickup="35"/>
				<event id="89" time="30999999994" vehicle="Vehicle 7" move="Paris"/>
				<event id="90" time="32433333327" vehicle="Vehicle 8" deliver="10"/>
				<event id="91" time="32733333327" vehicle="Vehicle 8" pickup="18"/>
				<event id="92" time="33022222213" vehicle="Vehicle 6" deliver="33"/>
				<event id="93" time="33033333326" vehicle="Vehicle 8" deliver="30"/>
				<event id="94" time="33177777771" vehicle="Vehicle 7" move="Strasbourg"/>
				<event id="95" time="33322222213" vehicle="Vehicle 6" deliver="17"/>
				<event id="96" time="33333333326" vehicle="Vehicle 8" pickup="15"/>
				<event id="97" time="33633333326" vehicle="Vehicle 8" deliver="19"/>
				<event id="98" time="33933333326" vehicle="Vehicle 8" pickup="28"/>
				<event id="99" time="34233333325" vehicle="Vehicle 8" move="Genève"/>
				<event id="100" time="38588888881" vehicle="Vehicle 7" deliver="37"/>
				<event id="101" time="38888888881" vehicle="Vehicle 7" deliver="14"/>
				<event id="102" time="39188888880" vehicle="Vehicle 7" move="Genève"/>
				<event id="103" time="40022222213" vehicle="Vehicle 8" deliver="15"/>
				<event id="104" time="40322222213" vehicle="Vehicle 8" deliver="28"/>
				<event id="105" time="40622222213" vehicle="Vehicle 8" deliver="18"/>
				<event id="106" time="40833333325" vehicle="Vehicle 1" pickup="16"/>
				<event id="107" time="41133333324" vehicle="Vehicle 1" move="Paris"/>
				<event id="108" time="43511111102" vehicle="Vehicle 7" pickup="13"/>
				<event id="109" time="43811111102" vehicle="Vehicle 7" move="Lyon"/>
				<event id="110" time="45466666656" vehicle="Vehicle 7" move="Marseille"/>
				<event id="111" time="48977777766" vehicle="Vehicle 7" deliver="13"/>
				<event id="112" time="49277777765" vehicle="Vehicle 7" deliver="35"/>
				<event id="113" time="50866666656" vehicle="Vehicle 1" move="Brest"/>
				<event id="114" time="60716666655" vehicle="Vehicle 1" deliver="32"/>
				<event id="115" time="61016666654" vehicle="Vehicle 1" pickup="25"/>
				<event id="116" time="61316666654" vehicle="Vehicle 1" pickup="8"/>
				<event id="117" time="61616666654" vehicle="Vehicle 1" move="Paris"/>
				<event id="118" time="71466666653" vehicle="Vehicle 1" move="Le Havre"/>
				<event id="119" time="74733333319" vehicle="Vehicle 1" deliver="16"/>
				<event id="120" time="75033333318" vehicle="Vehicle 1" deliver="8"/>
				<event id="121" time="75333333318" vehicle="Vehicle 1" move="Paris"/>
				<event id="122" time="78599999984" vehicle="Vehicle 1" move="Bordeaux"/>
				<event id="123" time="88333333317" vehicle="Vehicle 1" deliver="11"/>
				<event id="124" time="88633333317" vehicle="Vehicle 1" deliver="25"/>
			</events>
		</round>
	</rounds>
	<statistics>
		<stat rank="1" agent="Future">
			<total-tasks value="15"/>
			<total-distance value="7169.0"/>
			<total-cost value="35845"/>
			<total-reward value="34716"/>
			<total-profit value="-1129"/>
		</stat>
		<stat rank="2" agent="Neutral">
			<total-tasks value="25"/>
			<total-distance value="9821.0"/>
			<total-cost value="49105"/>
			<total-reward value="41976"/>
			<total-profit value="-7129"/>
		</stat>
	</statistics>
</history>
