<?xml version="1.0" encoding="ISO-8859-1"?>

<history configuration="config/rounds/auction3.xml">
	<agents>
		<agent name="Positive">
			<vehicle name="Vehicle 1"/>
			<vehicle name="Vehicle 2"/>
			<vehicle name="Vehicle 3"/>
			<vehicle name="Vehicle 4"/>
		</agent>
		<agent name="Future">
			<vehicle name="Vehicle 5"/>
			<vehicle name="Vehicle 6"/>
			<vehicle name="Vehicle 7"/>
			<vehicle name="Vehicle 8"/>
		</agent>
	</agents>
	<rounds>
		<round id="1">
			<tasks>
				<task id="0" pickup="Paris" delivery="Monaco" weight="25" reward="40845">
					<bid agent="Positive" bid="2692"/>
					<bid agent="Future" bid="3335"/>
				</task>
				<task id="1" pickup="Paris" delivery="Monaco" weight="25" reward="40845">
					<bid agent="Positive" bid="1459"/>
					<bid agent="Future" bid="2131"/>
				</task>
				<task id="2" pickup="Lyon" delivery="Paris" weight="28" reward="78143">
					<bid agent="Positive" bid="1657"/>
					<bid agent="Future" bid="1278"/>
				</task>
				<task id="3" pickup="Brest" delivery="Lyon" weight="13" reward="37398">
					<bid agent="Positive" bid="2645"/>
					<bid agent="Future" bid="3825"/>
				</task>
				<task id="4" pickup="Brest" delivery="Strasbourg" weight="25" reward="35950">
					<bid agent="Positive" bid="3461"/>
					<bid agent="Future" bid="5033"/>
				</task>
				<task id="5" pickup="Brest" delivery="Monaco" weight="15" reward="100">
					<bid agent="Positive" bid="2846"/>
					<bid agent="Future" bid="4579"/>
				</task>
				<task id="6" pickup="Lyon" delivery="Monaco" weight="28" reward="72973">
					<bid agent="Positive" bid="2405"/>
					<bid agent="Future" bid="2816"/>
				</task>
				<task id="7" pickup="Paris" delivery="Le Havre" weight="26" reward="96758">
					<bid agent="Positive" bid="1181"/>
					<bid agent="Future" bid="609"/>
				</task>
				<task id="8" pickup="Brest" delivery="Le Havre" weight="18" reward="56013">
					<bid agent="Positive" bid="2028"/>
					<bid agent="Future" bid="3733"/>
				</task>
				<task id="9" pickup="Paris" delivery="Monaco" weight="25" reward="40845">
					<bid agent="Positive" bid="2164"/>
					<bid agent="Future" bid="2599"/>
				</task>
				<task id="10" pickup="Paris" delivery="Monaco" weight="25" reward="40845">
					<bid agent="Positive" bid="2251"/>
					<bid agent="Future" bid="3621"/>
				</task>
				<task id="11" pickup="Marseille" delivery="Bordeaux" weight="16" reward="65734">
					<bid agent="Positive" bid="3932"/>
					<bid agent="Future" bid="2543"/>
				</task>
				<task id="12" pickup="Lyon" delivery="Monaco" weight="28" reward="72973">
					<bid agent="Positive" bid="3768"/>
					<bid agent="Future" bid="3164"/>
				</task>
				<task id="13" pickup="Genève" delivery="Marseille" weight="29" reward="78212">
					<bid agent="Positive" bid="2205"/>
					<bid agent="Future" bid="1951"/>
				</task>
				<task id="14" pickup="Le Havre" delivery="Strasbourg" weight="10" reward="63183">
					<bid agent="Positive" bid="2835"/>
					<bid agent="Future" bid="1795"/>
				</task>
				<task id="15" pickup="Monaco" delivery="Genève" weight="22" reward="74352">
					<bid agent="Positive" bid="3013"/>
					<bid agent="Future" bid="1560"/>
				</task>
				<task id="16" pickup="Bordeaux" delivery="Le Havre" weight="23" reward="56495">
					<bid agent="Positive" bid="4908"/>
					<bid agent="Future" bid="1047"/>
				</task>
				<task id="17" pickup="Genève" delivery="Bordeaux" weight="16" reward="59460">
					<bid agent="Positive" bid="1984"/>
					<bid agent="Future" bid="2395"/>
				</task>
				<task id="18" pickup="Monaco" delivery="Genève" weight="22" reward="74352">
					<bid agent="Positive" bid="1417"/>
					<bid agent="Future" bid="1552"/>
				</task>
				<task id="19" pickup="Paris" delivery="Monaco" weight="25" reward="40845">
					<bid agent="Positive" bid="4861"/>
					<bid agent="Future" bid="3584"/>
				</task>
				<task id="20" pickup="Monaco" delivery="Brest" weight="12" reward="100">
					<bid agent="Positive" bid="6310"/>
					<bid agent="Future" bid="5634"/>
				</task>
				<task id="21" pickup="Bordeaux" delivery="Marseille" weight="21" reward="65734">
					<bid agent="Positive" bid="3149"/>
					<bid agent="Future" bid="785"/>
				</task>
				<task id="22" pickup="Brest" delivery="Marseille" weight="11" reward="15612">
					<bid agent="Positive" bid="6003"/>
					<bid agent="Future" bid="6222"/>
				</task>
				<task id="23" pickup="Monaco" delivery="Le Havre" weight="23" reward="27332">
					<bid agent="Positive" bid="2097"/>
					<bid agent="Future" bid="3459"/>
				</task>
				<task id="24" pickup="Brest" delivery="Le Havre" weight="18" reward="56013">
					<bid agent="Positive" bid="2115"/>
					<bid agent="Future" bid="1845"/>
				</task>
				<task id="25" pickup="Brest" delivery="Bordeaux" weight="21" reward="29263">
					<bid agent="Positive" bid="1894"/>
					<bid agent="Future" bid="2249"/>
				</task>
				<task id="26" pickup="Strasbourg" delivery="Brest" weight="25" reward="35950">
					<bid agent="Positive" bid="1220"/>
					<bid agent="Future" bid="4231"/>
				</task>
				<task id="27" pickup="Paris" delivery="Strasbourg" weight="26" reward="76696">
					<bid agent="Positive" bid="1966"/>
					<bid agent="Future" bid="297"/>
				</task>
				<task id="28" pickup="Monaco" delivery="Genève" weight="22" reward="74352">
					<bid agent="Positive" bid="92"/>
					<bid agent="Future" bid="473"/>
				</task>
				<task id="29" pickup="Monaco" delivery="Lyon" weight="15" reward="72973">
					<bid agent="Positive" bid="451"/>
					<bid agent="Future" bid="2321"/>
				</task>
				<task id="30" pickup="Brest" delivery="Monaco" weight="15" reward="100">
					<bid agent="Positive" bid="3420"/>
					<bid agent="Future" bid="1155"/>
				</task>
				<task id="31" pickup="Genève" delivery="Le Havre" weight="23" reward="54358">
					<bid agent="Positive" bid="3137"/>
					<bid agent="Future" bid="824"/>
				</task>
				<task id="32" pickup="Marseille" delivery="Brest" weight="16" reward="15612">
					<bid agent="Positive" bid="1703"/>
					<bid agent="Future" bid="1668"/>
				</task>
				<task id="33" pickup="Le Havre" delivery="Bordeaux" weight="22" reward="56495">
					<bid agent="Positive" bid="50"/>
					<bid agent="Future" bid="4040"/>
				</task>
				<task id="34" pickup="Monaco" delivery="Brest" weight="12" reward="100">
					<bid agent="Positive" bid="50"/>
					<bid agent="Future" bid="3429"/>
				</task>
				<task id="35" pickup="Le Havre" delivery="Marseille" weight="28" reward="42844">
					<bid agent="Positive" bid="4586"/>
					<bid agent="Future" bid="2831"/>
				</task>
				<task id="36" pickup="Monaco" delivery="Lyon" weight="15" reward="72973">
					<bid agent="Positive" bid="50"/>
					<bid agent="Future" bid="47"/>
				</task>
				<task id="37" pickup="Paris" delivery="Strasbourg" weight="26" reward="76696">
					<bid agent="Positive" bid="2656"/>
					<bid agent="Future" bid="2036"/>
				</task>
				<task id="38" pickup="Strasbourg" delivery="Paris" weight="26" reward="76696">
					<bid agent="Positive" bid="1478"/>
					<bid agent="Future" bid="3711"/>
				</task>
				<task id="39" pickup="Bordeaux" delivery="Genève" weight="23" reward="59460">
					<bid agent="Positive" bid="4423"/>
					<bid agent="Future" bid="3205"/>
				</task>
			</tasks>
			<events>
				<event id="0" time="0" vehicle="Vehicle 1" pickup="9"/>
				<event id="1" time="0" vehicle="Vehicle 2" move="Monaco"/>
				<event id="2" time="0" vehicle="Vehicle 3" pickup="5"/>
				<event id="3" time="0" vehicle="Vehicle 4" pickup="17"/>
				<event id="4" time="0" vehicle="Vehicle 5" pickup="12"/>
				<event id="5" time="0" vehicle="Vehicle 6" pickup="21"/>
				<event id="6" time="300000000" vehicle="Vehicle 1" pickup="1"/>
				<event id="7" time="300000000" vehicle="Vehicle 3" pickup="3"/>
				<event id="8" time="300000000" vehicle="Vehicle 4" move="Monaco"/>
				<event id="9" time="300000000" vehicle="Vehicle 5" move="Marseille"/>
				<event id="10" time="300000000" vehicle="Vehicle 6" pickup="39"/>
				<event id="11" time="600000000" vehicle="Vehicle 1" pickup="10"/>
				<event id="12" time="600000000" vehicle="Vehicle 3" pickup="4"/>
				<event id="13" time="600000000" vehicle="Vehicle 6" move="Lyon"/>
				<event id="14" time="900000000" vehicle="Vehicle 1" move="Lyon"/>
				<event id="15" time="900000000" vehicle="Vehicle 3" pickup="22"/>
				<event id="16" time="1200000000" vehicle="Vehicle 3" move="Paris"/>
				<event id="17" time="2500000000" vehicle="Vehicle 2" pickup="28"/>
				<event id="18" time="2800000000" vehicle="Vehicle 2" pickup="29"/>
				<event id="19" time="3100000000" vehicle="Vehicle 2" pickup="18"/>
				<event id="20" time="3400000000" vehicle="Vehicle 2" move="Genève"/>
				<event id="21" time="3811111111" vehicle="Vehicle 5" pickup="11"/>
				<event id="22" time="4111111110" vehicle="Vehicle 5" pickup="32"/>
				<event id="23" time="4411111110" vehicle="Vehicle 5" move="Monaco"/>
				<event id="24" time="6088888888" vehicle="Vehicle 4" pickup="23"/>
				<event id="25" time="6388888888" vehicle="Vehicle 4" pickup="34"/>
				<event id="26" time="6688888888" vehicle="Vehicle 4" move="Genève"/>
				<event id="27" time="6911111109" vehicle="Vehicle 5" pickup="20"/>
				<event id="28" time="7133333333" vehicle="Vehicle 6" move="Genève"/>
				<event id="29" time="7211111108" vehicle="Vehicle 5" deliver="12"/>
				<event id="30" time="7511111108" vehicle="Vehicle 5" move="Marseille"/>
				<event id="31" time="7766666666" vehicle="Vehicle 3" move="Strasbourg"/>
				<event id="32" time="8666666666" vehicle="Vehicle 1" move="Marseille"/>
				<event id="33" time="8788888887" vehicle="Vehicle 6" deliver="39"/>
				<event id="34" time="9088888886" vehicle="Vehicle 6" pickup="13"/>
				<event id="35" time="9188888888" vehicle="Vehicle 2" deliver="28"/>
				<event id="36" time="9388888886" vehicle="Vehicle 6" move="Lyon"/>
				<event id="37" time="9488888888" vehicle="Vehicle 2" deliver="18"/>
				<event id="38" time="9788888888" vehicle="Vehicle 2" move="Lyon"/>
				<event id="39" time="10011111107" vehicle="Vehicle 5" move="Bordeaux"/>
				<event id="40" time="11044444441" vehicle="Vehicle 6" move="Marseille"/>
				<event id="41" time="11444444443" vehicle="Vehicle 2" deliver="29"/>
				<event id="42" time="12477777776" vehicle="Vehicle 4" move="Strasbourg"/>
				<event id="43" time="13177777776" vehicle="Vehicle 3" deliver="4"/>
				<event id="44" time="13477777776" vehicle="Vehicle 3" pickup="38"/>
				<event id="45" time="13777777776" vehicle="Vehicle 3" move="Paris"/>
				<event id="46" time="13933333332" vehicle="Vehicle 1" move="Monaco"/>
				<event id="47" time="14555555551" vehicle="Vehicle 6" deliver="21"/>
				<event id="48" time="14855555551" vehicle="Vehicle 6" deliver="13"/>
				<event id="49" time="16799999998" vehicle="Vehicle 4" pickup="26"/>
				<event id="50" time="17099999998" vehicle="Vehicle 4" move="Paris"/>
				<event id="51" time="17188888883" vehicle="Vehicle 5" pickup="16"/>
				<event id="52" time="17488888883" vehicle="Vehicle 5" deliver="11"/>
				<event id="53" time="17683333331" vehicle="Vehicle 1" deliver="1"/>
				<event id="54" time="17788888883" vehicle="Vehicle 5" move="Paris"/>
				<event id="55" time="17983333331" vehicle="Vehicle 1" deliver="10"/>
				<event id="56" time="18283333330" vehicle="Vehicle 1" deliver="9"/>
				<event id="57" time="19188888886" vehicle="Vehicle 3" deliver="38"/>
				<event id="58" time="19488888886" vehicle="Vehicle 3" pickup="0"/>
				<event id="59" time="19788888886" vehicle="Vehicle 3" move="Lyon"/>
				<event id="60" time="22511111109" vehicle="Vehicle 4" move="Brest"/>
				<event id="61" time="24277777771" vehicle="Vehicle 5" move="Brest"/>
				<event id="62" time="24966666663" vehicle="Vehicle 3" deliver="3"/>
				<event id="63" time="25266666662" vehicle="Vehicle 3" pickup="6"/>
				<event id="64" time="25566666662" vehicle="Vehicle 3" move="Marseille"/>
				<event id="65" time="29077777772" vehicle="Vehicle 3" deliver="22"/>
				<event id="66" time="29077777774" vehicle="Vehicle 4" deliver="34"/>
				<event id="67" time="29377777772" vehicle="Vehicle 3" move="Monaco"/>
				<event id="68" time="29377777774" vehicle="Vehicle 4" deliver="26"/>
				<event id="69" time="29677777774" vehicle="Vehicle 4" pickup="8"/>
				<event id="70" time="29977777774" vehicle="Vehicle 4" pickup="25"/>
				<event id="71" time="30277777773" vehicle="Vehicle 4" move="Paris"/>
				<event id="72" time="30844444437" vehicle="Vehicle 5" deliver="20"/>
				<event id="73" time="31144444436" vehicle="Vehicle 5" pickup="24"/>
				<event id="74" time="31444444436" vehicle="Vehicle 5" pickup="30"/>
				<event id="75" time="31744444436" vehicle="Vehicle 5" deliver="32"/>
				<event id="76" time="31877777771" vehicle="Vehicle 3" deliver="0"/>
				<event id="77" time="32044444435" vehicle="Vehicle 5" move="Paris"/>
				<event id="78" time="32177777770" vehicle="Vehicle 3" deliver="6"/>
				<event id="79" time="32477777770" vehicle="Vehicle 3" deliver="5"/>
				<event id="80" time="36844444439" vehicle="Vehicle 4" move="Le Havre"/>
				<event id="81" time="38611111101" vehicle="Vehicle 5" move="Le Havre"/>
				<event id="82" time="39022222216" vehicle="Vehicle 4" deliver="23"/>
				<event id="83" time="39322222216" vehicle="Vehicle 4" deliver="8"/>
				<event id="84" time="39622222216" vehicle="Vehicle 4" pickup="33"/>
				<event id="85" time="39922222216" vehicle="Vehicle 4" move="Paris"/>
				<event id="86" time="40788888877" vehicle="Vehicle 5" deliver="16"/>
				<event id="87" time="41088888876" vehicle="Vehicle 5" pickup="35"/>
				<event id="88" time="41388888876" vehicle="Vehicle 5" deliver="24"/>
				<event id="89" time="41688888876" vehicle="Vehicle 5" move="Paris"/>
				<event id="90" time="42099999993" vehicle="Vehicle 4" move="Bordeaux"/>
				<event id="91" time="43866666653" vehicle="Vehicle 5" pickup="19"/>
				<event id="92" time="44166666652" vehicle="Vehicle 5" move="Lyon"/>
				<event id="93" time="48588888881" vehicle="Vehicle 4" deliver="25"/>
				<event id="94" time="48888888881" vehicle="Vehicle 4" deliver="17"/>
				<event id="95" time="49188888880" vehicle="Vehicle 4" deliver="33"/>
				<event id="96" time="49344444429" vehicle="Vehicle 5" move="Marseille"/>
				<event id="97" time="52855555539" vehicle="Vehicle 5" deliver="35"/>
				<event id="98" time="53155555538" vehicle="Vehicle 5" move="Monaco"/>
				<event id="99" time="55655555537" vehicle="Vehicle 5" pickup="36"/>
				<event id="100" time="55955555537" vehicle="Vehicle 5" pickup="15"/>
				<event id="101" time="56255555536" vehicle="Vehicle 5" deliver="30"/>
				<event id="102" time="56555555536" vehicle="Vehicle 5" deliver="19"/>
				<event id="103" time="56855555536" vehicle="Vehicle 5" move="Genève"/>
				<event id="104" time="62644444424" vehicle="Vehicle 5" pickup="31"/>
				<event id="105" time="62944444424" vehicle="Vehicle 5" deliver="15"/>
				<event id="106" time="63244444423" vehicle="Vehicle 5" move="Lyon"/>
				<event id="107" time="64899999978" vehicle="Vehicle 5" deliver="36"/>
				<event id="108" time="65199999978" vehicle="Vehicle 5" pickup="2"/>
				<event id="109" time="65499999978" vehicle="Vehicle 5" move="Paris"/>
				<event id="110" time="70677777755" vehicle="Vehicle 5" pickup="7"/>
				<event id="111" time="70977777755" vehicle="Vehicle 5" move="Le Havre"/>
				<event id="112" time="73155555532" vehicle="Vehicle 5" deliver="7"/>
				<event id="113" time="73455555532" vehicle="Vehicle 5" pickup="14"/>
				<event id="114" time="73755555532" vehicle="Vehicle 5" deliver="31"/>
				<event id="115" time="74055555531" vehicle="Vehicle 5" move="Paris"/>
				<event id="116" time="76233333308" vehicle="Vehicle 5" pickup="37"/>
				<event id="117" time="76533333308" vehicle="Vehicle 5" deliver="2"/>
				<event id="118" time="76833333308" vehicle="Vehicle 5" pickup="27"/>
				<event id="119" time="77133333307" vehicle="Vehicle 5" move="Strasbourg"/>
				<event id="120" time="82544444417" vehicle="Vehicle 5" deliver="27"/>
				<event id="121" time="82844444417" vehicle="Vehicle 5" deliver="37"/>
				<event id="122" time="83144444416" vehicle="Vehicle 5" deliver="14"/>
			</events>
		</round>
	</rounds>
	<statistics>
		<stat rank="1" agent="Future">
			<total-tasks value="20"/>
			<total-distance value="7794.0"/>
			<total-cost value="38970"/>
			<total-reward value="37858"/>
			<total-profit value="-1112"/>
		</stat>
		<stat rank="2" agent="Positive">
			<total-tasks value="20"/>
			<total-distance value="8550.0"/>
			<total-cost value="42750"/>
			<total-reward value="38687"/>
			<total-profit value="-4063"/>
		</stat>
	</statistics>
</history>
