<?xml version="1.0" encoding="ISO-8859-1"?>

<history configuration="config/rounds/auction1.xml">
	<agents>
		<agent name="Negative">
			<vehicle name="Vehicle 1"/>
			<vehicle name="Vehicle 2"/>
		</agent>
		<agent name="Neutral">
			<vehicle name="Vehicle 3"/>
			<vehicle name="Vehicle 4"/>
		</agent>
	</agents>
	<rounds>
		<round id="1">
			<tasks>
				<task id="0" pickup="Leeds" delivery="Sheffield" weight="6" reward="1281">
					<bid agent="Negative" bid="164"/>
					<bid agent="Neutral" bid="558"/>
				</task>
				<task id="1" pickup="Liverpool" delivery="Sheffield" weight="7" reward="14258">
					<bid agent="Negative" bid="277"/>
					<bid agent="Neutral" bid="731"/>
				</task>
				<task id="2" pickup="Manchester" delivery="Cardiff" weight="9" reward="31460">
					<bid agent="Negative" bid="601"/>
					<bid agent="Neutral" bid="1059"/>
				</task>
				<task id="3" pickup="Manchester" delivery="London" weight="6" reward="31997">
					<bid agent="Negative" bid="584"/>
					<bid agent="Neutral" bid="1160"/>
				</task>
				<task id="4" pickup="Plymouth" delivery="Birmingham" weight="8" reward="58829">
					<bid agent="Negative" bid="1236"/>
					<bid agent="Neutral" bid="1354"/>
				</task>
				<task id="5" pickup="Liverpool" delivery="Norwich" weight="5" reward="58793">
					<bid agent="Negative" bid="712"/>
					<bid agent="Neutral" bid="1363"/>
				</task>
				<task id="6" pickup="Birmingham" delivery="Norwich" weight="8" reward="35595">
					<bid agent="Negative" bid="336"/>
					<bid agent="Neutral" bid="815"/>
				</task>
				<task id="7" pickup="Sheffield" delivery="Manchester" weight="7" reward="20470">
					<bid agent="Negative" bid="458"/>
					<bid agent="Neutral" bid="1016"/>
				</task>
				<task id="8" pickup="Liverpool" delivery="Cardiff" weight="6" reward="37671">
					<bid agent="Negative" bid="394"/>
					<bid agent="Neutral" bid="1251"/>
				</task>
				<task id="9" pickup="Sheffield" delivery="Norwich" weight="7" reward="51741">
					<bid agent="Negative" bid="633"/>
					<bid agent="Neutral" bid="1762"/>
				</task>
				<task id="10" pickup="Portsmouth" delivery="Cardiff" weight="5" reward="48984">
					<bid agent="Negative" bid="796"/>
					<bid agent="Neutral" bid="1228"/>
				</task>
				<task id="11" pickup="Plymouth" delivery="London" weight="7" reward="37707">
					<bid agent="Negative" bid="855"/>
					<bid agent="Neutral" bid="536"/>
				</task>
				<task id="12" pickup="Sheffield" delivery="Norwich" weight="7" reward="51741">
					<bid agent="Negative" bid="702"/>
					<bid agent="Neutral" bid="1829"/>
				</task>
				<task id="13" pickup="Newcastle" delivery="Liverpool" weight="9" reward="24497">
					<bid agent="Negative" bid="329"/>
					<bid agent="Neutral" bid="1832"/>
				</task>
				<task id="14" pickup="Cardiff" delivery="Newcastle" weight="8" reward="55643">
					<bid agent="Negative" bid="1362"/>
					<bid agent="Neutral" bid="1619"/>
				</task>
				<task id="15" pickup="Birmingham" delivery="Sheffield" weight="6" reward="10034">
					<bid agent="Negative" bid="163"/>
					<bid agent="Neutral" bid="520"/>
				</task>
				<task id="16" pickup="Newcastle" delivery="Birmingham" weight="5" reward="35058">
					<bid agent="Negative" bid="496"/>
					<bid agent="Neutral" bid="1631"/>
				</task>
				<task id="17" pickup="Birmingham" delivery="Plymouth" weight="6" reward="58829">
					<bid agent="Negative" bid="1694"/>
					<bid agent="Neutral" bid="2166"/>
				</task>
				<task id="18" pickup="Cardiff" delivery="Newcastle" weight="8" reward="55643">
					<bid agent="Negative" bid="768"/>
					<bid agent="Neutral" bid="1445"/>
				</task>
				<task id="19" pickup="Leeds" delivery="Sheffield" weight="6" reward="1281">
					<bid agent="Negative" bid="154"/>
					<bid agent="Neutral" bid="727"/>
				</task>
			</tasks>
			<events>
				<event id="0" time="0" vehicle="Vehicle 1" pickup="16"/>
				<event id="1" time="0" vehicle="Vehicle 3" pickup="11"/>
				<event id="2" time="300000000" vehicle="Vehicle 1" move="Leeds"/>
				<event id="3" time="300000000" vehicle="Vehicle 3" move="Portsmouth"/>
				<event id="4" time="1394444444" vehicle="Vehicle 1" move="Liverpool"/>
				<event id="5" time="2188888888" vehicle="Vehicle 3" move="London"/>
				<event id="6" time="2199999999" vehicle="Vehicle 1" pickup="8"/>
				<event id="7" time="2499999999" vehicle="Vehicle 1" move="Manchester"/>
				<event id="8" time="2885555554" vehicle="Vehicle 1" pickup="2"/>
				<event id="9" time="3019999999" vehicle="Vehicle 3" deliver="11"/>
				<event id="10" time="3185555553" vehicle="Vehicle 1" pickup="3"/>
				<event id="11" time="3485555553" vehicle="Vehicle 1" move="Birmingham"/>
				<event id="12" time="4539999997" vehicle="Vehicle 1" pickup="17"/>
				<event id="13" time="4839999997" vehicle="Vehicle 1" move="London"/>
				<event id="14" time="6151111108" vehicle="Vehicle 1" move="Portsmouth"/>
				<event id="15" time="6982222219" vehicle="Vehicle 1" move="Plymouth"/>
				<event id="16" time="8871111107" vehicle="Vehicle 1" pickup="4"/>
				<event id="17" time="9171111106" vehicle="Vehicle 1" deliver="17"/>
				<event id="18" time="9471111106" vehicle="Vehicle 1" move="Portsmouth"/>
				<event id="19" time="11359999994" vehicle="Vehicle 1" pickup="10"/>
				<event id="20" time="11659999994" vehicle="Vehicle 1" move="London"/>
				<event id="21" time="12491111105" vehicle="Vehicle 1" deliver="3"/>
				<event id="22" time="12791111105" vehicle="Vehicle 1" move="Birmingham"/>
				<event id="23" time="14102222215" vehicle="Vehicle 1" deliver="16"/>
				<event id="24" time="14402222215" vehicle="Vehicle 1" move="Cardiff"/>
				<event id="25" time="15679999992" vehicle="Vehicle 1" pickup="18"/>
				<event id="26" time="15979999992" vehicle="Vehicle 1" deliver="8"/>
				<event id="27" time="16279999992" vehicle="Vehicle 1" pickup="14"/>
				<event id="28" time="16579999992" vehicle="Vehicle 1" deliver="2"/>
				<event id="29" time="16879999992" vehicle="Vehicle 1" deliver="10"/>
				<event id="30" time="17179999992" vehicle="Vehicle 1" move="Birmingham"/>
				<event id="31" time="18457777769" vehicle="Vehicle 1" pickup="15"/>
				<event id="32" time="18757777769" vehicle="Vehicle 1" move="Sheffield"/>
				<event id="33" time="19759999991" vehicle="Vehicle 1" pickup="7"/>
				<event id="34" time="20059999991" vehicle="Vehicle 1" move="Leeds"/>
				<event id="35" time="20518888879" vehicle="Vehicle 1" move="Newcastle"/>
				<event id="36" time="21613333323" vehicle="Vehicle 1" deliver="14"/>
				<event id="37" time="21913333323" vehicle="Vehicle 1" pickup="13"/>
				<event id="38" time="22213333322" vehicle="Vehicle 1" deliver="18"/>
				<event id="39" time="22513333322" vehicle="Vehicle 1" move="Leeds"/>
				<event id="40" time="23607777765" vehicle="Vehicle 1" move="Liverpool"/>
				<event id="41" time="24413333320" vehicle="Vehicle 1" pickup="5"/>
				<event id="42" time="24713333320" vehicle="Vehicle 1" move="Manchester"/>
				<event id="43" time="25098888874" vehicle="Vehicle 1" deliver="7"/>
				<event id="44" time="25398888874" vehicle="Vehicle 1" move="Liverpool"/>
				<event id="45" time="25784444429" vehicle="Vehicle 1" pickup="1"/>
				<event id="46" time="26084444428" vehicle="Vehicle 1" deliver="13"/>
				<event id="47" time="26384444428" vehicle="Vehicle 1" move="Leeds"/>
				<event id="48" time="27189999983" vehicle="Vehicle 1" pickup="0"/>
				<event id="49" time="27489999983" vehicle="Vehicle 1" pickup="19"/>
				<event id="50" time="27789999983" vehicle="Vehicle 1" move="Sheffield"/>
				<event id="51" time="28248888871" vehicle="Vehicle 1" deliver="0"/>
				<event id="52" time="28548888871" vehicle="Vehicle 1" pickup="9"/>
				<event id="53" time="28848888871" vehicle="Vehicle 1" deliver="19"/>
				<event id="54" time="29148888870" vehicle="Vehicle 1" pickup="12"/>
				<event id="55" time="29448888870" vehicle="Vehicle 1" deliver="15"/>
				<event id="56" time="29748888870" vehicle="Vehicle 1" deliver="1"/>
				<event id="57" time="30048888869" vehicle="Vehicle 1" move="Birmingham"/>
				<event id="58" time="31051111091" vehicle="Vehicle 1" pickup="6"/>
				<event id="59" time="31351111091" vehicle="Vehicle 1" deliver="4"/>
				<event id="60" time="31651111091" vehicle="Vehicle 1" move="London"/>
				<event id="61" time="32962222201" vehicle="Vehicle 1" move="Norwich"/>
				<event id="62" time="34239999978" vehicle="Vehicle 1" deliver="5"/>
				<event id="63" time="34539999978" vehicle="Vehicle 1" deliver="9"/>
				<event id="64" time="34839999978" vehicle="Vehicle 1" deliver="12"/>
				<event id="65" time="35139999978" vehicle="Vehicle 1" deliver="6"/>
			</events>
		</round>
	</rounds>
	<statistics>
		<stat rank="1" agent="Negative">
			<total-tasks value="19"/>
			<total-distance value="2163.6"/>
			<total-cost value="10818"/>
			<total-reward value="11859"/>
			<total-profit value="1041"/>
		</stat>
		<stat rank="2" agent="Neutral">
			<total-tasks value="1"/>
			<total-distance value="244.8"/>
			<total-cost value="1224"/>
			<total-reward value="536"/>
			<total-profit value="-688"/>
		</stat>
	</statistics>
</history>
