<?xml version="1.0" encoding="ISO-8859-1"?>

<history configuration="config/rounds/auction3.xml">
	<agents>
		<agent name="Positive">
			<vehicle name="Vehicle 1"/>
			<vehicle name="Vehicle 2"/>
			<vehicle name="Vehicle 3"/>
			<vehicle name="Vehicle 4"/>
		</agent>
		<agent name="Neutral">
			<vehicle name="Vehicle 5"/>
			<vehicle name="Vehicle 6"/>
			<vehicle name="Vehicle 7"/>
			<vehicle name="Vehicle 8"/>
		</agent>
	</agents>
	<rounds>
		<round id="1">
			<tasks>
				<task id="0" pickup="Paris" delivery="Monaco" weight="25" reward="40845">
					<bid agent="Positive" bid="2692"/>
					<bid agent="Neutral" bid="3100"/>
				</task>
				<task id="1" pickup="Paris" delivery="Monaco" weight="25" reward="40845">
					<bid agent="Positive" bid="1459"/>
					<bid agent="Neutral" bid="1964"/>
				</task>
				<task id="2" pickup="Lyon" delivery="Paris" weight="28" reward="78143">
					<bid agent="Positive" bid="1657"/>
					<bid agent="Neutral" bid="1320"/>
				</task>
				<task id="3" pickup="Brest" delivery="Lyon" weight="13" reward="37398">
					<bid agent="Positive" bid="2645"/>
					<bid agent="Neutral" bid="3358"/>
				</task>
				<task id="4" pickup="Brest" delivery="Strasbourg" weight="25" reward="35950">
					<bid agent="Positive" bid="3461"/>
					<bid agent="Neutral" bid="4184"/>
				</task>
				<task id="5" pickup="Brest" delivery="Monaco" weight="15" reward="100">
					<bid agent="Positive" bid="2846"/>
					<bid agent="Neutral" bid="3648"/>
				</task>
				<task id="6" pickup="Lyon" delivery="Monaco" weight="28" reward="72973">
					<bid agent="Positive" bid="2405"/>
					<bid agent="Neutral" bid="2709"/>
				</task>
				<task id="7" pickup="Paris" delivery="Le Havre" weight="26" reward="96758">
					<bid agent="Positive" bid="1181"/>
					<bid agent="Neutral" bid="1078"/>
				</task>
				<task id="8" pickup="Brest" delivery="Le Havre" weight="18" reward="56013">
					<bid agent="Positive" bid="2028"/>
					<bid agent="Neutral" bid="3016"/>
				</task>
				<task id="9" pickup="Paris" delivery="Monaco" weight="25" reward="40845">
					<bid agent="Positive" bid="2164"/>
					<bid agent="Neutral" bid="2508"/>
				</task>
				<task id="10" pickup="Paris" delivery="Monaco" weight="25" reward="40845">
					<bid agent="Positive" bid="2251"/>
					<bid agent="Neutral" bid="2506"/>
				</task>
				<task id="11" pickup="Marseille" delivery="Bordeaux" weight="16" reward="65734">
					<bid agent="Positive" bid="3500"/>
					<bid agent="Neutral" bid="4610"/>
				</task>
				<task id="12" pickup="Lyon" delivery="Monaco" weight="28" reward="72973">
					<bid agent="Positive" bid="3305"/>
					<bid agent="Neutral" bid="3548"/>
				</task>
				<task id="13" pickup="Genève" delivery="Marseille" weight="29" reward="78212">
					<bid agent="Positive" bid="1189"/>
					<bid agent="Neutral" bid="3628"/>
				</task>
				<task id="14" pickup="Le Havre" delivery="Strasbourg" weight="10" reward="63183">
					<bid agent="Positive" bid="2835"/>
					<bid agent="Neutral" bid="1650"/>
				</task>
				<task id="15" pickup="Monaco" delivery="Genève" weight="22" reward="74352">
					<bid agent="Positive" bid="3614"/>
					<bid agent="Neutral" bid="1405"/>
				</task>
				<task id="16" pickup="Bordeaux" delivery="Le Havre" weight="23" reward="56495">
					<bid agent="Positive" bid="3641"/>
					<bid agent="Neutral" bid="3067"/>
				</task>
				<task id="17" pickup="Genève" delivery="Bordeaux" weight="16" reward="59460">
					<bid agent="Positive" bid="1341"/>
					<bid agent="Neutral" bid="667"/>
				</task>
				<task id="18" pickup="Monaco" delivery="Genève" weight="22" reward="74352">
					<bid agent="Positive" bid="2246"/>
					<bid agent="Neutral" bid="1497"/>
				</task>
				<task id="19" pickup="Paris" delivery="Monaco" weight="25" reward="40845">
					<bid agent="Positive" bid="4885"/>
					<bid agent="Neutral" bid="2275"/>
				</task>
				<task id="20" pickup="Monaco" delivery="Brest" weight="12" reward="100">
					<bid agent="Positive" bid="8030"/>
					<bid agent="Neutral" bid="3587"/>
				</task>
				<task id="21" pickup="Bordeaux" delivery="Marseille" weight="21" reward="65734">
					<bid agent="Positive" bid="2188"/>
					<bid agent="Neutral" bid="1247"/>
				</task>
				<task id="22" pickup="Brest" delivery="Marseille" weight="11" reward="15612">
					<bid agent="Positive" bid="7344"/>
					<bid agent="Neutral" bid="5682"/>
				</task>
				<task id="23" pickup="Monaco" delivery="Le Havre" weight="23" reward="27332">
					<bid agent="Positive" bid="4517"/>
					<bid agent="Neutral" bid="4657"/>
				</task>
				<task id="24" pickup="Brest" delivery="Le Havre" weight="18" reward="56013">
					<bid agent="Positive" bid="3599"/>
					<bid agent="Neutral" bid="1975"/>
				</task>
				<task id="25" pickup="Brest" delivery="Bordeaux" weight="21" reward="29263">
					<bid agent="Positive" bid="5405"/>
					<bid agent="Neutral" bid="2955"/>
				</task>
				<task id="26" pickup="Strasbourg" delivery="Brest" weight="25" reward="35950">
					<bid agent="Positive" bid="4423"/>
					<bid agent="Neutral" bid="3870"/>
				</task>
				<task id="27" pickup="Paris" delivery="Strasbourg" weight="26" reward="76696">
					<bid agent="Positive" bid="1063"/>
					<bid agent="Neutral" bid="1179"/>
				</task>
				<task id="28" pickup="Monaco" delivery="Genève" weight="22" reward="74352">
					<bid agent="Positive" bid="832"/>
					<bid agent="Neutral" bid="567"/>
				</task>
				<task id="29" pickup="Monaco" delivery="Lyon" weight="15" reward="72973">
					<bid agent="Positive" bid="50"/>
					<bid agent="Neutral" bid="1715"/>
				</task>
				<task id="30" pickup="Brest" delivery="Monaco" weight="15" reward="100">
					<bid agent="Positive" bid="4990"/>
					<bid agent="Neutral" bid="4965"/>
				</task>
				<task id="31" pickup="Genève" delivery="Le Havre" weight="23" reward="54358">
					<bid agent="Positive" bid="50"/>
					<bid agent="Neutral" bid="1825"/>
				</task>
				<task id="32" pickup="Marseille" delivery="Brest" weight="16" reward="15612">
					<bid agent="Positive" bid="5375"/>
					<bid agent="Neutral" bid="6425"/>
				</task>
				<task id="33" pickup="Le Havre" delivery="Bordeaux" weight="22" reward="56495">
					<bid agent="Positive" bid="1364"/>
					<bid agent="Neutral" bid="2510"/>
				</task>
				<task id="34" pickup="Monaco" delivery="Brest" weight="12" reward="100">
					<bid agent="Positive" bid="1982"/>
					<bid agent="Neutral" bid="2305"/>
				</task>
				<task id="35" pickup="Le Havre" delivery="Marseille" weight="28" reward="42844">
					<bid agent="Positive" bid="2291"/>
					<bid agent="Neutral" bid="2090"/>
				</task>
				<task id="36" pickup="Monaco" delivery="Lyon" weight="15" reward="72973">
					<bid agent="Positive" bid="1231"/>
					<bid agent="Neutral" bid="332"/>
				</task>
				<task id="37" pickup="Paris" delivery="Strasbourg" weight="26" reward="76696">
					<bid agent="Positive" bid="50"/>
					<bid agent="Neutral" bid="2745"/>
				</task>
				<task id="38" pickup="Strasbourg" delivery="Paris" weight="26" reward="76696">
					<bid agent="Positive" bid="1073"/>
					<bid agent="Neutral" bid="48"/>
				</task>
				<task id="39" pickup="Bordeaux" delivery="Genève" weight="23" reward="59460">
					<bid agent="Positive" bid="3181"/>
					<bid agent="Neutral" bid="962"/>
				</task>
			</tasks>
			<events>
				<event id="0" time="0" vehicle="Vehicle 1" pickup="0"/>
				<event id="1" time="0" vehicle="Vehicle 2" pickup="32"/>
				<event id="2" time="0" vehicle="Vehicle 3" pickup="4"/>
				<event id="3" time="0" vehicle="Vehicle 7" pickup="18"/>
				<event id="4" time="0" vehicle="Vehicle 8" move="Genève"/>
				<event id="5" time="300000000" vehicle="Vehicle 1" pickup="1"/>
				<event id="6" time="300000000" vehicle="Vehicle 2" move="Monaco"/>
				<event id="7" time="300000000" vehicle="Vehicle 3" pickup="8"/>
				<event id="8" time="300000000" vehicle="Vehicle 7" pickup="28"/>
				<event id="9" time="600000000" vehicle="Vehicle 1" pickup="10"/>
				<event id="10" time="600000000" vehicle="Vehicle 3" move="Paris"/>
				<event id="11" time="600000000" vehicle="Vehicle 7" pickup="15"/>
				<event id="12" time="900000000" vehicle="Vehicle 1" move="Lyon"/>
				<event id="13" time="900000000" vehicle="Vehicle 7" pickup="20"/>
				<event id="14" time="1200000000" vehicle="Vehicle 7" move="Genève"/>
				<event id="15" time="2800000000" vehicle="Vehicle 2" pickup="34"/>
				<event id="16" time="3100000000" vehicle="Vehicle 2" pickup="23"/>
				<event id="17" time="3400000000" vehicle="Vehicle 2" pickup="29"/>
				<event id="18" time="3700000000" vehicle="Vehicle 2" move="Marseille"/>
				<event id="19" time="4322222222" vehicle="Vehicle 8" pickup="17"/>
				<event id="20" time="4622222222" vehicle="Vehicle 8" move="Lyon"/>
				<event id="21" time="6200000000" vehicle="Vehicle 2" move="Lyon"/>
				<event id="22" time="6277777776" vehicle="Vehicle 8" pickup="2"/>
				<event id="23" time="6577777776" vehicle="Vehicle 8" move="Bordeaux"/>
				<event id="24" time="6988888888" vehicle="Vehicle 7" deliver="28"/>
				<event id="25" time="7166666666" vehicle="Vehicle 3" pickup="27"/>
				<event id="26" time="7288888887" vehicle="Vehicle 7" deliver="15"/>
				<event id="27" time="7466666666" vehicle="Vehicle 3" move="Le Havre"/>
				<event id="28" time="7588888887" vehicle="Vehicle 7" deliver="18"/>
				<event id="29" time="7888888887" vehicle="Vehicle 7" move="Strasbourg"/>
				<event id="30" time="8666666666" vehicle="Vehicle 1" move="Marseille"/>
				<event id="31" time="9644444443" vehicle="Vehicle 3" deliver="8"/>
				<event id="32" time="9711111111" vehicle="Vehicle 2" deliver="29"/>
				<event id="33" time="9944444443" vehicle="Vehicle 3" pickup="33"/>
				<event id="34" time="10011111110" vehicle="Vehicle 2" move="Genève"/>
				<event id="35" time="10244444442" vehicle="Vehicle 3" move="Paris"/>
				<event id="36" time="11666666664" vehicle="Vehicle 2" pickup="31"/>
				<event id="37" time="11966666664" vehicle="Vehicle 2" move="Lyon"/>
				<event id="38" time="12211111109" vehicle="Vehicle 7" pickup="26"/>
				<event id="39" time="12422222219" vehicle="Vehicle 3" move="Strasbourg"/>
				<event id="40" time="12511111109" vehicle="Vehicle 7" pickup="38"/>
				<event id="41" time="12811111109" vehicle="Vehicle 7" move="Paris"/>
				<event id="42" time="13111111109" vehicle="Vehicle 8" deliver="17"/>
				<event id="43" time="13411111109" vehicle="Vehicle 8" pickup="16"/>
				<event id="44" time="13622222219" vehicle="Vehicle 2" move="Paris"/>
				<event id="45" time="13711111109" vehicle="Vehicle 8" move="Paris"/>
				<event id="46" time="13933333332" vehicle="Vehicle 1" move="Monaco"/>
				<event id="47" time="17683333331" vehicle="Vehicle 1" deliver="1"/>
				<event id="48" time="17833333329" vehicle="Vehicle 3" deliver="4"/>
				<event id="49" time="17983333331" vehicle="Vehicle 1" deliver="10"/>
				<event id="50" time="18133333328" vehicle="Vehicle 3" deliver="27"/>
				<event id="51" time="18222222219" vehicle="Vehicle 7" deliver="38"/>
				<event id="52" time="18283333330" vehicle="Vehicle 1" deliver="0"/>
				<event id="53" time="18433333328" vehicle="Vehicle 3" move="Genève"/>
				<event id="54" time="18522222219" vehicle="Vehicle 7" move="Brest"/>
				<event id="55" time="18799999996" vehicle="Vehicle 2" move="Le Havre"/>
				<event id="56" time="20199999997" vehicle="Vehicle 8" pickup="7"/>
				<event id="57" time="20499999997" vehicle="Vehicle 8" deliver="2"/>
				<event id="58" time="20799999997" vehicle="Vehicle 8" pickup="19"/>
				<event id="59" time="20977777773" vehicle="Vehicle 2" deliver="31"/>
				<event id="60" time="21099999997" vehicle="Vehicle 8" move="Le Havre"/>
				<event id="61" time="21277777772" vehicle="Vehicle 2" deliver="23"/>
				<event id="62" time="21577777772" vehicle="Vehicle 2" move="Paris"/>
				<event id="63" time="22755555549" vehicle="Vehicle 3" pickup="13"/>
				<event id="64" time="23055555548" vehicle="Vehicle 3" move="Lyon"/>
				<event id="65" time="23277777774" vehicle="Vehicle 8" deliver="16"/>
				<event id="66" time="23577777774" vehicle="Vehicle 8" pickup="35"/>
				<event id="67" time="23755555549" vehicle="Vehicle 2" move="Brest"/>
				<event id="68" time="23877777774" vehicle="Vehicle 8" deliver="7"/>
				<event id="69" time="24177777773" vehicle="Vehicle 8" move="Paris"/>
				<event id="70" time="24711111103" vehicle="Vehicle 3" pickup="6"/>
				<event id="71" time="25011111102" vehicle="Vehicle 3" move="Marseille"/>
				<event id="72" time="25088888884" vehicle="Vehicle 7" pickup="25"/>
				<event id="73" time="25388888884" vehicle="Vehicle 7" deliver="20"/>
				<event id="74" time="25688888884" vehicle="Vehicle 7" pickup="22"/>
				<event id="75" time="25988888884" vehicle="Vehicle 7" pickup="24"/>
				<event id="76" time="26288888883" vehicle="Vehicle 7" deliver="26"/>
				<event id="77" time="26355555550" vehicle="Vehicle 8" move="Lyon"/>
				<event id="78" time="26588888883" vehicle="Vehicle 7" pickup="30"/>
				<event id="79" time="26888888883" vehicle="Vehicle 7" move="Paris"/>
				<event id="80" time="28522222212" vehicle="Vehicle 3" move="Monaco"/>
				<event id="81" time="30322222215" vehicle="Vehicle 2" deliver="34"/>
				<event id="82" time="30622222215" vehicle="Vehicle 2" pickup="3"/>
				<event id="83" time="30922222215" vehicle="Vehicle 2" pickup="5"/>
				<event id="84" time="31022222211" vehicle="Vehicle 3" deliver="6"/>
				<event id="85" time="31222222214" vehicle="Vehicle 2" deliver="32"/>
				<event id="86" time="31322222211" vehicle="Vehicle 3" move="Marseille"/>
				<event id="87" time="31522222214" vehicle="Vehicle 2" move="Paris"/>
				<event id="88" time="31533333327" vehicle="Vehicle 8" move="Marseille"/>
				<event id="89" time="33455555549" vehicle="Vehicle 7" move="Le Havre"/>
				<event id="90" time="33822222210" vehicle="Vehicle 3" pickup="11"/>
				<event id="91" time="34122222209" vehicle="Vehicle 3" deliver="13"/>
				<event id="92" time="34422222209" vehicle="Vehicle 3" move="Bordeaux"/>
				<event id="93" time="35044444437" vehicle="Vehicle 8" deliver="35"/>
				<event id="94" time="35344444437" vehicle="Vehicle 8" move="Monaco"/>
				<event id="95" time="35633333326" vehicle="Vehicle 7" pickup="14"/>
				<event id="96" time="35933333326" vehicle="Vehicle 7" deliver="24"/>
				<event id="97" time="36233333325" vehicle="Vehicle 7" move="Paris"/>
				<event id="98" time="37844444436" vehicle="Vehicle 8" deliver="19"/>
				<event id="99" time="38088888879" vehicle="Vehicle 2" pickup="9"/>
				<event id="100" time="38388888879" vehicle="Vehicle 2" pickup="37"/>
				<event id="101" time="38411111102" vehicle="Vehicle 7" move="Bordeaux"/>
				<event id="102" time="38688888879" vehicle="Vehicle 2" move="Strasbourg"/>
				<event id="103" time="41599999986" vehicle="Vehicle 3" deliver="11"/>
				<event id="104" time="41899999986" vehicle="Vehicle 3" deliver="33"/>
				<event id="105" time="44099999990" vehicle="Vehicle 2" deliver="37"/>
				<event id="106" time="44399999990" vehicle="Vehicle 2" move="Genève"/>
				<event id="107" time="44899999990" vehicle="Vehicle 7" deliver="25"/>
				<event id="108" time="45199999990" vehicle="Vehicle 7" pickup="21"/>
				<event id="109" time="45499999990" vehicle="Vehicle 7" pickup="39"/>
				<event id="110" time="45799999990" vehicle="Vehicle 7" move="Marseille"/>
				<event id="111" time="48722222212" vehicle="Vehicle 2" move="Lyon"/>
				<event id="112" time="50377777766" vehicle="Vehicle 2" deliver="3"/>
				<event id="113" time="50677777766" vehicle="Vehicle 2" pickup="12"/>
				<event id="114" time="50977777766" vehicle="Vehicle 2" move="Marseille"/>
				<event id="115" time="52977777767" vehicle="Vehicle 7" deliver="21"/>
				<event id="116" time="53277777766" vehicle="Vehicle 7" move="Monaco"/>
				<event id="117" time="54488888876" vehicle="Vehicle 2" move="Monaco"/>
				<event id="118" time="55777777765" vehicle="Vehicle 7" pickup="36"/>
				<event id="119" time="56077777764" vehicle="Vehicle 7" deliver="30"/>
				<event id="120" time="56377777764" vehicle="Vehicle 7" move="Marseille"/>
				<event id="121" time="56988888875" vehicle="Vehicle 2" deliver="12"/>
				<event id="122" time="57288888874" vehicle="Vehicle 2" deliver="9"/>
				<event id="123" time="57588888874" vehicle="Vehicle 2" deliver="5"/>
				<event id="124" time="58877777763" vehicle="Vehicle 7" deliver="22"/>
				<event id="125" time="59177777762" vehicle="Vehicle 7" move="Lyon"/>
				<event id="126" time="62688888872" vehicle="Vehicle 7" deliver="36"/>
				<event id="127" time="62988888872" vehicle="Vehicle 7" move="Genève"/>
				<event id="128" time="64644444427" vehicle="Vehicle 7" deliver="39"/>
				<event id="129" time="64944444427" vehicle="Vehicle 7" move="Strasbourg"/>
				<event id="130" time="69266666648" vehicle="Vehicle 7" deliver="14"/>
			</events>
		</round>
	</rounds>
	<statistics>
		<stat rank="1" agent="Positive">
			<total-tasks value="20"/>
			<total-distance value="9097.0"/>
			<total-cost value="45485"/>
			<total-reward value="44396"/>
			<total-profit value="-1089"/>
		</stat>
		<stat rank="2" agent="Neutral">
			<total-tasks value="20"/>
			<total-distance value="8614.0"/>
			<total-cost value="43070"/>
			<total-reward value="41239"/>
			<total-profit value="-1831"/>
		</stat>
	</statistics>
</history>
