<?xml version="1.0" encoding="ISO-8859-1"?>

<history configuration="config/rounds/auction2.xml">
	<agents>
		<agent name="Positive">
			<vehicle name="Vehicle 1"/>
			<vehicle name="Vehicle 2"/>
			<vehicle name="Vehicle 3"/>
		</agent>
		<agent name="Negative">
			<vehicle name="Vehicle 4"/>
			<vehicle name="Vehicle 5"/>
			<vehicle name="Vehicle 6"/>
			<vehicle name="Vehicle 7"/>
		</agent>
	</agents>
	<rounds>
		<round id="1">
			<tasks>
				<task id="0" pickup="Breda" delivery="Almere" weight="27" reward="62791">
					<bid agent="Positive" bid="437"/>
					<bid agent="Negative" bid="284"/>
				</task>
				<task id="1" pickup="Den Haag" delivery="Groningen" weight="19" reward="8119">
					<bid agent="Positive" bid="783"/>
					<bid agent="Negative" bid="495"/>
				</task>
				<task id="2" pickup="Apeldoorn" delivery="Den Haag" weight="26" reward="47362">
					<bid agent="Positive" bid="588"/>
					<bid agent="Negative" bid="320"/>
				</task>
				<task id="3" pickup="Utrecht" delivery="Groningen" weight="12" reward="30020">
					<bid agent="Positive" bid="359"/>
					<bid agent="Negative" bid="230"/>
				</task>
				<task id="4" pickup="Utrecht" delivery="Amsterdam" weight="24" reward="91775">
					<bid agent="Positive" bid="220"/>
					<bid agent="Negative" bid="103"/>
				</task>
				<task id="5" pickup="Nijmegen" delivery="Groningen" weight="26" reward="29695">
					<bid agent="Positive" bid="704"/>
					<bid agent="Negative" bid="474"/>
				</task>
				<task id="6" pickup="Almere" delivery="Utrecht" weight="26" reward="92712">
					<bid agent="Positive" bid="257"/>
					<bid agent="Negative" bid="21"/>
				</task>
				<task id="7" pickup="Den Haag" delivery="Nijmegen" weight="28" reward="54405">
					<bid agent="Positive" bid="497"/>
					<bid agent="Negative" bid="258"/>
				</task>
				<task id="8" pickup="Apeldoorn" delivery="Almere" weight="21" reward="77731">
					<bid agent="Positive" bid="404"/>
					<bid agent="Negative" bid="149"/>
				</task>
				<task id="9" pickup="Apeldoorn" delivery="Den Haag" weight="26" reward="47362">
					<bid agent="Positive" bid="617"/>
					<bid agent="Negative" bid="401"/>
				</task>
				<task id="10" pickup="Almere" delivery="Eindhoven" weight="12" reward="55300">
					<bid agent="Positive" bid="489"/>
					<bid agent="Negative" bid="353"/>
				</task>
				<task id="11" pickup="Breda" delivery="Nijmegen" weight="11" reward="71177">
					<bid agent="Positive" bid="610"/>
					<bid agent="Negative" bid="266"/>
				</task>
				<task id="12" pickup="Rotterdam" delivery="Almere" weight="22" reward="67350">
					<bid agent="Positive" bid="622"/>
					<bid agent="Negative" bid="175"/>
				</task>
				<task id="13" pickup="Den Haag" delivery="Apeldoorn" weight="17" reward="47362">
					<bid agent="Positive" bid="728"/>
					<bid agent="Negative" bid="502"/>
				</task>
				<task id="14" pickup="Eindhoven" delivery="Nijmegen" weight="28" reward="81761">
					<bid agent="Positive" bid="227"/>
					<bid agent="Negative" bid="273"/>
				</task>
				<task id="15" pickup="Rotterdam" delivery="Apeldoorn" weight="16" reward="57702">
					<bid agent="Positive" bid="552"/>
					<bid agent="Negative" bid="392"/>
				</task>
				<task id="16" pickup="Amsterdam" delivery="Breda" weight="23" reward="61855">
					<bid agent="Positive" bid="566"/>
					<bid agent="Negative" bid="520"/>
				</task>
				<task id="17" pickup="Apeldoorn" delivery="Den Haag" weight="26" reward="47362">
					<bid agent="Positive" bid="791"/>
					<bid agent="Negative" bid="316"/>
				</task>
				<task id="18" pickup="Almere" delivery="Rotterdam" weight="25" reward="67350">
					<bid agent="Positive" bid="576"/>
					<bid agent="Negative" bid="248"/>
				</task>
				<task id="19" pickup="Eindhoven" delivery="Breda" weight="15" reward="85018">
					<bid agent="Positive" bid="435"/>
					<bid agent="Negative" bid="406"/>
				</task>
				<task id="20" pickup="Amsterdam" delivery="Nijmegen" weight="20" reward="56603">
					<bid agent="Positive" bid="583"/>
					<bid agent="Negative" bid="416"/>
				</task>
				<task id="21" pickup="Breda" delivery="Nijmegen" weight="11" reward="71177">
					<bid agent="Positive" bid="281"/>
					<bid agent="Negative" bid="199"/>
				</task>
				<task id="22" pickup="Eindhoven" delivery="Groningen" weight="27" reward="1117">
					<bid agent="Positive" bid="1487"/>
					<bid agent="Negative" bid="1397"/>
				</task>
				<task id="23" pickup="Amsterdam" delivery="Nijmegen" weight="20" reward="56603">
					<bid agent="Positive" bid="613"/>
					<bid agent="Negative" bid="275"/>
				</task>
				<task id="24" pickup="Groningen" delivery="Amsterdam" weight="15" reward="34661">
					<bid agent="Positive" bid="1143"/>
					<bid agent="Negative" bid="571"/>
				</task>
				<task id="25" pickup="Den Haag" delivery="Groningen" weight="19" reward="8119">
					<bid agent="Positive" bid="879"/>
					<bid agent="Negative" bid="764"/>
				</task>
				<task id="26" pickup="Eindhoven" delivery="Rotterdam" weight="15" reward="65233">
					<bid agent="Positive" bid="344"/>
					<bid agent="Negative" bid="446"/>
				</task>
				<task id="27" pickup="Groningen" delivery="Amsterdam" weight="15" reward="34661">
					<bid agent="Positive" bid="1001"/>
					<bid agent="Negative" bid="390"/>
				</task>
				<task id="28" pickup="Utrecht" delivery="Almere" weight="23" reward="92712">
					<bid agent="Positive" bid="431"/>
					<bid agent="Negative" bid="187"/>
				</task>
				<task id="29" pickup="Utrecht" delivery="Breda" weight="29" reward="80418">
					<bid agent="Positive" bid="342"/>
					<bid agent="Negative" bid="330"/>
				</task>
			</tasks>
			<events>
				<event id="0" time="0" vehicle="Vehicle 2" pickup="26"/>
				<event id="1" time="0" vehicle="Vehicle 4" pickup="7"/>
				<event id="2" time="0" vehicle="Vehicle 6" move="Apeldoorn"/>
				<event id="3" time="0" vehicle="Vehicle 7" pickup="12"/>
				<event id="4" time="300000000" vehicle="Vehicle 2" pickup="14"/>
				<event id="5" time="300000000" vehicle="Vehicle 4" move="Amsterdam"/>
				<event id="6" time="300000000" vehicle="Vehicle 7" pickup="15"/>
				<event id="7" time="600000000" vehicle="Vehicle 2" move="Nijmegen"/>
				<event id="8" time="600000000" vehicle="Vehicle 7" move="Utrecht"/>
				<event id="9" time="1024444444" vehicle="Vehicle 4" pickup="20"/>
				<event id="10" time="1292222222" vehicle="Vehicle 7" move="Almere"/>
				<event id="11" time="1324444444" vehicle="Vehicle 4" pickup="23"/>
				<event id="12" time="1380000000" vehicle="Vehicle 2" deliver="14"/>
				<event id="13" time="1566666666" vehicle="Vehicle 6" pickup="2"/>
				<event id="14" time="1624444444" vehicle="Vehicle 4" move="Utrecht"/>
				<event id="15" time="1680000000" vehicle="Vehicle 2" move="Rotterdam"/>
				<event id="16" time="1773333333" vehicle="Vehicle 7" deliver="12"/>
				<event id="17" time="1866666666" vehicle="Vehicle 6" pickup="8"/>
				<event id="18" time="2073333332" vehicle="Vehicle 7" pickup="10"/>
				<event id="19" time="2131111110" vehicle="Vehicle 4" move="Nijmegen"/>
				<event id="20" time="2166666665" vehicle="Vehicle 6" move="Utrecht"/>
				<event id="21" time="2373333332" vehicle="Vehicle 7" move="Apeldoorn"/>
				<event id="22" time="2911111109" vehicle="Vehicle 6" pickup="4"/>
				<event id="23" time="2924444444" vehicle="Vehicle 2" deliver="26"/>
				<event id="24" time="3091111109" vehicle="Vehicle 4" deliver="20"/>
				<event id="25" time="3211111108" vehicle="Vehicle 6" move="Almere"/>
				<event id="26" time="3263333331" vehicle="Vehicle 7" pickup="17"/>
				<event id="27" time="3391111109" vehicle="Vehicle 4" deliver="7"/>
				<event id="28" time="3563333331" vehicle="Vehicle 7" pickup="9"/>
				<event id="29" time="3691111109" vehicle="Vehicle 4" deliver="23"/>
				<event id="30" time="3692222219" vehicle="Vehicle 6" deliver="8"/>
				<event id="31" time="3863333331" vehicle="Vehicle 7" deliver="15"/>
				<event id="32" time="3992222219" vehicle="Vehicle 6" pickup="18"/>
				<event id="33" time="4163333330" vehicle="Vehicle 7" move="Nijmegen"/>
				<event id="34" time="4292222218" vehicle="Vehicle 6" move="Amsterdam"/>
				<event id="35" time="4646666662" vehicle="Vehicle 6" deliver="4"/>
				<event id="36" time="4797777774" vehicle="Vehicle 7" move="Eindhoven"/>
				<event id="37" time="4946666662" vehicle="Vehicle 6" pickup="16"/>
				<event id="38" time="5246666661" vehicle="Vehicle 6" move="Den Haag"/>
				<event id="39" time="5577777773" vehicle="Vehicle 7" pickup="19"/>
				<event id="40" time="5877777773" vehicle="Vehicle 7" deliver="10"/>
				<event id="41" time="5971111105" vehicle="Vehicle 6" deliver="2"/>
				<event id="42" time="6177777772" vehicle="Vehicle 7" move="Breda"/>
				<event id="43" time="6271111104" vehicle="Vehicle 6" move="Rotterdam"/>
				<event id="44" time="6553333326" vehicle="Vehicle 6" deliver="18"/>
				<event id="45" time="6853333326" vehicle="Vehicle 6" move="Breda"/>
				<event id="46" time="6868888883" vehicle="Vehicle 7" deliver="19"/>
				<event id="47" time="7168888882" vehicle="Vehicle 7" move="Rotterdam"/>
				<event id="48" time="7393333325" vehicle="Vehicle 6" pickup="11"/>
				<event id="49" time="7693333325" vehicle="Vehicle 6" pickup="21"/>
				<event id="50" time="7708888882" vehicle="Vehicle 7" move="Den Haag"/>
				<event id="51" time="7991111104" vehicle="Vehicle 7" pickup="13"/>
				<event id="52" time="7993333325" vehicle="Vehicle 6" deliver="16"/>
				<event id="53" time="8291111103" vehicle="Vehicle 7" deliver="9"/>
				<event id="54" time="8293333324" vehicle="Vehicle 6" move="Eindhoven"/>
				<event id="55" time="8591111103" vehicle="Vehicle 7" pickup="1"/>
				<event id="56" time="8891111103" vehicle="Vehicle 7" deliver="17"/>
				<event id="57" time="8984444435" vehicle="Vehicle 6" pickup="22"/>
				<event id="58" time="9191111102" vehicle="Vehicle 7" pickup="25"/>
				<event id="59" time="9284444434" vehicle="Vehicle 6" move="Nijmegen"/>
				<event id="60" time="9491111102" vehicle="Vehicle 7" move="Rotterdam"/>
				<event id="61" time="9773333324" vehicle="Vehicle 7" move="Utrecht"/>
				<event id="62" time="10064444433" vehicle="Vehicle 6" pickup="5"/>
				<event id="63" time="10364444433" vehicle="Vehicle 6" deliver="21"/>
				<event id="64" time="10465555545" vehicle="Vehicle 7" pickup="3"/>
				<event id="65" time="10664444433" vehicle="Vehicle 6" deliver="11"/>
				<event id="66" time="10765555545" vehicle="Vehicle 7" move="Apeldoorn"/>
				<event id="67" time="10964444433" vehicle="Vehicle 6" move="Apeldoorn"/>
				<event id="68" time="11509999989" vehicle="Vehicle 7" deliver="13"/>
				<event id="69" time="11598888876" vehicle="Vehicle 6" move="Groningen"/>
				<event id="70" time="11809999989" vehicle="Vehicle 7" move="Groningen"/>
				<event id="71" time="13165555542" vehicle="Vehicle 6" deliver="5"/>
				<event id="72" time="13376666655" vehicle="Vehicle 7" deliver="3"/>
				<event id="73" time="13465555542" vehicle="Vehicle 6" pickup="27"/>
				<event id="74" time="13676666655" vehicle="Vehicle 7" deliver="1"/>
				<event id="75" time="13765555542" vehicle="Vehicle 6" pickup="24"/>
				<event id="76" time="13976666655" vehicle="Vehicle 7" deliver="25"/>
				<event id="77" time="14065555541" vehicle="Vehicle 6" deliver="22"/>
				<event id="78" time="14365555541" vehicle="Vehicle 6" move="Almere"/>
				<event id="79" time="16076666651" vehicle="Vehicle 6" pickup="6"/>
				<event id="80" time="16376666651" vehicle="Vehicle 6" move="Amsterdam"/>
				<event id="81" time="16731111095" vehicle="Vehicle 6" deliver="24"/>
				<event id="82" time="17031111094" vehicle="Vehicle 6" deliver="27"/>
				<event id="83" time="17331111094" vehicle="Vehicle 6" move="Utrecht"/>
				<event id="84" time="17837777760" vehicle="Vehicle 6" pickup="29"/>
				<event id="85" time="18137777759" vehicle="Vehicle 6" move="Breda"/>
				<event id="86" time="18954444425" vehicle="Vehicle 6" deliver="29"/>
				<event id="87" time="19254444424" vehicle="Vehicle 6" pickup="0"/>
				<event id="88" time="19554444424" vehicle="Vehicle 6" move="Utrecht"/>
				<event id="89" time="20371111090" vehicle="Vehicle 6" deliver="6"/>
				<event id="90" time="20671111090" vehicle="Vehicle 6" pickup="28"/>
				<event id="91" time="20971111090" vehicle="Vehicle 6" move="Almere"/>
				<event id="92" time="21452222200" vehicle="Vehicle 6" deliver="28"/>
				<event id="93" time="21752222200" vehicle="Vehicle 6" deliver="0"/>
			</events>
		</round>
	</rounds>
	<statistics>
		<stat rank="1" agent="Negative">
			<total-tasks value="28"/>
			<total-distance value="2116.8"/>
			<total-cost value="10584"/>
			<total-reward value="10442"/>
			<total-profit value="-142"/>
		</stat>
		<stat rank="2" agent="Positive">
			<total-tasks value="2"/>
			<total-distance value="182.2"/>
			<total-cost value="911"/>
			<total-reward value="571"/>
			<total-profit value="-340"/>
		</stat>
	</statistics>
</history>
