<?xml version="1.0" encoding="ISO-8859-1"?>

<history configuration="config/rounds/auction2.xml">
	<agents>
		<agent name="Positive">
			<vehicle name="Vehicle 1"/>
			<vehicle name="Vehicle 2"/>
			<vehicle name="Vehicle 3"/>
		</agent>
		<agent name="Neutral">
			<vehicle name="Vehicle 4"/>
			<vehicle name="Vehicle 5"/>
			<vehicle name="Vehicle 6"/>
			<vehicle name="Vehicle 7"/>
		</agent>
	</agents>
	<rounds>
		<round id="1">
			<tasks>
				<task id="0" pickup="Breda" delivery="Almere" weight="27" reward="62791">
					<bid agent="Positive" bid="437"/>
					<bid agent="Neutral" bid="352"/>
				</task>
				<task id="1" pickup="Den Haag" delivery="Groningen" weight="19" reward="8119">
					<bid agent="Positive" bid="783"/>
					<bid agent="Neutral" bid="574"/>
				</task>
				<task id="2" pickup="Apeldoorn" delivery="Den Haag" weight="26" reward="47362">
					<bid agent="Positive" bid="588"/>
					<bid agent="Neutral" bid="390"/>
				</task>
				<task id="3" pickup="Utrecht" delivery="Groningen" weight="12" reward="30020">
					<bid agent="Positive" bid="359"/>
					<bid agent="Neutral" bid="295"/>
				</task>
				<task id="4" pickup="Utrecht" delivery="Amsterdam" weight="24" reward="91775">
					<bid agent="Positive" bid="220"/>
					<bid agent="Neutral" bid="162"/>
				</task>
				<task id="5" pickup="Nijmegen" delivery="Groningen" weight="26" reward="29695">
					<bid agent="Positive" bid="752"/>
					<bid agent="Neutral" bid="524"/>
				</task>
				<task id="6" pickup="Almere" delivery="Utrecht" weight="26" reward="92712">
					<bid agent="Positive" bid="242"/>
					<bid agent="Neutral" bid="75"/>
				</task>
				<task id="7" pickup="Den Haag" delivery="Nijmegen" weight="28" reward="54405">
					<bid agent="Positive" bid="460"/>
					<bid agent="Neutral" bid="356"/>
				</task>
				<task id="8" pickup="Apeldoorn" delivery="Almere" weight="21" reward="77731">
					<bid agent="Positive" bid="365"/>
					<bid agent="Neutral" bid="295"/>
				</task>
				<task id="9" pickup="Apeldoorn" delivery="Den Haag" weight="26" reward="47362">
					<bid agent="Positive" bid="571"/>
					<bid agent="Neutral" bid="309"/>
				</task>
				<task id="10" pickup="Almere" delivery="Eindhoven" weight="12" reward="55300">
					<bid agent="Positive" bid="719"/>
					<bid agent="Neutral" bid="439"/>
				</task>
				<task id="11" pickup="Breda" delivery="Nijmegen" weight="11" reward="71177">
					<bid agent="Positive" bid="577"/>
					<bid agent="Neutral" bid="399"/>
				</task>
				<task id="12" pickup="Rotterdam" delivery="Almere" weight="22" reward="67350">
					<bid agent="Positive" bid="445"/>
					<bid agent="Neutral" bid="604"/>
				</task>
				<task id="13" pickup="Den Haag" delivery="Apeldoorn" weight="17" reward="47362">
					<bid agent="Positive" bid="287"/>
					<bid agent="Neutral" bid="610"/>
				</task>
				<task id="14" pickup="Eindhoven" delivery="Nijmegen" weight="28" reward="81761">
					<bid agent="Positive" bid="227"/>
					<bid agent="Neutral" bid="575"/>
				</task>
				<task id="15" pickup="Rotterdam" delivery="Apeldoorn" weight="16" reward="57702">
					<bid agent="Positive" bid="116"/>
					<bid agent="Neutral" bid="196"/>
				</task>
				<task id="16" pickup="Amsterdam" delivery="Breda" weight="23" reward="61855">
					<bid agent="Positive" bid="291"/>
					<bid agent="Neutral" bid="628"/>
				</task>
				<task id="17" pickup="Apeldoorn" delivery="Den Haag" weight="26" reward="47362">
					<bid agent="Positive" bid="760"/>
					<bid agent="Neutral" bid="584"/>
				</task>
				<task id="18" pickup="Almere" delivery="Rotterdam" weight="25" reward="67350">
					<bid agent="Positive" bid="216"/>
					<bid agent="Neutral" bid="211"/>
				</task>
				<task id="19" pickup="Eindhoven" delivery="Breda" weight="15" reward="85018">
					<bid agent="Positive" bid="560"/>
					<bid agent="Neutral" bid="297"/>
				</task>
				<task id="20" pickup="Amsterdam" delivery="Nijmegen" weight="20" reward="56603">
					<bid agent="Positive" bid="409"/>
					<bid agent="Neutral" bid="175"/>
				</task>
				<task id="21" pickup="Breda" delivery="Nijmegen" weight="11" reward="71177">
					<bid agent="Positive" bid="265"/>
					<bid agent="Neutral" bid="315"/>
				</task>
				<task id="22" pickup="Eindhoven" delivery="Groningen" weight="27" reward="1117">
					<bid agent="Positive" bid="819"/>
					<bid agent="Neutral" bid="1037"/>
				</task>
				<task id="23" pickup="Amsterdam" delivery="Nijmegen" weight="20" reward="56603">
					<bid agent="Positive" bid="279"/>
					<bid agent="Neutral" bid="351"/>
				</task>
				<task id="24" pickup="Groningen" delivery="Amsterdam" weight="15" reward="34661">
					<bid agent="Positive" bid="796"/>
					<bid agent="Neutral" bid="485"/>
				</task>
				<task id="25" pickup="Den Haag" delivery="Groningen" weight="19" reward="8119">
					<bid agent="Positive" bid="108"/>
					<bid agent="Neutral" bid="229"/>
				</task>
				<task id="26" pickup="Eindhoven" delivery="Rotterdam" weight="15" reward="65233">
					<bid agent="Positive" bid="159"/>
					<bid agent="Neutral" bid="106"/>
				</task>
				<task id="27" pickup="Groningen" delivery="Amsterdam" weight="15" reward="34661">
					<bid agent="Positive" bid="537"/>
					<bid agent="Neutral" bid="620"/>
				</task>
				<task id="28" pickup="Utrecht" delivery="Almere" weight="23" reward="92712">
					<bid agent="Positive" bid="276"/>
					<bid agent="Neutral" bid="57"/>
				</task>
				<task id="29" pickup="Utrecht" delivery="Breda" weight="29" reward="80418">
					<bid agent="Positive" bid="357"/>
					<bid agent="Neutral" bid="151"/>
				</task>
			</tasks>
			<events>
				<event id="0" time="0" vehicle="Vehicle 1" pickup="23"/>
				<event id="1" time="0" vehicle="Vehicle 2" pickup="14"/>
				<event id="2" time="0" vehicle="Vehicle 4" move="Rotterdam"/>
				<event id="3" time="0" vehicle="Vehicle 6" pickup="24"/>
				<event id="4" time="282222222" vehicle="Vehicle 4" move="Utrecht"/>
				<event id="5" time="300000000" vehicle="Vehicle 1" pickup="16"/>
				<event id="6" time="300000000" vehicle="Vehicle 2" pickup="22"/>
				<event id="7" time="300000000" vehicle="Vehicle 6" move="Apeldoorn"/>
				<event id="8" time="600000000" vehicle="Vehicle 1" move="Den Haag"/>
				<event id="9" time="600000000" vehicle="Vehicle 2" move="Nijmegen"/>
				<event id="10" time="974444444" vehicle="Vehicle 4" pickup="4"/>
				<event id="11" time="1274444443" vehicle="Vehicle 4" move="Apeldoorn"/>
				<event id="12" time="1380000000" vehicle="Vehicle 2" deliver="14"/>
				<event id="13" time="1680000000" vehicle="Vehicle 2" move="Rotterdam"/>
				<event id="14" time="1686666666" vehicle="Vehicle 1" pickup="13"/>
				<event id="15" time="1866666666" vehicle="Vehicle 6" pickup="8"/>
				<event id="16" time="1986666666" vehicle="Vehicle 1" move="Rotterdam"/>
				<event id="17" time="2018888886" vehicle="Vehicle 4" pickup="2"/>
				<event id="18" time="2166666665" vehicle="Vehicle 6" pickup="9"/>
				<event id="19" time="2318888886" vehicle="Vehicle 4" pickup="17"/>
				<event id="20" time="2409999999" vehicle="Vehicle 1" pickup="15"/>
				<event id="21" time="2466666665" vehicle="Vehicle 6" move="Almere"/>
				<event id="22" time="2618888886" vehicle="Vehicle 4" move="Amsterdam"/>
				<event id="23" time="2709999999" vehicle="Vehicle 1" move="Breda"/>
				<event id="24" time="2924444444" vehicle="Vehicle 2" pickup="12"/>
				<event id="25" time="3224444443" vehicle="Vehicle 2" move="Den Haag"/>
				<event id="26" time="3356666664" vehicle="Vehicle 6" deliver="8"/>
				<event id="27" time="3506666665" vehicle="Vehicle 2" pickup="25"/>
				<event id="28" time="3519999999" vehicle="Vehicle 1" deliver="16"/>
				<event id="29" time="3621111108" vehicle="Vehicle 4" deliver="4"/>
				<event id="30" time="3656666664" vehicle="Vehicle 6" pickup="18"/>
				<event id="31" time="3806666665" vehicle="Vehicle 2" move="Amsterdam"/>
				<event id="32" time="3819999999" vehicle="Vehicle 1" pickup="21"/>
				<event id="33" time="3921111108" vehicle="Vehicle 4" pickup="20"/>
				<event id="34" time="3956666664" vehicle="Vehicle 6" move="Amsterdam"/>
				<event id="35" time="4119999999" vehicle="Vehicle 1" move="Nijmegen"/>
				<event id="36" time="4221111107" vehicle="Vehicle 4" move="Den Haag"/>
				<event id="37" time="4311111108" vehicle="Vehicle 6" deliver="24"/>
				<event id="38" time="4531111109" vehicle="Vehicle 2" move="Almere"/>
				<event id="39" time="4611111108" vehicle="Vehicle 6" move="Den Haag"/>
				<event id="40" time="4885555553" vehicle="Vehicle 2" deliver="12"/>
				<event id="41" time="4945555551" vehicle="Vehicle 4" deliver="2"/>
				<event id="42" time="5185555552" vehicle="Vehicle 2" move="Groningen"/>
				<event id="43" time="5245555550" vehicle="Vehicle 4" pickup="7"/>
				<event id="44" time="5335555551" vehicle="Vehicle 6" deliver="9"/>
				<event id="45" time="5545555550" vehicle="Vehicle 4" deliver="17"/>
				<event id="46" time="5635555551" vehicle="Vehicle 6" pickup="1"/>
				<event id="47" time="5723333332" vehicle="Vehicle 1" deliver="23"/>
				<event id="48" time="5845555550" vehicle="Vehicle 4" move="Rotterdam"/>
				<event id="49" time="5935555551" vehicle="Vehicle 6" move="Rotterdam"/>
				<event id="50" time="6023333331" vehicle="Vehicle 1" deliver="21"/>
				<event id="51" time="6127777771" vehicle="Vehicle 4" move="Nijmegen"/>
				<event id="52" time="6217777772" vehicle="Vehicle 6" deliver="18"/>
				<event id="53" time="6323333331" vehicle="Vehicle 1" move="Apeldoorn"/>
				<event id="54" time="6517777772" vehicle="Vehicle 6" move="Breda"/>
				<event id="55" time="6896666662" vehicle="Vehicle 2" deliver="22"/>
				<event id="56" time="7057777771" vehicle="Vehicle 6" pickup="0"/>
				<event id="57" time="7196666661" vehicle="Vehicle 2" deliver="25"/>
				<event id="58" time="7274999997" vehicle="Vehicle 1" deliver="15"/>
				<event id="59" time="7357777771" vehicle="Vehicle 6" move="Utrecht"/>
				<event id="60" time="7372222215" vehicle="Vehicle 4" deliver="20"/>
				<event id="61" time="7496666661" vehicle="Vehicle 2" pickup="27"/>
				<event id="62" time="7574999997" vehicle="Vehicle 1" deliver="13"/>
				<event id="63" time="7672222215" vehicle="Vehicle 4" deliver="7"/>
				<event id="64" time="7796666661" vehicle="Vehicle 2" move="Almere"/>
				<event id="65" time="8174444437" vehicle="Vehicle 6" pickup="28"/>
				<event id="66" time="8474444437" vehicle="Vehicle 6" move="Almere"/>
				<event id="67" time="8955555548" vehicle="Vehicle 6" deliver="28"/>
				<event id="68" time="9255555547" vehicle="Vehicle 6" pickup="10"/>
				<event id="69" time="9507777771" vehicle="Vehicle 2" move="Amsterdam"/>
				<event id="70" time="9555555547" vehicle="Vehicle 6" deliver="0"/>
				<event id="71" time="9855555547" vehicle="Vehicle 6" pickup="6"/>
				<event id="72" time="9862222215" vehicle="Vehicle 2" deliver="27"/>
				<event id="73" time="10155555546" vehicle="Vehicle 6" move="Utrecht"/>
				<event id="74" time="10636666657" vehicle="Vehicle 6" pickup="3"/>
				<event id="75" time="10936666657" vehicle="Vehicle 6" deliver="6"/>
				<event id="76" time="11236666656" vehicle="Vehicle 6" pickup="29"/>
				<event id="77" time="11536666656" vehicle="Vehicle 6" move="Breda"/>
				<event id="78" time="12353333322" vehicle="Vehicle 6" deliver="29"/>
				<event id="79" time="12653333322" vehicle="Vehicle 6" pickup="11"/>
				<event id="80" time="12953333322" vehicle="Vehicle 6" move="Eindhoven"/>
				<event id="81" time="13644444432" vehicle="Vehicle 6" pickup="26"/>
				<event id="82" time="13944444432" vehicle="Vehicle 6" deliver="10"/>
				<event id="83" time="14244444431" vehicle="Vehicle 6" pickup="19"/>
				<event id="84" time="14544444431" vehicle="Vehicle 6" move="Breda"/>
				<event id="85" time="15235555541" vehicle="Vehicle 6" deliver="19"/>
				<event id="86" time="15535555541" vehicle="Vehicle 6" move="Rotterdam"/>
				<event id="87" time="16075555540" vehicle="Vehicle 6" deliver="26"/>
				<event id="88" time="16375555540" vehicle="Vehicle 6" move="Nijmegen"/>
				<event id="89" time="17619999984" vehicle="Vehicle 6" pickup="5"/>
				<event id="90" time="17919999984" vehicle="Vehicle 6" deliver="11"/>
				<event id="91" time="18219999984" vehicle="Vehicle 6" move="Apeldoorn"/>
				<event id="92" time="18854444428" vehicle="Vehicle 6" move="Groningen"/>
				<event id="93" time="20421111094" vehicle="Vehicle 6" deliver="1"/>
				<event id="94" time="20721111094" vehicle="Vehicle 6" deliver="5"/>
				<event id="95" time="21021111093" vehicle="Vehicle 6" deliver="3"/>
			</events>
		</round>
	</rounds>
	<statistics>
		<stat rank="1" agent="Positive">
			<total-tasks value="10"/>
			<total-distance value="937.1"/>
			<total-cost value="4686"/>
			<total-reward value="3374"/>
			<total-profit value="-1312"/>
		</stat>
		<stat rank="2" agent="Neutral">
			<total-tasks value="20"/>
			<total-distance value="1556.4"/>
			<total-cost value="7782"/>
			<total-reward value="6236"/>
			<total-profit value="-1546"/>
		</stat>
	</statistics>
</history>
