<?xml version="1.0" encoding="ISO-8859-1"?>

<history configuration="config/rounds/auction3.xml">
	<agents>
		<agent name="Negative">
			<vehicle name="Vehicle 1"/>
			<vehicle name="Vehicle 2"/>
			<vehicle name="Vehicle 3"/>
			<vehicle name="Vehicle 4"/>
		</agent>
		<agent name="Future">
			<vehicle name="Vehicle 5"/>
			<vehicle name="Vehicle 6"/>
			<vehicle name="Vehicle 7"/>
			<vehicle name="Vehicle 8"/>
		</agent>
	</agents>
	<rounds>
		<round id="1">
			<tasks>
				<task id="0" pickup="Paris" delivery="Monaco" weight="25" reward="40845">
					<bid agent="Negative" bid="2341"/>
					<bid agent="Future" bid="3335"/>
				</task>
				<task id="1" pickup="Paris" delivery="Monaco" weight="25" reward="40845">
					<bid agent="Negative" bid="1224"/>
					<bid agent="Future" bid="2131"/>
				</task>
				<task id="2" pickup="Lyon" delivery="Paris" weight="28" reward="78143">
					<bid agent="Negative" bid="1404"/>
					<bid agent="Future" bid="1278"/>
				</task>
				<task id="3" pickup="Brest" delivery="Lyon" weight="13" reward="37398">
					<bid agent="Negative" bid="2298"/>
					<bid agent="Future" bid="3825"/>
				</task>
				<task id="4" pickup="Brest" delivery="Strasbourg" weight="25" reward="35950">
					<bid agent="Negative" bid="3036"/>
					<bid agent="Future" bid="5033"/>
				</task>
				<task id="5" pickup="Brest" delivery="Monaco" weight="15" reward="100">
					<bid agent="Negative" bid="2479"/>
					<bid agent="Future" bid="4579"/>
				</task>
				<task id="6" pickup="Lyon" delivery="Monaco" weight="28" reward="72973">
					<bid agent="Negative" bid="2080"/>
					<bid agent="Future" bid="2727"/>
				</task>
				<task id="7" pickup="Paris" delivery="Le Havre" weight="26" reward="96758">
					<bid agent="Negative" bid="803"/>
					<bid agent="Future" bid="693"/>
				</task>
				<task id="8" pickup="Brest" delivery="Le Havre" weight="18" reward="56013">
					<bid agent="Negative" bid="1739"/>
					<bid agent="Future" bid="3517"/>
				</task>
				<task id="9" pickup="Paris" delivery="Monaco" weight="25" reward="40845">
					<bid agent="Negative" bid="1863"/>
					<bid agent="Future" bid="2707"/>
				</task>
				<task id="10" pickup="Paris" delivery="Monaco" weight="25" reward="40845">
					<bid agent="Negative" bid="1942"/>
					<bid agent="Future" bid="2705"/>
				</task>
				<task id="11" pickup="Marseille" delivery="Bordeaux" weight="16" reward="65734">
					<bid agent="Negative" bid="2609"/>
					<bid agent="Future" bid="3992"/>
				</task>
				<task id="12" pickup="Lyon" delivery="Monaco" weight="28" reward="72973">
					<bid agent="Negative" bid="4148"/>
					<bid agent="Future" bid="4787"/>
				</task>
				<task id="13" pickup="Genève" delivery="Marseille" weight="29" reward="78212">
					<bid agent="Negative" bid="1104"/>
					<bid agent="Future" bid="1955"/>
				</task>
				<task id="14" pickup="Le Havre" delivery="Strasbourg" weight="10" reward="63183">
					<bid agent="Negative" bid="1517"/>
					<bid agent="Future" bid="2857"/>
				</task>
				<task id="15" pickup="Monaco" delivery="Genève" weight="22" reward="74352">
					<bid agent="Negative" bid="3398"/>
					<bid agent="Future" bid="2674"/>
				</task>
				<task id="16" pickup="Bordeaux" delivery="Le Havre" weight="23" reward="56495">
					<bid agent="Negative" bid="3647"/>
					<bid agent="Future" bid="4428"/>
				</task>
				<task id="17" pickup="Genève" delivery="Bordeaux" weight="16" reward="59460">
					<bid agent="Negative" bid="1337"/>
					<bid agent="Future" bid="1957"/>
				</task>
				<task id="18" pickup="Monaco" delivery="Genève" weight="22" reward="74352">
					<bid agent="Negative" bid="467"/>
					<bid agent="Future" bid="3269"/>
				</task>
				<task id="19" pickup="Paris" delivery="Monaco" weight="25" reward="40845">
					<bid agent="Negative" bid="2474"/>
					<bid agent="Future" bid="4428"/>
				</task>
				<task id="20" pickup="Monaco" delivery="Brest" weight="12" reward="100">
					<bid agent="Negative" bid="3222"/>
					<bid agent="Future" bid="3566"/>
				</task>
				<task id="21" pickup="Bordeaux" delivery="Marseille" weight="21" reward="65734">
					<bid agent="Negative" bid="5061"/>
					<bid agent="Future" bid="3602"/>
				</task>
				<task id="22" pickup="Brest" delivery="Marseille" weight="11" reward="15612">
					<bid agent="Negative" bid="3911"/>
					<bid agent="Future" bid="6725"/>
				</task>
				<task id="23" pickup="Monaco" delivery="Le Havre" weight="23" reward="27332">
					<bid agent="Negative" bid="691"/>
					<bid agent="Future" bid="1011"/>
				</task>
				<task id="24" pickup="Brest" delivery="Le Havre" weight="18" reward="56013">
					<bid agent="Negative" bid="1490"/>
					<bid agent="Future" bid="5338"/>
				</task>
				<task id="25" pickup="Brest" delivery="Bordeaux" weight="21" reward="29263">
					<bid agent="Negative" bid="4334"/>
					<bid agent="Future" bid="7498"/>
				</task>
				<task id="26" pickup="Strasbourg" delivery="Brest" weight="25" reward="35950">
					<bid agent="Negative" bid="6942"/>
					<bid agent="Future" bid="6671"/>
				</task>
				<task id="27" pickup="Paris" delivery="Strasbourg" weight="26" reward="76696">
					<bid agent="Negative" bid="1167"/>
					<bid agent="Future" bid="3340"/>
				</task>
				<task id="28" pickup="Monaco" delivery="Genève" weight="22" reward="74352">
					<bid agent="Negative" bid="691"/>
					<bid agent="Future" bid="1323"/>
				</task>
				<task id="29" pickup="Monaco" delivery="Lyon" weight="15" reward="72973">
					<bid agent="Negative" bid="1129"/>
					<bid agent="Future" bid="1841"/>
				</task>
				<task id="30" pickup="Brest" delivery="Monaco" weight="15" reward="100">
					<bid agent="Negative" bid="4459"/>
					<bid agent="Future" bid="3933"/>
				</task>
				<task id="31" pickup="Genève" delivery="Le Havre" weight="23" reward="54358">
					<bid agent="Negative" bid="1541"/>
					<bid agent="Future" bid="436"/>
				</task>
				<task id="32" pickup="Marseille" delivery="Brest" weight="16" reward="15612">
					<bid agent="Negative" bid="1408"/>
					<bid agent="Future" bid="1868"/>
				</task>
				<task id="33" pickup="Le Havre" delivery="Bordeaux" weight="22" reward="56495">
					<bid agent="Negative" bid="1908"/>
					<bid agent="Future" bid="1722"/>
				</task>
				<task id="34" pickup="Monaco" delivery="Brest" weight="12" reward="100">
					<bid agent="Negative" bid="1918"/>
					<bid agent="Future" bid="3525"/>
				</task>
				<task id="35" pickup="Le Havre" delivery="Marseille" weight="28" reward="42844">
					<bid agent="Negative" bid="838"/>
					<bid agent="Future" bid="2311"/>
				</task>
				<task id="36" pickup="Monaco" delivery="Lyon" weight="15" reward="72973">
					<bid agent="Negative" bid="434"/>
					<bid agent="Future" bid="149"/>
				</task>
				<task id="37" pickup="Paris" delivery="Strasbourg" weight="26" reward="76696">
					<bid agent="Negative" bid="3419"/>
					<bid agent="Future" bid="1318"/>
				</task>
				<task id="38" pickup="Strasbourg" delivery="Paris" weight="26" reward="76696">
					<bid agent="Negative" bid="4087"/>
					<bid agent="Future" bid="113"/>
				</task>
				<task id="39" pickup="Bordeaux" delivery="Genève" weight="23" reward="59460">
					<bid agent="Negative" bid="838"/>
					<bid agent="Future" bid="878"/>
				</task>
			</tasks>
			<events>
				<event id="0" time="0" vehicle="Vehicle 1" move="Brest"/>
				<event id="1" time="0" vehicle="Vehicle 2" pickup="11"/>
				<event id="2" time="0" vehicle="Vehicle 3" pickup="25"/>
				<event id="3" time="0" vehicle="Vehicle 4" move="Lyon"/>
				<event id="4" time="0" vehicle="Vehicle 7" pickup="36"/>
				<event id="5" time="300000000" vehicle="Vehicle 2" move="Monaco"/>
				<event id="6" time="300000000" vehicle="Vehicle 3" pickup="3"/>
				<event id="7" time="300000000" vehicle="Vehicle 7" pickup="15"/>
				<event id="8" time="600000000" vehicle="Vehicle 3" move="Paris"/>
				<event id="9" time="600000000" vehicle="Vehicle 7" move="Genève"/>
				<event id="10" time="1655555555" vehicle="Vehicle 4" move="Paris"/>
				<event id="11" time="2800000000" vehicle="Vehicle 2" pickup="28"/>
				<event id="12" time="3100000000" vehicle="Vehicle 2" pickup="29"/>
				<event id="13" time="3400000000" vehicle="Vehicle 2" pickup="18"/>
				<event id="14" time="3700000000" vehicle="Vehicle 2" move="Genève"/>
				<event id="15" time="6388888888" vehicle="Vehicle 7" pickup="31"/>
				<event id="16" time="6688888888" vehicle="Vehicle 7" deliver="15"/>
				<event id="17" time="6833333332" vehicle="Vehicle 4" pickup="27"/>
				<event id="18" time="6988888888" vehicle="Vehicle 7" move="Lyon"/>
				<event id="19" time="7133333331" vehicle="Vehicle 4" move="Le Havre"/>
				<event id="20" time="7166666666" vehicle="Vehicle 3" pickup="19"/>
				<event id="21" time="7466666666" vehicle="Vehicle 3" move="Bordeaux"/>
				<event id="22" time="8644444443" vehicle="Vehicle 7" pickup="2"/>
				<event id="23" time="8944444443" vehicle="Vehicle 7" deliver="36"/>
				<event id="24" time="9244444442" vehicle="Vehicle 7" move="Paris"/>
				<event id="25" time="9311111108" vehicle="Vehicle 4" pickup="35"/>
				<event id="26" time="9488888888" vehicle="Vehicle 2" deliver="18"/>
				<event id="27" time="9611111108" vehicle="Vehicle 4" pickup="14"/>
				<event id="28" time="9788888888" vehicle="Vehicle 2" pickup="17"/>
				<event id="29" time="9850000000" vehicle="Vehicle 1" pickup="22"/>
				<event id="30" time="9911111108" vehicle="Vehicle 4" move="Paris"/>
				<event id="31" time="10088888887" vehicle="Vehicle 2" deliver="28"/>
				<event id="32" time="10150000000" vehicle="Vehicle 1" pickup="5"/>
				<event id="33" time="10388888887" vehicle="Vehicle 2" move="Lyon"/>
				<event id="34" time="10450000000" vehicle="Vehicle 1" pickup="4"/>
				<event id="35" time="10750000000" vehicle="Vehicle 1" move="Paris"/>
				<event id="36" time="12044444442" vehicle="Vehicle 2" deliver="29"/>
				<event id="37" time="12088888884" vehicle="Vehicle 4" move="Strasbourg"/>
				<event id="38" time="12344444442" vehicle="Vehicle 2" move="Bordeaux"/>
				<event id="39" time="13955555554" vehicle="Vehicle 3" deliver="25"/>
				<event id="40" time="14255555553" vehicle="Vehicle 3" pickup="39"/>
				<event id="41" time="14422222219" vehicle="Vehicle 7" pickup="37"/>
				<event id="42" time="14555555553" vehicle="Vehicle 3" move="Lyon"/>
				<event id="43" time="14722222219" vehicle="Vehicle 7" deliver="2"/>
				<event id="44" time="15022222218" vehicle="Vehicle 7" pickup="7"/>
				<event id="45" time="15322222218" vehicle="Vehicle 7" move="Le Havre"/>
				<event id="46" time="17499999995" vehicle="Vehicle 4" deliver="27"/>
				<event id="47" time="17499999995" vehicle="Vehicle 7" deliver="31"/>
				<event id="48" time="17799999995" vehicle="Vehicle 4" deliver="14"/>
				<event id="49" time="17799999995" vehicle="Vehicle 7" pickup="33"/>
				<event id="50" time="18099999995" vehicle="Vehicle 4" move="Genève"/>
				<event id="51" time="18099999995" vehicle="Vehicle 7" deliver="7"/>
				<event id="52" time="18399999995" vehicle="Vehicle 7" move="Paris"/>
				<event id="53" time="18877777774" vehicle="Vehicle 2" pickup="16"/>
				<event id="54" time="19177777773" vehicle="Vehicle 2" deliver="11"/>
				<event id="55" time="19477777773" vehicle="Vehicle 2" deliver="17"/>
				<event id="56" time="19777777773" vehicle="Vehicle 2" move="Paris"/>
				<event id="57" time="20577777772" vehicle="Vehicle 7" move="Strasbourg"/>
				<event id="58" time="20600000000" vehicle="Vehicle 1" pickup="10"/>
				<event id="59" time="20900000000" vehicle="Vehicle 1" move="Strasbourg"/>
				<event id="60" time="21088888885" vehicle="Vehicle 3" deliver="3"/>
				<event id="61" time="21388888885" vehicle="Vehicle 3" pickup="12"/>
				<event id="62" time="21688888885" vehicle="Vehicle 3" move="Genève"/>
				<event id="63" time="22422222217" vehicle="Vehicle 4" pickup="13"/>
				<event id="64" time="22722222217" vehicle="Vehicle 4" move="Lyon"/>
				<event id="65" time="23344444440" vehicle="Vehicle 3" deliver="39"/>
				<event id="66" time="23644444440" vehicle="Vehicle 3" move="Monaco"/>
				<event id="67" time="24377777771" vehicle="Vehicle 4" move="Marseille"/>
				<event id="68" time="25988888882" vehicle="Vehicle 7" deliver="37"/>
				<event id="69" time="26266666661" vehicle="Vehicle 2" pickup="0"/>
				<event id="70" time="26288888881" vehicle="Vehicle 7" pickup="38"/>
				<event id="71" time="26566666661" vehicle="Vehicle 2" pickup="1"/>
				<event id="72" time="26588888881" vehicle="Vehicle 7" pickup="26"/>
				<event id="73" time="26866666661" vehicle="Vehicle 2" move="Le Havre"/>
				<event id="74" time="26888888881" vehicle="Vehicle 7" move="Paris"/>
				<event id="75" time="27888888881" vehicle="Vehicle 4" deliver="13"/>
				<event id="76" time="28188888880" vehicle="Vehicle 4" deliver="35"/>
				<event id="77" time="29016666666" vehicle="Vehicle 1" deliver="4"/>
				<event id="78" time="29044444438" vehicle="Vehicle 2" deliver="16"/>
				<event id="79" time="29316666666" vehicle="Vehicle 1" move="Genève"/>
				<event id="80" time="29344444438" vehicle="Vehicle 2" move="Paris"/>
				<event id="81" time="29433333328" vehicle="Vehicle 3" deliver="12"/>
				<event id="82" time="29733333328" vehicle="Vehicle 3" pickup="23"/>
				<event id="83" time="30033333327" vehicle="Vehicle 3" deliver="19"/>
				<event id="84" time="30333333327" vehicle="Vehicle 3" pickup="34"/>
				<event id="85" time="30633333327" vehicle="Vehicle 3" pickup="20"/>
				<event id="86" time="30933333327" vehicle="Vehicle 3" move="Marseille"/>
				<event id="87" time="31522222215" vehicle="Vehicle 2" pickup="9"/>
				<event id="88" time="31822222215" vehicle="Vehicle 2" move="Lyon"/>
				<event id="89" time="32299999992" vehicle="Vehicle 7" move="Brest"/>
				<event id="90" time="33433333326" vehicle="Vehicle 3" pickup="32"/>
				<event id="91" time="33733333326" vehicle="Vehicle 3" move="Lyon"/>
				<event id="92" time="35799999999" vehicle="Vehicle 1" move="Lyon"/>
				<event id="93" time="36999999992" vehicle="Vehicle 2" move="Marseille"/>
				<event id="94" time="37244444436" vehicle="Vehicle 3" move="Paris"/>
				<event id="95" time="38283333332" vehicle="Vehicle 1" pickup="6"/>
				<event id="96" time="38583333332" vehicle="Vehicle 1" move="Marseille"/>
				<event id="97" time="38866666658" vehicle="Vehicle 7" deliver="26"/>
				<event id="98" time="39166666657" vehicle="Vehicle 7" pickup="30"/>
				<event id="99" time="39466666657" vehicle="Vehicle 7" move="Paris"/>
				<event id="100" time="40511111103" vehicle="Vehicle 2" move="Monaco"/>
				<event id="101" time="42422222213" vehicle="Vehicle 3" move="Brest"/>
				<event id="102" time="43011111102" vehicle="Vehicle 2" deliver="9"/>
				<event id="103" time="43311111102" vehicle="Vehicle 2" deliver="0"/>
				<event id="104" time="43611111102" vehicle="Vehicle 2" deliver="1"/>
				<event id="105" time="43849999998" vehicle="Vehicle 1" deliver="22"/>
				<event id="106" time="44149999998" vehicle="Vehicle 1" move="Monaco"/>
				<event id="107" time="46033333323" vehicle="Vehicle 7" deliver="38"/>
				<event id="108" time="46333333323" vehicle="Vehicle 7" move="Bordeaux"/>
				<event id="109" time="47899999998" vehicle="Vehicle 1" deliver="6"/>
				<event id="110" time="48199999998" vehicle="Vehicle 1" deliver="5"/>
				<event id="111" time="48499999998" vehicle="Vehicle 1" deliver="10"/>
				<event id="112" time="48988888878" vehicle="Vehicle 3" deliver="20"/>
				<event id="113" time="49288888877" vehicle="Vehicle 3" pickup="24"/>
				<event id="114" time="49588888877" vehicle="Vehicle 3" deliver="34"/>
				<event id="115" time="49888888877" vehicle="Vehicle 3" pickup="8"/>
				<event id="116" time="50188888876" vehicle="Vehicle 3" deliver="32"/>
				<event id="117" time="50488888876" vehicle="Vehicle 3" move="Paris"/>
				<event id="118" time="52822222211" vehicle="Vehicle 7" deliver="33"/>
				<event id="119" time="53122222210" vehicle="Vehicle 7" pickup="21"/>
				<event id="120" time="53422222210" vehicle="Vehicle 7" move="Marseille"/>
				<event id="121" time="57055555542" vehicle="Vehicle 3" move="Le Havre"/>
				<event id="122" time="59233333319" vehicle="Vehicle 3" deliver="24"/>
				<event id="123" time="59533333319" vehicle="Vehicle 3" deliver="8"/>
				<event id="124" time="59833333319" vehicle="Vehicle 3" deliver="23"/>
				<event id="125" time="60599999987" vehicle="Vehicle 7" deliver="21"/>
				<event id="126" time="60899999987" vehicle="Vehicle 7" move="Monaco"/>
				<event id="127" time="63399999987" vehicle="Vehicle 7" deliver="30"/>
			</events>
		</round>
	</rounds>
	<statistics>
		<stat rank="1" agent="Future">
			<total-tasks value="11"/>
			<total-distance value="5139.0"/>
			<total-cost value="25695"/>
			<total-reward value="22589"/>
			<total-profit value="-3106"/>
		</stat>
		<stat rank="2" agent="Negative">
			<total-tasks value="29"/>
			<total-distance value="13380.0"/>
			<total-cost value="66900"/>
			<total-reward value="57942"/>
			<total-profit value="-8958"/>
		</stat>
	</statistics>
</history>
