<?xml version="1.0" encoding="ISO-8859-1"?>

<history configuration="config/rounds/auction1.xml">
	<agents>
		<agent name="Neutral">
			<vehicle name="Vehicle 1"/>
			<vehicle name="Vehicle 2"/>
		</agent>
		<agent name="Positive">
			<vehicle name="Vehicle 3"/>
			<vehicle name="Vehicle 4"/>
		</agent>
	</agents>
	<rounds>
		<round id="1">
			<tasks>
				<task id="0" pickup="Leeds" delivery="Sheffield" weight="6" reward="1281">
					<bid agent="Neutral" bid="226"/>
					<bid agent="Positive" bid="635"/>
				</task>
				<task id="1" pickup="Liverpool" delivery="Sheffield" weight="7" reward="14258">
					<bid agent="Neutral" bid="345"/>
					<bid agent="Positive" bid="817"/>
				</task>
				<task id="2" pickup="Manchester" delivery="Cardiff" weight="9" reward="31460">
					<bid agent="Neutral" bid="686"/>
					<bid agent="Positive" bid="1161"/>
				</task>
				<task id="3" pickup="Manchester" delivery="London" weight="6" reward="31997">
					<bid agent="Neutral" bid="668"/>
					<bid agent="Positive" bid="1268"/>
				</task>
				<task id="4" pickup="Plymouth" delivery="Birmingham" weight="8" reward="58829">
					<bid agent="Neutral" bid="1354"/>
					<bid agent="Positive" bid="1471"/>
				</task>
				<task id="5" pickup="Liverpool" delivery="Norwich" weight="5" reward="58793">
					<bid agent="Neutral" bid="803"/>
					<bid agent="Positive" bid="1580"/>
				</task>
				<task id="6" pickup="Birmingham" delivery="Norwich" weight="8" reward="35595">
					<bid agent="Neutral" bid="407"/>
					<bid agent="Positive" bid="940"/>
				</task>
				<task id="7" pickup="Sheffield" delivery="Manchester" weight="7" reward="20470">
					<bid agent="Neutral" bid="535"/>
					<bid agent="Positive" bid="957"/>
				</task>
				<task id="8" pickup="Liverpool" delivery="Cardiff" weight="6" reward="37671">
					<bid agent="Neutral" bid="486"/>
					<bid agent="Positive" bid="1562"/>
				</task>
				<task id="9" pickup="Sheffield" delivery="Norwich" weight="7" reward="51741">
					<bid agent="Neutral" bid="700"/>
					<bid agent="Positive" bid="1698"/>
				</task>
				<task id="10" pickup="Portsmouth" delivery="Cardiff" weight="5" reward="48984">
					<bid agent="Neutral" bid="660"/>
					<bid agent="Positive" bid="1558"/>
				</task>
				<task id="11" pickup="Plymouth" delivery="London" weight="7" reward="37707">
					<bid agent="Neutral" bid="530"/>
					<bid agent="Positive" bid="606"/>
				</task>
				<task id="12" pickup="Sheffield" delivery="Norwich" weight="7" reward="51741">
					<bid agent="Neutral" bid="1050"/>
					<bid agent="Positive" bid="1995"/>
				</task>
				<task id="13" pickup="Newcastle" delivery="Liverpool" weight="9" reward="24497">
					<bid agent="Neutral" bid="514"/>
					<bid agent="Positive" bid="1689"/>
				</task>
				<task id="14" pickup="Cardiff" delivery="Newcastle" weight="8" reward="55643">
					<bid agent="Neutral" bid="2013"/>
					<bid agent="Positive" bid="3025"/>
				</task>
				<task id="15" pickup="Birmingham" delivery="Sheffield" weight="6" reward="10034">
					<bid agent="Neutral" bid="225"/>
					<bid agent="Positive" bid="898"/>
				</task>
				<task id="16" pickup="Newcastle" delivery="Birmingham" weight="5" reward="35058">
					<bid agent="Neutral" bid="575"/>
					<bid agent="Positive" bid="1868"/>
				</task>
				<task id="17" pickup="Birmingham" delivery="Plymouth" weight="6" reward="58829">
					<bid agent="Neutral" bid="907"/>
					<bid agent="Positive" bid="2773"/>
				</task>
				<task id="18" pickup="Cardiff" delivery="Newcastle" weight="8" reward="55643">
					<bid agent="Neutral" bid="1069"/>
					<bid agent="Positive" bid="2348"/>
				</task>
				<task id="19" pickup="Leeds" delivery="Sheffield" weight="6" reward="1281">
					<bid agent="Neutral" bid="103"/>
					<bid agent="Positive" bid="1114"/>
				</task>
			</tasks>
			<events>
				<event id="0" time="0" vehicle="Vehicle 1" pickup="16"/>
				<event id="1" time="0" vehicle="Vehicle 2" move="Birmingham"/>
				<event id="2" time="300000000" vehicle="Vehicle 1" pickup="13"/>
				<event id="3" time="600000000" vehicle="Vehicle 1" move="Leeds"/>
				<event id="4" time="1311111111" vehicle="Vehicle 2" pickup="6"/>
				<event id="5" time="1611111111" vehicle="Vehicle 2" pickup="15"/>
				<event id="6" time="1694444444" vehicle="Vehicle 1" pickup="0"/>
				<event id="7" time="1911111111" vehicle="Vehicle 2" move="Manchester"/>
				<event id="8" time="1994444444" vehicle="Vehicle 1" pickup="19"/>
				<event id="9" time="2294444443" vehicle="Vehicle 1" move="Sheffield"/>
				<event id="10" time="2753333331" vehicle="Vehicle 1" deliver="19"/>
				<event id="11" time="2965555554" vehicle="Vehicle 2" pickup="3"/>
				<event id="12" time="3053333330" vehicle="Vehicle 1" deliver="0"/>
				<event id="13" time="3265555553" vehicle="Vehicle 2" move="Liverpool"/>
				<event id="14" time="3353333330" vehicle="Vehicle 1" move="Birmingham"/>
				<event id="15" time="3651111108" vehicle="Vehicle 2" pickup="1"/>
				<event id="16" time="3951111108" vehicle="Vehicle 2" pickup="5"/>
				<event id="17" time="4251111107" vehicle="Vehicle 2" move="Leeds"/>
				<event id="18" time="4355555551" vehicle="Vehicle 1" pickup="17"/>
				<event id="19" time="4655555551" vehicle="Vehicle 1" move="London"/>
				<event id="20" time="5056666661" vehicle="Vehicle 2" move="Sheffield"/>
				<event id="21" time="5515555549" vehicle="Vehicle 2" pickup="12"/>
				<event id="22" time="5815555549" vehicle="Vehicle 2" deliver="1"/>
				<event id="23" time="5966666661" vehicle="Vehicle 1" move="Portsmouth"/>
				<event id="24" time="6115555548" vehicle="Vehicle 2" pickup="9"/>
				<event id="25" time="6415555548" vehicle="Vehicle 2" deliver="15"/>
				<event id="26" time="6715555548" vehicle="Vehicle 2" move="Birmingham"/>
				<event id="27" time="6797777771" vehicle="Vehicle 1" pickup="10"/>
				<event id="28" time="7097777770" vehicle="Vehicle 1" move="Plymouth"/>
				<event id="29" time="7717777769" vehicle="Vehicle 2" move="London"/>
				<event id="30" time="8986666658" vehicle="Vehicle 1" pickup="4"/>
				<event id="31" time="9028888879" vehicle="Vehicle 2" deliver="3"/>
				<event id="32" time="9286666657" vehicle="Vehicle 1" pickup="11"/>
				<event id="33" time="9328888879" vehicle="Vehicle 2" move="Norwich"/>
				<event id="34" time="9586666657" vehicle="Vehicle 1" deliver="17"/>
				<event id="35" time="9886666657" vehicle="Vehicle 1" move="Portsmouth"/>
				<event id="36" time="10606666656" vehicle="Vehicle 2" deliver="9"/>
				<event id="37" time="10906666656" vehicle="Vehicle 2" deliver="5"/>
				<event id="38" time="11206666655" vehicle="Vehicle 2" deliver="6"/>
				<event id="39" time="11506666655" vehicle="Vehicle 2" deliver="12"/>
				<event id="40" time="11775555545" vehicle="Vehicle 1" move="London"/>
				<event id="41" time="12606666655" vehicle="Vehicle 1" deliver="11"/>
				<event id="42" time="12906666655" vehicle="Vehicle 1" move="Birmingham"/>
				<event id="43" time="14217777765" vehicle="Vehicle 1" move="Sheffield"/>
				<event id="44" time="15219999987" vehicle="Vehicle 1" pickup="7"/>
				<event id="45" time="15519999987" vehicle="Vehicle 1" move="Leeds"/>
				<event id="46" time="15978888875" vehicle="Vehicle 1" move="Liverpool"/>
				<event id="47" time="16784444430" vehicle="Vehicle 1" pickup="8"/>
				<event id="48" time="17084444429" vehicle="Vehicle 1" deliver="13"/>
				<event id="49" time="17384444429" vehicle="Vehicle 1" move="Manchester"/>
				<event id="50" time="17769999984" vehicle="Vehicle 1" pickup="2"/>
				<event id="51" time="18069999984" vehicle="Vehicle 1" deliver="7"/>
				<event id="52" time="18369999984" vehicle="Vehicle 1" move="Birmingham"/>
				<event id="53" time="19424444428" vehicle="Vehicle 1" move="Cardiff"/>
				<event id="54" time="20702222205" vehicle="Vehicle 1" deliver="2"/>
				<event id="55" time="21002222204" vehicle="Vehicle 1" pickup="14"/>
				<event id="56" time="21302222204" vehicle="Vehicle 1" pickup="18"/>
				<event id="57" time="21602222204" vehicle="Vehicle 1" deliver="10"/>
				<event id="58" time="21902222204" vehicle="Vehicle 1" deliver="8"/>
				<event id="59" time="22202222203" vehicle="Vehicle 1" move="Birmingham"/>
				<event id="60" time="23479999980" vehicle="Vehicle 1" deliver="16"/>
				<event id="61" time="23779999980" vehicle="Vehicle 1" deliver="4"/>
				<event id="62" time="24079999980" vehicle="Vehicle 1" move="Sheffield"/>
				<event id="63" time="25082222202" vehicle="Vehicle 1" move="Leeds"/>
				<event id="64" time="25541111090" vehicle="Vehicle 1" move="Newcastle"/>
				<event id="65" time="26635555533" vehicle="Vehicle 1" deliver="18"/>
				<event id="66" time="26935555533" vehicle="Vehicle 1" deliver="14"/>
			</events>
		</round>
	</rounds>
	<statistics>
		<stat rank="1" agent="Neutral">
			<total-tasks value="20"/>
			<total-distance value="2433.8"/>
			<total-cost value="12169"/>
			<total-reward value="13856"/>
			<total-profit value="1687"/>
		</stat>
		<stat rank="2" agent="Positive">
			<total-tasks value="0"/>
			<total-distance value="0.0"/>
			<total-cost value="0"/>
			<total-reward value="0"/>
			<total-profit value="0"/>
		</stat>
	</statistics>
</history>
