<?xml version="1.0" encoding="ISO-8859-1"?>

<history configuration="config/rounds/auction3.xml">
	<agents>
		<agent name="Future">
			<vehicle name="Vehicle 1"/>
			<vehicle name="Vehicle 2"/>
			<vehicle name="Vehicle 3"/>
			<vehicle name="Vehicle 4"/>
		</agent>
		<agent name="Positive">
			<vehicle name="Vehicle 5"/>
			<vehicle name="Vehicle 6"/>
			<vehicle name="Vehicle 7"/>
			<vehicle name="Vehicle 8"/>
		</agent>
	</agents>
	<rounds>
		<round id="1">
			<tasks>
				<task id="0" pickup="Paris" delivery="Monaco" weight="25" reward="40845">
					<bid agent="Future" bid="2717"/>
					<bid agent="Positive" bid="3305"/>
				</task>
				<task id="1" pickup="Paris" delivery="Monaco" weight="25" reward="40845">
					<bid agent="Future" bid="1472"/>
					<bid agent="Positive" bid="2112"/>
				</task>
				<task id="2" pickup="Lyon" delivery="Paris" weight="28" reward="78143">
					<bid agent="Future" bid="1475"/>
					<bid agent="Positive" bid="1436"/>
				</task>
				<task id="3" pickup="Brest" delivery="Lyon" weight="13" reward="37398">
					<bid agent="Future" bid="2830"/>
					<bid agent="Positive" bid="3575"/>
				</task>
				<task id="4" pickup="Brest" delivery="Strasbourg" weight="25" reward="35950">
					<bid agent="Future" bid="3921"/>
					<bid agent="Positive" bid="4443"/>
				</task>
				<task id="5" pickup="Brest" delivery="Monaco" weight="15" reward="100">
					<bid agent="Future" bid="3358"/>
					<bid agent="Positive" bid="3880"/>
				</task>
				<task id="6" pickup="Lyon" delivery="Monaco" weight="28" reward="72973">
					<bid agent="Future" bid="2266"/>
					<bid agent="Positive" bid="2894"/>
				</task>
				<task id="7" pickup="Paris" delivery="Le Havre" weight="26" reward="96758">
					<bid agent="Future" bid="1020"/>
					<bid agent="Positive" bid="1181"/>
				</task>
				<task id="8" pickup="Brest" delivery="Le Havre" weight="18" reward="56013">
					<bid agent="Future" bid="2002"/>
					<bid agent="Positive" bid="2823"/>
				</task>
				<task id="9" pickup="Paris" delivery="Monaco" weight="25" reward="40845">
					<bid agent="Future" bid="2807"/>
					<bid agent="Positive" bid="3506"/>
				</task>
				<task id="10" pickup="Paris" delivery="Monaco" weight="25" reward="40845">
					<bid agent="Future" bid="2272"/>
					<bid agent="Positive" bid="2302"/>
				</task>
				<task id="11" pickup="Marseille" delivery="Bordeaux" weight="16" reward="65734">
					<bid agent="Future" bid="3482"/>
					<bid agent="Positive" bid="3500"/>
				</task>
				<task id="12" pickup="Lyon" delivery="Monaco" weight="28" reward="72973">
					<bid agent="Future" bid="3542"/>
					<bid agent="Positive" bid="4531"/>
				</task>
				<task id="13" pickup="Genève" delivery="Marseille" weight="29" reward="78212">
					<bid agent="Future" bid="1085"/>
					<bid agent="Positive" bid="4006"/>
				</task>
				<task id="14" pickup="Le Havre" delivery="Strasbourg" weight="10" reward="63183">
					<bid agent="Future" bid="3225"/>
					<bid agent="Positive" bid="3516"/>
				</task>
				<task id="15" pickup="Monaco" delivery="Genève" weight="22" reward="74352">
					<bid agent="Future" bid="2341"/>
					<bid agent="Positive" bid="1417"/>
				</task>
				<task id="16" pickup="Bordeaux" delivery="Le Havre" weight="23" reward="56495">
					<bid agent="Future" bid="2447"/>
					<bid agent="Positive" bid="3438"/>
				</task>
				<task id="17" pickup="Genève" delivery="Bordeaux" weight="16" reward="59460">
					<bid agent="Future" bid="2276"/>
					<bid agent="Positive" bid="1973"/>
				</task>
				<task id="18" pickup="Monaco" delivery="Genève" weight="22" reward="74352">
					<bid agent="Future" bid="1506"/>
					<bid agent="Positive" bid="50"/>
				</task>
				<task id="19" pickup="Paris" delivery="Monaco" weight="25" reward="40845">
					<bid agent="Future" bid="2357"/>
					<bid agent="Positive" bid="2335"/>
				</task>
				<task id="20" pickup="Monaco" delivery="Brest" weight="12" reward="100">
					<bid agent="Future" bid="6571"/>
					<bid agent="Positive" bid="3420"/>
				</task>
				<task id="21" pickup="Bordeaux" delivery="Marseille" weight="21" reward="65734">
					<bid agent="Future" bid="921"/>
					<bid agent="Positive" bid="50"/>
				</task>
				<task id="22" pickup="Brest" delivery="Marseille" weight="11" reward="15612">
					<bid agent="Future" bid="3566"/>
					<bid agent="Positive" bid="1189"/>
				</task>
				<task id="23" pickup="Monaco" delivery="Le Havre" weight="23" reward="27332">
					<bid agent="Future" bid="1520"/>
					<bid agent="Positive" bid="1079"/>
				</task>
				<task id="24" pickup="Brest" delivery="Le Havre" weight="18" reward="56013">
					<bid agent="Future" bid="4573"/>
					<bid agent="Positive" bid="1039"/>
				</task>
				<task id="25" pickup="Brest" delivery="Bordeaux" weight="21" reward="29263">
					<bid agent="Future" bid="5018"/>
					<bid agent="Positive" bid="3622"/>
				</task>
				<task id="26" pickup="Strasbourg" delivery="Brest" weight="25" reward="35950">
					<bid agent="Future" bid="8678"/>
					<bid agent="Positive" bid="2932"/>
				</task>
				<task id="27" pickup="Paris" delivery="Strasbourg" weight="26" reward="76696">
					<bid agent="Future" bid="1006"/>
					<bid agent="Positive" bid="50"/>
				</task>
				<task id="28" pickup="Monaco" delivery="Genève" weight="22" reward="74352">
					<bid agent="Future" bid="3662"/>
					<bid agent="Positive" bid="1417"/>
				</task>
				<task id="29" pickup="Monaco" delivery="Lyon" weight="15" reward="72973">
					<bid agent="Future" bid="1168"/>
					<bid agent="Positive" bid="104"/>
				</task>
				<task id="30" pickup="Brest" delivery="Monaco" weight="15" reward="100">
					<bid agent="Future" bid="7605"/>
					<bid agent="Positive" bid="5632"/>
				</task>
				<task id="31" pickup="Genève" delivery="Le Havre" weight="23" reward="54358">
					<bid agent="Future" bid="2515"/>
					<bid agent="Positive" bid="1089"/>
				</task>
				<task id="32" pickup="Marseille" delivery="Brest" weight="16" reward="15612">
					<bid agent="Future" bid="3196"/>
					<bid agent="Positive" bid="1630"/>
				</task>
				<task id="33" pickup="Le Havre" delivery="Bordeaux" weight="22" reward="56495">
					<bid agent="Future" bid="3772"/>
					<bid agent="Positive" bid="1383"/>
				</task>
				<task id="34" pickup="Monaco" delivery="Brest" weight="12" reward="100">
					<bid agent="Future" bid="3236"/>
					<bid agent="Positive" bid="1651"/>
				</task>
				<task id="35" pickup="Le Havre" delivery="Marseille" weight="28" reward="42844">
					<bid agent="Future" bid="50"/>
					<bid agent="Positive" bid="50"/>
				</task>
				<task id="36" pickup="Monaco" delivery="Lyon" weight="15" reward="72973">
					<bid agent="Future" bid="2847"/>
					<bid agent="Positive" bid="2386"/>
				</task>
				<task id="37" pickup="Paris" delivery="Strasbourg" weight="26" reward="76696">
					<bid agent="Future" bid="1421"/>
					<bid agent="Positive" bid="1784"/>
				</task>
				<task id="38" pickup="Strasbourg" delivery="Paris" weight="26" reward="76696">
					<bid agent="Future" bid="3103"/>
					<bid agent="Positive" bid="3695"/>
				</task>
				<task id="39" pickup="Bordeaux" delivery="Genève" weight="23" reward="59460">
					<bid agent="Future" bid="1839"/>
					<bid agent="Positive" bid="2423"/>
				</task>
			</tasks>
			<events>
				<event id="0" time="0" vehicle="Vehicle 1" pickup="10"/>
				<event id="1" time="0" vehicle="Vehicle 2" pickup="11"/>
				<event id="2" time="0" vehicle="Vehicle 3" pickup="3"/>
				<event id="3" time="0" vehicle="Vehicle 6" pickup="21"/>
				<event id="4" time="0" vehicle="Vehicle 7" pickup="23"/>
				<event id="5" time="300000000" vehicle="Vehicle 1" pickup="1"/>
				<event id="6" time="300000000" vehicle="Vehicle 2" move="Bordeaux"/>
				<event id="7" time="300000000" vehicle="Vehicle 3" pickup="5"/>
				<event id="8" time="300000000" vehicle="Vehicle 6" move="Paris"/>
				<event id="9" time="300000000" vehicle="Vehicle 7" pickup="28"/>
				<event id="10" time="600000000" vehicle="Vehicle 1" move="Lyon"/>
				<event id="11" time="600000000" vehicle="Vehicle 3" pickup="8"/>
				<event id="12" time="600000000" vehicle="Vehicle 7" pickup="15"/>
				<event id="13" time="900000000" vehicle="Vehicle 3" pickup="4"/>
				<event id="14" time="900000000" vehicle="Vehicle 7" move="Genève"/>
				<event id="15" time="1200000000" vehicle="Vehicle 3" move="Paris"/>
				<event id="16" time="6688888888" vehicle="Vehicle 7" deliver="28"/>
				<event id="17" time="6788888888" vehicle="Vehicle 6" pickup="27"/>
				<event id="18" time="6988888888" vehicle="Vehicle 7" pickup="31"/>
				<event id="19" time="7088888887" vehicle="Vehicle 6" pickup="19"/>
				<event id="20" time="7288888887" vehicle="Vehicle 7" deliver="15"/>
				<event id="21" time="7388888887" vehicle="Vehicle 6" move="Strasbourg"/>
				<event id="22" time="7477777777" vehicle="Vehicle 2" pickup="39"/>
				<event id="23" time="7588888887" vehicle="Vehicle 7" move="Lyon"/>
				<event id="24" time="7766666666" vehicle="Vehicle 3" move="Le Havre"/>
				<event id="25" time="7777777777" vehicle="Vehicle 2" pickup="16"/>
				<event id="26" time="8077777776" vehicle="Vehicle 2" deliver="11"/>
				<event id="27" time="8366666666" vehicle="Vehicle 1" pickup="12"/>
				<event id="28" time="8377777776" vehicle="Vehicle 2" move="Paris"/>
				<event id="29" time="8666666666" vehicle="Vehicle 1" move="Marseille"/>
				<event id="30" time="9244444442" vehicle="Vehicle 7" pickup="2"/>
				<event id="31" time="9544444442" vehicle="Vehicle 7" move="Paris"/>
				<event id="32" time="9944444443" vehicle="Vehicle 3" deliver="8"/>
				<event id="33" time="10244444442" vehicle="Vehicle 3" move="Paris"/>
				<event id="34" time="12422222219" vehicle="Vehicle 3" pickup="37"/>
				<event id="35" time="12722222219" vehicle="Vehicle 3" move="Strasbourg"/>
				<event id="36" time="12799999998" vehicle="Vehicle 6" deliver="27"/>
				<event id="37" time="13099999998" vehicle="Vehicle 6" move="Genève"/>
				<event id="38" time="13933333332" vehicle="Vehicle 1" move="Monaco"/>
				<event id="39" time="14722222219" vehicle="Vehicle 7" deliver="2"/>
				<event id="40" time="14866666664" vehicle="Vehicle 2" pickup="7"/>
				<event id="41" time="15022222218" vehicle="Vehicle 7" move="Le Havre"/>
				<event id="42" time="15166666663" vehicle="Vehicle 2" move="Le Havre"/>
				<event id="43" time="17199999995" vehicle="Vehicle 7" deliver="31"/>
				<event id="44" time="17344444440" vehicle="Vehicle 2" deliver="7"/>
				<event id="45" time="17422222220" vehicle="Vehicle 6" move="Monaco"/>
				<event id="46" time="17499999995" vehicle="Vehicle 7" deliver="23"/>
				<event id="47" time="17644444440" vehicle="Vehicle 2" pickup="14"/>
				<event id="48" time="17683333331" vehicle="Vehicle 1" deliver="12"/>
				<event id="49" time="17944444440" vehicle="Vehicle 2" deliver="16"/>
				<event id="50" time="17983333331" vehicle="Vehicle 1" deliver="1"/>
				<event id="51" time="18133333329" vehicle="Vehicle 3" deliver="37"/>
				<event id="52" time="18244444439" vehicle="Vehicle 2" pickup="35"/>
				<event id="53" time="18283333330" vehicle="Vehicle 1" deliver="10"/>
				<event id="54" time="18433333329" vehicle="Vehicle 3" pickup="38"/>
				<event id="55" time="18544444439" vehicle="Vehicle 2" move="Paris"/>
				<event id="56" time="18733333329" vehicle="Vehicle 3" deliver="4"/>
				<event id="57" time="19033333328" vehicle="Vehicle 3" move="Paris"/>
				<event id="58" time="20722222216" vehicle="Vehicle 2" move="Strasbourg"/>
				<event id="59" time="23211111108" vehicle="Vehicle 6" pickup="20"/>
				<event id="60" time="23511111108" vehicle="Vehicle 6" deliver="19"/>
				<event id="61" time="23811111108" vehicle="Vehicle 6" pickup="34"/>
				<event id="62" time="24111111107" vehicle="Vehicle 6" pickup="36"/>
				<event id="63" time="24411111107" vehicle="Vehicle 6" move="Marseille"/>
				<event id="64" time="24444444438" vehicle="Vehicle 3" pickup="0"/>
				<event id="65" time="24744444438" vehicle="Vehicle 3" deliver="38"/>
				<event id="66" time="25044444437" vehicle="Vehicle 3" pickup="9"/>
				<event id="67" time="25344444437" vehicle="Vehicle 3" move="Lyon"/>
				<event id="68" time="26133333326" vehicle="Vehicle 2" deliver="14"/>
				<event id="69" time="26433333326" vehicle="Vehicle 2" move="Genève"/>
				<event id="70" time="26911111106" vehicle="Vehicle 6" deliver="21"/>
				<event id="71" time="27211111105" vehicle="Vehicle 6" pickup="32"/>
				<event id="72" time="27511111105" vehicle="Vehicle 6" move="Lyon"/>
				<event id="73" time="30522222214" vehicle="Vehicle 3" deliver="3"/>
				<event id="74" time="30755555547" vehicle="Vehicle 2" pickup="13"/>
				<event id="75" time="30822222214" vehicle="Vehicle 3" move="Marseille"/>
				<event id="76" time="31022222215" vehicle="Vehicle 6" deliver="36"/>
				<event id="77" time="31055555546" vehicle="Vehicle 2" deliver="39"/>
				<event id="78" time="31322222215" vehicle="Vehicle 6" move="Genève"/>
				<event id="79" time="31355555546" vehicle="Vehicle 2" move="Lyon"/>
				<event id="80" time="32977777769" vehicle="Vehicle 6" move="Strasbourg"/>
				<event id="81" time="33011111101" vehicle="Vehicle 2" move="Marseille"/>
				<event id="82" time="34333333324" vehicle="Vehicle 3" move="Monaco"/>
				<event id="83" time="36522222211" vehicle="Vehicle 2" deliver="35"/>
				<event id="84" time="36822222211" vehicle="Vehicle 2" move="Lyon"/>
				<event id="85" time="36833333323" vehicle="Vehicle 3" deliver="0"/>
				<event id="86" time="37133333322" vehicle="Vehicle 3" deliver="9"/>
				<event id="87" time="37299999991" vehicle="Vehicle 6" pickup="26"/>
				<event id="88" time="37433333322" vehicle="Vehicle 3" deliver="5"/>
				<event id="89" time="37599999991" vehicle="Vehicle 6" move="Paris"/>
				<event id="90" time="40333333321" vehicle="Vehicle 2" pickup="6"/>
				<event id="91" time="40633333321" vehicle="Vehicle 2" move="Marseille"/>
				<event id="92" time="43011111102" vehicle="Vehicle 6" move="Brest"/>
				<event id="93" time="44144444431" vehicle="Vehicle 2" deliver="13"/>
				<event id="94" time="44444444431" vehicle="Vehicle 2" move="Monaco"/>
				<event id="95" time="46944444430" vehicle="Vehicle 2" deliver="6"/>
				<event id="96" time="49577777767" vehicle="Vehicle 6" pickup="30"/>
				<event id="97" time="49877777767" vehicle="Vehicle 6" deliver="26"/>
				<event id="98" time="50177777766" vehicle="Vehicle 6" pickup="25"/>
				<event id="99" time="50477777766" vehicle="Vehicle 6" deliver="20"/>
				<event id="100" time="50777777766" vehicle="Vehicle 6" deliver="34"/>
				<event id="101" time="51077777765" vehicle="Vehicle 6" pickup="24"/>
				<event id="102" time="51377777765" vehicle="Vehicle 6" deliver="32"/>
				<event id="103" time="51677777765" vehicle="Vehicle 6" pickup="22"/>
				<event id="104" time="51977777765" vehicle="Vehicle 6" move="Paris"/>
				<event id="105" time="58544444431" vehicle="Vehicle 6" move="Le Havre"/>
				<event id="106" time="60722222208" vehicle="Vehicle 6" deliver="24"/>
				<event id="107" time="61022222207" vehicle="Vehicle 6" pickup="33"/>
				<event id="108" time="61322222207" vehicle="Vehicle 6" move="Paris"/>
				<event id="109" time="63499999984" vehicle="Vehicle 6" move="Lyon"/>
				<event id="110" time="68677777761" vehicle="Vehicle 6" move="Marseille"/>
				<event id="111" time="72188888871" vehicle="Vehicle 6" deliver="22"/>
				<event id="112" time="72488888871" vehicle="Vehicle 6" move="Monaco"/>
				<event id="113" time="74988888870" vehicle="Vehicle 6" pickup="18"/>
				<event id="114" time="75288888869" vehicle="Vehicle 6" deliver="30"/>
				<event id="115" time="75588888869" vehicle="Vehicle 6" pickup="29"/>
				<event id="116" time="75888888869" vehicle="Vehicle 6" move="Genève"/>
				<event id="117" time="81677777757" vehicle="Vehicle 6" deliver="18"/>
				<event id="118" time="81977777757" vehicle="Vehicle 6" pickup="17"/>
				<event id="119" time="82277777756" vehicle="Vehicle 6" move="Lyon"/>
				<event id="120" time="83933333311" vehicle="Vehicle 6" deliver="29"/>
				<event id="121" time="84233333310" vehicle="Vehicle 6" move="Bordeaux"/>
				<event id="122" time="90766666642" vehicle="Vehicle 6" deliver="25"/>
				<event id="123" time="91066666641" vehicle="Vehicle 6" deliver="33"/>
				<event id="124" time="91366666641" vehicle="Vehicle 6" deliver="17"/>
			</events>
		</round>
	</rounds>
	<statistics>
		<stat rank="1" agent="Future">
			<total-tasks value="19"/>
			<total-distance value="7791.0"/>
			<total-cost value="38955"/>
			<total-reward value="44859"/>
			<total-profit value="5904"/>
		</stat>
		<stat rank="2" agent="Positive">
			<total-tasks value="21"/>
			<total-distance value="8718.0"/>
			<total-cost value="43590"/>
			<total-reward value="35884"/>
			<total-profit value="-7706"/>
		</stat>
	</statistics>
</history>
