<?xml version="1.0" encoding="ISO-8859-1"?>

<history configuration="config/rounds/auction3.xml">
	<agents>
		<agent name="Neutral">
			<vehicle name="Vehicle 1"/>
			<vehicle name="Vehicle 2"/>
			<vehicle name="Vehicle 3"/>
			<vehicle name="Vehicle 4"/>
		</agent>
		<agent name="Negative">
			<vehicle name="Vehicle 5"/>
			<vehicle name="Vehicle 6"/>
			<vehicle name="Vehicle 7"/>
			<vehicle name="Vehicle 8"/>
		</agent>
	</agents>
	<rounds>
		<round id="1">
			<tasks>
				<task id="0" pickup="Paris" delivery="Monaco" weight="25" reward="40845">
					<bid agent="Neutral" bid="2517"/>
					<bid agent="Negative" bid="2895"/>
				</task>
				<task id="1" pickup="Paris" delivery="Monaco" weight="25" reward="40845">
					<bid agent="Neutral" bid="1342"/>
					<bid agent="Negative" bid="1815"/>
				</task>
				<task id="2" pickup="Lyon" delivery="Paris" weight="28" reward="78143">
					<bid agent="Neutral" bid="1531"/>
					<bid agent="Negative" bid="1204"/>
				</task>
				<task id="3" pickup="Brest" delivery="Lyon" weight="13" reward="37398">
					<bid agent="Neutral" bid="2472"/>
					<bid agent="Negative" bid="3140"/>
				</task>
				<task id="4" pickup="Brest" delivery="Strasbourg" weight="25" reward="35950">
					<bid agent="Neutral" bid="3249"/>
					<bid agent="Negative" bid="3924"/>
				</task>
				<task id="5" pickup="Brest" delivery="Monaco" weight="15" reward="100">
					<bid agent="Neutral" bid="2663"/>
					<bid agent="Negative" bid="3415"/>
				</task>
				<task id="6" pickup="Lyon" delivery="Monaco" weight="28" reward="72973">
					<bid agent="Neutral" bid="2243"/>
					<bid agent="Negative" bid="2608"/>
				</task>
				<task id="7" pickup="Paris" delivery="Le Havre" weight="26" reward="96758">
					<bid agent="Neutral" bid="898"/>
					<bid agent="Negative" bid="974"/>
				</task>
				<task id="8" pickup="Brest" delivery="Le Havre" weight="18" reward="56013">
					<bid agent="Neutral" bid="1884"/>
					<bid agent="Negative" bid="2458"/>
				</task>
				<task id="9" pickup="Paris" delivery="Monaco" weight="25" reward="40845">
					<bid agent="Neutral" bid="2602"/>
					<bid agent="Negative" bid="3634"/>
				</task>
				<task id="10" pickup="Paris" delivery="Monaco" weight="25" reward="40845">
					<bid agent="Neutral" bid="2097"/>
					<bid agent="Negative" bid="1942"/>
				</task>
				<task id="11" pickup="Marseille" delivery="Bordeaux" weight="16" reward="65734">
					<bid agent="Neutral" bid="2799"/>
					<bid agent="Negative" bid="2979"/>
				</task>
				<task id="12" pickup="Lyon" delivery="Monaco" weight="28" reward="72973">
					<bid agent="Neutral" bid="972"/>
					<bid agent="Negative" bid="896"/>
				</task>
				<task id="13" pickup="Genève" delivery="Marseille" weight="29" reward="78212">
					<bid agent="Neutral" bid="1085"/>
					<bid agent="Negative" bid="2379"/>
				</task>
				<task id="14" pickup="Le Havre" delivery="Strasbourg" weight="10" reward="63183">
					<bid agent="Neutral" bid="1650"/>
					<bid agent="Negative" bid="2794"/>
				</task>
				<task id="15" pickup="Monaco" delivery="Genève" weight="22" reward="74352">
					<bid agent="Neutral" bid="3395"/>
					<bid agent="Negative" bid="1484"/>
				</task>
				<task id="16" pickup="Bordeaux" delivery="Le Havre" weight="23" reward="56495">
					<bid agent="Neutral" bid="4092"/>
					<bid agent="Negative" bid="1802"/>
				</task>
				<task id="17" pickup="Genève" delivery="Bordeaux" weight="16" reward="59460">
					<bid agent="Neutral" bid="2057"/>
					<bid agent="Negative" bid="2379"/>
				</task>
				<task id="18" pickup="Monaco" delivery="Genève" weight="22" reward="74352">
					<bid agent="Neutral" bid="702"/>
					<bid agent="Negative" bid="896"/>
				</task>
				<task id="19" pickup="Paris" delivery="Monaco" weight="25" reward="40845">
					<bid agent="Neutral" bid="1972"/>
					<bid agent="Negative" bid="935"/>
				</task>
				<task id="20" pickup="Monaco" delivery="Brest" weight="12" reward="100">
					<bid agent="Neutral" bid="6847"/>
					<bid agent="Negative" bid="4758"/>
				</task>
				<task id="21" pickup="Bordeaux" delivery="Marseille" weight="21" reward="65734">
					<bid agent="Neutral" bid="3195"/>
					<bid agent="Negative" bid="1451"/>
				</task>
				<task id="22" pickup="Brest" delivery="Marseille" weight="11" reward="15612">
					<bid agent="Neutral" bid="4170"/>
					<bid agent="Negative" bid="3547"/>
				</task>
				<task id="23" pickup="Monaco" delivery="Le Havre" weight="23" reward="27332">
					<bid agent="Neutral" bid="4337"/>
					<bid agent="Negative" bid="2972"/>
				</task>
				<task id="24" pickup="Brest" delivery="Le Havre" weight="18" reward="56013">
					<bid agent="Neutral" bid="1975"/>
					<bid agent="Negative" bid="1541"/>
				</task>
				<task id="25" pickup="Brest" delivery="Bordeaux" weight="21" reward="29263">
					<bid agent="Neutral" bid="4940"/>
					<bid agent="Negative" bid="4077"/>
				</task>
				<task id="26" pickup="Strasbourg" delivery="Brest" weight="25" reward="35950">
					<bid agent="Neutral" bid="5820"/>
					<bid agent="Negative" bid="3963"/>
				</task>
				<task id="27" pickup="Paris" delivery="Strasbourg" weight="26" reward="76696">
					<bid agent="Neutral" bid="2385"/>
					<bid agent="Negative" bid="2659"/>
				</task>
				<task id="28" pickup="Monaco" delivery="Genève" weight="22" reward="74352">
					<bid agent="Neutral" bid="894"/>
					<bid agent="Negative" bid="700"/>
				</task>
				<task id="29" pickup="Monaco" delivery="Lyon" weight="15" reward="72973">
					<bid agent="Neutral" bid="2530"/>
					<bid agent="Negative" bid="1294"/>
				</task>
				<task id="30" pickup="Brest" delivery="Monaco" weight="15" reward="100">
					<bid agent="Neutral" bid="2955"/>
					<bid agent="Negative" bid="2852"/>
				</task>
				<task id="31" pickup="Genève" delivery="Le Havre" weight="23" reward="54358">
					<bid agent="Neutral" bid="665"/>
					<bid agent="Negative" bid="2415"/>
				</task>
				<task id="32" pickup="Marseille" delivery="Brest" weight="16" reward="15612">
					<bid agent="Neutral" bid="1840"/>
					<bid agent="Negative" bid="1310"/>
				</task>
				<task id="33" pickup="Le Havre" delivery="Bordeaux" weight="22" reward="56495">
					<bid agent="Neutral" bid="537"/>
					<bid agent="Negative" bid="881"/>
				</task>
				<task id="34" pickup="Monaco" delivery="Brest" weight="12" reward="100">
					<bid agent="Neutral" bid="3877"/>
					<bid agent="Negative" bid="3289"/>
				</task>
				<task id="35" pickup="Le Havre" delivery="Marseille" weight="28" reward="42844">
					<bid agent="Neutral" bid="2970"/>
					<bid agent="Negative" bid="2554"/>
				</task>
				<task id="36" pickup="Monaco" delivery="Lyon" weight="15" reward="72973">
					<bid agent="Neutral" bid="97"/>
					<bid agent="Negative" bid="535"/>
				</task>
				<task id="37" pickup="Paris" delivery="Strasbourg" weight="26" reward="76696">
					<bid agent="Neutral" bid="1155"/>
					<bid agent="Negative" bid="274"/>
				</task>
				<task id="38" pickup="Strasbourg" delivery="Paris" weight="26" reward="76696">
					<bid agent="Neutral" bid="1155"/>
					<bid agent="Negative" bid="2282"/>
				</task>
				<task id="39" pickup="Bordeaux" delivery="Genève" weight="23" reward="59460">
					<bid agent="Neutral" bid="1792"/>
					<bid agent="Negative" bid="5628"/>
				</task>
			</tasks>
			<events>
				<event id="0" time="0" vehicle="Vehicle 1" pickup="7"/>
				<event id="1" time="0" vehicle="Vehicle 3" pickup="4"/>
				<event id="2" time="0" vehicle="Vehicle 5" pickup="12"/>
				<event id="3" time="0" vehicle="Vehicle 6" pickup="16"/>
				<event id="4" time="0" vehicle="Vehicle 8" pickup="26"/>
				<event id="5" time="300000000" vehicle="Vehicle 1" pickup="27"/>
				<event id="6" time="300000000" vehicle="Vehicle 3" pickup="5"/>
				<event id="7" time="300000000" vehicle="Vehicle 5" move="Marseille"/>
				<event id="8" time="300000000" vehicle="Vehicle 6" move="Paris"/>
				<event id="9" time="300000000" vehicle="Vehicle 8" move="Paris"/>
				<event id="10" time="600000000" vehicle="Vehicle 1" move="Le Havre"/>
				<event id="11" time="600000000" vehicle="Vehicle 3" pickup="8"/>
				<event id="12" time="900000000" vehicle="Vehicle 3" pickup="3"/>
				<event id="13" time="1200000000" vehicle="Vehicle 3" move="Paris"/>
				<event id="14" time="3811111111" vehicle="Vehicle 5" move="Monaco"/>
				<event id="15" time="3866666666" vehicle="Vehicle 1" pickup="14"/>
				<event id="16" time="4166666665" vehicle="Vehicle 1" deliver="7"/>
				<event id="17" time="4466666665" vehicle="Vehicle 1" move="Paris"/>
				<event id="18" time="5711111111" vehicle="Vehicle 8" move="Brest"/>
				<event id="19" time="6311111110" vehicle="Vehicle 5" pickup="29"/>
				<event id="20" time="6611111110" vehicle="Vehicle 5" deliver="12"/>
				<event id="21" time="6788888888" vehicle="Vehicle 6" move="Le Havre"/>
				<event id="22" time="6911111110" vehicle="Vehicle 5" pickup="20"/>
				<event id="23" time="7211111109" vehicle="Vehicle 5" pickup="15"/>
				<event id="24" time="7511111109" vehicle="Vehicle 5" pickup="34"/>
				<event id="25" time="7733333331" vehicle="Vehicle 1" move="Strasbourg"/>
				<event id="26" time="7766666666" vehicle="Vehicle 3" move="Strasbourg"/>
				<event id="27" time="7811111109" vehicle="Vehicle 5" move="Marseille"/>
				<event id="28" time="8966666665" vehicle="Vehicle 6" deliver="16"/>
				<event id="29" time="10311111108" vehicle="Vehicle 5" pickup="32"/>
				<event id="30" time="10611111108" vehicle="Vehicle 5" move="Lyon"/>
				<event id="31" time="12277777776" vehicle="Vehicle 8" pickup="22"/>
				<event id="32" time="12577777776" vehicle="Vehicle 8" pickup="30"/>
				<event id="33" time="12877777776" vehicle="Vehicle 8" pickup="24"/>
				<event id="34" time="13177777775" vehicle="Vehicle 8" deliver="26"/>
				<event id="35" time="13177777776" vehicle="Vehicle 3" deliver="4"/>
				<event id="36" time="13477777775" vehicle="Vehicle 8" move="Paris"/>
				<event id="37" time="13477777776" vehicle="Vehicle 3" pickup="38"/>
				<event id="38" time="13777777776" vehicle="Vehicle 3" move="Paris"/>
				<event id="39" time="14122222218" vehicle="Vehicle 5" deliver="29"/>
				<event id="40" time="14422222218" vehicle="Vehicle 5" move="Genève"/>
				<event id="41" time="15849999997" vehicle="Vehicle 1" deliver="14"/>
				<event id="42" time="16077777772" vehicle="Vehicle 5" deliver="15"/>
				<event id="43" time="16149999997" vehicle="Vehicle 1" deliver="27"/>
				<event id="44" time="16377777772" vehicle="Vehicle 5" move="Lyon"/>
				<event id="45" time="16449999997" vehicle="Vehicle 1" move="Genève"/>
				<event id="46" time="18033333327" vehicle="Vehicle 5" pickup="2"/>
				<event id="47" time="18333333327" vehicle="Vehicle 5" move="Paris"/>
				<event id="48" time="19188888886" vehicle="Vehicle 3" deliver="38"/>
				<event id="49" time="19488888886" vehicle="Vehicle 3" pickup="1"/>
				<event id="50" time="19788888886" vehicle="Vehicle 3" move="Le Havre"/>
				<event id="51" time="20044444441" vehicle="Vehicle 8" move="Le Havre"/>
				<event id="52" time="21966666663" vehicle="Vehicle 3" deliver="8"/>
				<event id="53" time="22222222218" vehicle="Vehicle 8" deliver="24"/>
				<event id="54" time="22266666662" vehicle="Vehicle 3" pickup="33"/>
				<event id="55" time="22522222218" vehicle="Vehicle 8" pickup="35"/>
				<event id="56" time="22566666662" vehicle="Vehicle 3" move="Paris"/>
				<event id="57" time="22822222218" vehicle="Vehicle 8" move="Paris"/>
				<event id="58" time="22933333330" vehicle="Vehicle 1" pickup="31"/>
				<event id="59" time="23233333329" vehicle="Vehicle 1" pickup="13"/>
				<event id="60" time="23511111104" vehicle="Vehicle 5" move="Brest"/>
				<event id="61" time="23533333329" vehicle="Vehicle 1" move="Lyon"/>
				<event id="62" time="24744444439" vehicle="Vehicle 3" move="Lyon"/>
				<event id="63" time="24999999995" vehicle="Vehicle 8" pickup="10"/>
				<event id="64" time="25299999995" vehicle="Vehicle 8" move="Lyon"/>
				<event id="65" time="26016666661" vehicle="Vehicle 1" move="Marseille"/>
				<event id="66" time="29922222216" vehicle="Vehicle 3" deliver="3"/>
				<event id="67" time="30077777769" vehicle="Vehicle 5" deliver="34"/>
				<event id="68" time="30222222215" vehicle="Vehicle 3" move="Marseille"/>
				<event id="69" time="30377777769" vehicle="Vehicle 5" pickup="25"/>
				<event id="70" time="30477777772" vehicle="Vehicle 8" move="Marseille"/>
				<event id="71" time="30677777769" vehicle="Vehicle 5" deliver="20"/>
				<event id="72" time="30977777769" vehicle="Vehicle 5" deliver="32"/>
				<event id="73" time="31277777768" vehicle="Vehicle 5" move="Paris"/>
				<event id="74" time="31283333327" vehicle="Vehicle 1" deliver="13"/>
				<event id="75" time="31583333327" vehicle="Vehicle 1" move="Lyon"/>
				<event id="76" time="33733333325" vehicle="Vehicle 3" pickup="11"/>
				<event id="77" time="33988888882" vehicle="Vehicle 8" deliver="35"/>
				<event id="78" time="34033333324" vehicle="Vehicle 3" move="Monaco"/>
				<event id="79" time="34288888881" vehicle="Vehicle 8" deliver="22"/>
				<event id="80" time="34588888881" vehicle="Vehicle 8" move="Monaco"/>
				<event id="81" time="36533333323" vehicle="Vehicle 3" deliver="5"/>
				<event id="82" time="36833333323" vehicle="Vehicle 3" pickup="36"/>
				<event id="83" time="36849999993" vehicle="Vehicle 1" move="Paris"/>
				<event id="84" time="37088888880" vehicle="Vehicle 8" deliver="30"/>
				<event id="85" time="37133333322" vehicle="Vehicle 3" deliver="1"/>
				<event id="86" time="37388888880" vehicle="Vehicle 8" deliver="10"/>
				<event id="87" time="37433333322" vehicle="Vehicle 3" pickup="18"/>
				<event id="88" time="37733333322" vehicle="Vehicle 3" move="Genève"/>
				<event id="89" time="37844444434" vehicle="Vehicle 5" pickup="19"/>
				<event id="90" time="38144444433" vehicle="Vehicle 5" deliver="2"/>
				<event id="91" time="38444444433" vehicle="Vehicle 5" pickup="37"/>
				<event id="92" time="38744444433" vehicle="Vehicle 5" move="Bordeaux"/>
				<event id="93" time="43522222210" vehicle="Vehicle 3" deliver="18"/>
				<event id="94" time="43822222210" vehicle="Vehicle 3" pickup="17"/>
				<event id="95" time="44122222209" vehicle="Vehicle 3" move="Lyon"/>
				<event id="96" time="44616666659" vehicle="Vehicle 1" pickup="0"/>
				<event id="97" time="44916666659" vehicle="Vehicle 1" pickup="9"/>
				<event id="98" time="45216666658" vehicle="Vehicle 1" move="Le Havre"/>
				<event id="99" time="45233333321" vehicle="Vehicle 5" deliver="25"/>
				<event id="100" time="45533333321" vehicle="Vehicle 5" pickup="21"/>
				<event id="101" time="45777777763" vehicle="Vehicle 3" move="Bordeaux"/>
				<event id="102" time="45833333321" vehicle="Vehicle 5" move="Marseille"/>
				<event id="103" time="48483333324" vehicle="Vehicle 1" deliver="31"/>
				<event id="104" time="48783333324" vehicle="Vehicle 1" move="Paris"/>
				<event id="105" time="52049999990" vehicle="Vehicle 1" move="Lyon"/>
				<event id="106" time="52311111096" vehicle="Vehicle 3" deliver="17"/>
				<event id="107" time="52611111096" vehicle="Vehicle 3" deliver="33"/>
				<event id="108" time="52911111096" vehicle="Vehicle 3" pickup="39"/>
				<event id="109" time="53011111098" vehicle="Vehicle 5" deliver="21"/>
				<event id="110" time="53211111095" vehicle="Vehicle 3" deliver="11"/>
				<event id="111" time="53311111098" vehicle="Vehicle 5" move="Monaco"/>
				<event id="112" time="53511111095" vehicle="Vehicle 3" move="Lyon"/>
				<event id="113" time="55811111097" vehicle="Vehicle 5" pickup="23"/>
				<event id="114" time="56111111096" vehicle="Vehicle 5" deliver="19"/>
				<event id="115" time="56411111096" vehicle="Vehicle 5" pickup="28"/>
				<event id="116" time="56711111096" vehicle="Vehicle 5" move="Genève"/>
				<event id="117" time="59816666656" vehicle="Vehicle 1" pickup="6"/>
				<event id="118" time="60044444427" vehicle="Vehicle 3" deliver="36"/>
				<event id="119" time="60116666655" vehicle="Vehicle 1" move="Marseille"/>
				<event id="120" time="60344444427" vehicle="Vehicle 3" move="Genève"/>
				<event id="121" time="61999999982" vehicle="Vehicle 3" deliver="39"/>
				<event id="122" time="62499999984" vehicle="Vehicle 5" deliver="28"/>
				<event id="123" time="62799999984" vehicle="Vehicle 5" move="Strasbourg"/>
				<event id="124" time="65383333321" vehicle="Vehicle 1" move="Monaco"/>
				<event id="125" time="67122222206" vehicle="Vehicle 5" deliver="37"/>
				<event id="126" time="67422222206" vehicle="Vehicle 5" move="Paris"/>
				<event id="127" time="69133333320" vehicle="Vehicle 1" deliver="0"/>
				<event id="128" time="69433333320" vehicle="Vehicle 1" deliver="9"/>
				<event id="129" time="69733333320" vehicle="Vehicle 1" deliver="6"/>
				<event id="130" time="72833333316" vehicle="Vehicle 5" move="Le Havre"/>
				<event id="131" time="75011111093" vehicle="Vehicle 5" deliver="23"/>
			</events>
		</round>
	</rounds>
	<statistics>
		<stat rank="1" agent="Negative">
			<total-tasks value="20"/>
			<total-distance value="9924.0"/>
			<total-cost value="49620"/>
			<total-reward value="42845"/>
			<total-profit value="-6775"/>
		</stat>
		<stat rank="2" agent="Neutral">
			<total-tasks value="20"/>
			<total-distance value="8873.0"/>
			<total-cost value="44365"/>
			<total-reward value="34794"/>
			<total-profit value="-9571"/>
		</stat>
	</statistics>
</history>
