<?xml version="1.0" encoding="ISO-8859-1"?>

<history configuration="config/rounds/auction3.xml">
	<agents>
		<agent name="Negative">
			<vehicle name="Vehicle 1"/>
			<vehicle name="Vehicle 2"/>
			<vehicle name="Vehicle 3"/>
			<vehicle name="Vehicle 4"/>
		</agent>
		<agent name="Neutral">
			<vehicle name="Vehicle 5"/>
			<vehicle name="Vehicle 6"/>
			<vehicle name="Vehicle 7"/>
			<vehicle name="Vehicle 8"/>
		</agent>
	</agents>
	<rounds>
		<round id="1">
			<tasks>
				<task id="0" pickup="Paris" delivery="Monaco" weight="25" reward="40845">
					<bid agent="Negative" bid="2341"/>
					<bid agent="Neutral" bid="3100"/>
				</task>
				<task id="1" pickup="Paris" delivery="Monaco" weight="25" reward="40845">
					<bid agent="Negative" bid="1224"/>
					<bid agent="Neutral" bid="1964"/>
				</task>
				<task id="2" pickup="Lyon" delivery="Paris" weight="28" reward="78143">
					<bid agent="Negative" bid="1404"/>
					<bid agent="Neutral" bid="1320"/>
				</task>
				<task id="3" pickup="Brest" delivery="Lyon" weight="13" reward="37398">
					<bid agent="Negative" bid="2298"/>
					<bid agent="Neutral" bid="3358"/>
				</task>
				<task id="4" pickup="Brest" delivery="Strasbourg" weight="25" reward="35950">
					<bid agent="Negative" bid="3036"/>
					<bid agent="Neutral" bid="4184"/>
				</task>
				<task id="5" pickup="Brest" delivery="Monaco" weight="15" reward="100">
					<bid agent="Negative" bid="2479"/>
					<bid agent="Neutral" bid="3648"/>
				</task>
				<task id="6" pickup="Lyon" delivery="Monaco" weight="28" reward="72973">
					<bid agent="Negative" bid="2080"/>
					<bid agent="Neutral" bid="2709"/>
				</task>
				<task id="7" pickup="Paris" delivery="Le Havre" weight="26" reward="96758">
					<bid agent="Negative" bid="803"/>
					<bid agent="Neutral" bid="718"/>
				</task>
				<task id="8" pickup="Brest" delivery="Le Havre" weight="18" reward="56013">
					<bid agent="Negative" bid="2010"/>
					<bid agent="Neutral" bid="3302"/>
				</task>
				<task id="9" pickup="Paris" delivery="Monaco" weight="25" reward="40845">
					<bid agent="Negative" bid="1863"/>
					<bid agent="Neutral" bid="2602"/>
				</task>
				<task id="10" pickup="Paris" delivery="Monaco" weight="25" reward="40845">
					<bid agent="Negative" bid="1942"/>
					<bid agent="Neutral" bid="2506"/>
				</task>
				<task id="11" pickup="Marseille" delivery="Bordeaux" weight="16" reward="65734">
					<bid agent="Negative" bid="2609"/>
					<bid agent="Neutral" bid="3774"/>
				</task>
				<task id="12" pickup="Lyon" delivery="Monaco" weight="28" reward="72973">
					<bid agent="Negative" bid="3375"/>
					<bid agent="Neutral" bid="4968"/>
				</task>
				<task id="13" pickup="Genève" delivery="Marseille" weight="29" reward="78212">
					<bid agent="Negative" bid="984"/>
					<bid agent="Neutral" bid="1992"/>
				</task>
				<task id="14" pickup="Le Havre" delivery="Strasbourg" weight="10" reward="63183">
					<bid agent="Negative" bid="2470"/>
					<bid agent="Neutral" bid="2363"/>
				</task>
				<task id="15" pickup="Monaco" delivery="Genève" weight="22" reward="74352">
					<bid agent="Negative" bid="2106"/>
					<bid agent="Neutral" bid="3357"/>
				</task>
				<task id="16" pickup="Bordeaux" delivery="Le Havre" weight="23" reward="56495">
					<bid agent="Negative" bid="3189"/>
					<bid agent="Neutral" bid="2512"/>
				</task>
				<task id="17" pickup="Genève" delivery="Bordeaux" weight="16" reward="59460">
					<bid agent="Negative" bid="593"/>
					<bid agent="Neutral" bid="1050"/>
				</task>
				<task id="18" pickup="Monaco" delivery="Genève" weight="22" reward="74352">
					<bid agent="Negative" bid="1514"/>
					<bid agent="Neutral" bid="1302"/>
				</task>
				<task id="19" pickup="Paris" delivery="Monaco" weight="25" reward="40845">
					<bid agent="Negative" bid="4773"/>
					<bid agent="Neutral" bid="3667"/>
				</task>
				<task id="20" pickup="Monaco" delivery="Brest" weight="12" reward="100">
					<bid agent="Negative" bid="6202"/>
					<bid agent="Neutral" bid="5657"/>
				</task>
				<task id="21" pickup="Bordeaux" delivery="Marseille" weight="21" reward="65734">
					<bid agent="Negative" bid="2130"/>
					<bid agent="Neutral" bid="1475"/>
				</task>
				<task id="22" pickup="Brest" delivery="Marseille" weight="11" reward="15612">
					<bid agent="Negative" bid="5889"/>
					<bid agent="Neutral" bid="6685"/>
				</task>
				<task id="23" pickup="Monaco" delivery="Le Havre" weight="23" reward="27332">
					<bid agent="Negative" bid="3303"/>
					<bid agent="Neutral" bid="4175"/>
				</task>
				<task id="24" pickup="Brest" delivery="Le Havre" weight="18" reward="56013">
					<bid agent="Negative" bid="1337"/>
					<bid agent="Neutral" bid="2382"/>
				</task>
				<task id="25" pickup="Brest" delivery="Bordeaux" weight="21" reward="29263">
					<bid agent="Negative" bid="5137"/>
					<bid agent="Neutral" bid="4605"/>
				</task>
				<task id="26" pickup="Strasbourg" delivery="Brest" weight="25" reward="35950">
					<bid agent="Negative" bid="569"/>
					<bid agent="Neutral" bid="795"/>
				</task>
				<task id="27" pickup="Paris" delivery="Strasbourg" weight="26" reward="76696">
					<bid agent="Negative" bid="512"/>
					<bid agent="Neutral" bid="1360"/>
				</task>
				<task id="28" pickup="Monaco" delivery="Genève" weight="22" reward="74352">
					<bid agent="Negative" bid="407"/>
					<bid agent="Neutral" bid="1252"/>
				</task>
				<task id="29" pickup="Monaco" delivery="Lyon" weight="15" reward="72973">
					<bid agent="Negative" bid="716"/>
					<bid agent="Neutral" bid="405"/>
				</task>
				<task id="30" pickup="Brest" delivery="Monaco" weight="15" reward="100">
					<bid agent="Negative" bid="1961"/>
					<bid agent="Neutral" bid="935"/>
				</task>
				<task id="31" pickup="Genève" delivery="Le Havre" weight="23" reward="54358">
					<bid agent="Negative" bid="881"/>
					<bid agent="Neutral" bid="1725"/>
				</task>
				<task id="32" pickup="Marseille" delivery="Brest" weight="16" reward="15612">
					<bid agent="Negative" bid="2678"/>
					<bid agent="Neutral" bid="2550"/>
				</task>
				<task id="33" pickup="Le Havre" delivery="Bordeaux" weight="22" reward="56495">
					<bid agent="Negative" bid="2823"/>
					<bid agent="Neutral" bid="3450"/>
				</task>
				<task id="34" pickup="Monaco" delivery="Brest" weight="12" reward="100">
					<bid agent="Negative" bid="2415"/>
					<bid agent="Neutral" bid="405"/>
				</task>
				<task id="35" pickup="Le Havre" delivery="Marseille" weight="28" reward="42844">
					<bid agent="Negative" bid="4241"/>
					<bid agent="Neutral" bid="4582"/>
				</task>
				<task id="36" pickup="Monaco" delivery="Lyon" weight="15" reward="72973">
					<bid agent="Negative" bid="1851"/>
					<bid agent="Neutral" bid="1802"/>
				</task>
				<task id="37" pickup="Paris" delivery="Strasbourg" weight="26" reward="76696">
					<bid agent="Negative" bid="5138"/>
					<bid agent="Neutral" bid="357"/>
				</task>
				<task id="38" pickup="Strasbourg" delivery="Paris" weight="26" reward="76696">
					<bid agent="Negative" bid="355"/>
					<bid agent="Neutral" bid="1707"/>
				</task>
				<task id="39" pickup="Bordeaux" delivery="Genève" weight="23" reward="59460">
					<bid agent="Negative" bid="2531"/>
					<bid agent="Neutral" bid="1915"/>
				</task>
			</tasks>
			<events>
				<event id="0" time="0" vehicle="Vehicle 1" pickup="9"/>
				<event id="1" time="0" vehicle="Vehicle 2" move="Lyon"/>
				<event id="2" time="0" vehicle="Vehicle 3" pickup="5"/>
				<event id="3" time="0" vehicle="Vehicle 4" pickup="13"/>
				<event id="4" time="0" vehicle="Vehicle 5" move="Marseille"/>
				<event id="5" time="0" vehicle="Vehicle 6" pickup="39"/>
				<event id="6" time="0" vehicle="Vehicle 8" move="Paris"/>
				<event id="7" time="300000000" vehicle="Vehicle 1" pickup="10"/>
				<event id="8" time="300000000" vehicle="Vehicle 3" pickup="3"/>
				<event id="9" time="300000000" vehicle="Vehicle 4" move="Strasbourg"/>
				<event id="10" time="300000000" vehicle="Vehicle 6" pickup="16"/>
				<event id="11" time="600000000" vehicle="Vehicle 1" pickup="0"/>
				<event id="12" time="600000000" vehicle="Vehicle 3" pickup="4"/>
				<event id="13" time="600000000" vehicle="Vehicle 6" move="Marseille"/>
				<event id="14" time="900000000" vehicle="Vehicle 1" move="Lyon"/>
				<event id="15" time="900000000" vehicle="Vehicle 3" move="Paris"/>
				<event id="16" time="3511111111" vehicle="Vehicle 2" pickup="6"/>
				<event id="17" time="3511111111" vehicle="Vehicle 5" pickup="32"/>
				<event id="18" time="3811111111" vehicle="Vehicle 2" move="Marseille"/>
				<event id="19" time="3811111111" vehicle="Vehicle 5" move="Monaco"/>
				<event id="20" time="4622222222" vehicle="Vehicle 4" pickup="38"/>
				<event id="21" time="4922222222" vehicle="Vehicle 4" pickup="26"/>
				<event id="22" time="5222222221" vehicle="Vehicle 4" move="Paris"/>
				<event id="23" time="5411111111" vehicle="Vehicle 8" move="Le Havre"/>
				<event id="24" time="6311111110" vehicle="Vehicle 5" pickup="29"/>
				<event id="25" time="6611111110" vehicle="Vehicle 5" pickup="34"/>
				<event id="26" time="6911111110" vehicle="Vehicle 5" pickup="36"/>
				<event id="27" time="7211111109" vehicle="Vehicle 5" pickup="20"/>
				<event id="28" time="7322222221" vehicle="Vehicle 2" move="Monaco"/>
				<event id="29" time="7466666666" vehicle="Vehicle 3" pickup="27"/>
				<event id="30" time="7511111109" vehicle="Vehicle 5" move="Marseille"/>
				<event id="31" time="7588888887" vehicle="Vehicle 8" pickup="14"/>
				<event id="32" time="7766666666" vehicle="Vehicle 3" move="Strasbourg"/>
				<event id="33" time="7777777777" vehicle="Vehicle 6" move="Monaco"/>
				<event id="34" time="7888888887" vehicle="Vehicle 8" move="Paris"/>
				<event id="35" time="8666666666" vehicle="Vehicle 1" move="Marseille"/>
				<event id="36" time="9822222220" vehicle="Vehicle 2" deliver="6"/>
				<event id="37" time="10011111108" vehicle="Vehicle 5" move="Lyon"/>
				<event id="38" time="10066666664" vehicle="Vehicle 8" pickup="37"/>
				<event id="39" time="10277777776" vehicle="Vehicle 6" pickup="18"/>
				<event id="40" time="10366666664" vehicle="Vehicle 8" move="Strasbourg"/>
				<event id="41" time="10577777776" vehicle="Vehicle 6" move="Genève"/>
				<event id="42" time="10633333331" vehicle="Vehicle 4" deliver="38"/>
				<event id="43" time="10933333331" vehicle="Vehicle 4" move="Brest"/>
				<event id="44" time="13177777776" vehicle="Vehicle 3" deliver="4"/>
				<event id="45" time="13477777776" vehicle="Vehicle 3" deliver="27"/>
				<event id="46" time="13522222218" vehicle="Vehicle 5" deliver="29"/>
				<event id="47" time="13777777776" vehicle="Vehicle 3" move="Paris"/>
				<event id="48" time="13822222218" vehicle="Vehicle 5" deliver="36"/>
				<event id="49" time="13933333332" vehicle="Vehicle 1" move="Monaco"/>
				<event id="50" time="14122222217" vehicle="Vehicle 5" move="Paris"/>
				<event id="51" time="15777777774" vehicle="Vehicle 8" deliver="14"/>
				<event id="52" time="16077777773" vehicle="Vehicle 8" deliver="37"/>
				<event id="53" time="16366666664" vehicle="Vehicle 6" deliver="39"/>
				<event id="54" time="16666666664" vehicle="Vehicle 6" deliver="18"/>
				<event id="55" time="16966666664" vehicle="Vehicle 6" move="Lyon"/>
				<event id="56" time="17499999997" vehicle="Vehicle 4" pickup="22"/>
				<event id="57" time="17683333331" vehicle="Vehicle 1" deliver="10"/>
				<event id="58" time="17799999997" vehicle="Vehicle 4" deliver="26"/>
				<event id="59" time="17983333331" vehicle="Vehicle 1" pickup="28"/>
				<event id="60" time="18099999997" vehicle="Vehicle 4" pickup="8"/>
				<event id="61" time="18283333330" vehicle="Vehicle 1" deliver="9"/>
				<event id="62" time="18399999997" vehicle="Vehicle 4" pickup="24"/>
				<event id="63" time="18583333330" vehicle="Vehicle 1" pickup="23"/>
				<event id="64" time="18622222219" vehicle="Vehicle 6" pickup="2"/>
				<event id="65" time="18699999997" vehicle="Vehicle 4" move="Paris"/>
				<event id="66" time="18883333330" vehicle="Vehicle 1" deliver="0"/>
				<event id="67" time="18922222219" vehicle="Vehicle 6" move="Paris"/>
				<event id="68" time="19183333329" vehicle="Vehicle 1" pickup="15"/>
				<event id="69" time="19188888886" vehicle="Vehicle 3" pickup="1"/>
				<event id="70" time="19299999994" vehicle="Vehicle 5" move="Brest"/>
				<event id="71" time="19483333329" vehicle="Vehicle 1" move="Genève"/>
				<event id="72" time="19488888886" vehicle="Vehicle 3" move="Lyon"/>
				<event id="73" time="24099999996" vehicle="Vehicle 6" pickup="7"/>
				<event id="74" time="24399999996" vehicle="Vehicle 6" deliver="2"/>
				<event id="75" time="24666666663" vehicle="Vehicle 3" deliver="3"/>
				<event id="76" time="24699999996" vehicle="Vehicle 6" move="Le Havre"/>
				<event id="77" time="24966666663" vehicle="Vehicle 3" pickup="12"/>
				<event id="78" time="25266666662" vehicle="Vehicle 3" move="Marseille"/>
				<event id="79" time="25266666663" vehicle="Vehicle 4" move="Le Havre"/>
				<event id="80" time="25866666660" vehicle="Vehicle 5" pickup="30"/>
				<event id="81" time="26166666659" vehicle="Vehicle 5" deliver="20"/>
				<event id="82" time="26466666659" vehicle="Vehicle 5" pickup="25"/>
				<event id="83" time="26766666659" vehicle="Vehicle 5" deliver="32"/>
				<event id="84" time="26877777773" vehicle="Vehicle 6" deliver="7"/>
				<event id="85" time="27066666658" vehicle="Vehicle 5" deliver="34"/>
				<event id="86" time="27177777772" vehicle="Vehicle 6" deliver="16"/>
				<event id="87" time="27366666658" vehicle="Vehicle 5" move="Paris"/>
				<event id="88" time="27444444440" vehicle="Vehicle 4" deliver="8"/>
				<event id="89" time="27744444440" vehicle="Vehicle 4" deliver="24"/>
				<event id="90" time="28044444439" vehicle="Vehicle 4" pickup="35"/>
				<event id="91" time="28166666661" vehicle="Vehicle 1" deliver="15"/>
				<event id="92" time="28344444439" vehicle="Vehicle 4" move="Paris"/>
				<event id="93" time="28466666661" vehicle="Vehicle 1" pickup="31"/>
				<event id="94" time="28766666661" vehicle="Vehicle 1" deliver="28"/>
				<event id="95" time="28777777772" vehicle="Vehicle 3" move="Monaco"/>
				<event id="96" time="29066666660" vehicle="Vehicle 1" pickup="17"/>
				<event id="97" time="29366666660" vehicle="Vehicle 1" move="Lyon"/>
				<event id="98" time="30522222216" vehicle="Vehicle 4" move="Lyon"/>
				<event id="99" time="31277777771" vehicle="Vehicle 3" deliver="5"/>
				<event id="100" time="31577777771" vehicle="Vehicle 3" deliver="12"/>
				<event id="101" time="31849999993" vehicle="Vehicle 1" move="Marseille"/>
				<event id="102" time="31877777771" vehicle="Vehicle 3" deliver="1"/>
				<event id="103" time="33933333324" vehicle="Vehicle 5" pickup="19"/>
				<event id="104" time="34233333323" vehicle="Vehicle 5" move="Bordeaux"/>
				<event id="105" time="35699999993" vehicle="Vehicle 4" move="Marseille"/>
				<event id="106" time="37116666659" vehicle="Vehicle 1" pickup="11"/>
				<event id="107" time="37416666659" vehicle="Vehicle 1" move="Lyon"/>
				<event id="108" time="39211111104" vehicle="Vehicle 4" deliver="22"/>
				<event id="109" time="39511111104" vehicle="Vehicle 4" deliver="35"/>
				<event id="110" time="39811111104" vehicle="Vehicle 4" deliver="13"/>
				<event id="111" time="40722222211" vehicle="Vehicle 5" deliver="25"/>
				<event id="112" time="41022222210" vehicle="Vehicle 5" pickup="21"/>
				<event id="113" time="41322222210" vehicle="Vehicle 5" move="Marseille"/>
				<event id="114" time="42683333325" vehicle="Vehicle 1" move="Paris"/>
				<event id="115" time="48499999987" vehicle="Vehicle 5" deliver="21"/>
				<event id="116" time="48799999987" vehicle="Vehicle 5" move="Monaco"/>
				<event id="117" time="50449999991" vehicle="Vehicle 1" move="Le Havre"/>
				<event id="118" time="51299999987" vehicle="Vehicle 5" deliver="30"/>
				<event id="119" time="51599999987" vehicle="Vehicle 5" deliver="19"/>
				<event id="120" time="53716666657" vehicle="Vehicle 1" deliver="23"/>
				<event id="121" time="54016666656" vehicle="Vehicle 1" pickup="33"/>
				<event id="122" time="54316666656" vehicle="Vehicle 1" deliver="31"/>
				<event id="123" time="54616666656" vehicle="Vehicle 1" move="Paris"/>
				<event id="124" time="57883333322" vehicle="Vehicle 1" move="Bordeaux"/>
				<event id="125" time="67616666654" vehicle="Vehicle 1" deliver="33"/>
				<event id="126" time="67916666654" vehicle="Vehicle 1" deliver="11"/>
				<event id="127" time="68216666653" vehicle="Vehicle 1" deliver="17"/>
			</events>
		</round>
	</rounds>
	<statistics>
		<stat rank="1" agent="Negative">
			<total-tasks value="24"/>
			<total-distance value="10412.0"/>
			<total-cost value="52060"/>
			<total-reward value="49257"/>
			<total-profit value="-2803"/>
		</stat>
		<stat rank="2" agent="Neutral">
			<total-tasks value="16"/>
			<total-distance value="7754.0"/>
			<total-cost value="38770"/>
			<total-reward value="31988"/>
			<total-profit value="-6782"/>
		</stat>
	</statistics>
</history>
