<?xml version="1.0" encoding="ISO-8859-1"?>

<history configuration="config/rounds/auction2.xml">
	<agents>
		<agent name="Future">
			<vehicle name="Vehicle 1"/>
			<vehicle name="Vehicle 2"/>
			<vehicle name="Vehicle 3"/>
		</agent>
		<agent name="Neutral">
			<vehicle name="Vehicle 4"/>
			<vehicle name="Vehicle 5"/>
			<vehicle name="Vehicle 6"/>
			<vehicle name="Vehicle 7"/>
		</agent>
	</agents>
	<rounds>
		<round id="1">
			<tasks>
				<task id="0" pickup="Breda" delivery="Almere" weight="27" reward="62791">
					<bid agent="Future" bid="425"/>
					<bid agent="Neutral" bid="352"/>
				</task>
				<task id="1" pickup="Den Haag" delivery="Groningen" weight="19" reward="8119">
					<bid agent="Future" bid="925"/>
					<bid agent="Neutral" bid="574"/>
				</task>
				<task id="2" pickup="Apeldoorn" delivery="Den Haag" weight="26" reward="47362">
					<bid agent="Future" bid="593"/>
					<bid agent="Neutral" bid="390"/>
				</task>
				<task id="3" pickup="Utrecht" delivery="Groningen" weight="12" reward="30020">
					<bid agent="Future" bid="399"/>
					<bid agent="Neutral" bid="295"/>
				</task>
				<task id="4" pickup="Utrecht" delivery="Amsterdam" weight="24" reward="91775">
					<bid agent="Future" bid="190"/>
					<bid agent="Neutral" bid="162"/>
				</task>
				<task id="5" pickup="Nijmegen" delivery="Groningen" weight="26" reward="29695">
					<bid agent="Future" bid="815"/>
					<bid agent="Neutral" bid="552"/>
				</task>
				<task id="6" pickup="Almere" delivery="Utrecht" weight="26" reward="92712">
					<bid agent="Future" bid="175"/>
					<bid agent="Neutral" bid="75"/>
				</task>
				<task id="7" pickup="Den Haag" delivery="Nijmegen" weight="28" reward="54405">
					<bid agent="Future" bid="593"/>
					<bid agent="Neutral" bid="365"/>
				</task>
				<task id="8" pickup="Apeldoorn" delivery="Almere" weight="21" reward="77731">
					<bid agent="Future" bid="459"/>
					<bid agent="Neutral" bid="168"/>
				</task>
				<task id="9" pickup="Apeldoorn" delivery="Den Haag" weight="26" reward="47362">
					<bid agent="Future" bid="576"/>
					<bid agent="Neutral" bid="363"/>
				</task>
				<task id="10" pickup="Almere" delivery="Eindhoven" weight="12" reward="55300">
					<bid agent="Future" bid="541"/>
					<bid agent="Neutral" bid="564"/>
				</task>
				<task id="11" pickup="Breda" delivery="Nijmegen" weight="11" reward="71177">
					<bid agent="Future" bid="298"/>
					<bid agent="Neutral" bid="388"/>
				</task>
				<task id="12" pickup="Rotterdam" delivery="Almere" weight="22" reward="67350">
					<bid agent="Future" bid="351"/>
					<bid agent="Neutral" bid="473"/>
				</task>
				<task id="13" pickup="Den Haag" delivery="Apeldoorn" weight="17" reward="47362">
					<bid agent="Future" bid="151"/>
					<bid agent="Neutral" bid="287"/>
				</task>
				<task id="14" pickup="Eindhoven" delivery="Nijmegen" weight="28" reward="81761">
					<bid agent="Future" bid="219"/>
					<bid agent="Neutral" bid="449"/>
				</task>
				<task id="15" pickup="Rotterdam" delivery="Apeldoorn" weight="16" reward="57702">
					<bid agent="Future" bid="178"/>
					<bid agent="Neutral" bid="12"/>
				</task>
				<task id="16" pickup="Amsterdam" delivery="Breda" weight="23" reward="61855">
					<bid agent="Future" bid="464"/>
					<bid agent="Neutral" bid="297"/>
				</task>
				<task id="17" pickup="Apeldoorn" delivery="Den Haag" weight="26" reward="47362">
					<bid agent="Future" bid="503"/>
					<bid agent="Neutral" bid="539"/>
				</task>
				<task id="18" pickup="Almere" delivery="Rotterdam" weight="25" reward="67350">
					<bid agent="Future" bid="217"/>
					<bid agent="Neutral" bid="93"/>
				</task>
				<task id="19" pickup="Eindhoven" delivery="Breda" weight="15" reward="85018">
					<bid agent="Future" bid="231"/>
					<bid agent="Neutral" bid="395"/>
				</task>
				<task id="20" pickup="Amsterdam" delivery="Nijmegen" weight="20" reward="56603">
					<bid agent="Future" bid="291"/>
					<bid agent="Neutral" bid="238"/>
				</task>
				<task id="21" pickup="Breda" delivery="Nijmegen" weight="11" reward="71177">
					<bid agent="Future" bid="166"/>
					<bid agent="Neutral" bid="51"/>
				</task>
				<task id="22" pickup="Eindhoven" delivery="Groningen" weight="27" reward="1117">
					<bid agent="Future" bid="895"/>
					<bid agent="Neutral" bid="1226"/>
				</task>
				<task id="23" pickup="Amsterdam" delivery="Nijmegen" weight="20" reward="56603">
					<bid agent="Future" bid="320"/>
					<bid agent="Neutral" bid="142"/>
				</task>
				<task id="24" pickup="Groningen" delivery="Amsterdam" weight="15" reward="34661">
					<bid agent="Future" bid="818"/>
					<bid agent="Neutral" bid="818"/>
				</task>
				<task id="25" pickup="Den Haag" delivery="Groningen" weight="19" reward="8119">
					<bid agent="Future" bid="673"/>
					<bid agent="Neutral" bid="830"/>
				</task>
				<task id="26" pickup="Eindhoven" delivery="Rotterdam" weight="15" reward="65233">
					<bid agent="Future" bid="49"/>
					<bid agent="Neutral" bid="307"/>
				</task>
				<task id="27" pickup="Groningen" delivery="Amsterdam" weight="15" reward="34661">
					<bid agent="Future" bid="93"/>
					<bid agent="Neutral" bid="262"/>
				</task>
				<task id="28" pickup="Utrecht" delivery="Almere" weight="23" reward="92712">
					<bid agent="Future" bid="236"/>
					<bid agent="Neutral" bid="216"/>
				</task>
				<task id="29" pickup="Utrecht" delivery="Breda" weight="29" reward="80418">
					<bid agent="Future" bid="373"/>
					<bid agent="Neutral" bid="224"/>
				</task>
			</tasks>
			<events>
				<event id="0" time="0" vehicle="Vehicle 2" pickup="14"/>
				<event id="1" time="0" vehicle="Vehicle 5" pickup="8"/>
				<event id="2" time="0" vehicle="Vehicle 7" move="Breda"/>
				<event id="3" time="300000000" vehicle="Vehicle 2" pickup="26"/>
				<event id="4" time="300000000" vehicle="Vehicle 5" move="Almere"/>
				<event id="5" time="540000000" vehicle="Vehicle 7" pickup="0"/>
				<event id="6" time="600000000" vehicle="Vehicle 2" move="Breda"/>
				<event id="7" time="840000000" vehicle="Vehicle 7" move="Utrecht"/>
				<event id="8" time="1190000000" vehicle="Vehicle 5" pickup="6"/>
				<event id="9" time="1291111111" vehicle="Vehicle 2" pickup="11"/>
				<event id="10" time="1490000000" vehicle="Vehicle 5" deliver="8"/>
				<event id="11" time="1591111111" vehicle="Vehicle 2" move="Rotterdam"/>
				<event id="12" time="1656666666" vehicle="Vehicle 7" pickup="28"/>
				<event id="13" time="1790000000" vehicle="Vehicle 5" move="Amsterdam"/>
				<event id="14" time="1956666666" vehicle="Vehicle 7" pickup="4"/>
				<event id="15" time="2131111110" vehicle="Vehicle 2" pickup="12"/>
				<event id="16" time="2144444444" vehicle="Vehicle 5" pickup="23"/>
				<event id="17" time="2256666665" vehicle="Vehicle 7" move="Almere"/>
				<event id="18" time="2431111110" vehicle="Vehicle 2" deliver="26"/>
				<event id="19" time="2444444444" vehicle="Vehicle 5" pickup="16"/>
				<event id="20" time="2731111110" vehicle="Vehicle 2" move="Utrecht"/>
				<event id="21" time="2737777776" vehicle="Vehicle 7" deliver="0"/>
				<event id="22" time="2744444444" vehicle="Vehicle 5" move="Utrecht"/>
				<event id="23" time="3037777775" vehicle="Vehicle 7" deliver="28"/>
				<event id="24" time="3251111110" vehicle="Vehicle 5" deliver="6"/>
				<event id="25" time="3337777775" vehicle="Vehicle 7" pickup="18"/>
				<event id="26" time="3423333331" vehicle="Vehicle 2" move="Almere"/>
				<event id="27" time="3551111110" vehicle="Vehicle 5" pickup="29"/>
				<event id="28" time="3637777775" vehicle="Vehicle 7" move="Amsterdam"/>
				<event id="29" time="3851111110" vehicle="Vehicle 5" move="Breda"/>
				<event id="30" time="3904444442" vehicle="Vehicle 2" pickup="10"/>
				<event id="31" time="3992222219" vehicle="Vehicle 7" pickup="20"/>
				<event id="32" time="4204444441" vehicle="Vehicle 2" deliver="12"/>
				<event id="33" time="4292222218" vehicle="Vehicle 7" deliver="4"/>
				<event id="34" time="4504444441" vehicle="Vehicle 2" move="Apeldoorn"/>
				<event id="35" time="4592222218" vehicle="Vehicle 7" move="Den Haag"/>
				<event id="36" time="4667777775" vehicle="Vehicle 5" deliver="29"/>
				<event id="37" time="4967777775" vehicle="Vehicle 5" pickup="21"/>
				<event id="38" time="5267777774" vehicle="Vehicle 5" deliver="16"/>
				<event id="39" time="5316666661" vehicle="Vehicle 7" pickup="7"/>
				<event id="40" time="5394444440" vehicle="Vehicle 2" pickup="17"/>
				<event id="41" time="5567777774" vehicle="Vehicle 5" move="Nijmegen"/>
				<event id="42" time="5616666661" vehicle="Vehicle 7" move="Rotterdam"/>
				<event id="43" time="5694444440" vehicle="Vehicle 2" move="Nijmegen"/>
				<event id="44" time="5898888883" vehicle="Vehicle 7" deliver="18"/>
				<event id="45" time="6198888882" vehicle="Vehicle 7" move="Nijmegen"/>
				<event id="46" time="6328888883" vehicle="Vehicle 2" deliver="14"/>
				<event id="47" time="6628888883" vehicle="Vehicle 2" deliver="11"/>
				<event id="48" time="6636666662" vehicle="Vehicle 5" deliver="21"/>
				<event id="49" time="6928888883" vehicle="Vehicle 2" move="Eindhoven"/>
				<event id="50" time="6936666662" vehicle="Vehicle 5" deliver="23"/>
				<event id="51" time="7236666661" vehicle="Vehicle 5" move="Apeldoorn"/>
				<event id="52" time="7443333326" vehicle="Vehicle 7" deliver="20"/>
				<event id="53" time="7708888882" vehicle="Vehicle 2" pickup="19"/>
				<event id="54" time="7743333326" vehicle="Vehicle 7" deliver="7"/>
				<event id="55" time="7871111105" vehicle="Vehicle 5" pickup="2"/>
				<event id="56" time="8008888881" vehicle="Vehicle 2" deliver="10"/>
				<event id="57" time="8171111104" vehicle="Vehicle 5" pickup="9"/>
				<event id="58" time="8308888881" vehicle="Vehicle 2" pickup="22"/>
				<event id="59" time="8471111104" vehicle="Vehicle 5" move="Utrecht"/>
				<event id="60" time="8608888881" vehicle="Vehicle 2" move="Breda"/>
				<event id="61" time="9215555547" vehicle="Vehicle 5" pickup="3"/>
				<event id="62" time="9299999992" vehicle="Vehicle 2" deliver="19"/>
				<event id="63" time="9515555547" vehicle="Vehicle 5" move="Rotterdam"/>
				<event id="64" time="9599999992" vehicle="Vehicle 2" move="Rotterdam"/>
				<event id="65" time="10139999992" vehicle="Vehicle 2" move="Den Haag"/>
				<event id="66" time="10207777768" vehicle="Vehicle 5" move="Den Haag"/>
				<event id="67" time="10422222214" vehicle="Vehicle 2" deliver="17"/>
				<event id="68" time="10489999990" vehicle="Vehicle 5" deliver="2"/>
				<event id="69" time="10722222214" vehicle="Vehicle 2" pickup="25"/>
				<event id="70" time="10789999990" vehicle="Vehicle 5" pickup="1"/>
				<event id="71" time="11022222213" vehicle="Vehicle 2" pickup="13"/>
				<event id="72" time="11089999990" vehicle="Vehicle 5" deliver="9"/>
				<event id="73" time="11322222213" vehicle="Vehicle 2" move="Rotterdam"/>
				<event id="74" time="11389999990" vehicle="Vehicle 5" move="Rotterdam"/>
				<event id="75" time="11604444435" vehicle="Vehicle 2" move="Utrecht"/>
				<event id="76" time="11672222212" vehicle="Vehicle 5" pickup="15"/>
				<event id="77" time="11972222212" vehicle="Vehicle 5" move="Nijmegen"/>
				<event id="78" time="12296666656" vehicle="Vehicle 2" move="Apeldoorn"/>
				<event id="79" time="13041111100" vehicle="Vehicle 2" deliver="13"/>
				<event id="80" time="13216666655" vehicle="Vehicle 5" pickup="5"/>
				<event id="81" time="13341111100" vehicle="Vehicle 2" move="Groningen"/>
				<event id="82" time="13516666655" vehicle="Vehicle 5" move="Apeldoorn"/>
				<event id="83" time="14151111099" vehicle="Vehicle 5" deliver="15"/>
				<event id="84" time="14451111099" vehicle="Vehicle 5" move="Groningen"/>
				<event id="85" time="14907777765" vehicle="Vehicle 2" pickup="27"/>
				<event id="86" time="15207777764" vehicle="Vehicle 2" pickup="24"/>
				<event id="87" time="15507777764" vehicle="Vehicle 2" deliver="22"/>
				<event id="88" time="15807777764" vehicle="Vehicle 2" deliver="25"/>
				<event id="89" time="16017777764" vehicle="Vehicle 5" deliver="1"/>
				<event id="90" time="16107777763" vehicle="Vehicle 2" move="Almere"/>
				<event id="91" time="16317777764" vehicle="Vehicle 5" deliver="5"/>
				<event id="92" time="16617777764" vehicle="Vehicle 5" deliver="3"/>
				<event id="93" time="17818888873" vehicle="Vehicle 2" move="Amsterdam"/>
				<event id="94" time="18173333317" vehicle="Vehicle 2" deliver="24"/>
				<event id="95" time="18473333317" vehicle="Vehicle 2" deliver="27"/>
			</events>
		</round>
	</rounds>
	<statistics>
		<stat rank="1" agent="Future">
			<total-tasks value="12"/>
			<total-distance value="1041.6"/>
			<total-cost value="5208"/>
			<total-reward value="4822"/>
			<total-profit value="-386"/>
		</stat>
		<stat rank="2" agent="Neutral">
			<total-tasks value="18"/>
			<total-distance value="1274.5"/>
			<total-cost value="6373"/>
			<total-reward value="4569"/>
			<total-profit value="-1804"/>
		</stat>
	</statistics>
</history>
