<?xml version="1.0" encoding="ISO-8859-1"?>

<history configuration="config/rounds/auction1.xml">
	<agents>
		<agent name="Positive">
			<vehicle name="Vehicle 1"/>
			<vehicle name="Vehicle 2"/>
		</agent>
		<agent name="Future">
			<vehicle name="Vehicle 3"/>
			<vehicle name="Vehicle 4"/>
		</agent>
	</agents>
	<rounds>
		<round id="1">
			<tasks>
				<task id="0" pickup="Leeds" delivery="Sheffield" weight="6" reward="1281">
					<bid agent="Positive" bid="287"/>
					<bid agent="Future" bid="519"/>
				</task>
				<task id="1" pickup="Liverpool" delivery="Sheffield" weight="7" reward="14258">
					<bid agent="Positive" bid="412"/>
					<bid agent="Future" bid="713"/>
				</task>
				<task id="2" pickup="Manchester" delivery="Cardiff" weight="9" reward="31460">
					<bid agent="Positive" bid="770"/>
					<bid agent="Future" bid="1253"/>
				</task>
				<task id="3" pickup="Manchester" delivery="London" weight="6" reward="31997">
					<bid agent="Positive" bid="751"/>
					<bid agent="Future" bid="1095"/>
				</task>
				<task id="4" pickup="Plymouth" delivery="Birmingham" weight="8" reward="58829">
					<bid agent="Positive" bid="1471"/>
					<bid agent="Future" bid="1525"/>
				</task>
				<task id="5" pickup="Liverpool" delivery="Norwich" weight="5" reward="58793">
					<bid agent="Positive" bid="893"/>
					<bid agent="Future" bid="1579"/>
				</task>
				<task id="6" pickup="Birmingham" delivery="Norwich" weight="8" reward="35595">
					<bid agent="Positive" bid="477"/>
					<bid agent="Future" bid="899"/>
				</task>
				<task id="7" pickup="Sheffield" delivery="Manchester" weight="7" reward="20470">
					<bid agent="Positive" bid="611"/>
					<bid agent="Future" bid="1050"/>
				</task>
				<task id="8" pickup="Liverpool" delivery="Cardiff" weight="6" reward="37671">
					<bid agent="Positive" bid="541"/>
					<bid agent="Future" bid="1314"/>
				</task>
				<task id="9" pickup="Sheffield" delivery="Norwich" weight="7" reward="51741">
					<bid agent="Positive" bid="728"/>
					<bid agent="Future" bid="1936"/>
				</task>
				<task id="10" pickup="Portsmouth" delivery="Cardiff" weight="5" reward="48984">
					<bid agent="Positive" bid="1155"/>
					<bid agent="Future" bid="1445"/>
				</task>
				<task id="11" pickup="Plymouth" delivery="London" weight="7" reward="37707">
					<bid agent="Positive" bid="606"/>
					<bid agent="Future" bid="863"/>
				</task>
				<task id="12" pickup="Sheffield" delivery="Norwich" weight="7" reward="51741">
					<bid agent="Positive" bid="813"/>
					<bid agent="Future" bid="2051"/>
				</task>
				<task id="13" pickup="Newcastle" delivery="Liverpool" weight="9" reward="24497">
					<bid agent="Positive" bid="468"/>
					<bid agent="Future" bid="1909"/>
				</task>
				<task id="14" pickup="Cardiff" delivery="Newcastle" weight="8" reward="55643">
					<bid agent="Positive" bid="2163"/>
					<bid agent="Future" bid="2378"/>
				</task>
				<task id="15" pickup="Birmingham" delivery="Sheffield" weight="6" reward="10034">
					<bid agent="Positive" bid="286"/>
					<bid agent="Future" bid="751"/>
				</task>
				<task id="16" pickup="Newcastle" delivery="Birmingham" weight="5" reward="35058">
					<bid agent="Positive" bid="653"/>
					<bid agent="Future" bid="2329"/>
				</task>
				<task id="17" pickup="Birmingham" delivery="Plymouth" weight="6" reward="58829">
					<bid agent="Positive" bid="1621"/>
					<bid agent="Future" bid="2925"/>
				</task>
				<task id="18" pickup="Cardiff" delivery="Newcastle" weight="8" reward="55643">
					<bid agent="Positive" bid="955"/>
					<bid agent="Future" bid="2345"/>
				</task>
				<task id="19" pickup="Leeds" delivery="Sheffield" weight="6" reward="1281">
					<bid agent="Positive" bid="158"/>
					<bid agent="Future" bid="1218"/>
				</task>
			</tasks>
			<events>
				<event id="0" time="0" vehicle="Vehicle 1" pickup="13"/>
				<event id="1" time="0" vehicle="Vehicle 2" move="Portsmouth"/>
				<event id="2" time="300000000" vehicle="Vehicle 1" pickup="16"/>
				<event id="3" time="600000000" vehicle="Vehicle 1" move="Leeds"/>
				<event id="4" time="831111111" vehicle="Vehicle 2" pickup="10"/>
				<event id="5" time="1131111110" vehicle="Vehicle 2" move="London"/>
				<event id="6" time="1694444444" vehicle="Vehicle 1" pickup="0"/>
				<event id="7" time="1962222221" vehicle="Vehicle 2" move="Birmingham"/>
				<event id="8" time="1994444444" vehicle="Vehicle 1" pickup="19"/>
				<event id="9" time="2294444443" vehicle="Vehicle 1" move="Sheffield"/>
				<event id="10" time="2753333331" vehicle="Vehicle 1" pickup="7"/>
				<event id="11" time="3053333330" vehicle="Vehicle 1" deliver="19"/>
				<event id="12" time="3273333331" vehicle="Vehicle 2" move="Manchester"/>
				<event id="13" time="3353333330" vehicle="Vehicle 1" pickup="9"/>
				<event id="14" time="3653333330" vehicle="Vehicle 1" deliver="0"/>
				<event id="15" time="3953333330" vehicle="Vehicle 1" pickup="12"/>
				<event id="16" time="4253333329" vehicle="Vehicle 1" move="Leeds"/>
				<event id="17" time="4327777774" vehicle="Vehicle 2" pickup="2"/>
				<event id="18" time="4627777774" vehicle="Vehicle 2" move="Liverpool"/>
				<event id="19" time="4712222217" vehicle="Vehicle 1" move="Liverpool"/>
				<event id="20" time="5013333329" vehicle="Vehicle 2" pickup="8"/>
				<event id="21" time="5313333329" vehicle="Vehicle 2" pickup="1"/>
				<event id="22" time="5517777771" vehicle="Vehicle 1" pickup="5"/>
				<event id="23" time="5613333329" vehicle="Vehicle 2" move="Manchester"/>
				<event id="24" time="5817777771" vehicle="Vehicle 1" deliver="13"/>
				<event id="25" time="5998888884" vehicle="Vehicle 2" move="Birmingham"/>
				<event id="26" time="6117777770" vehicle="Vehicle 1" move="Manchester"/>
				<event id="27" time="6503333325" vehicle="Vehicle 1" pickup="3"/>
				<event id="28" time="6803333325" vehicle="Vehicle 1" deliver="7"/>
				<event id="29" time="7053333328" vehicle="Vehicle 2" move="Cardiff"/>
				<event id="30" time="7103333324" vehicle="Vehicle 1" move="Birmingham"/>
				<event id="31" time="8157777767" vehicle="Vehicle 1" deliver="16"/>
				<event id="32" time="8331111105" vehicle="Vehicle 2" deliver="10"/>
				<event id="33" time="8457777767" vehicle="Vehicle 1" pickup="6"/>
				<event id="34" time="8631111105" vehicle="Vehicle 2" pickup="14"/>
				<event id="35" time="8757777767" vehicle="Vehicle 1" pickup="17"/>
				<event id="36" time="8931111105" vehicle="Vehicle 2" pickup="18"/>
				<event id="37" time="9057777766" vehicle="Vehicle 1" move="London"/>
				<event id="38" time="9231111104" vehicle="Vehicle 2" deliver="8"/>
				<event id="39" time="9531111104" vehicle="Vehicle 2" deliver="2"/>
				<event id="40" time="9831111104" vehicle="Vehicle 2" move="Birmingham"/>
				<event id="41" time="10368888876" vehicle="Vehicle 1" move="Norwich"/>
				<event id="42" time="11108888880" vehicle="Vehicle 2" pickup="15"/>
				<event id="43" time="11408888880" vehicle="Vehicle 2" move="Sheffield"/>
				<event id="44" time="11646666653" vehicle="Vehicle 1" deliver="5"/>
				<event id="45" time="11946666653" vehicle="Vehicle 1" deliver="9"/>
				<event id="46" time="12246666652" vehicle="Vehicle 1" deliver="12"/>
				<event id="47" time="12411111102" vehicle="Vehicle 2" deliver="15"/>
				<event id="48" time="12546666652" vehicle="Vehicle 1" deliver="6"/>
				<event id="49" time="12711111102" vehicle="Vehicle 2" deliver="1"/>
				<event id="50" time="12846666652" vehicle="Vehicle 1" move="London"/>
				<event id="51" time="13011111101" vehicle="Vehicle 2" move="Leeds"/>
				<event id="52" time="13469999989" vehicle="Vehicle 2" move="Newcastle"/>
				<event id="53" time="14124444429" vehicle="Vehicle 1" move="Portsmouth"/>
				<event id="54" time="14564444433" vehicle="Vehicle 2" deliver="14"/>
				<event id="55" time="14864444433" vehicle="Vehicle 2" deliver="18"/>
				<event id="56" time="14955555540" vehicle="Vehicle 1" move="Plymouth"/>
				<event id="57" time="16844444428" vehicle="Vehicle 1" pickup="4"/>
				<event id="58" time="17144444427" vehicle="Vehicle 1" pickup="11"/>
				<event id="59" time="17444444427" vehicle="Vehicle 1" deliver="17"/>
				<event id="60" time="17744444427" vehicle="Vehicle 1" move="Portsmouth"/>
				<event id="61" time="19633333315" vehicle="Vehicle 1" move="London"/>
				<event id="62" time="20464444425" vehicle="Vehicle 1" deliver="11"/>
				<event id="63" time="20764444425" vehicle="Vehicle 1" deliver="3"/>
				<event id="64" time="21064444424" vehicle="Vehicle 1" move="Birmingham"/>
				<event id="65" time="22375555534" vehicle="Vehicle 1" deliver="4"/>
			</events>
		</round>
	</rounds>
	<statistics>
		<stat rank="1" agent="Positive">
			<total-tasks value="20"/>
			<total-distance value="2325.6"/>
			<total-cost value="11628"/>
			<total-reward value="15819"/>
			<total-profit value="4191"/>
		</stat>
		<stat rank="2" agent="Future">
			<total-tasks value="0"/>
			<total-distance value="0.0"/>
			<total-cost value="0"/>
			<total-reward value="0"/>
			<total-profit value="0"/>
		</stat>
	</statistics>
</history>
