<?xml version="1.0" encoding="ISO-8859-1"?>

<history configuration="config/rounds/auction1.xml">
	<agents>
		<agent name="Neutral">
			<vehicle name="Vehicle 1"/>
			<vehicle name="Vehicle 2"/>
		</agent>
		<agent name="Future">
			<vehicle name="Vehicle 3"/>
			<vehicle name="Vehicle 4"/>
		</agent>
	</agents>
	<rounds>
		<round id="1">
			<tasks>
				<task id="0" pickup="Leeds" delivery="Sheffield" weight="6" reward="1281">
					<bid agent="Neutral" bid="226"/>
					<bid agent="Future" bid="519"/>
				</task>
				<task id="1" pickup="Liverpool" delivery="Sheffield" weight="7" reward="14258">
					<bid agent="Neutral" bid="345"/>
					<bid agent="Future" bid="713"/>
				</task>
				<task id="2" pickup="Manchester" delivery="Cardiff" weight="9" reward="31460">
					<bid agent="Neutral" bid="686"/>
					<bid agent="Future" bid="1253"/>
				</task>
				<task id="3" pickup="Manchester" delivery="London" weight="6" reward="31997">
					<bid agent="Neutral" bid="668"/>
					<bid agent="Future" bid="1095"/>
				</task>
				<task id="4" pickup="Plymouth" delivery="Birmingham" weight="8" reward="58829">
					<bid agent="Neutral" bid="1354"/>
					<bid agent="Future" bid="1525"/>
				</task>
				<task id="5" pickup="Liverpool" delivery="Norwich" weight="5" reward="58793">
					<bid agent="Neutral" bid="803"/>
					<bid agent="Future" bid="1757"/>
				</task>
				<task id="6" pickup="Birmingham" delivery="Norwich" weight="8" reward="35595">
					<bid agent="Neutral" bid="407"/>
					<bid agent="Future" bid="899"/>
				</task>
				<task id="7" pickup="Sheffield" delivery="Manchester" weight="7" reward="20470">
					<bid agent="Neutral" bid="535"/>
					<bid agent="Future" bid="1050"/>
				</task>
				<task id="8" pickup="Liverpool" delivery="Cardiff" weight="6" reward="37671">
					<bid agent="Neutral" bid="468"/>
					<bid agent="Future" bid="1429"/>
				</task>
				<task id="9" pickup="Sheffield" delivery="Norwich" weight="7" reward="51741">
					<bid agent="Neutral" bid="646"/>
					<bid agent="Future" bid="1927"/>
				</task>
				<task id="10" pickup="Portsmouth" delivery="Cardiff" weight="5" reward="48984">
					<bid agent="Neutral" bid="967"/>
					<bid agent="Future" bid="1243"/>
				</task>
				<task id="11" pickup="Plymouth" delivery="London" weight="7" reward="37707">
					<bid agent="Neutral" bid="530"/>
					<bid agent="Future" bid="638"/>
				</task>
				<task id="12" pickup="Sheffield" delivery="Norwich" weight="7" reward="51741">
					<bid agent="Neutral" bid="1102"/>
					<bid agent="Future" bid="1685"/>
				</task>
				<task id="13" pickup="Newcastle" delivery="Liverpool" weight="9" reward="24497">
					<bid agent="Neutral" bid="399"/>
					<bid agent="Future" bid="2365"/>
				</task>
				<task id="14" pickup="Cardiff" delivery="Newcastle" weight="8" reward="55643">
					<bid agent="Neutral" bid="1756"/>
					<bid agent="Future" bid="2400"/>
				</task>
				<task id="15" pickup="Birmingham" delivery="Sheffield" weight="6" reward="10034">
					<bid agent="Neutral" bid="225"/>
					<bid agent="Future" bid="751"/>
				</task>
				<task id="16" pickup="Newcastle" delivery="Birmingham" weight="5" reward="35058">
					<bid agent="Neutral" bid="575"/>
					<bid agent="Future" bid="2219"/>
				</task>
				<task id="17" pickup="Birmingham" delivery="Plymouth" weight="6" reward="58829">
					<bid agent="Neutral" bid="1650"/>
					<bid agent="Future" bid="2782"/>
				</task>
				<task id="18" pickup="Cardiff" delivery="Newcastle" weight="8" reward="55643">
					<bid agent="Neutral" bid="862"/>
					<bid agent="Future" bid="2039"/>
				</task>
				<task id="19" pickup="Leeds" delivery="Sheffield" weight="6" reward="1281">
					<bid agent="Neutral" bid="103"/>
					<bid agent="Future" bid="1087"/>
				</task>
			</tasks>
			<events>
				<event id="0" time="0" vehicle="Vehicle 1" pickup="13"/>
				<event id="1" time="0" vehicle="Vehicle 2" move="Birmingham"/>
				<event id="2" time="300000000" vehicle="Vehicle 1" pickup="16"/>
				<event id="3" time="600000000" vehicle="Vehicle 1" move="Leeds"/>
				<event id="4" time="1311111111" vehicle="Vehicle 2" pickup="17"/>
				<event id="5" time="1611111111" vehicle="Vehicle 2" move="London"/>
				<event id="6" time="1694444444" vehicle="Vehicle 1" pickup="19"/>
				<event id="7" time="1994444444" vehicle="Vehicle 1" move="Liverpool"/>
				<event id="8" time="2799999999" vehicle="Vehicle 1" pickup="1"/>
				<event id="9" time="2922222221" vehicle="Vehicle 2" move="Portsmouth"/>
				<event id="10" time="3099999999" vehicle="Vehicle 1" pickup="8"/>
				<event id="11" time="3399999999" vehicle="Vehicle 1" pickup="5"/>
				<event id="12" time="3699999999" vehicle="Vehicle 1" deliver="13"/>
				<event id="13" time="3753333331" vehicle="Vehicle 2" pickup="10"/>
				<event id="14" time="3999999999" vehicle="Vehicle 1" move="Manchester"/>
				<event id="15" time="4053333330" vehicle="Vehicle 2" move="Plymouth"/>
				<event id="16" time="4385555554" vehicle="Vehicle 1" pickup="2"/>
				<event id="17" time="4685555554" vehicle="Vehicle 1" move="Birmingham"/>
				<event id="18" time="5739999998" vehicle="Vehicle 1" move="Cardiff"/>
				<event id="19" time="5942222218" vehicle="Vehicle 2" deliver="17"/>
				<event id="20" time="6242222217" vehicle="Vehicle 2" pickup="11"/>
				<event id="21" time="6542222217" vehicle="Vehicle 2" pickup="4"/>
				<event id="22" time="6842222217" vehicle="Vehicle 2" move="Portsmouth"/>
				<event id="23" time="7017777775" vehicle="Vehicle 1" deliver="2"/>
				<event id="24" time="7317777775" vehicle="Vehicle 1" pickup="14"/>
				<event id="25" time="7617777775" vehicle="Vehicle 1" deliver="8"/>
				<event id="26" time="7917777775" vehicle="Vehicle 1" pickup="18"/>
				<event id="27" time="8217777774" vehicle="Vehicle 1" move="Birmingham"/>
				<event id="28" time="8731111105" vehicle="Vehicle 2" move="London"/>
				<event id="29" time="9495555551" vehicle="Vehicle 1" deliver="16"/>
				<event id="30" time="9562222215" vehicle="Vehicle 2" deliver="11"/>
				<event id="31" time="9795555551" vehicle="Vehicle 1" pickup="15"/>
				<event id="32" time="9862222215" vehicle="Vehicle 2" move="Birmingham"/>
				<event id="33" time="10095555550" vehicle="Vehicle 1" move="Sheffield"/>
				<event id="34" time="11097777771" vehicle="Vehicle 1" move="Leeds"/>
				<event id="35" time="11173333325" vehicle="Vehicle 2" deliver="4"/>
				<event id="36" time="11473333325" vehicle="Vehicle 2" move="Cardiff"/>
				<event id="37" time="11556666659" vehicle="Vehicle 1" move="Newcastle"/>
				<event id="38" time="12651111103" vehicle="Vehicle 1" deliver="18"/>
				<event id="39" time="12751111102" vehicle="Vehicle 2" deliver="10"/>
				<event id="40" time="12951111103" vehicle="Vehicle 1" deliver="14"/>
				<event id="41" time="13251111102" vehicle="Vehicle 1" move="Leeds"/>
				<event id="42" time="14345555545" vehicle="Vehicle 1" pickup="0"/>
				<event id="43" time="14645555545" vehicle="Vehicle 1" move="Sheffield"/>
				<event id="44" time="15104444433" vehicle="Vehicle 1" pickup="9"/>
				<event id="45" time="15404444433" vehicle="Vehicle 1" deliver="0"/>
				<event id="46" time="15704444433" vehicle="Vehicle 1" pickup="12"/>
				<event id="47" time="16004444432" vehicle="Vehicle 1" deliver="19"/>
				<event id="48" time="16304444432" vehicle="Vehicle 1" pickup="7"/>
				<event id="49" time="16604444432" vehicle="Vehicle 1" deliver="15"/>
				<event id="50" time="16904444432" vehicle="Vehicle 1" deliver="1"/>
				<event id="51" time="17204444431" vehicle="Vehicle 1" move="Leeds"/>
				<event id="52" time="17663333319" vehicle="Vehicle 1" move="Liverpool"/>
				<event id="53" time="18468888873" vehicle="Vehicle 1" move="Manchester"/>
				<event id="54" time="18854444428" vehicle="Vehicle 1" pickup="3"/>
				<event id="55" time="19154444427" vehicle="Vehicle 1" deliver="7"/>
				<event id="56" time="19454444427" vehicle="Vehicle 1" move="Birmingham"/>
				<event id="57" time="20508888870" vehicle="Vehicle 1" pickup="6"/>
				<event id="58" time="20808888870" vehicle="Vehicle 1" move="London"/>
				<event id="59" time="22119999981" vehicle="Vehicle 1" deliver="3"/>
				<event id="60" time="22419999981" vehicle="Vehicle 1" move="Norwich"/>
				<event id="61" time="23697777758" vehicle="Vehicle 1" deliver="9"/>
				<event id="62" time="23997777758" vehicle="Vehicle 1" deliver="6"/>
				<event id="63" time="24297777757" vehicle="Vehicle 1" deliver="12"/>
				<event id="64" time="24597777757" vehicle="Vehicle 1" deliver="5"/>
			</events>
		</round>
	</rounds>
	<statistics>
		<stat rank="1" agent="Neutral">
			<total-tasks value="20"/>
			<total-distance value="2335.4"/>
			<total-cost value="11677"/>
			<total-reward value="14307"/>
			<total-profit value="2630"/>
		</stat>
		<stat rank="2" agent="Future">
			<total-tasks value="0"/>
			<total-distance value="0.0"/>
			<total-cost value="0"/>
			<total-reward value="0"/>
			<total-profit value="0"/>
		</stat>
	</statistics>
</history>
