<?xml version="1.0" encoding="ISO-8859-1"?>

<history configuration="config/rounds/auction2.xml">
	<agents>
		<agent name="Neutral">
			<vehicle name="Vehicle 1"/>
			<vehicle name="Vehicle 2"/>
			<vehicle name="Vehicle 3"/>
		</agent>
		<agent name="Future">
			<vehicle name="Vehicle 4"/>
			<vehicle name="Vehicle 5"/>
			<vehicle name="Vehicle 6"/>
			<vehicle name="Vehicle 7"/>
		</agent>
	</agents>
	<rounds>
		<round id="1">
			<tasks>
				<task id="0" pickup="Breda" delivery="Almere" weight="27" reward="62791">
					<bid agent="Neutral" bid="369"/>
					<bid agent="Future" bid="407"/>
				</task>
				<task id="1" pickup="Den Haag" delivery="Groningen" weight="19" reward="8119">
					<bid agent="Neutral" bid="612"/>
					<bid agent="Future" bid="817"/>
				</task>
				<task id="2" pickup="Apeldoorn" delivery="Den Haag" weight="26" reward="47362">
					<bid agent="Neutral" bid="425"/>
					<bid agent="Future" bid="492"/>
				</task>
				<task id="3" pickup="Utrecht" delivery="Groningen" weight="12" reward="30020">
					<bid agent="Neutral" bid="295"/>
					<bid agent="Future" bid="508"/>
				</task>
				<task id="4" pickup="Utrecht" delivery="Amsterdam" weight="24" reward="91775">
					<bid agent="Neutral" bid="126"/>
					<bid agent="Future" bid="280"/>
				</task>
				<task id="5" pickup="Nijmegen" delivery="Groningen" weight="26" reward="29695">
					<bid agent="Neutral" bid="552"/>
					<bid agent="Future" bid="784"/>
				</task>
				<task id="6" pickup="Almere" delivery="Utrecht" weight="26" reward="92712">
					<bid agent="Neutral" bid="75"/>
					<bid agent="Future" bid="280"/>
				</task>
				<task id="7" pickup="Den Haag" delivery="Nijmegen" weight="28" reward="54405">
					<bid agent="Neutral" bid="325"/>
					<bid agent="Future" bid="452"/>
				</task>
				<task id="8" pickup="Apeldoorn" delivery="Almere" weight="21" reward="77731">
					<bid agent="Neutral" bid="195"/>
					<bid agent="Future" bid="220"/>
				</task>
				<task id="9" pickup="Apeldoorn" delivery="Den Haag" weight="26" reward="47362">
					<bid agent="Neutral" bid="452"/>
					<bid agent="Future" bid="377"/>
				</task>
				<task id="10" pickup="Almere" delivery="Eindhoven" weight="12" reward="55300">
					<bid agent="Neutral" bid="445"/>
					<bid agent="Future" bid="562"/>
				</task>
				<task id="11" pickup="Breda" delivery="Nijmegen" weight="11" reward="71177">
					<bid agent="Neutral" bid="236"/>
					<bid agent="Future" bid="558"/>
				</task>
				<task id="12" pickup="Rotterdam" delivery="Almere" weight="22" reward="67350">
					<bid agent="Neutral" bid="586"/>
					<bid agent="Future" bid="313"/>
				</task>
				<task id="13" pickup="Den Haag" delivery="Apeldoorn" weight="17" reward="47362">
					<bid agent="Neutral" bid="455"/>
					<bid agent="Future" bid="246"/>
				</task>
				<task id="14" pickup="Eindhoven" delivery="Nijmegen" weight="28" reward="81761">
					<bid agent="Neutral" bid="169"/>
					<bid agent="Future" bid="371"/>
				</task>
				<task id="15" pickup="Rotterdam" delivery="Apeldoorn" weight="16" reward="57702">
					<bid agent="Neutral" bid="287"/>
					<bid agent="Future" bid="201"/>
				</task>
				<task id="16" pickup="Amsterdam" delivery="Breda" weight="23" reward="61855">
					<bid agent="Neutral" bid="482"/>
					<bid agent="Future" bid="445"/>
				</task>
				<task id="17" pickup="Apeldoorn" delivery="Den Haag" weight="26" reward="47362">
					<bid agent="Neutral" bid="442"/>
					<bid agent="Future" bid="324"/>
				</task>
				<task id="18" pickup="Almere" delivery="Rotterdam" weight="25" reward="67350">
					<bid agent="Neutral" bid="390"/>
					<bid agent="Future" bid="556"/>
				</task>
				<task id="19" pickup="Eindhoven" delivery="Breda" weight="15" reward="85018">
					<bid agent="Neutral" bid="155"/>
					<bid agent="Future" bid="355"/>
				</task>
				<task id="20" pickup="Amsterdam" delivery="Nijmegen" weight="20" reward="56603">
					<bid agent="Neutral" bid="709"/>
					<bid agent="Future" bid="783"/>
				</task>
				<task id="21" pickup="Breda" delivery="Nijmegen" weight="11" reward="71177">
					<bid agent="Neutral" bid="130"/>
					<bid agent="Future" bid="231"/>
				</task>
				<task id="22" pickup="Eindhoven" delivery="Groningen" weight="27" reward="1117">
					<bid agent="Neutral" bid="1523"/>
					<bid agent="Future" bid="1779"/>
				</task>
				<task id="23" pickup="Amsterdam" delivery="Nijmegen" weight="20" reward="56603">
					<bid agent="Neutral" bid="282"/>
					<bid agent="Future" bid="504"/>
				</task>
				<task id="24" pickup="Groningen" delivery="Amsterdam" weight="15" reward="34661">
					<bid agent="Neutral" bid="429"/>
					<bid agent="Future" bid="1093"/>
				</task>
				<task id="25" pickup="Den Haag" delivery="Groningen" weight="19" reward="8119">
					<bid agent="Neutral" bid="924"/>
					<bid agent="Future" bid="675"/>
				</task>
				<task id="26" pickup="Eindhoven" delivery="Rotterdam" weight="15" reward="65233">
					<bid agent="Neutral" bid="473"/>
					<bid agent="Future" bid="454"/>
				</task>
				<task id="27" pickup="Groningen" delivery="Amsterdam" weight="15" reward="34661">
					<bid agent="Neutral" bid="565"/>
					<bid agent="Future" bid="275"/>
				</task>
				<task id="28" pickup="Utrecht" delivery="Almere" weight="23" reward="92712">
					<bid agent="Neutral" bid="214"/>
					<bid agent="Future" bid="244"/>
				</task>
				<task id="29" pickup="Utrecht" delivery="Breda" weight="29" reward="80418">
					<bid agent="Neutral" bid="199"/>
					<bid agent="Future" bid="136"/>
				</task>
			</tasks>
			<events>
				<event id="0" time="0" vehicle="Vehicle 1" move="Almere"/>
				<event id="1" time="0" vehicle="Vehicle 2" pickup="22"/>
				<event id="2" time="0" vehicle="Vehicle 3" pickup="4"/>
				<event id="3" time="0" vehicle="Vehicle 7" pickup="15"/>
				<event id="4" time="300000000" vehicle="Vehicle 2" pickup="19"/>
				<event id="5" time="300000000" vehicle="Vehicle 3" pickup="3"/>
				<event id="6" time="300000000" vehicle="Vehicle 7" pickup="12"/>
				<event id="7" time="531666666" vehicle="Vehicle 1" pickup="10"/>
				<event id="8" time="600000000" vehicle="Vehicle 2" move="Breda"/>
				<event id="9" time="600000000" vehicle="Vehicle 3" move="Amsterdam"/>
				<event id="10" time="600000000" vehicle="Vehicle 7" move="Den Haag"/>
				<event id="11" time="831666666" vehicle="Vehicle 1" pickup="18"/>
				<event id="12" time="882222222" vehicle="Vehicle 7" pickup="13"/>
				<event id="13" time="1106666666" vehicle="Vehicle 3" pickup="20"/>
				<event id="14" time="1131666665" vehicle="Vehicle 1" move="Amsterdam"/>
				<event id="15" time="1182222221" vehicle="Vehicle 7" pickup="25"/>
				<event id="16" time="1291111111" vehicle="Vehicle 2" pickup="0"/>
				<event id="17" time="1406666666" vehicle="Vehicle 3" pickup="23"/>
				<event id="18" time="1482222221" vehicle="Vehicle 7" move="Amsterdam"/>
				<event id="19" time="1591111111" vehicle="Vehicle 2" deliver="19"/>
				<event id="20" time="1663333331" vehicle="Vehicle 1" move="Den Haag"/>
				<event id="21" time="1706666666" vehicle="Vehicle 3" deliver="4"/>
				<event id="22" time="1891111111" vehicle="Vehicle 2" move="Utrecht"/>
				<event id="23" time="2006666665" vehicle="Vehicle 3" move="Apeldoorn"/>
				<event id="24" time="2206666664" vehicle="Vehicle 7" move="Almere"/>
				<event id="25" time="2561111108" vehicle="Vehicle 7" deliver="12"/>
				<event id="26" time="2707777776" vehicle="Vehicle 2" pickup="28"/>
				<event id="27" time="2749999997" vehicle="Vehicle 1" pickup="7"/>
				<event id="28" time="2861111108" vehicle="Vehicle 7" move="Groningen"/>
				<event id="29" time="3007777775" vehicle="Vehicle 2" move="Almere"/>
				<event id="30" time="3008888886" vehicle="Vehicle 3" pickup="2"/>
				<event id="31" time="3049999997" vehicle="Vehicle 1" move="Rotterdam"/>
				<event id="32" time="3308888886" vehicle="Vehicle 3" move="Nijmegen"/>
				<event id="33" time="3473333330" vehicle="Vehicle 1" deliver="18"/>
				<event id="34" time="3488888886" vehicle="Vehicle 2" deliver="28"/>
				<event id="35" time="3773333330" vehicle="Vehicle 1" move="Breda"/>
				<event id="36" time="3788888886" vehicle="Vehicle 2" pickup="6"/>
				<event id="37" time="3943333330" vehicle="Vehicle 3" deliver="23"/>
				<event id="38" time="4088888885" vehicle="Vehicle 2" deliver="0"/>
				<event id="39" time="4243333329" vehicle="Vehicle 3" deliver="20"/>
				<event id="40" time="4388888885" vehicle="Vehicle 2" move="Utrecht"/>
				<event id="41" time="4543333329" vehicle="Vehicle 3" pickup="5"/>
				<event id="42" time="4572222218" vehicle="Vehicle 7" deliver="25"/>
				<event id="43" time="4583333329" vehicle="Vehicle 1" pickup="21"/>
				<event id="44" time="4843333329" vehicle="Vehicle 3" move="Rotterdam"/>
				<event id="45" time="4869999996" vehicle="Vehicle 2" deliver="6"/>
				<event id="46" time="4872222218" vehicle="Vehicle 7" pickup="27"/>
				<event id="47" time="4883333329" vehicle="Vehicle 1" pickup="11"/>
				<event id="48" time="5169999996" vehicle="Vehicle 2" move="Apeldoorn"/>
				<event id="49" time="5172222217" vehicle="Vehicle 7" move="Apeldoorn"/>
				<event id="50" time="5183333328" vehicle="Vehicle 1" move="Eindhoven"/>
				<event id="51" time="5914444440" vehicle="Vehicle 2" pickup="8"/>
				<event id="52" time="6087777772" vehicle="Vehicle 3" move="Den Haag"/>
				<event id="53" time="6214444439" vehicle="Vehicle 2" move="Groningen"/>
				<event id="54" time="6219999994" vehicle="Vehicle 1" deliver="10"/>
				<event id="55" time="6369999994" vehicle="Vehicle 3" deliver="2"/>
				<event id="56" time="6519999994" vehicle="Vehicle 1" pickup="14"/>
				<event id="57" time="6669999994" vehicle="Vehicle 3" pickup="1"/>
				<event id="58" time="6738888882" vehicle="Vehicle 7" deliver="13"/>
				<event id="59" time="6819999994" vehicle="Vehicle 1" move="Nijmegen"/>
				<event id="60" time="6969999994" vehicle="Vehicle 3" move="Amsterdam"/>
				<event id="61" time="7038888881" vehicle="Vehicle 7" pickup="17"/>
				<event id="62" time="7338888881" vehicle="Vehicle 7" deliver="15"/>
				<event id="63" time="7638888881" vehicle="Vehicle 7" pickup="9"/>
				<event id="64" time="7694444438" vehicle="Vehicle 3" move="Almere"/>
				<event id="65" time="7781111105" vehicle="Vehicle 2" deliver="22"/>
				<event id="66" time="7938888881" vehicle="Vehicle 7" move="Amsterdam"/>
				<event id="67" time="7989999994" vehicle="Vehicle 1" deliver="7"/>
				<event id="68" time="8048888881" vehicle="Vehicle 3" move="Groningen"/>
				<event id="69" time="8081111104" vehicle="Vehicle 2" pickup="24"/>
				<event id="70" time="8289999994" vehicle="Vehicle 1" deliver="11"/>
				<event id="71" time="8381111104" vehicle="Vehicle 2" move="Almere"/>
				<event id="72" time="8589999994" vehicle="Vehicle 1" deliver="14"/>
				<event id="73" time="8889999994" vehicle="Vehicle 1" deliver="21"/>
				<event id="74" time="8941111103" vehicle="Vehicle 7" deliver="27"/>
				<event id="75" time="9241111102" vehicle="Vehicle 7" pickup="16"/>
				<event id="76" time="9541111102" vehicle="Vehicle 7" move="Den Haag"/>
				<event id="77" time="9759999992" vehicle="Vehicle 3" deliver="3"/>
				<event id="78" time="10059999992" vehicle="Vehicle 3" deliver="5"/>
				<event id="79" time="10092222214" vehicle="Vehicle 2" deliver="8"/>
				<event id="80" time="10265555545" vehicle="Vehicle 7" deliver="17"/>
				<event id="81" time="10359999992" vehicle="Vehicle 3" deliver="1"/>
				<event id="82" time="10392222214" vehicle="Vehicle 2" move="Amsterdam"/>
				<event id="83" time="10565555545" vehicle="Vehicle 7" deliver="9"/>
				<event id="84" time="10746666658" vehicle="Vehicle 2" deliver="24"/>
				<event id="85" time="10865555545" vehicle="Vehicle 7" move="Rotterdam"/>
				<event id="86" time="11147777766" vehicle="Vehicle 7" move="Utrecht"/>
				<event id="87" time="11839999988" vehicle="Vehicle 7" pickup="29"/>
				<event id="88" time="12139999988" vehicle="Vehicle 7" move="Eindhoven"/>
				<event id="89" time="13161111099" vehicle="Vehicle 7" pickup="26"/>
				<event id="90" time="13461111099" vehicle="Vehicle 7" move="Breda"/>
				<event id="91" time="14152222209" vehicle="Vehicle 7" deliver="16"/>
				<event id="92" time="14452222209" vehicle="Vehicle 7" deliver="29"/>
				<event id="93" time="14752222209" vehicle="Vehicle 7" move="Rotterdam"/>
				<event id="94" time="15292222208" vehicle="Vehicle 7" deliver="26"/>
			</events>
		</round>
	</rounds>
	<statistics>
		<stat rank="1" agent="Neutral">
			<total-tasks value="20"/>
			<total-distance value="1533.0"/>
			<total-cost value="7665"/>
			<total-reward value="7656"/>
			<total-profit value="-9"/>
		</stat>
		<stat rank="2" agent="Future">
			<total-tasks value="10"/>
			<total-distance value="863.3"/>
			<total-cost value="4317"/>
			<total-reward value="3446"/>
			<total-profit value="-871"/>
		</stat>
	</statistics>
</history>
