<?xml version="1.0" encoding="ISO-8859-1"?>

<history configuration="config/rounds/auction1.xml">
	<agents>
		<agent name="Future">
			<vehicle name="Vehicle 1"/>
			<vehicle name="Vehicle 2"/>
		</agent>
		<agent name="Positive">
			<vehicle name="Vehicle 3"/>
			<vehicle name="Vehicle 4"/>
		</agent>
	</agents>
	<rounds>
		<round id="1">
			<tasks>
				<task id="0" pickup="Leeds" delivery="Sheffield" weight="6" reward="1281">
					<bid agent="Future" bid="234"/>
					<bid agent="Positive" bid="635"/>
				</task>
				<task id="1" pickup="Liverpool" delivery="Sheffield" weight="7" reward="14258">
					<bid agent="Future" bid="359"/>
					<bid agent="Positive" bid="817"/>
				</task>
				<task id="2" pickup="Manchester" delivery="Cardiff" weight="9" reward="31460">
					<bid agent="Future" bid="763"/>
					<bid agent="Positive" bid="1161"/>
				</task>
				<task id="3" pickup="Manchester" delivery="London" weight="6" reward="31997">
					<bid agent="Future" bid="710"/>
					<bid agent="Positive" bid="1268"/>
				</task>
				<task id="4" pickup="Plymouth" delivery="Birmingham" weight="8" reward="58829">
					<bid agent="Future" bid="1587"/>
					<bid agent="Positive" bid="1471"/>
				</task>
				<task id="5" pickup="Liverpool" delivery="Norwich" weight="5" reward="58793">
					<bid agent="Future" bid="948"/>
					<bid agent="Positive" bid="1233"/>
				</task>
				<task id="6" pickup="Birmingham" delivery="Norwich" weight="8" reward="35595">
					<bid agent="Future" bid="473"/>
					<bid agent="Positive" bid="477"/>
				</task>
				<task id="7" pickup="Sheffield" delivery="Manchester" weight="7" reward="20470">
					<bid agent="Future" bid="441"/>
					<bid agent="Positive" bid="728"/>
				</task>
				<task id="8" pickup="Liverpool" delivery="Cardiff" weight="6" reward="37671">
					<bid agent="Future" bid="545"/>
					<bid agent="Positive" bid="832"/>
				</task>
				<task id="9" pickup="Sheffield" delivery="Norwich" weight="7" reward="51741">
					<bid agent="Future" bid="763"/>
					<bid agent="Positive" bid="1412"/>
				</task>
				<task id="10" pickup="Portsmouth" delivery="Cardiff" weight="5" reward="48984">
					<bid agent="Future" bid="857"/>
					<bid agent="Positive" bid="1079"/>
				</task>
				<task id="11" pickup="Plymouth" delivery="London" weight="7" reward="37707">
					<bid agent="Future" bid="865"/>
					<bid agent="Positive" bid="293"/>
				</task>
				<task id="12" pickup="Sheffield" delivery="Norwich" weight="7" reward="51741">
					<bid agent="Future" bid="1125"/>
					<bid agent="Positive" bid="1460"/>
				</task>
				<task id="13" pickup="Newcastle" delivery="Liverpool" weight="9" reward="24497">
					<bid agent="Future" bid="611"/>
					<bid agent="Positive" bid="1035"/>
				</task>
				<task id="14" pickup="Cardiff" delivery="Newcastle" weight="8" reward="55643">
					<bid agent="Future" bid="1794"/>
					<bid agent="Positive" bid="2260"/>
				</task>
				<task id="15" pickup="Birmingham" delivery="Sheffield" weight="6" reward="10034">
					<bid agent="Future" bid="239"/>
					<bid agent="Positive" bid="286"/>
				</task>
				<task id="16" pickup="Newcastle" delivery="Birmingham" weight="5" reward="35058">
					<bid agent="Future" bid="889"/>
					<bid agent="Positive" bid="1257"/>
				</task>
				<task id="17" pickup="Birmingham" delivery="Plymouth" weight="6" reward="58829">
					<bid agent="Future" bid="2535"/>
					<bid agent="Positive" bid="2287"/>
				</task>
				<task id="18" pickup="Cardiff" delivery="Newcastle" weight="8" reward="55643">
					<bid agent="Future" bid="1042"/>
					<bid agent="Positive" bid="2056"/>
				</task>
				<task id="19" pickup="Leeds" delivery="Sheffield" weight="6" reward="1281">
					<bid agent="Future" bid="129"/>
					<bid agent="Positive" bid="957"/>
				</task>
			</tasks>
			<events>
				<event id="0" time="0" vehicle="Vehicle 1" pickup="16"/>
				<event id="1" time="0" vehicle="Vehicle 2" move="Portsmouth"/>
				<event id="2" time="0" vehicle="Vehicle 3" pickup="4"/>
				<event id="3" time="300000000" vehicle="Vehicle 1" pickup="13"/>
				<event id="4" time="300000000" vehicle="Vehicle 3" pickup="11"/>
				<event id="5" time="600000000" vehicle="Vehicle 1" move="Leeds"/>
				<event id="6" time="600000000" vehicle="Vehicle 3" move="Portsmouth"/>
				<event id="7" time="831111111" vehicle="Vehicle 2" pickup="10"/>
				<event id="8" time="1131111110" vehicle="Vehicle 2" move="London"/>
				<event id="9" time="1694444444" vehicle="Vehicle 1" pickup="19"/>
				<event id="10" time="1962222221" vehicle="Vehicle 2" move="Birmingham"/>
				<event id="11" time="1994444444" vehicle="Vehicle 1" pickup="0"/>
				<event id="12" time="2294444443" vehicle="Vehicle 1" move="Sheffield"/>
				<event id="13" time="2488888888" vehicle="Vehicle 3" move="London"/>
				<event id="14" time="2753333331" vehicle="Vehicle 1" deliver="19"/>
				<event id="15" time="3053333330" vehicle="Vehicle 1" pickup="7"/>
				<event id="16" time="3273333331" vehicle="Vehicle 2" pickup="15"/>
				<event id="17" time="3319999999" vehicle="Vehicle 3" move="Birmingham"/>
				<event id="18" time="3353333330" vehicle="Vehicle 1" pickup="12"/>
				<event id="19" time="3573333331" vehicle="Vehicle 2" move="Manchester"/>
				<event id="20" time="3653333330" vehicle="Vehicle 1" deliver="0"/>
				<event id="21" time="3953333330" vehicle="Vehicle 1" pickup="9"/>
				<event id="22" time="4253333329" vehicle="Vehicle 1" move="Leeds"/>
				<event id="23" time="4627777774" vehicle="Vehicle 2" move="Liverpool"/>
				<event id="24" time="4631111110" vehicle="Vehicle 3" deliver="4"/>
				<event id="25" time="4712222217" vehicle="Vehicle 1" move="Liverpool"/>
				<event id="26" time="4931111110" vehicle="Vehicle 3" pickup="17"/>
				<event id="27" time="5013333329" vehicle="Vehicle 2" pickup="8"/>
				<event id="28" time="5231111109" vehicle="Vehicle 3" move="London"/>
				<event id="29" time="5313333329" vehicle="Vehicle 2" pickup="1"/>
				<event id="30" time="5517777771" vehicle="Vehicle 1" pickup="5"/>
				<event id="31" time="5613333329" vehicle="Vehicle 2" move="Manchester"/>
				<event id="32" time="5817777771" vehicle="Vehicle 1" deliver="13"/>
				<event id="33" time="5998888884" vehicle="Vehicle 2" pickup="2"/>
				<event id="34" time="6117777770" vehicle="Vehicle 1" move="Manchester"/>
				<event id="35" time="6298888883" vehicle="Vehicle 2" move="Birmingham"/>
				<event id="36" time="6503333325" vehicle="Vehicle 1" pickup="3"/>
				<event id="37" time="6542222219" vehicle="Vehicle 3" deliver="11"/>
				<event id="38" time="6803333325" vehicle="Vehicle 1" deliver="7"/>
				<event id="39" time="6842222219" vehicle="Vehicle 3" move="Portsmouth"/>
				<event id="40" time="7103333324" vehicle="Vehicle 1" move="Birmingham"/>
				<event id="41" time="7353333327" vehicle="Vehicle 2" move="Cardiff"/>
				<event id="42" time="7673333329" vehicle="Vehicle 3" move="Plymouth"/>
				<event id="43" time="8157777767" vehicle="Vehicle 1" pickup="6"/>
				<event id="44" time="8457777767" vehicle="Vehicle 1" deliver="16"/>
				<event id="45" time="8631111104" vehicle="Vehicle 2" deliver="2"/>
				<event id="46" time="8757777767" vehicle="Vehicle 1" move="London"/>
				<event id="47" time="8931111104" vehicle="Vehicle 2" deliver="10"/>
				<event id="48" time="9231111103" vehicle="Vehicle 2" deliver="8"/>
				<event id="49" time="9531111103" vehicle="Vehicle 2" pickup="14"/>
				<event id="50" time="9562222217" vehicle="Vehicle 3" deliver="17"/>
				<event id="51" time="9831111103" vehicle="Vehicle 2" pickup="18"/>
				<event id="52" time="10068888877" vehicle="Vehicle 1" deliver="3"/>
				<event id="53" time="10131111102" vehicle="Vehicle 2" move="Birmingham"/>
				<event id="54" time="10368888877" vehicle="Vehicle 1" move="Norwich"/>
				<event id="55" time="11408888878" vehicle="Vehicle 2" move="Sheffield"/>
				<event id="56" time="11646666654" vehicle="Vehicle 1" deliver="6"/>
				<event id="57" time="11946666654" vehicle="Vehicle 1" deliver="12"/>
				<event id="58" time="12246666653" vehicle="Vehicle 1" deliver="9"/>
				<event id="59" time="12411111100" vehicle="Vehicle 2" deliver="15"/>
				<event id="60" time="12546666653" vehicle="Vehicle 1" deliver="5"/>
				<event id="61" time="12711111100" vehicle="Vehicle 2" deliver="1"/>
				<event id="62" time="13011111099" vehicle="Vehicle 2" move="Leeds"/>
				<event id="63" time="13469999987" vehicle="Vehicle 2" move="Newcastle"/>
				<event id="64" time="14564444431" vehicle="Vehicle 2" deliver="18"/>
				<event id="65" time="14864444431" vehicle="Vehicle 2" deliver="14"/>
			</events>
		</round>
	</rounds>
	<statistics>
		<stat rank="1" agent="Future">
			<total-tasks value="17"/>
			<total-distance value="1603.0"/>
			<total-cost value="8015"/>
			<total-reward value="11922"/>
			<total-profit value="3907"/>
		</stat>
		<stat rank="2" agent="Positive">
			<total-tasks value="3"/>
			<total-distance value="725.6"/>
			<total-cost value="3628"/>
			<total-reward value="4051"/>
			<total-profit value="423"/>
		</stat>
	</statistics>
</history>
