<?xml version="1.0" encoding="ISO-8859-1"?>

<history configuration="config/rounds/auction3.xml">
	<agents>
		<agent name="Neutral">
			<vehicle name="Vehicle 1"/>
			<vehicle name="Vehicle 2"/>
			<vehicle name="Vehicle 3"/>
			<vehicle name="Vehicle 4"/>
		</agent>
		<agent name="Future">
			<vehicle name="Vehicle 5"/>
			<vehicle name="Vehicle 6"/>
			<vehicle name="Vehicle 7"/>
			<vehicle name="Vehicle 8"/>
		</agent>
	</agents>
	<rounds>
		<round id="1">
			<tasks>
				<task id="0" pickup="Paris" delivery="Monaco" weight="25" reward="40845">
					<bid agent="Neutral" bid="2517"/>
					<bid agent="Future" bid="3335"/>
				</task>
				<task id="1" pickup="Paris" delivery="Monaco" weight="25" reward="40845">
					<bid agent="Neutral" bid="1342"/>
					<bid agent="Future" bid="2131"/>
				</task>
				<task id="2" pickup="Lyon" delivery="Paris" weight="28" reward="78143">
					<bid agent="Neutral" bid="1531"/>
					<bid agent="Future" bid="1278"/>
				</task>
				<task id="3" pickup="Brest" delivery="Lyon" weight="13" reward="37398">
					<bid agent="Neutral" bid="2472"/>
					<bid agent="Future" bid="3825"/>
				</task>
				<task id="4" pickup="Brest" delivery="Strasbourg" weight="25" reward="35950">
					<bid agent="Neutral" bid="3249"/>
					<bid agent="Future" bid="5033"/>
				</task>
				<task id="5" pickup="Brest" delivery="Monaco" weight="15" reward="100">
					<bid agent="Neutral" bid="2663"/>
					<bid agent="Future" bid="4579"/>
				</task>
				<task id="6" pickup="Lyon" delivery="Monaco" weight="28" reward="72973">
					<bid agent="Neutral" bid="2243"/>
					<bid agent="Future" bid="2727"/>
				</task>
				<task id="7" pickup="Paris" delivery="Le Havre" weight="26" reward="96758">
					<bid agent="Neutral" bid="898"/>
					<bid agent="Future" bid="1020"/>
				</task>
				<task id="8" pickup="Brest" delivery="Le Havre" weight="18" reward="56013">
					<bid agent="Neutral" bid="1884"/>
					<bid agent="Future" bid="3087"/>
				</task>
				<task id="9" pickup="Paris" delivery="Monaco" weight="25" reward="40845">
					<bid agent="Neutral" bid="2602"/>
					<bid agent="Future" bid="3123"/>
				</task>
				<task id="10" pickup="Paris" delivery="Monaco" weight="25" reward="40845">
					<bid agent="Neutral" bid="2097"/>
					<bid agent="Future" bid="2323"/>
				</task>
				<task id="11" pickup="Marseille" delivery="Bordeaux" weight="16" reward="65734">
					<bid agent="Neutral" bid="2799"/>
					<bid agent="Future" bid="5529"/>
				</task>
				<task id="12" pickup="Lyon" delivery="Monaco" weight="28" reward="72973">
					<bid agent="Neutral" bid="3606"/>
					<bid agent="Future" bid="2781"/>
				</task>
				<task id="13" pickup="Genève" delivery="Marseille" weight="29" reward="78212">
					<bid agent="Neutral" bid="2170"/>
					<bid agent="Future" bid="873"/>
				</task>
				<task id="14" pickup="Le Havre" delivery="Strasbourg" weight="10" reward="63183">
					<bid agent="Neutral" bid="3127"/>
					<bid agent="Future" bid="2297"/>
				</task>
				<task id="15" pickup="Monaco" delivery="Genève" weight="22" reward="74352">
					<bid agent="Neutral" bid="2115"/>
					<bid agent="Future" bid="380"/>
				</task>
				<task id="16" pickup="Bordeaux" delivery="Le Havre" weight="23" reward="56495">
					<bid agent="Neutral" bid="2930"/>
					<bid agent="Future" bid="1656"/>
				</task>
				<task id="17" pickup="Genève" delivery="Bordeaux" weight="16" reward="59460">
					<bid agent="Neutral" bid="2057"/>
					<bid agent="Future" bid="1126"/>
				</task>
				<task id="18" pickup="Monaco" delivery="Genève" weight="22" reward="74352">
					<bid agent="Neutral" bid="2010"/>
					<bid agent="Future" bid="2132"/>
				</task>
				<task id="19" pickup="Paris" delivery="Monaco" weight="25" reward="40845">
					<bid agent="Neutral" bid="3365"/>
					<bid agent="Future" bid="2185"/>
				</task>
				<task id="20" pickup="Monaco" delivery="Brest" weight="12" reward="100">
					<bid agent="Neutral" bid="5132"/>
					<bid agent="Future" bid="5191"/>
				</task>
				<task id="21" pickup="Bordeaux" delivery="Marseille" weight="21" reward="65734">
					<bid agent="Neutral" bid="2340"/>
					<bid agent="Future" bid="633"/>
				</task>
				<task id="22" pickup="Brest" delivery="Marseille" weight="11" reward="15612">
					<bid agent="Neutral" bid="3955"/>
					<bid agent="Future" bid="4946"/>
				</task>
				<task id="23" pickup="Monaco" delivery="Le Havre" weight="23" reward="27332">
					<bid agent="Neutral" bid="2852"/>
					<bid agent="Future" bid="2479"/>
				</task>
				<task id="24" pickup="Brest" delivery="Le Havre" weight="18" reward="56013">
					<bid agent="Neutral" bid="2195"/>
					<bid agent="Future" bid="5017"/>
				</task>
				<task id="25" pickup="Brest" delivery="Bordeaux" weight="21" reward="29263">
					<bid agent="Neutral" bid="6127"/>
					<bid agent="Future" bid="9370"/>
				</task>
				<task id="26" pickup="Strasbourg" delivery="Brest" weight="25" reward="35950">
					<bid agent="Neutral" bid="2525"/>
					<bid agent="Future" bid="4856"/>
				</task>
				<task id="27" pickup="Paris" delivery="Strasbourg" weight="26" reward="76696">
					<bid agent="Neutral" bid="1782"/>
					<bid agent="Future" bid="2209"/>
				</task>
				<task id="28" pickup="Monaco" delivery="Genève" weight="22" reward="74352">
					<bid agent="Neutral" bid="378"/>
					<bid agent="Future" bid="48"/>
				</task>
				<task id="29" pickup="Monaco" delivery="Lyon" weight="15" reward="72973">
					<bid agent="Neutral" bid="2895"/>
					<bid agent="Future" bid="1168"/>
				</task>
				<task id="30" pickup="Brest" delivery="Monaco" weight="15" reward="100">
					<bid agent="Neutral" bid="5542"/>
					<bid agent="Future" bid="11217"/>
				</task>
				<task id="31" pickup="Genève" delivery="Le Havre" weight="23" reward="54358">
					<bid agent="Neutral" bid="1795"/>
					<bid agent="Future" bid="1482"/>
				</task>
				<task id="32" pickup="Marseille" delivery="Brest" weight="16" reward="15612">
					<bid agent="Neutral" bid="3035"/>
					<bid agent="Future" bid="3268"/>
				</task>
				<task id="33" pickup="Le Havre" delivery="Bordeaux" weight="22" reward="56495">
					<bid agent="Neutral" bid="3217"/>
					<bid agent="Future" bid="1826"/>
				</task>
				<task id="34" pickup="Monaco" delivery="Brest" weight="12" reward="100">
					<bid agent="Neutral" bid="1515"/>
					<bid agent="Future" bid="2327"/>
				</task>
				<task id="35" pickup="Le Havre" delivery="Marseille" weight="28" reward="42844">
					<bid agent="Neutral" bid="1117"/>
					<bid agent="Future" bid="3854"/>
				</task>
				<task id="36" pickup="Monaco" delivery="Lyon" weight="15" reward="72973">
					<bid agent="Neutral" bid="1175"/>
					<bid agent="Future" bid="47"/>
				</task>
				<task id="37" pickup="Paris" delivery="Strasbourg" weight="26" reward="76696">
					<bid agent="Neutral" bid="1577"/>
					<bid agent="Future" bid="772"/>
				</task>
				<task id="38" pickup="Strasbourg" delivery="Paris" weight="26" reward="76696">
					<bid agent="Neutral" bid="45"/>
					<bid agent="Future" bid="912"/>
				</task>
				<task id="39" pickup="Bordeaux" delivery="Genève" weight="23" reward="59460">
					<bid agent="Neutral" bid="2435"/>
					<bid agent="Future" bid="2145"/>
				</task>
			</tasks>
			<events>
				<event id="0" time="0" vehicle="Vehicle 1" pickup="7"/>
				<event id="1" time="0" vehicle="Vehicle 3" pickup="25"/>
				<event id="2" time="0" vehicle="Vehicle 4" move="Lyon"/>
				<event id="3" time="0" vehicle="Vehicle 5" move="Genève"/>
				<event id="4" time="0" vehicle="Vehicle 6" pickup="16"/>
				<event id="5" time="300000000" vehicle="Vehicle 1" pickup="10"/>
				<event id="6" time="300000000" vehicle="Vehicle 3" pickup="3"/>
				<event id="7" time="300000000" vehicle="Vehicle 6" move="Lyon"/>
				<event id="8" time="600000000" vehicle="Vehicle 1" move="Le Havre"/>
				<event id="9" time="600000000" vehicle="Vehicle 3" pickup="5"/>
				<event id="10" time="900000000" vehicle="Vehicle 3" move="Paris"/>
				<event id="11" time="1655555555" vehicle="Vehicle 4" move="Paris"/>
				<event id="12" time="1655555555" vehicle="Vehicle 5" pickup="31"/>
				<event id="13" time="1955555555" vehicle="Vehicle 5" pickup="17"/>
				<event id="14" time="2255555554" vehicle="Vehicle 5" move="Lyon"/>
				<event id="15" time="3866666666" vehicle="Vehicle 1" pickup="35"/>
				<event id="16" time="3911111109" vehicle="Vehicle 5" pickup="2"/>
				<event id="17" time="4166666665" vehicle="Vehicle 1" deliver="7"/>
				<event id="18" time="4211111108" vehicle="Vehicle 5" move="Paris"/>
				<event id="19" time="4466666665" vehicle="Vehicle 1" move="Paris"/>
				<event id="20" time="6833333332" vehicle="Vehicle 4" pickup="27"/>
				<event id="21" time="6833333333" vehicle="Vehicle 6" move="Genève"/>
				<event id="22" time="7133333331" vehicle="Vehicle 4" move="Strasbourg"/>
				<event id="23" time="7466666666" vehicle="Vehicle 3" pickup="9"/>
				<event id="24" time="7733333331" vehicle="Vehicle 1" pickup="1"/>
				<event id="25" time="7766666666" vehicle="Vehicle 3" move="Lyon"/>
				<event id="26" time="8033333330" vehicle="Vehicle 1" move="Lyon"/>
				<event id="27" time="8488888887" vehicle="Vehicle 6" pickup="13"/>
				<event id="28" time="8788888887" vehicle="Vehicle 6" move="Lyon"/>
				<event id="29" time="9388888884" vehicle="Vehicle 5" move="Le Havre"/>
				<event id="30" time="10444444442" vehicle="Vehicle 6" pickup="12"/>
				<event id="31" time="10744444442" vehicle="Vehicle 6" move="Marseille"/>
				<event id="32" time="11566666661" vehicle="Vehicle 5" deliver="31"/>
				<event id="33" time="11866666661" vehicle="Vehicle 5" pickup="33"/>
				<event id="34" time="12166666660" vehicle="Vehicle 5" move="Paris"/>
				<event id="35" time="12544444441" vehicle="Vehicle 4" pickup="38"/>
				<event id="36" time="12844444441" vehicle="Vehicle 4" pickup="26"/>
				<event id="37" time="12944444443" vehicle="Vehicle 3" move="Marseille"/>
				<event id="38" time="13144444440" vehicle="Vehicle 4" deliver="27"/>
				<event id="39" time="13444444440" vehicle="Vehicle 4" move="Paris"/>
				<event id="40" time="14255555552" vehicle="Vehicle 6" deliver="13"/>
				<event id="41" time="14344444437" vehicle="Vehicle 5" deliver="2"/>
				<event id="42" time="14555555552" vehicle="Vehicle 6" move="Monaco"/>
				<event id="43" time="14644444437" vehicle="Vehicle 5" pickup="19"/>
				<event id="44" time="14944444437" vehicle="Vehicle 5" move="Bordeaux"/>
				<event id="45" time="15799999996" vehicle="Vehicle 1" move="Marseille"/>
				<event id="46" time="16455555553" vehicle="Vehicle 3" move="Monaco"/>
				<event id="47" time="17055555551" vehicle="Vehicle 6" pickup="29"/>
				<event id="48" time="17355555551" vehicle="Vehicle 6" deliver="12"/>
				<event id="49" time="17655555551" vehicle="Vehicle 6" pickup="23"/>
				<event id="50" time="17955555551" vehicle="Vehicle 6" pickup="36"/>
				<event id="51" time="18255555550" vehicle="Vehicle 6" move="Marseille"/>
				<event id="52" time="18855555550" vehicle="Vehicle 4" move="Brest"/>
				<event id="53" time="18955555552" vehicle="Vehicle 3" deliver="9"/>
				<event id="54" time="19255555551" vehicle="Vehicle 3" deliver="5"/>
				<event id="55" time="19555555551" vehicle="Vehicle 3" pickup="34"/>
				<event id="56" time="19855555551" vehicle="Vehicle 3" pickup="18"/>
				<event id="57" time="20155555550" vehicle="Vehicle 3" pickup="20"/>
				<event id="58" time="20455555550" vehicle="Vehicle 3" move="Genève"/>
				<event id="59" time="20755555549" vehicle="Vehicle 6" move="Lyon"/>
				<event id="60" time="21066666662" vehicle="Vehicle 1" deliver="35"/>
				<event id="61" time="21366666662" vehicle="Vehicle 1" move="Monaco"/>
				<event id="62" time="21433333325" vehicle="Vehicle 5" deliver="33"/>
				<event id="63" time="21733333325" vehicle="Vehicle 5" pickup="39"/>
				<event id="64" time="22033333324" vehicle="Vehicle 5" deliver="17"/>
				<event id="65" time="22333333324" vehicle="Vehicle 5" pickup="21"/>
				<event id="66" time="22633333324" vehicle="Vehicle 5" move="Marseille"/>
				<event id="67" time="24266666659" vehicle="Vehicle 6" deliver="29"/>
				<event id="68" time="24566666659" vehicle="Vehicle 6" deliver="36"/>
				<event id="69" time="24866666659" vehicle="Vehicle 6" move="Paris"/>
				<event id="70" time="25116666661" vehicle="Vehicle 1" deliver="1"/>
				<event id="71" time="25416666661" vehicle="Vehicle 1" deliver="10"/>
				<event id="72" time="25422222216" vehicle="Vehicle 4" pickup="8"/>
				<event id="73" time="25722222216" vehicle="Vehicle 4" deliver="26"/>
				<event id="74" time="26022222215" vehicle="Vehicle 4" pickup="24"/>
				<event id="75" time="26244444438" vehicle="Vehicle 3" deliver="18"/>
				<event id="76" time="26322222215" vehicle="Vehicle 4" move="Paris"/>
				<event id="77" time="26544444438" vehicle="Vehicle 3" move="Lyon"/>
				<event id="78" time="28199999993" vehicle="Vehicle 3" deliver="3"/>
				<event id="79" time="28499999993" vehicle="Vehicle 3" move="Marseille"/>
				<event id="80" time="29811111101" vehicle="Vehicle 5" deliver="21"/>
				<event id="81" time="30044444436" vehicle="Vehicle 6" move="Le Havre"/>
				<event id="82" time="30111111100" vehicle="Vehicle 5" move="Monaco"/>
				<event id="83" time="32011111104" vehicle="Vehicle 3" pickup="32"/>
				<event id="84" time="32222222213" vehicle="Vehicle 6" pickup="14"/>
				<event id="85" time="32311111104" vehicle="Vehicle 3" pickup="11"/>
				<event id="86" time="32522222213" vehicle="Vehicle 6" deliver="16"/>
				<event id="87" time="32611111099" vehicle="Vehicle 5" pickup="15"/>
				<event id="88" time="32611111104" vehicle="Vehicle 3" move="Bordeaux"/>
				<event id="89" time="32822222213" vehicle="Vehicle 6" deliver="23"/>
				<event id="90" time="32888888880" vehicle="Vehicle 4" deliver="38"/>
				<event id="91" time="32911111099" vehicle="Vehicle 5" deliver="19"/>
				<event id="92" time="33122222212" vehicle="Vehicle 6" move="Paris"/>
				<event id="93" time="33188888879" vehicle="Vehicle 4" move="Le Havre"/>
				<event id="94" time="33211111098" vehicle="Vehicle 5" pickup="28"/>
				<event id="95" time="33511111098" vehicle="Vehicle 5" move="Genève"/>
				<event id="96" time="35299999989" vehicle="Vehicle 6" pickup="37"/>
				<event id="97" time="35366666656" vehicle="Vehicle 4" deliver="24"/>
				<event id="98" time="35599999989" vehicle="Vehicle 6" move="Strasbourg"/>
				<event id="99" time="35666666656" vehicle="Vehicle 4" deliver="8"/>
				<event id="100" time="39299999986" vehicle="Vehicle 5" deliver="28"/>
				<event id="101" time="39599999986" vehicle="Vehicle 5" deliver="15"/>
				<event id="102" time="39788888880" vehicle="Vehicle 3" deliver="25"/>
				<event id="103" time="39899999986" vehicle="Vehicle 5" deliver="39"/>
				<event id="104" time="40088888879" vehicle="Vehicle 3" deliver="11"/>
				<event id="105" time="40388888879" vehicle="Vehicle 3" move="Paris"/>
				<event id="106" time="41011111100" vehicle="Vehicle 6" deliver="37"/>
				<event id="107" time="41311111100" vehicle="Vehicle 6" deliver="14"/>
				<event id="108" time="46877777767" vehicle="Vehicle 3" move="Brest"/>
				<event id="109" time="53444444433" vehicle="Vehicle 3" pickup="4"/>
				<event id="110" time="53744444433" vehicle="Vehicle 3" pickup="30"/>
				<event id="111" time="54044444432" vehicle="Vehicle 3" deliver="20"/>
				<event id="112" time="54344444432" vehicle="Vehicle 3" deliver="32"/>
				<event id="113" time="54644444432" vehicle="Vehicle 3" pickup="22"/>
				<event id="114" time="54944444432" vehicle="Vehicle 3" deliver="34"/>
				<event id="115" time="55244444431" vehicle="Vehicle 3" move="Paris"/>
				<event id="116" time="61811111097" vehicle="Vehicle 3" pickup="0"/>
				<event id="117" time="62111111096" vehicle="Vehicle 3" move="Strasbourg"/>
				<event id="118" time="67522222206" vehicle="Vehicle 3" deliver="4"/>
				<event id="119" time="67822222206" vehicle="Vehicle 3" move="Genève"/>
				<event id="120" time="72144444427" vehicle="Vehicle 3" move="Lyon"/>
				<event id="121" time="73799999982" vehicle="Vehicle 3" pickup="6"/>
				<event id="122" time="74099999982" vehicle="Vehicle 3" move="Marseille"/>
				<event id="123" time="77611111093" vehicle="Vehicle 3" deliver="22"/>
				<event id="124" time="77911111093" vehicle="Vehicle 3" move="Monaco"/>
				<event id="125" time="80411111092" vehicle="Vehicle 3" deliver="6"/>
				<event id="126" time="80711111092" vehicle="Vehicle 3" deliver="30"/>
				<event id="127" time="81011111091" vehicle="Vehicle 3" deliver="0"/>
			</events>
		</round>
	</rounds>
	<statistics>
		<stat rank="1" agent="Neutral">
			<total-tasks value="23"/>
			<total-distance value="10928.0"/>
			<total-cost value="54640"/>
			<total-reward value="59746"/>
			<total-profit value="5106"/>
		</stat>
		<stat rank="2" agent="Future">
			<total-tasks value="17"/>
			<total-distance value="6445.0"/>
			<total-cost value="32225"/>
			<total-reward value="23176"/>
			<total-profit value="-9049"/>
		</stat>
	</statistics>
</history>
