<?xml version="1.0" encoding="ISO-8859-1"?>

<history configuration="config/rounds/auction1.xml">
	<agents>
		<agent name="Neutral">
			<vehicle name="Vehicle 1"/>
			<vehicle name="Vehicle 2"/>
		</agent>
		<agent name="Negative">
			<vehicle name="Vehicle 3"/>
			<vehicle name="Vehicle 4"/>
		</agent>
	</agents>
	<rounds>
		<round id="1">
			<tasks>
				<task id="0" pickup="Leeds" delivery="Sheffield" weight="6" reward="1281">
					<bid agent="Neutral" bid="226"/>
					<bid agent="Negative" bid="480"/>
				</task>
				<task id="1" pickup="Liverpool" delivery="Sheffield" weight="7" reward="14258">
					<bid agent="Neutral" bid="345"/>
					<bid agent="Negative" bid="644"/>
				</task>
				<task id="2" pickup="Manchester" delivery="Cardiff" weight="9" reward="31460">
					<bid agent="Neutral" bid="686"/>
					<bid agent="Negative" bid="956"/>
				</task>
				<task id="3" pickup="Manchester" delivery="London" weight="6" reward="31997">
					<bid agent="Neutral" bid="668"/>
					<bid agent="Negative" bid="1052"/>
				</task>
				<task id="4" pickup="Plymouth" delivery="Birmingham" weight="8" reward="58829">
					<bid agent="Neutral" bid="1361"/>
					<bid agent="Negative" bid="1184"/>
				</task>
				<task id="5" pickup="Liverpool" delivery="Norwich" weight="5" reward="58793">
					<bid agent="Neutral" bid="853"/>
					<bid agent="Negative" bid="1020"/>
				</task>
				<task id="6" pickup="Birmingham" delivery="Norwich" weight="8" reward="35595">
					<bid agent="Neutral" bid="407"/>
					<bid agent="Negative" bid="336"/>
				</task>
				<task id="7" pickup="Sheffield" delivery="Manchester" weight="7" reward="20470">
					<bid agent="Neutral" bid="499"/>
					<bid agent="Negative" bid="729"/>
				</task>
				<task id="8" pickup="Liverpool" delivery="Cardiff" weight="6" reward="37671">
					<bid agent="Neutral" bid="468"/>
					<bid agent="Negative" bid="866"/>
				</task>
				<task id="9" pickup="Sheffield" delivery="Norwich" weight="7" reward="51741">
					<bid agent="Neutral" bid="180"/>
					<bid agent="Negative" bid="292"/>
				</task>
				<task id="10" pickup="Portsmouth" delivery="Cardiff" weight="5" reward="48984">
					<bid agent="Neutral" bid="797"/>
					<bid agent="Negative" bid="1167"/>
				</task>
				<task id="11" pickup="Plymouth" delivery="London" weight="7" reward="37707">
					<bid agent="Neutral" bid="736"/>
					<bid agent="Negative" bid="244"/>
				</task>
				<task id="12" pickup="Sheffield" delivery="Norwich" weight="7" reward="51741">
					<bid agent="Neutral" bid="452"/>
					<bid agent="Negative" bid="572"/>
				</task>
				<task id="13" pickup="Newcastle" delivery="Liverpool" weight="9" reward="24497">
					<bid agent="Neutral" bid="590"/>
					<bid agent="Negative" bid="1884"/>
				</task>
				<task id="14" pickup="Cardiff" delivery="Newcastle" weight="8" reward="55643">
					<bid agent="Neutral" bid="1712"/>
					<bid agent="Negative" bid="1888"/>
				</task>
				<task id="15" pickup="Birmingham" delivery="Sheffield" weight="6" reward="10034">
					<bid agent="Neutral" bid="451"/>
					<bid agent="Negative" bid="378"/>
				</task>
				<task id="16" pickup="Newcastle" delivery="Birmingham" weight="5" reward="35058">
					<bid agent="Neutral" bid="349"/>
					<bid agent="Negative" bid="966"/>
				</task>
				<task id="17" pickup="Birmingham" delivery="Plymouth" weight="6" reward="58829">
					<bid agent="Neutral" bid="1811"/>
					<bid agent="Negative" bid="1611"/>
				</task>
				<task id="18" pickup="Cardiff" delivery="Newcastle" weight="8" reward="55643">
					<bid agent="Neutral" bid="637"/>
					<bid agent="Negative" bid="1160"/>
				</task>
				<task id="19" pickup="Leeds" delivery="Sheffield" weight="6" reward="1281">
					<bid agent="Neutral" bid="103"/>
					<bid agent="Negative" bid="145"/>
				</task>
			</tasks>
			<events>
				<event id="0" time="0" vehicle="Vehicle 1" pickup="13"/>
				<event id="1" time="0" vehicle="Vehicle 2" move="Portsmouth"/>
				<event id="2" time="0" vehicle="Vehicle 3" pickup="11"/>
				<event id="3" time="300000000" vehicle="Vehicle 1" pickup="16"/>
				<event id="4" time="300000000" vehicle="Vehicle 3" pickup="4"/>
				<event id="5" time="600000000" vehicle="Vehicle 1" move="Leeds"/>
				<event id="6" time="600000000" vehicle="Vehicle 3" move="Portsmouth"/>
				<event id="7" time="831111111" vehicle="Vehicle 2" pickup="10"/>
				<event id="8" time="1131111110" vehicle="Vehicle 2" move="London"/>
				<event id="9" time="1694444444" vehicle="Vehicle 1" move="Liverpool"/>
				<event id="10" time="1962222221" vehicle="Vehicle 2" move="Birmingham"/>
				<event id="11" time="2488888888" vehicle="Vehicle 3" move="London"/>
				<event id="12" time="2499999999" vehicle="Vehicle 1" pickup="5"/>
				<event id="13" time="2799999999" vehicle="Vehicle 1" pickup="1"/>
				<event id="14" time="3099999999" vehicle="Vehicle 1" move="Manchester"/>
				<event id="15" time="3273333331" vehicle="Vehicle 2" move="Sheffield"/>
				<event id="16" time="3319999999" vehicle="Vehicle 3" deliver="11"/>
				<event id="17" time="3485555554" vehicle="Vehicle 1" pickup="3"/>
				<event id="18" time="3619999999" vehicle="Vehicle 3" move="Birmingham"/>
				<event id="19" time="3785555554" vehicle="Vehicle 1" move="Liverpool"/>
				<event id="20" time="4171111109" vehicle="Vehicle 1" deliver="13"/>
				<event id="21" time="4275555552" vehicle="Vehicle 2" pickup="7"/>
				<event id="22" time="4471111109" vehicle="Vehicle 1" move="Leeds"/>
				<event id="23" time="4575555552" vehicle="Vehicle 2" move="Leeds"/>
				<event id="24" time="4931111110" vehicle="Vehicle 3" pickup="17"/>
				<event id="25" time="5034444440" vehicle="Vehicle 2" move="Liverpool"/>
				<event id="26" time="5231111109" vehicle="Vehicle 3" pickup="15"/>
				<event id="27" time="5276666663" vehicle="Vehicle 1" pickup="19"/>
				<event id="28" time="5531111109" vehicle="Vehicle 3" move="Sheffield"/>
				<event id="29" time="5576666663" vehicle="Vehicle 1" pickup="0"/>
				<event id="30" time="5839999995" vehicle="Vehicle 2" pickup="8"/>
				<event id="31" time="5876666663" vehicle="Vehicle 1" move="Sheffield"/>
				<event id="32" time="6139999995" vehicle="Vehicle 2" move="Manchester"/>
				<event id="33" time="6335555551" vehicle="Vehicle 1" deliver="0"/>
				<event id="34" time="6525555550" vehicle="Vehicle 2" deliver="7"/>
				<event id="35" time="6533333330" vehicle="Vehicle 3" deliver="15"/>
				<event id="36" time="6635555551" vehicle="Vehicle 1" deliver="1"/>
				<event id="37" time="6825555550" vehicle="Vehicle 2" pickup="2"/>
				<event id="38" time="6833333330" vehicle="Vehicle 3" move="Birmingham"/>
				<event id="39" time="6935555551" vehicle="Vehicle 1" pickup="12"/>
				<event id="40" time="7125555549" vehicle="Vehicle 2" move="Birmingham"/>
				<event id="41" time="7235555550" vehicle="Vehicle 1" pickup="9"/>
				<event id="42" time="7535555550" vehicle="Vehicle 1" deliver="19"/>
				<event id="43" time="7835555550" vehicle="Vehicle 1" move="Birmingham"/>
				<event id="44" time="7835555551" vehicle="Vehicle 3" deliver="4"/>
				<event id="45" time="8135555550" vehicle="Vehicle 3" pickup="6"/>
				<event id="46" time="8179999993" vehicle="Vehicle 2" move="Cardiff"/>
				<event id="47" time="8435555550" vehicle="Vehicle 3" move="London"/>
				<event id="48" time="8837777771" vehicle="Vehicle 1" deliver="16"/>
				<event id="49" time="9137777770" vehicle="Vehicle 1" move="London"/>
				<event id="50" time="9457777770" vehicle="Vehicle 2" pickup="18"/>
				<event id="51" time="9746666660" vehicle="Vehicle 3" move="Norwich"/>
				<event id="52" time="9757777770" vehicle="Vehicle 2" deliver="8"/>
				<event id="53" time="10057777769" vehicle="Vehicle 2" deliver="10"/>
				<event id="54" time="10357777769" vehicle="Vehicle 2" pickup="14"/>
				<event id="55" time="10448888880" vehicle="Vehicle 1" deliver="3"/>
				<event id="56" time="10657777769" vehicle="Vehicle 2" deliver="2"/>
				<event id="57" time="10748888880" vehicle="Vehicle 1" move="Norwich"/>
				<event id="58" time="10957777769" vehicle="Vehicle 2" move="Birmingham"/>
				<event id="59" time="11024444437" vehicle="Vehicle 3" deliver="6"/>
				<event id="60" time="11324444437" vehicle="Vehicle 3" move="London"/>
				<event id="61" time="12026666657" vehicle="Vehicle 1" deliver="5"/>
				<event id="62" time="12235555546" vehicle="Vehicle 2" move="Sheffield"/>
				<event id="63" time="12326666657" vehicle="Vehicle 1" deliver="12"/>
				<event id="64" time="12602222214" vehicle="Vehicle 3" move="Portsmouth"/>
				<event id="65" time="12626666657" vehicle="Vehicle 1" deliver="9"/>
				<event id="66" time="13237777767" vehicle="Vehicle 2" move="Leeds"/>
				<event id="67" time="13433333324" vehicle="Vehicle 3" move="Plymouth"/>
				<event id="68" time="13696666655" vehicle="Vehicle 2" move="Newcastle"/>
				<event id="69" time="14791111099" vehicle="Vehicle 2" deliver="18"/>
				<event id="70" time="15091111098" vehicle="Vehicle 2" deliver="14"/>
				<event id="71" time="15322222212" vehicle="Vehicle 3" deliver="17"/>
			</events>
		</round>
	</rounds>
	<statistics>
		<stat rank="1" agent="Neutral">
			<total-tasks value="15"/>
			<total-distance value="1738.6"/>
			<total-cost value="8693"/>
			<total-reward value="8565"/>
			<total-profit value="-128"/>
		</stat>
		<stat rank="2" agent="Negative">
			<total-tasks value="5"/>
			<total-distance value="1136.0"/>
			<total-cost value="5680"/>
			<total-reward value="3753"/>
			<total-profit value="-1927"/>
		</stat>
	</statistics>
</history>
