<?xml version="1.0" encoding="ISO-8859-1"?>

<history configuration="config/rounds/auction2.xml">
	<agents>
		<agent name="Negative">
			<vehicle name="Vehicle 1"/>
			<vehicle name="Vehicle 2"/>
			<vehicle name="Vehicle 3"/>
		</agent>
		<agent name="Neutral">
			<vehicle name="Vehicle 4"/>
			<vehicle name="Vehicle 5"/>
			<vehicle name="Vehicle 6"/>
			<vehicle name="Vehicle 7"/>
		</agent>
	</agents>
	<rounds>
		<round id="1">
			<tasks>
				<task id="0" pickup="Breda" delivery="Almere" weight="27" reward="62791">
					<bid agent="Negative" bid="300"/>
					<bid agent="Neutral" bid="352"/>
				</task>
				<task id="1" pickup="Den Haag" delivery="Groningen" weight="19" reward="8119">
					<bid agent="Negative" bid="531"/>
					<bid agent="Neutral" bid="612"/>
				</task>
				<task id="2" pickup="Apeldoorn" delivery="Den Haag" weight="26" reward="47362">
					<bid agent="Negative" bid="353"/>
					<bid agent="Neutral" bid="418"/>
				</task>
				<task id="3" pickup="Utrecht" delivery="Groningen" weight="12" reward="30020">
					<bid agent="Negative" bid="230"/>
					<bid agent="Neutral" bid="389"/>
				</task>
				<task id="4" pickup="Utrecht" delivery="Amsterdam" weight="24" reward="91775">
					<bid agent="Negative" bid="69"/>
					<bid agent="Neutral" bid="261"/>
				</task>
				<task id="5" pickup="Nijmegen" delivery="Groningen" weight="26" reward="29695">
					<bid agent="Negative" bid="474"/>
					<bid agent="Neutral" bid="572"/>
				</task>
				<task id="6" pickup="Almere" delivery="Utrecht" weight="26" reward="92712">
					<bid agent="Negative" bid="21"/>
					<bid agent="Neutral" bid="313"/>
				</task>
				<task id="7" pickup="Den Haag" delivery="Nijmegen" weight="28" reward="54405">
					<bid agent="Negative" bid="258"/>
					<bid agent="Neutral" bid="264"/>
				</task>
				<task id="8" pickup="Apeldoorn" delivery="Almere" weight="21" reward="77731">
					<bid agent="Negative" bid="135"/>
					<bid agent="Neutral" bid="178"/>
				</task>
				<task id="9" pickup="Apeldoorn" delivery="Den Haag" weight="26" reward="47362">
					<bid agent="Negative" bid="379"/>
					<bid agent="Neutral" bid="485"/>
				</task>
				<task id="10" pickup="Almere" delivery="Eindhoven" weight="12" reward="55300">
					<bid agent="Negative" bid="425"/>
					<bid agent="Neutral" bid="560"/>
				</task>
				<task id="11" pickup="Breda" delivery="Nijmegen" weight="11" reward="71177">
					<bid agent="Negative" bid="262"/>
					<bid agent="Neutral" bid="504"/>
				</task>
				<task id="12" pickup="Rotterdam" delivery="Almere" weight="22" reward="67350">
					<bid agent="Negative" bid="254"/>
					<bid agent="Neutral" bid="237"/>
				</task>
				<task id="13" pickup="Den Haag" delivery="Apeldoorn" weight="17" reward="47362">
					<bid agent="Negative" bid="333"/>
					<bid agent="Neutral" bid="382"/>
				</task>
				<task id="14" pickup="Eindhoven" delivery="Nijmegen" weight="28" reward="81761">
					<bid agent="Negative" bid="110"/>
					<bid agent="Neutral" bid="490"/>
				</task>
				<task id="15" pickup="Rotterdam" delivery="Apeldoorn" weight="16" reward="57702">
					<bid agent="Negative" bid="187"/>
					<bid agent="Neutral" bid="474"/>
				</task>
				<task id="16" pickup="Amsterdam" delivery="Breda" weight="23" reward="61855">
					<bid agent="Negative" bid="368"/>
					<bid agent="Neutral" bid="390"/>
				</task>
				<task id="17" pickup="Apeldoorn" delivery="Den Haag" weight="26" reward="47362">
					<bid agent="Negative" bid="427"/>
					<bid agent="Neutral" bid="437"/>
				</task>
				<task id="18" pickup="Almere" delivery="Rotterdam" weight="25" reward="67350">
					<bid agent="Negative" bid="334"/>
					<bid agent="Neutral" bid="574"/>
				</task>
				<task id="19" pickup="Eindhoven" delivery="Breda" weight="15" reward="85018">
					<bid agent="Negative" bid="239"/>
					<bid agent="Neutral" bid="460"/>
				</task>
				<task id="20" pickup="Amsterdam" delivery="Nijmegen" weight="20" reward="56603">
					<bid agent="Negative" bid="633"/>
					<bid agent="Neutral" bid="440"/>
				</task>
				<task id="21" pickup="Breda" delivery="Nijmegen" weight="11" reward="71177">
					<bid agent="Negative" bid="253"/>
					<bid agent="Neutral" bid="192"/>
				</task>
				<task id="22" pickup="Eindhoven" delivery="Groningen" weight="27" reward="1117">
					<bid agent="Negative" bid="1340"/>
					<bid agent="Neutral" bid="805"/>
				</task>
				<task id="23" pickup="Amsterdam" delivery="Nijmegen" weight="20" reward="56603">
					<bid agent="Negative" bid="449"/>
					<bid agent="Neutral" bid="213"/>
				</task>
				<task id="24" pickup="Groningen" delivery="Amsterdam" weight="15" reward="34661">
					<bid agent="Negative" bid="927"/>
					<bid agent="Neutral" bid="717"/>
				</task>
				<task id="25" pickup="Den Haag" delivery="Groningen" weight="19" reward="8119">
					<bid agent="Negative" bid="474"/>
					<bid agent="Neutral" bid="375"/>
				</task>
				<task id="26" pickup="Eindhoven" delivery="Rotterdam" weight="15" reward="65233">
					<bid agent="Negative" bid="102"/>
					<bid agent="Neutral" bid="234"/>
				</task>
				<task id="27" pickup="Groningen" delivery="Amsterdam" weight="15" reward="34661">
					<bid agent="Negative" bid="239"/>
					<bid agent="Neutral" bid="405"/>
				</task>
				<task id="28" pickup="Utrecht" delivery="Almere" weight="23" reward="92712">
					<bid agent="Negative" bid="155"/>
					<bid agent="Neutral" bid="339"/>
				</task>
				<task id="29" pickup="Utrecht" delivery="Breda" weight="29" reward="80418">
					<bid agent="Negative" bid="314"/>
					<bid agent="Neutral" bid="558"/>
				</task>
			</tasks>
			<events>
				<event id="0" time="0" vehicle="Vehicle 1" move="Almere"/>
				<event id="1" time="0" vehicle="Vehicle 2" pickup="26"/>
				<event id="2" time="0" vehicle="Vehicle 3" pickup="3"/>
				<event id="3" time="0" vehicle="Vehicle 4" pickup="25"/>
				<event id="4" time="300000000" vehicle="Vehicle 2" pickup="19"/>
				<event id="5" time="300000000" vehicle="Vehicle 3" move="Rotterdam"/>
				<event id="6" time="300000000" vehicle="Vehicle 4" move="Rotterdam"/>
				<event id="7" time="531666666" vehicle="Vehicle 1" pickup="10"/>
				<event id="8" time="582222222" vehicle="Vehicle 4" pickup="12"/>
				<event id="9" time="600000000" vehicle="Vehicle 2" move="Breda"/>
				<event id="10" time="831666666" vehicle="Vehicle 1" pickup="6"/>
				<event id="11" time="882222222" vehicle="Vehicle 4" move="Breda"/>
				<event id="12" time="992222222" vehicle="Vehicle 3" move="Den Haag"/>
				<event id="13" time="1131666665" vehicle="Vehicle 1" move="Utrecht"/>
				<event id="14" time="1274444443" vehicle="Vehicle 3" pickup="1"/>
				<event id="15" time="1291111111" vehicle="Vehicle 2" pickup="0"/>
				<event id="16" time="1422222221" vehicle="Vehicle 4" pickup="21"/>
				<event id="17" time="1574444443" vehicle="Vehicle 3" pickup="7"/>
				<event id="18" time="1591111111" vehicle="Vehicle 2" deliver="19"/>
				<event id="19" time="1722222221" vehicle="Vehicle 4" move="Eindhoven"/>
				<event id="20" time="1853333331" vehicle="Vehicle 1" pickup="29"/>
				<event id="21" time="1874444443" vehicle="Vehicle 3" pickup="13"/>
				<event id="22" time="1891111111" vehicle="Vehicle 2" move="Utrecht"/>
				<event id="23" time="2153333330" vehicle="Vehicle 1" deliver="6"/>
				<event id="24" time="2174444442" vehicle="Vehicle 3" move="Rotterdam"/>
				<event id="25" time="2413333331" vehicle="Vehicle 4" pickup="22"/>
				<event id="26" time="2453333330" vehicle="Vehicle 1" pickup="4"/>
				<event id="27" time="2456666664" vehicle="Vehicle 3" move="Nijmegen"/>
				<event id="28" time="2707777776" vehicle="Vehicle 2" pickup="28"/>
				<event id="29" time="2713333331" vehicle="Vehicle 4" move="Nijmegen"/>
				<event id="30" time="2753333330" vehicle="Vehicle 1" move="Amsterdam"/>
				<event id="31" time="3007777775" vehicle="Vehicle 2" move="Almere"/>
				<event id="32" time="3488888886" vehicle="Vehicle 2" deliver="28"/>
				<event id="33" time="3493333330" vehicle="Vehicle 4" move="Apeldoorn"/>
				<event id="34" time="3513333329" vehicle="Vehicle 1" deliver="4"/>
				<event id="35" time="3701111108" vehicle="Vehicle 3" deliver="7"/>
				<event id="36" time="3788888886" vehicle="Vehicle 2" pickup="18"/>
				<event id="37" time="3813333329" vehicle="Vehicle 1" pickup="16"/>
				<event id="38" time="4001111107" vehicle="Vehicle 3" pickup="5"/>
				<event id="39" time="4088888885" vehicle="Vehicle 2" deliver="0"/>
				<event id="40" time="4113333328" vehicle="Vehicle 1" move="Den Haag"/>
				<event id="41" time="4127777773" vehicle="Vehicle 4" move="Groningen"/>
				<event id="42" time="4301111107" vehicle="Vehicle 3" move="Apeldoorn"/>
				<event id="43" time="4388888885" vehicle="Vehicle 2" move="Utrecht"/>
				<event id="44" time="4869999996" vehicle="Vehicle 2" move="Rotterdam"/>
				<event id="45" time="4935555551" vehicle="Vehicle 3" move="Groningen"/>
				<event id="46" time="5199999994" vehicle="Vehicle 1" move="Rotterdam"/>
				<event id="47" time="5562222218" vehicle="Vehicle 2" deliver="26"/>
				<event id="48" time="5623333327" vehicle="Vehicle 1" pickup="15"/>
				<event id="49" time="5694444439" vehicle="Vehicle 4" deliver="22"/>
				<event id="50" time="5862222218" vehicle="Vehicle 2" deliver="18"/>
				<event id="51" time="5923333327" vehicle="Vehicle 1" move="Breda"/>
				<event id="52" time="5994444439" vehicle="Vehicle 4" pickup="24"/>
				<event id="53" time="6294444438" vehicle="Vehicle 4" deliver="25"/>
				<event id="54" time="6502222217" vehicle="Vehicle 3" deliver="3"/>
				<event id="55" time="6594444438" vehicle="Vehicle 4" move="Almere"/>
				<event id="56" time="6733333326" vehicle="Vehicle 1" deliver="29"/>
				<event id="57" time="6802222217" vehicle="Vehicle 3" pickup="27"/>
				<event id="58" time="7033333325" vehicle="Vehicle 1" pickup="11"/>
				<event id="59" time="7102222216" vehicle="Vehicle 3" deliver="1"/>
				<event id="60" time="7333333325" vehicle="Vehicle 1" deliver="16"/>
				<event id="61" time="7402222216" vehicle="Vehicle 3" deliver="5"/>
				<event id="62" time="7633333325" vehicle="Vehicle 1" move="Eindhoven"/>
				<event id="63" time="7702222216" vehicle="Vehicle 3" move="Apeldoorn"/>
				<event id="64" time="8305555548" vehicle="Vehicle 4" deliver="12"/>
				<event id="65" time="8605555548" vehicle="Vehicle 4" move="Amsterdam"/>
				<event id="66" time="8669999991" vehicle="Vehicle 1" pickup="14"/>
				<event id="67" time="8959999992" vehicle="Vehicle 4" pickup="23"/>
				<event id="68" time="8969999991" vehicle="Vehicle 1" deliver="10"/>
				<event id="69" time="9259999992" vehicle="Vehicle 4" pickup="20"/>
				<event id="70" time="9268888881" vehicle="Vehicle 3" pickup="8"/>
				<event id="71" time="9269999991" vehicle="Vehicle 1" move="Nijmegen"/>
				<event id="72" time="9559999992" vehicle="Vehicle 4" deliver="24"/>
				<event id="73" time="9568888881" vehicle="Vehicle 3" deliver="13"/>
				<event id="74" time="9859999992" vehicle="Vehicle 4" move="Utrecht"/>
				<event id="75" time="9868888881" vehicle="Vehicle 3" move="Almere"/>
				<event id="76" time="10366666658" vehicle="Vehicle 4" move="Nijmegen"/>
				<event id="77" time="10439999991" vehicle="Vehicle 1" deliver="11"/>
				<event id="78" time="10739999991" vehicle="Vehicle 1" deliver="14"/>
				<event id="79" time="10758888880" vehicle="Vehicle 3" deliver="8"/>
				<event id="80" time="11039999991" vehicle="Vehicle 1" move="Apeldoorn"/>
				<event id="81" time="11058888879" vehicle="Vehicle 3" move="Amsterdam"/>
				<event id="82" time="11326666657" vehicle="Vehicle 4" deliver="23"/>
				<event id="83" time="11413333323" vehicle="Vehicle 3" deliver="27"/>
				<event id="84" time="11626666657" vehicle="Vehicle 4" deliver="21"/>
				<event id="85" time="11926666657" vehicle="Vehicle 4" deliver="20"/>
				<event id="86" time="11991666657" vehicle="Vehicle 1" pickup="17"/>
				<event id="87" time="12291666656" vehicle="Vehicle 1" pickup="2"/>
				<event id="88" time="12591666656" vehicle="Vehicle 1" deliver="15"/>
				<event id="89" time="12891666656" vehicle="Vehicle 1" pickup="9"/>
				<event id="90" time="13191666655" vehicle="Vehicle 1" move="Utrecht"/>
				<event id="91" time="14308333321" vehicle="Vehicle 1" move="Rotterdam"/>
				<event id="92" time="15346666653" vehicle="Vehicle 1" move="Den Haag"/>
				<event id="93" time="15769999986" vehicle="Vehicle 1" deliver="2"/>
				<event id="94" time="16069999986" vehicle="Vehicle 1" deliver="9"/>
				<event id="95" time="16369999986" vehicle="Vehicle 1" deliver="17"/>
			</events>
		</round>
	</rounds>
	<statistics>
		<stat rank="1" agent="Neutral">
			<total-tasks value="7"/>
			<total-distance value="722.4"/>
			<total-cost value="3612"/>
			<total-reward value="2979"/>
			<total-profit value="-633"/>
		</stat>
		<stat rank="2" agent="Negative">
			<total-tasks value="23"/>
			<total-distance value="1565.0"/>
			<total-cost value="7825"/>
			<total-reward value="6245"/>
			<total-profit value="-1580"/>
		</stat>
	</statistics>
</history>
