<?xml version="1.0" encoding="ISO-8859-1"?>

<history configuration="config/rounds/auction2.xml">
	<agents>
		<agent name="Future">
			<vehicle name="Vehicle 1"/>
			<vehicle name="Vehicle 2"/>
			<vehicle name="Vehicle 3"/>
		</agent>
		<agent name="Positive">
			<vehicle name="Vehicle 4"/>
			<vehicle name="Vehicle 5"/>
			<vehicle name="Vehicle 6"/>
			<vehicle name="Vehicle 7"/>
		</agent>
	</agents>
	<rounds>
		<round id="1">
			<tasks>
				<task id="0" pickup="Breda" delivery="Almere" weight="27" reward="62791">
					<bid agent="Future" bid="425"/>
					<bid agent="Positive" bid="419"/>
				</task>
				<task id="1" pickup="Den Haag" delivery="Groningen" weight="19" reward="8119">
					<bid agent="Future" bid="925"/>
					<bid agent="Positive" bid="652"/>
				</task>
				<task id="2" pickup="Apeldoorn" delivery="Den Haag" weight="26" reward="47362">
					<bid agent="Future" bid="593"/>
					<bid agent="Positive" bid="459"/>
				</task>
				<task id="3" pickup="Utrecht" delivery="Groningen" weight="12" reward="30020">
					<bid agent="Future" bid="399"/>
					<bid agent="Positive" bid="359"/>
				</task>
				<task id="4" pickup="Utrecht" delivery="Amsterdam" weight="24" reward="91775">
					<bid agent="Future" bid="190"/>
					<bid agent="Positive" bid="220"/>
				</task>
				<task id="5" pickup="Nijmegen" delivery="Groningen" weight="26" reward="29695">
					<bid agent="Future" bid="798"/>
					<bid agent="Positive" bid="569"/>
				</task>
				<task id="6" pickup="Almere" delivery="Utrecht" weight="26" reward="92712">
					<bid agent="Future" bid="160"/>
					<bid agent="Positive" bid="128"/>
				</task>
				<task id="7" pickup="Den Haag" delivery="Nijmegen" weight="28" reward="54405">
					<bid agent="Future" bid="606"/>
					<bid agent="Positive" bid="457"/>
				</task>
				<task id="8" pickup="Apeldoorn" delivery="Almere" weight="21" reward="77731">
					<bid agent="Future" bid="320"/>
					<bid agent="Positive" bid="324"/>
				</task>
				<task id="9" pickup="Apeldoorn" delivery="Den Haag" weight="26" reward="47362">
					<bid agent="Future" bid="188"/>
					<bid agent="Positive" bid="221"/>
				</task>
				<task id="10" pickup="Almere" delivery="Eindhoven" weight="12" reward="55300">
					<bid agent="Future" bid="534"/>
					<bid agent="Positive" bid="633"/>
				</task>
				<task id="11" pickup="Breda" delivery="Nijmegen" weight="11" reward="71177">
					<bid agent="Future" bid="274"/>
					<bid agent="Positive" bid="325"/>
				</task>
				<task id="12" pickup="Rotterdam" delivery="Almere" weight="22" reward="67350">
					<bid agent="Future" bid="507"/>
					<bid agent="Positive" bid="566"/>
				</task>
				<task id="13" pickup="Den Haag" delivery="Apeldoorn" weight="17" reward="47362">
					<bid agent="Future" bid="50"/>
					<bid agent="Positive" bid="271"/>
				</task>
				<task id="14" pickup="Eindhoven" delivery="Nijmegen" weight="28" reward="81761">
					<bid agent="Future" bid="281"/>
					<bid agent="Positive" bid="405"/>
				</task>
				<task id="15" pickup="Rotterdam" delivery="Apeldoorn" weight="16" reward="57702">
					<bid agent="Future" bid="203"/>
					<bid agent="Positive" bid="230"/>
				</task>
				<task id="16" pickup="Amsterdam" delivery="Breda" weight="23" reward="61855">
					<bid agent="Future" bid="246"/>
					<bid agent="Positive" bid="230"/>
				</task>
				<task id="17" pickup="Apeldoorn" delivery="Den Haag" weight="26" reward="47362">
					<bid agent="Future" bid="202"/>
					<bid agent="Positive" bid="241"/>
				</task>
				<task id="18" pickup="Almere" delivery="Rotterdam" weight="25" reward="67350">
					<bid agent="Future" bid="195"/>
					<bid agent="Positive" bid="173"/>
				</task>
				<task id="19" pickup="Eindhoven" delivery="Breda" weight="15" reward="85018">
					<bid agent="Future" bid="455"/>
					<bid agent="Positive" bid="538"/>
				</task>
				<task id="20" pickup="Amsterdam" delivery="Nijmegen" weight="20" reward="56603">
					<bid agent="Future" bid="224"/>
					<bid agent="Positive" bid="468"/>
				</task>
				<task id="21" pickup="Breda" delivery="Nijmegen" weight="11" reward="71177">
					<bid agent="Future" bid="258"/>
					<bid agent="Positive" bid="268"/>
				</task>
				<task id="22" pickup="Eindhoven" delivery="Groningen" weight="27" reward="1117">
					<bid agent="Future" bid="1885"/>
					<bid agent="Positive" bid="1380"/>
				</task>
				<task id="23" pickup="Amsterdam" delivery="Nijmegen" weight="20" reward="56603">
					<bid agent="Future" bid="556"/>
					<bid agent="Positive" bid="268"/>
				</task>
				<task id="24" pickup="Groningen" delivery="Amsterdam" weight="15" reward="34661">
					<bid agent="Future" bid="1129"/>
					<bid agent="Positive" bid="699"/>
				</task>
				<task id="25" pickup="Den Haag" delivery="Groningen" weight="19" reward="8119">
					<bid agent="Future" bid="856"/>
					<bid agent="Positive" bid="734"/>
				</task>
				<task id="26" pickup="Eindhoven" delivery="Rotterdam" weight="15" reward="65233">
					<bid agent="Future" bid="424"/>
					<bid agent="Positive" bid="556"/>
				</task>
				<task id="27" pickup="Groningen" delivery="Amsterdam" weight="15" reward="34661">
					<bid agent="Future" bid="797"/>
					<bid agent="Positive" bid="1058"/>
				</task>
				<task id="28" pickup="Utrecht" delivery="Almere" weight="23" reward="92712">
					<bid agent="Future" bid="209"/>
					<bid agent="Positive" bid="199"/>
				</task>
				<task id="29" pickup="Utrecht" delivery="Breda" weight="29" reward="80418">
					<bid agent="Future" bid="149"/>
					<bid agent="Positive" bid="164"/>
				</task>
			</tasks>
			<events>
				<event id="0" time="0" vehicle="Vehicle 1" pickup="20"/>
				<event id="1" time="0" vehicle="Vehicle 3" pickup="4"/>
				<event id="2" time="0" vehicle="Vehicle 5" pickup="2"/>
				<event id="3" time="0" vehicle="Vehicle 6" pickup="24"/>
				<event id="4" time="300000000" vehicle="Vehicle 1" move="Almere"/>
				<event id="5" time="300000000" vehicle="Vehicle 3" move="Rotterdam"/>
				<event id="6" time="300000000" vehicle="Vehicle 5" move="Amsterdam"/>
				<event id="7" time="300000000" vehicle="Vehicle 6" move="Almere"/>
				<event id="8" time="831666666" vehicle="Vehicle 1" pickup="10"/>
				<event id="9" time="992222222" vehicle="Vehicle 3" pickup="15"/>
				<event id="10" time="1131666665" vehicle="Vehicle 1" move="Utrecht"/>
				<event id="11" time="1292222221" vehicle="Vehicle 3" pickup="12"/>
				<event id="12" time="1302222222" vehicle="Vehicle 5" pickup="16"/>
				<event id="13" time="1592222221" vehicle="Vehicle 3" move="Den Haag"/>
				<event id="14" time="1602222222" vehicle="Vehicle 5" pickup="23"/>
				<event id="15" time="1853333331" vehicle="Vehicle 1" pickup="29"/>
				<event id="16" time="1874444443" vehicle="Vehicle 3" pickup="13"/>
				<event id="17" time="1902222222" vehicle="Vehicle 5" move="Den Haag"/>
				<event id="18" time="2011111111" vehicle="Vehicle 6" pickup="6"/>
				<event id="19" time="2153333330" vehicle="Vehicle 1" move="Eindhoven"/>
				<event id="20" time="2174444442" vehicle="Vehicle 3" move="Amsterdam"/>
				<event id="21" time="2311111111" vehicle="Vehicle 6" pickup="18"/>
				<event id="22" time="2611111111" vehicle="Vehicle 6" move="Amsterdam"/>
				<event id="23" time="2626666665" vehicle="Vehicle 5" deliver="2"/>
				<event id="24" time="2898888886" vehicle="Vehicle 3" deliver="4"/>
				<event id="25" time="2926666665" vehicle="Vehicle 5" pickup="7"/>
				<event id="26" time="2965555555" vehicle="Vehicle 6" deliver="24"/>
				<event id="27" time="3198888885" vehicle="Vehicle 3" move="Almere"/>
				<event id="28" time="3226666664" vehicle="Vehicle 5" move="Rotterdam"/>
				<event id="29" time="3265555554" vehicle="Vehicle 6" move="Utrecht"/>
				<event id="30" time="3508888886" vehicle="Vehicle 5" move="Breda"/>
				<event id="31" time="3553333329" vehicle="Vehicle 3" deliver="12"/>
				<event id="32" time="3684999996" vehicle="Vehicle 1" pickup="26"/>
				<event id="33" time="3772222220" vehicle="Vehicle 6" pickup="3"/>
				<event id="34" time="3853333329" vehicle="Vehicle 3" move="Apeldoorn"/>
				<event id="35" time="3984999996" vehicle="Vehicle 1" deliver="10"/>
				<event id="36" time="4048888885" vehicle="Vehicle 5" deliver="16"/>
				<event id="37" time="4072222219" vehicle="Vehicle 6" deliver="6"/>
				<event id="38" time="4284999996" vehicle="Vehicle 1" pickup="19"/>
				<event id="39" time="4348888885" vehicle="Vehicle 5" pickup="0"/>
				<event id="40" time="4372222219" vehicle="Vehicle 6" pickup="28"/>
				<event id="41" time="4584999996" vehicle="Vehicle 1" move="Breda"/>
				<event id="42" time="4648888885" vehicle="Vehicle 5" move="Nijmegen"/>
				<event id="43" time="4672222219" vehicle="Vehicle 6" move="Rotterdam"/>
				<event id="44" time="4743333328" vehicle="Vehicle 3" pickup="9"/>
				<event id="45" time="5043333327" vehicle="Vehicle 3" pickup="8"/>
				<event id="46" time="5343333327" vehicle="Vehicle 3" deliver="13"/>
				<event id="47" time="5364444440" vehicle="Vehicle 6" deliver="18"/>
				<event id="48" time="5621666662" vehicle="Vehicle 1" deliver="29"/>
				<event id="49" time="5643333327" vehicle="Vehicle 3" deliver="15"/>
				<event id="50" time="5664444440" vehicle="Vehicle 6" move="Den Haag"/>
				<event id="51" time="5717777773" vehicle="Vehicle 5" deliver="7"/>
				<event id="52" time="5921666662" vehicle="Vehicle 1" pickup="21"/>
				<event id="53" time="5943333327" vehicle="Vehicle 3" pickup="17"/>
				<event id="54" time="5946666662" vehicle="Vehicle 6" pickup="1"/>
				<event id="55" time="6017777772" vehicle="Vehicle 5" pickup="5"/>
				<event id="56" time="6221666661" vehicle="Vehicle 1" pickup="11"/>
				<event id="57" time="6243333326" vehicle="Vehicle 3" move="Almere"/>
				<event id="58" time="6246666661" vehicle="Vehicle 6" pickup="25"/>
				<event id="59" time="6317777772" vehicle="Vehicle 5" deliver="23"/>
				<event id="60" time="6521666661" vehicle="Vehicle 1" move="Rotterdam"/>
				<event id="61" time="6546666661" vehicle="Vehicle 6" move="Amsterdam"/>
				<event id="62" time="6617777772" vehicle="Vehicle 5" move="Eindhoven"/>
				<event id="63" time="7133333325" vehicle="Vehicle 3" deliver="8"/>
				<event id="64" time="7271111105" vehicle="Vehicle 6" move="Almere"/>
				<event id="65" time="7331666660" vehicle="Vehicle 1" deliver="26"/>
				<event id="66" time="7397777771" vehicle="Vehicle 5" pickup="22"/>
				<event id="67" time="7433333325" vehicle="Vehicle 3" move="Groningen"/>
				<event id="68" time="7625555549" vehicle="Vehicle 6" deliver="28"/>
				<event id="69" time="7631666660" vehicle="Vehicle 1" move="Breda"/>
				<event id="70" time="7697777771" vehicle="Vehicle 5" move="Utrecht"/>
				<event id="71" time="7925555549" vehicle="Vehicle 6" move="Groningen"/>
				<event id="72" time="8441666659" vehicle="Vehicle 1" deliver="19"/>
				<event id="73" time="8718888881" vehicle="Vehicle 5" move="Almere"/>
				<event id="74" time="8741666659" vehicle="Vehicle 1" move="Eindhoven"/>
				<event id="75" time="9144444435" vehicle="Vehicle 3" pickup="27"/>
				<event id="76" time="9199999992" vehicle="Vehicle 5" deliver="0"/>
				<event id="77" time="9444444435" vehicle="Vehicle 3" move="Almere"/>
				<event id="78" time="9499999992" vehicle="Vehicle 5" move="Groningen"/>
				<event id="79" time="9636666659" vehicle="Vehicle 6" deliver="1"/>
				<event id="80" time="9778333325" vehicle="Vehicle 1" pickup="14"/>
				<event id="81" time="9936666659" vehicle="Vehicle 6" deliver="25"/>
				<event id="82" time="10078333324" vehicle="Vehicle 1" move="Nijmegen"/>
				<event id="83" time="10236666658" vehicle="Vehicle 6" deliver="3"/>
				<event id="84" time="11155555545" vehicle="Vehicle 3" move="Amsterdam"/>
				<event id="85" time="11211111103" vehicle="Vehicle 5" deliver="22"/>
				<event id="86" time="11248333323" vehicle="Vehicle 1" deliver="21"/>
				<event id="87" time="11509999989" vehicle="Vehicle 3" deliver="27"/>
				<event id="88" time="11511111103" vehicle="Vehicle 5" deliver="5"/>
				<event id="89" time="11548333323" vehicle="Vehicle 1" deliver="11"/>
				<event id="90" time="11809999989" vehicle="Vehicle 3" move="Den Haag"/>
				<event id="91" time="11848333323" vehicle="Vehicle 1" deliver="14"/>
				<event id="92" time="12148333322" vehicle="Vehicle 1" deliver="20"/>
				<event id="93" time="12534444433" vehicle="Vehicle 3" deliver="17"/>
				<event id="94" time="12834444433" vehicle="Vehicle 3" deliver="9"/>
			</events>
		</round>
	</rounds>
	<statistics>
		<stat rank="1" agent="Positive">
			<total-tasks value="14"/>
			<total-distance value="1255.3"/>
			<total-cost value="6277"/>
			<total-reward value="6726"/>
			<total-profit value="449"/>
		</stat>
		<stat rank="2" agent="Future">
			<total-tasks value="16"/>
			<total-distance value="1209.0"/>
			<total-cost value="6045"/>
			<total-reward value="5056"/>
			<total-profit value="-989"/>
		</stat>
	</statistics>
</history>
