<?xml version="1.0" encoding="ISO-8859-1"?>

<history configuration="config/rounds/auction1.xml">
	<agents>
		<agent name="Positive">
			<vehicle name="Vehicle 1"/>
			<vehicle name="Vehicle 2"/>
		</agent>
		<agent name="Negative">
			<vehicle name="Vehicle 3"/>
			<vehicle name="Vehicle 4"/>
		</agent>
	</agents>
	<rounds>
		<round id="1">
			<tasks>
				<task id="0" pickup="Leeds" delivery="Sheffield" weight="6" reward="1281">
					<bid agent="Positive" bid="287"/>
					<bid agent="Negative" bid="480"/>
				</task>
				<task id="1" pickup="Liverpool" delivery="Sheffield" weight="7" reward="14258">
					<bid agent="Positive" bid="412"/>
					<bid agent="Negative" bid="644"/>
				</task>
				<task id="2" pickup="Manchester" delivery="Cardiff" weight="9" reward="31460">
					<bid agent="Positive" bid="770"/>
					<bid agent="Negative" bid="956"/>
				</task>
				<task id="3" pickup="Manchester" delivery="London" weight="6" reward="31997">
					<bid agent="Positive" bid="751"/>
					<bid agent="Negative" bid="1052"/>
				</task>
				<task id="4" pickup="Plymouth" delivery="Birmingham" weight="8" reward="58829">
					<bid agent="Positive" bid="1471"/>
					<bid agent="Negative" bid="1145"/>
				</task>
				<task id="5" pickup="Liverpool" delivery="Norwich" weight="5" reward="58793">
					<bid agent="Positive" bid="885"/>
					<bid agent="Negative" bid="1020"/>
				</task>
				<task id="6" pickup="Birmingham" delivery="Norwich" weight="8" reward="35595">
					<bid agent="Positive" bid="477"/>
					<bid agent="Negative" bid="336"/>
				</task>
				<task id="7" pickup="Sheffield" delivery="Manchester" weight="7" reward="20470">
					<bid agent="Positive" bid="494"/>
					<bid agent="Negative" bid="729"/>
				</task>
				<task id="8" pickup="Liverpool" delivery="Cardiff" weight="6" reward="37671">
					<bid agent="Positive" bid="611"/>
					<bid agent="Negative" bid="866"/>
				</task>
				<task id="9" pickup="Sheffield" delivery="Norwich" weight="7" reward="51741">
					<bid agent="Positive" bid="239"/>
					<bid agent="Negative" bid="292"/>
				</task>
				<task id="10" pickup="Portsmouth" delivery="Cardiff" weight="5" reward="48984">
					<bid agent="Positive" bid="1035"/>
					<bid agent="Negative" bid="974"/>
				</task>
				<task id="11" pickup="Plymouth" delivery="London" weight="7" reward="37707">
					<bid agent="Positive" bid="1163"/>
					<bid agent="Negative" bid="957"/>
				</task>
				<task id="12" pickup="Sheffield" delivery="Norwich" weight="7" reward="51741">
					<bid agent="Positive" bid="349"/>
					<bid agent="Negative" bid="1224"/>
				</task>
				<task id="13" pickup="Newcastle" delivery="Liverpool" weight="9" reward="24497">
					<bid agent="Positive" bid="786"/>
					<bid agent="Negative" bid="1562"/>
				</task>
				<task id="14" pickup="Cardiff" delivery="Newcastle" weight="8" reward="55643">
					<bid agent="Positive" bid="2093"/>
					<bid agent="Negative" bid="1005"/>
				</task>
				<task id="15" pickup="Birmingham" delivery="Sheffield" weight="6" reward="10034">
					<bid agent="Positive" bid="50"/>
					<bid agent="Negative" bid="237"/>
				</task>
				<task id="16" pickup="Newcastle" delivery="Birmingham" weight="5" reward="35058">
					<bid agent="Positive" bid="425"/>
					<bid agent="Negative" bid="48"/>
				</task>
				<task id="17" pickup="Birmingham" delivery="Plymouth" weight="6" reward="58829">
					<bid agent="Positive" bid="2279"/>
					<bid agent="Negative" bid="1505"/>
				</task>
				<task id="18" pickup="Cardiff" delivery="Newcastle" weight="8" reward="55643">
					<bid agent="Positive" bid="783"/>
					<bid agent="Negative" bid="382"/>
				</task>
				<task id="19" pickup="Leeds" delivery="Sheffield" weight="6" reward="1281">
					<bid agent="Positive" bid="50"/>
					<bid agent="Negative" bid="48"/>
				</task>
			</tasks>
			<events>
				<event id="0" time="0" vehicle="Vehicle 1" pickup="13"/>
				<event id="1" time="0" vehicle="Vehicle 3" pickup="4"/>
				<event id="2" time="300000000" vehicle="Vehicle 1" move="Leeds"/>
				<event id="3" time="300000000" vehicle="Vehicle 3" pickup="11"/>
				<event id="4" time="600000000" vehicle="Vehicle 3" move="Portsmouth"/>
				<event id="5" time="1394444444" vehicle="Vehicle 1" pickup="0"/>
				<event id="6" time="1694444444" vehicle="Vehicle 1" move="Liverpool"/>
				<event id="7" time="2488888888" vehicle="Vehicle 3" pickup="10"/>
				<event id="8" time="2499999999" vehicle="Vehicle 1" pickup="1"/>
				<event id="9" time="2788888888" vehicle="Vehicle 3" move="London"/>
				<event id="10" time="2799999999" vehicle="Vehicle 1" pickup="8"/>
				<event id="11" time="3099999999" vehicle="Vehicle 1" move="Manchester"/>
				<event id="12" time="3485555554" vehicle="Vehicle 1" pickup="2"/>
				<event id="13" time="3619999999" vehicle="Vehicle 3" deliver="11"/>
				<event id="14" time="3785555554" vehicle="Vehicle 1" move="Birmingham"/>
				<event id="15" time="3919999999" vehicle="Vehicle 3" move="Birmingham"/>
				<event id="16" time="4839999998" vehicle="Vehicle 1" move="Cardiff"/>
				<event id="17" time="5231111110" vehicle="Vehicle 3" deliver="4"/>
				<event id="18" time="5531111110" vehicle="Vehicle 3" move="Cardiff"/>
				<event id="19" time="6117777775" vehicle="Vehicle 1" deliver="8"/>
				<event id="20" time="6417777775" vehicle="Vehicle 1" deliver="2"/>
				<event id="21" time="6717777775" vehicle="Vehicle 1" move="Birmingham"/>
				<event id="22" time="6808888886" vehicle="Vehicle 3" pickup="18"/>
				<event id="23" time="7108888885" vehicle="Vehicle 3" deliver="10"/>
				<event id="24" time="7408888885" vehicle="Vehicle 3" pickup="14"/>
				<event id="25" time="7708888885" vehicle="Vehicle 3" move="Birmingham"/>
				<event id="26" time="7995555552" vehicle="Vehicle 1" pickup="15"/>
				<event id="27" time="8295555551" vehicle="Vehicle 1" move="Sheffield"/>
				<event id="28" time="8986666662" vehicle="Vehicle 3" move="Sheffield"/>
				<event id="29" time="9297777772" vehicle="Vehicle 1" pickup="9"/>
				<event id="30" time="9597777772" vehicle="Vehicle 1" deliver="1"/>
				<event id="31" time="9897777772" vehicle="Vehicle 1" pickup="7"/>
				<event id="32" time="9988888883" vehicle="Vehicle 3" move="Leeds"/>
				<event id="33" time="10197777771" vehicle="Vehicle 1" deliver="0"/>
				<event id="34" time="10447777771" vehicle="Vehicle 3" move="Newcastle"/>
				<event id="35" time="10497777771" vehicle="Vehicle 1" pickup="12"/>
				<event id="36" time="10797777771" vehicle="Vehicle 1" deliver="15"/>
				<event id="37" time="11097777770" vehicle="Vehicle 1" move="Leeds"/>
				<event id="38" time="11542222215" vehicle="Vehicle 3" deliver="18"/>
				<event id="39" time="11556666658" vehicle="Vehicle 1" move="Liverpool"/>
				<event id="40" time="11842222215" vehicle="Vehicle 3" pickup="16"/>
				<event id="41" time="12142222214" vehicle="Vehicle 3" deliver="14"/>
				<event id="42" time="12362222213" vehicle="Vehicle 1" deliver="13"/>
				<event id="43" time="12442222214" vehicle="Vehicle 3" move="Leeds"/>
				<event id="44" time="12662222213" vehicle="Vehicle 1" pickup="5"/>
				<event id="45" time="12962222213" vehicle="Vehicle 1" move="Manchester"/>
				<event id="46" time="13347777767" vehicle="Vehicle 1" deliver="7"/>
				<event id="47" time="13536666657" vehicle="Vehicle 3" pickup="19"/>
				<event id="48" time="13647777767" vehicle="Vehicle 1" pickup="3"/>
				<event id="49" time="13836666657" vehicle="Vehicle 3" move="Sheffield"/>
				<event id="50" time="13947777767" vehicle="Vehicle 1" move="Birmingham"/>
				<event id="51" time="14295555545" vehicle="Vehicle 3" deliver="19"/>
				<event id="52" time="14595555545" vehicle="Vehicle 3" move="Birmingham"/>
				<event id="53" time="15002222211" vehicle="Vehicle 1" move="London"/>
				<event id="54" time="15597777766" vehicle="Vehicle 3" pickup="17"/>
				<event id="55" time="15897777766" vehicle="Vehicle 3" pickup="6"/>
				<event id="56" time="16197777765" vehicle="Vehicle 3" deliver="16"/>
				<event id="57" time="16313333321" vehicle="Vehicle 1" deliver="3"/>
				<event id="58" time="16497777765" vehicle="Vehicle 3" move="London"/>
				<event id="59" time="16613333321" vehicle="Vehicle 1" move="Norwich"/>
				<event id="60" time="17808888875" vehicle="Vehicle 3" move="Norwich"/>
				<event id="61" time="17891111098" vehicle="Vehicle 1" deliver="12"/>
				<event id="62" time="18191111097" vehicle="Vehicle 1" deliver="9"/>
				<event id="63" time="18491111097" vehicle="Vehicle 1" deliver="5"/>
				<event id="64" time="19086666652" vehicle="Vehicle 3" deliver="6"/>
				<event id="65" time="19386666652" vehicle="Vehicle 3" move="London"/>
				<event id="66" time="20664444429" vehicle="Vehicle 3" move="Portsmouth"/>
				<event id="67" time="21495555539" vehicle="Vehicle 3" move="Plymouth"/>
				<event id="68" time="23384444427" vehicle="Vehicle 3" deliver="17"/>
			</events>
		</round>
	</rounds>
	<statistics>
		<stat rank="1" agent="Positive">
			<total-tasks value="11"/>
			<total-distance value="1097.2"/>
			<total-cost value="5486"/>
			<total-reward value="5634"/>
			<total-profit value="148"/>
		</stat>
		<stat rank="2" agent="Negative">
			<total-tasks value="9"/>
			<total-distance value="1645.6"/>
			<total-cost value="8228"/>
			<total-reward value="6400"/>
			<total-profit value="-1828"/>
		</stat>
	</statistics>
</history>
