<?xml version="1.0" encoding="ISO-8859-1"?>

<history configuration="config/rounds/auction2.xml">
	<agents>
		<agent name="Future">
			<vehicle name="Vehicle 1"/>
			<vehicle name="Vehicle 2"/>
			<vehicle name="Vehicle 3"/>
		</agent>
		<agent name="Negative">
			<vehicle name="Vehicle 4"/>
			<vehicle name="Vehicle 5"/>
			<vehicle name="Vehicle 6"/>
			<vehicle name="Vehicle 7"/>
		</agent>
	</agents>
	<rounds>
		<round id="1">
			<tasks>
				<task id="0" pickup="Breda" delivery="Almere" weight="27" reward="62791">
					<bid agent="Future" bid="425"/>
					<bid agent="Negative" bid="284"/>
				</task>
				<task id="1" pickup="Den Haag" delivery="Groningen" weight="19" reward="8119">
					<bid agent="Future" bid="925"/>
					<bid agent="Negative" bid="495"/>
				</task>
				<task id="2" pickup="Apeldoorn" delivery="Den Haag" weight="26" reward="47362">
					<bid agent="Future" bid="593"/>
					<bid agent="Negative" bid="320"/>
				</task>
				<task id="3" pickup="Utrecht" delivery="Groningen" weight="12" reward="30020">
					<bid agent="Future" bid="399"/>
					<bid agent="Negative" bid="230"/>
				</task>
				<task id="4" pickup="Utrecht" delivery="Amsterdam" weight="24" reward="91775">
					<bid agent="Future" bid="173"/>
					<bid agent="Negative" bid="103"/>
				</task>
				<task id="5" pickup="Nijmegen" delivery="Groningen" weight="26" reward="29695">
					<bid agent="Future" bid="856"/>
					<bid agent="Negative" bid="447"/>
				</task>
				<task id="6" pickup="Almere" delivery="Utrecht" weight="26" reward="92712">
					<bid agent="Future" bid="160"/>
					<bid agent="Negative" bid="21"/>
				</task>
				<task id="7" pickup="Den Haag" delivery="Nijmegen" weight="28" reward="54405">
					<bid agent="Future" bid="578"/>
					<bid agent="Negative" bid="288"/>
				</task>
				<task id="8" pickup="Apeldoorn" delivery="Almere" weight="21" reward="77731">
					<bid agent="Future" bid="387"/>
					<bid agent="Negative" bid="149"/>
				</task>
				<task id="9" pickup="Apeldoorn" delivery="Den Haag" weight="26" reward="47362">
					<bid agent="Future" bid="536"/>
					<bid agent="Negative" bid="277"/>
				</task>
				<task id="10" pickup="Almere" delivery="Eindhoven" weight="12" reward="55300">
					<bid agent="Future" bid="542"/>
					<bid agent="Negative" bid="384"/>
				</task>
				<task id="11" pickup="Breda" delivery="Nijmegen" weight="11" reward="71177">
					<bid agent="Future" bid="588"/>
					<bid agent="Negative" bid="329"/>
				</task>
				<task id="12" pickup="Rotterdam" delivery="Almere" weight="22" reward="67350">
					<bid agent="Future" bid="508"/>
					<bid agent="Negative" bid="175"/>
				</task>
				<task id="13" pickup="Den Haag" delivery="Apeldoorn" weight="17" reward="47362">
					<bid agent="Future" bid="807"/>
					<bid agent="Negative" bid="409"/>
				</task>
				<task id="14" pickup="Eindhoven" delivery="Nijmegen" weight="28" reward="81761">
					<bid agent="Future" bid="219"/>
					<bid agent="Negative" bid="307"/>
				</task>
				<task id="15" pickup="Rotterdam" delivery="Apeldoorn" weight="16" reward="57702">
					<bid agent="Future" bid="739"/>
					<bid agent="Negative" bid="266"/>
				</task>
				<task id="16" pickup="Amsterdam" delivery="Breda" weight="23" reward="61855">
					<bid agent="Future" bid="589"/>
					<bid agent="Negative" bid="514"/>
				</task>
				<task id="17" pickup="Apeldoorn" delivery="Den Haag" weight="26" reward="47362">
					<bid agent="Future" bid="715"/>
					<bid agent="Negative" bid="382"/>
				</task>
				<task id="18" pickup="Almere" delivery="Rotterdam" weight="25" reward="67350">
					<bid agent="Future" bid="473"/>
					<bid agent="Negative" bid="382"/>
				</task>
				<task id="19" pickup="Eindhoven" delivery="Breda" weight="15" reward="85018">
					<bid agent="Future" bid="415"/>
					<bid agent="Negative" bid="368"/>
				</task>
				<task id="20" pickup="Amsterdam" delivery="Nijmegen" weight="20" reward="56603">
					<bid agent="Future" bid="514"/>
					<bid agent="Negative" bid="460"/>
				</task>
				<task id="21" pickup="Breda" delivery="Nijmegen" weight="11" reward="71177">
					<bid agent="Future" bid="410"/>
					<bid agent="Negative" bid="294"/>
				</task>
				<task id="22" pickup="Eindhoven" delivery="Groningen" weight="27" reward="1117">
					<bid agent="Future" bid="1279"/>
					<bid agent="Negative" bid="907"/>
				</task>
				<task id="23" pickup="Amsterdam" delivery="Nijmegen" weight="20" reward="56603">
					<bid agent="Future" bid="390"/>
					<bid agent="Negative" bid="362"/>
				</task>
				<task id="24" pickup="Groningen" delivery="Amsterdam" weight="15" reward="34661">
					<bid agent="Future" bid="1636"/>
					<bid agent="Negative" bid="415"/>
				</task>
				<task id="25" pickup="Den Haag" delivery="Groningen" weight="19" reward="8119">
					<bid agent="Future" bid="1071"/>
					<bid agent="Negative" bid="888"/>
				</task>
				<task id="26" pickup="Eindhoven" delivery="Rotterdam" weight="15" reward="65233">
					<bid agent="Future" bid="596"/>
					<bid agent="Negative" bid="446"/>
				</task>
				<task id="27" pickup="Groningen" delivery="Amsterdam" weight="15" reward="34661">
					<bid agent="Future" bid="1162"/>
					<bid agent="Negative" bid="390"/>
				</task>
				<task id="28" pickup="Utrecht" delivery="Almere" weight="23" reward="92712">
					<bid agent="Future" bid="139"/>
					<bid agent="Negative" bid="296"/>
				</task>
				<task id="29" pickup="Utrecht" delivery="Breda" weight="29" reward="80418">
					<bid agent="Future" bid="533"/>
					<bid agent="Negative" bid="305"/>
				</task>
			</tasks>
			<events>
				<event id="0" time="0" vehicle="Vehicle 2" pickup="14"/>
				<event id="1" time="0" vehicle="Vehicle 3" pickup="28"/>
				<event id="2" time="0" vehicle="Vehicle 4" pickup="7"/>
				<event id="3" time="0" vehicle="Vehicle 5" pickup="2"/>
				<event id="4" time="0" vehicle="Vehicle 6" move="Almere"/>
				<event id="5" time="0" vehicle="Vehicle 7" pickup="15"/>
				<event id="6" time="300000000" vehicle="Vehicle 2" move="Nijmegen"/>
				<event id="7" time="300000000" vehicle="Vehicle 3" move="Almere"/>
				<event id="8" time="300000000" vehicle="Vehicle 4" move="Amsterdam"/>
				<event id="9" time="300000000" vehicle="Vehicle 5" move="Utrecht"/>
				<event id="10" time="300000000" vehicle="Vehicle 7" pickup="12"/>
				<event id="11" time="600000000" vehicle="Vehicle 7" move="Utrecht"/>
				<event id="12" time="781111111" vehicle="Vehicle 3" deliver="28"/>
				<event id="13" time="1024444444" vehicle="Vehicle 4" pickup="23"/>
				<event id="14" time="1044444444" vehicle="Vehicle 5" move="Rotterdam"/>
				<event id="15" time="1080000000" vehicle="Vehicle 2" deliver="14"/>
				<event id="16" time="1292222222" vehicle="Vehicle 7" move="Almere"/>
				<event id="17" time="1324444444" vehicle="Vehicle 4" pickup="20"/>
				<event id="18" time="1624444444" vehicle="Vehicle 4" move="Utrecht"/>
				<event id="19" time="1711111111" vehicle="Vehicle 6" pickup="10"/>
				<event id="20" time="1736666666" vehicle="Vehicle 5" move="Den Haag"/>
				<event id="21" time="1773333333" vehicle="Vehicle 7" deliver="12"/>
				<event id="22" time="2011111110" vehicle="Vehicle 6" pickup="6"/>
				<event id="23" time="2018888887" vehicle="Vehicle 5" deliver="2"/>
				<event id="24" time="2073333332" vehicle="Vehicle 7" move="Apeldoorn"/>
				<event id="25" time="2131111110" vehicle="Vehicle 4" move="Nijmegen"/>
				<event id="26" time="2311111110" vehicle="Vehicle 6" move="Utrecht"/>
				<event id="27" time="2792222221" vehicle="Vehicle 6" pickup="3"/>
				<event id="28" time="2963333332" vehicle="Vehicle 7" pickup="17"/>
				<event id="29" time="3091111109" vehicle="Vehicle 4" deliver="7"/>
				<event id="30" time="3092222220" vehicle="Vehicle 6" pickup="29"/>
				<event id="31" time="3263333331" vehicle="Vehicle 7" deliver="15"/>
				<event id="32" time="3391111109" vehicle="Vehicle 4" deliver="23"/>
				<event id="33" time="3392222220" vehicle="Vehicle 6" deliver="6"/>
				<event id="34" time="3563333331" vehicle="Vehicle 7" pickup="9"/>
				<event id="35" time="3691111109" vehicle="Vehicle 4" deliver="20"/>
				<event id="36" time="3692222220" vehicle="Vehicle 6" move="Eindhoven"/>
				<event id="37" time="3863333331" vehicle="Vehicle 7" move="Utrecht"/>
				<event id="38" time="4607777774" vehicle="Vehicle 7" pickup="4"/>
				<event id="39" time="4713333330" vehicle="Vehicle 6" pickup="19"/>
				<event id="40" time="4907777774" vehicle="Vehicle 7" move="Rotterdam"/>
				<event id="41" time="5013333329" vehicle="Vehicle 6" move="Breda"/>
				<event id="42" time="5599999996" vehicle="Vehicle 7" move="Den Haag"/>
				<event id="43" time="5704444440" vehicle="Vehicle 6" pickup="21"/>
				<event id="44" time="5882222218" vehicle="Vehicle 7" deliver="9"/>
				<event id="45" time="6004444439" vehicle="Vehicle 6" deliver="29"/>
				<event id="46" time="6182222217" vehicle="Vehicle 7" pickup="25"/>
				<event id="47" time="6304444439" vehicle="Vehicle 6" deliver="19"/>
				<event id="48" time="6482222217" vehicle="Vehicle 7" deliver="17"/>
				<event id="49" time="6604444439" vehicle="Vehicle 6" pickup="11"/>
				<event id="50" time="6782222217" vehicle="Vehicle 7" pickup="1"/>
				<event id="51" time="6904444439" vehicle="Vehicle 6" move="Eindhoven"/>
				<event id="52" time="7082222216" vehicle="Vehicle 7" move="Amsterdam"/>
				<event id="53" time="7595555549" vehicle="Vehicle 6" deliver="10"/>
				<event id="54" time="7806666660" vehicle="Vehicle 7" deliver="4"/>
				<event id="55" time="7895555549" vehicle="Vehicle 6" pickup="22"/>
				<event id="56" time="8106666659" vehicle="Vehicle 7" move="Almere"/>
				<event id="57" time="8195555548" vehicle="Vehicle 6" pickup="26"/>
				<event id="58" time="8461111103" vehicle="Vehicle 7" move="Groningen"/>
				<event id="59" time="8495555548" vehicle="Vehicle 6" move="Nijmegen"/>
				<event id="60" time="9275555547" vehicle="Vehicle 6" deliver="21"/>
				<event id="61" time="9575555547" vehicle="Vehicle 6" deliver="11"/>
				<event id="62" time="9875555547" vehicle="Vehicle 6" pickup="5"/>
				<event id="63" time="10172222213" vehicle="Vehicle 7" deliver="1"/>
				<event id="64" time="10175555546" vehicle="Vehicle 6" move="Apeldoorn"/>
				<event id="65" time="10472222213" vehicle="Vehicle 7" deliver="25"/>
				<event id="66" time="10809999990" vehicle="Vehicle 6" move="Groningen"/>
				<event id="67" time="12376666656" vehicle="Vehicle 6" deliver="3"/>
				<event id="68" time="12676666656" vehicle="Vehicle 6" deliver="5"/>
				<event id="69" time="12976666656" vehicle="Vehicle 6" pickup="24"/>
				<event id="70" time="13276666655" vehicle="Vehicle 6" pickup="27"/>
				<event id="71" time="13576666655" vehicle="Vehicle 6" deliver="22"/>
				<event id="72" time="13876666655" vehicle="Vehicle 6" move="Almere"/>
				<event id="73" time="15587777765" vehicle="Vehicle 6" pickup="18"/>
				<event id="74" time="15887777765" vehicle="Vehicle 6" move="Amsterdam"/>
				<event id="75" time="16242222209" vehicle="Vehicle 6" deliver="27"/>
				<event id="76" time="16542222209" vehicle="Vehicle 6" pickup="16"/>
				<event id="77" time="16842222209" vehicle="Vehicle 6" deliver="24"/>
				<event id="78" time="17142222208" vehicle="Vehicle 6" move="Den Haag"/>
				<event id="79" time="17866666652" vehicle="Vehicle 6" pickup="13"/>
				<event id="80" time="18166666651" vehicle="Vehicle 6" move="Rotterdam"/>
				<event id="81" time="18448888873" vehicle="Vehicle 6" deliver="18"/>
				<event id="82" time="18748888873" vehicle="Vehicle 6" deliver="26"/>
				<event id="83" time="19048888872" vehicle="Vehicle 6" move="Breda"/>
				<event id="84" time="19588888872" vehicle="Vehicle 6" deliver="16"/>
				<event id="85" time="19888888872" vehicle="Vehicle 6" pickup="0"/>
				<event id="86" time="20188888871" vehicle="Vehicle 6" move="Utrecht"/>
				<event id="87" time="21005555537" vehicle="Vehicle 6" move="Apeldoorn"/>
				<event id="88" time="21749999981" vehicle="Vehicle 6" pickup="8"/>
				<event id="89" time="22049999981" vehicle="Vehicle 6" deliver="13"/>
				<event id="90" time="22349999981" vehicle="Vehicle 6" move="Almere"/>
				<event id="91" time="23239999981" vehicle="Vehicle 6" deliver="8"/>
				<event id="92" time="23539999981" vehicle="Vehicle 6" deliver="0"/>
			</events>
		</round>
	</rounds>
	<statistics>
		<stat rank="1" agent="Future">
			<total-tasks value="2"/>
			<total-distance value="113.5"/>
			<total-cost value="568"/>
			<total-reward value="358"/>
			<total-profit value="-210"/>
		</stat>
		<stat rank="2" agent="Negative">
			<total-tasks value="28"/>
			<total-distance value="2171.0"/>
			<total-cost value="10855"/>
			<total-reward value="10290"/>
			<total-profit value="-565"/>
		</stat>
	</statistics>
</history>
