<?xml version="1.0" encoding="ISO-8859-1"?>

<history configuration="config/rounds/auction1.xml">
	<agents>
		<agent name="Future">
			<vehicle name="Vehicle 1"/>
			<vehicle name="Vehicle 2"/>
		</agent>
		<agent name="Negative">
			<vehicle name="Vehicle 3"/>
			<vehicle name="Vehicle 4"/>
		</agent>
	</agents>
	<rounds>
		<round id="1">
			<tasks>
				<task id="0" pickup="Leeds" delivery="Sheffield" weight="6" reward="1281">
					<bid agent="Future" bid="234"/>
					<bid agent="Negative" bid="480"/>
				</task>
				<task id="1" pickup="Liverpool" delivery="Sheffield" weight="7" reward="14258">
					<bid agent="Future" bid="359"/>
					<bid agent="Negative" bid="644"/>
				</task>
				<task id="2" pickup="Manchester" delivery="Cardiff" weight="9" reward="31460">
					<bid agent="Future" bid="763"/>
					<bid agent="Negative" bid="956"/>
				</task>
				<task id="3" pickup="Manchester" delivery="London" weight="6" reward="31997">
					<bid agent="Future" bid="710"/>
					<bid agent="Negative" bid="1052"/>
				</task>
				<task id="4" pickup="Plymouth" delivery="Birmingham" weight="8" reward="58829">
					<bid agent="Future" bid="1587"/>
					<bid agent="Negative" bid="1184"/>
				</task>
				<task id="5" pickup="Liverpool" delivery="Norwich" weight="5" reward="58793">
					<bid agent="Future" bid="948"/>
					<bid agent="Negative" bid="1020"/>
				</task>
				<task id="6" pickup="Birmingham" delivery="Norwich" weight="8" reward="35595">
					<bid agent="Future" bid="473"/>
					<bid agent="Negative" bid="336"/>
				</task>
				<task id="7" pickup="Sheffield" delivery="Manchester" weight="7" reward="20470">
					<bid agent="Future" bid="441"/>
					<bid agent="Negative" bid="729"/>
				</task>
				<task id="8" pickup="Liverpool" delivery="Cardiff" weight="6" reward="37671">
					<bid agent="Future" bid="545"/>
					<bid agent="Negative" bid="866"/>
				</task>
				<task id="9" pickup="Sheffield" delivery="Norwich" weight="7" reward="51741">
					<bid agent="Future" bid="250"/>
					<bid agent="Negative" bid="429"/>
				</task>
				<task id="10" pickup="Portsmouth" delivery="Cardiff" weight="5" reward="48984">
					<bid agent="Future" bid="951"/>
					<bid agent="Negative" bid="976"/>
				</task>
				<task id="11" pickup="Plymouth" delivery="London" weight="7" reward="37707">
					<bid agent="Future" bid="865"/>
					<bid agent="Negative" bid="450"/>
				</task>
				<task id="12" pickup="Sheffield" delivery="Norwich" weight="7" reward="51741">
					<bid agent="Future" bid="274"/>
					<bid agent="Negative" bid="771"/>
				</task>
				<task id="13" pickup="Newcastle" delivery="Liverpool" weight="9" reward="24497">
					<bid agent="Future" bid="761"/>
					<bid agent="Negative" bid="1562"/>
				</task>
				<task id="14" pickup="Cardiff" delivery="Newcastle" weight="8" reward="55643">
					<bid agent="Future" bid="1966"/>
					<bid agent="Negative" bid="2268"/>
				</task>
				<task id="15" pickup="Birmingham" delivery="Sheffield" weight="6" reward="10034">
					<bid agent="Future" bid="239"/>
					<bid agent="Negative" bid="378"/>
				</task>
				<task id="16" pickup="Newcastle" delivery="Birmingham" weight="5" reward="35058">
					<bid agent="Future" bid="637"/>
					<bid agent="Negative" bid="1139"/>
				</task>
				<task id="17" pickup="Birmingham" delivery="Plymouth" weight="6" reward="58829">
					<bid agent="Future" bid="2380"/>
					<bid agent="Negative" bid="1611"/>
				</task>
				<task id="18" pickup="Cardiff" delivery="Newcastle" weight="8" reward="55643">
					<bid agent="Future" bid="1042"/>
					<bid agent="Negative" bid="2081"/>
				</task>
				<task id="19" pickup="Leeds" delivery="Sheffield" weight="6" reward="1281">
					<bid agent="Future" bid="419"/>
					<bid agent="Negative" bid="574"/>
				</task>
			</tasks>
			<events>
				<event id="0" time="0" vehicle="Vehicle 1" pickup="13"/>
				<event id="1" time="0" vehicle="Vehicle 2" move="Portsmouth"/>
				<event id="2" time="0" vehicle="Vehicle 3" pickup="4"/>
				<event id="3" time="300000000" vehicle="Vehicle 1" pickup="16"/>
				<event id="4" time="300000000" vehicle="Vehicle 3" pickup="11"/>
				<event id="5" time="600000000" vehicle="Vehicle 1" move="Leeds"/>
				<event id="6" time="600000000" vehicle="Vehicle 3" move="Portsmouth"/>
				<event id="7" time="831111111" vehicle="Vehicle 2" pickup="10"/>
				<event id="8" time="1131111110" vehicle="Vehicle 2" move="London"/>
				<event id="9" time="1694444444" vehicle="Vehicle 1" pickup="19"/>
				<event id="10" time="1962222221" vehicle="Vehicle 2" move="Birmingham"/>
				<event id="11" time="1994444444" vehicle="Vehicle 1" move="Sheffield"/>
				<event id="12" time="2453333332" vehicle="Vehicle 1" pickup="9"/>
				<event id="13" time="2488888888" vehicle="Vehicle 3" move="London"/>
				<event id="14" time="2753333332" vehicle="Vehicle 1" pickup="12"/>
				<event id="15" time="3053333331" vehicle="Vehicle 1" deliver="19"/>
				<event id="16" time="3273333331" vehicle="Vehicle 2" move="Manchester"/>
				<event id="17" time="3319999999" vehicle="Vehicle 3" deliver="11"/>
				<event id="18" time="3353333331" vehicle="Vehicle 1" pickup="7"/>
				<event id="19" time="3619999999" vehicle="Vehicle 3" move="Birmingham"/>
				<event id="20" time="3653333331" vehicle="Vehicle 1" move="Leeds"/>
				<event id="21" time="4112222219" vehicle="Vehicle 1" move="Liverpool"/>
				<event id="22" time="4327777774" vehicle="Vehicle 2" move="Liverpool"/>
				<event id="23" time="4713333329" vehicle="Vehicle 2" pickup="8"/>
				<event id="24" time="4917777774" vehicle="Vehicle 1" pickup="5"/>
				<event id="25" time="4931111110" vehicle="Vehicle 3" deliver="4"/>
				<event id="26" time="5013333328" vehicle="Vehicle 2" pickup="1"/>
				<event id="27" time="5217777773" vehicle="Vehicle 1" deliver="13"/>
				<event id="28" time="5231111109" vehicle="Vehicle 3" pickup="6"/>
				<event id="29" time="5313333328" vehicle="Vehicle 2" move="Manchester"/>
				<event id="30" time="5517777773" vehicle="Vehicle 1" move="Manchester"/>
				<event id="31" time="5531111109" vehicle="Vehicle 3" pickup="17"/>
				<event id="32" time="5698888883" vehicle="Vehicle 2" pickup="2"/>
				<event id="33" time="5831111109" vehicle="Vehicle 3" move="London"/>
				<event id="34" time="5903333328" vehicle="Vehicle 1" pickup="3"/>
				<event id="35" time="5998888883" vehicle="Vehicle 2" move="Birmingham"/>
				<event id="36" time="6203333327" vehicle="Vehicle 1" deliver="7"/>
				<event id="37" time="6503333327" vehicle="Vehicle 1" move="Birmingham"/>
				<event id="38" time="7053333327" vehicle="Vehicle 2" pickup="15"/>
				<event id="39" time="7142222219" vehicle="Vehicle 3" move="Norwich"/>
				<event id="40" time="7353333327" vehicle="Vehicle 2" move="Cardiff"/>
				<event id="41" time="7557777770" vehicle="Vehicle 1" deliver="16"/>
				<event id="42" time="7857777770" vehicle="Vehicle 1" move="London"/>
				<event id="43" time="8419999996" vehicle="Vehicle 3" deliver="6"/>
				<event id="44" time="8631111104" vehicle="Vehicle 2" deliver="2"/>
				<event id="45" time="8719999996" vehicle="Vehicle 3" move="London"/>
				<event id="46" time="8931111104" vehicle="Vehicle 2" pickup="14"/>
				<event id="47" time="9168888880" vehicle="Vehicle 1" deliver="3"/>
				<event id="48" time="9231111103" vehicle="Vehicle 2" pickup="18"/>
				<event id="49" time="9468888880" vehicle="Vehicle 1" move="Norwich"/>
				<event id="50" time="9531111103" vehicle="Vehicle 2" deliver="10"/>
				<event id="51" time="9831111103" vehicle="Vehicle 2" deliver="8"/>
				<event id="52" time="9997777773" vehicle="Vehicle 3" move="Portsmouth"/>
				<event id="53" time="10131111102" vehicle="Vehicle 2" move="Birmingham"/>
				<event id="54" time="10746666657" vehicle="Vehicle 1" deliver="9"/>
				<event id="55" time="10828888883" vehicle="Vehicle 3" move="Plymouth"/>
				<event id="56" time="11046666656" vehicle="Vehicle 1" deliver="5"/>
				<event id="57" time="11346666656" vehicle="Vehicle 1" deliver="12"/>
				<event id="58" time="11408888878" vehicle="Vehicle 2" move="Sheffield"/>
				<event id="59" time="12411111100" vehicle="Vehicle 2" move="Leeds"/>
				<event id="60" time="12717777771" vehicle="Vehicle 3" deliver="17"/>
				<event id="61" time="12869999988" vehicle="Vehicle 2" pickup="0"/>
				<event id="62" time="13169999988" vehicle="Vehicle 2" move="Newcastle"/>
				<event id="63" time="14264444432" vehicle="Vehicle 2" deliver="14"/>
				<event id="64" time="14564444432" vehicle="Vehicle 2" deliver="18"/>
				<event id="65" time="14864444432" vehicle="Vehicle 2" move="Leeds"/>
				<event id="66" time="15958888875" vehicle="Vehicle 2" move="Sheffield"/>
				<event id="67" time="16417777763" vehicle="Vehicle 2" deliver="15"/>
				<event id="68" time="16717777763" vehicle="Vehicle 2" deliver="1"/>
				<event id="69" time="17017777762" vehicle="Vehicle 2" deliver="0"/>
			</events>
		</round>
	</rounds>
	<statistics>
		<stat rank="1" agent="Future">
			<total-tasks value="16"/>
			<total-distance value="1742.8"/>
			<total-cost value="8714"/>
			<total-reward value="10539"/>
			<total-profit value="1825"/>
		</stat>
		<stat rank="2" agent="Negative">
			<total-tasks value="4"/>
			<total-distance value="955.6"/>
			<total-cost value="4778"/>
			<total-reward value="3581"/>
			<total-profit value="-1197"/>
		</stat>
	</statistics>
</history>
