<?xml version="1.0" encoding="ISO-8859-1"?>

<history configuration="config/rounds/auction2.xml">
	<agents>
		<agent name="Negative">
			<vehicle name="Vehicle 1"/>
			<vehicle name="Vehicle 2"/>
			<vehicle name="Vehicle 3"/>
		</agent>
		<agent name="Future">
			<vehicle name="Vehicle 4"/>
			<vehicle name="Vehicle 5"/>
			<vehicle name="Vehicle 6"/>
			<vehicle name="Vehicle 7"/>
		</agent>
	</agents>
	<rounds>
		<round id="1">
			<tasks>
				<task id="0" pickup="Breda" delivery="Almere" weight="27" reward="62791">
					<bid agent="Negative" bid="300"/>
					<bid agent="Future" bid="407"/>
				</task>
				<task id="1" pickup="Den Haag" delivery="Groningen" weight="19" reward="8119">
					<bid agent="Negative" bid="531"/>
					<bid agent="Future" bid="817"/>
				</task>
				<task id="2" pickup="Apeldoorn" delivery="Den Haag" weight="26" reward="47362">
					<bid agent="Negative" bid="353"/>
					<bid agent="Future" bid="492"/>
				</task>
				<task id="3" pickup="Utrecht" delivery="Groningen" weight="12" reward="30020">
					<bid agent="Negative" bid="230"/>
					<bid agent="Future" bid="508"/>
				</task>
				<task id="4" pickup="Utrecht" delivery="Amsterdam" weight="24" reward="91775">
					<bid agent="Negative" bid="69"/>
					<bid agent="Future" bid="263"/>
				</task>
				<task id="5" pickup="Nijmegen" delivery="Groningen" weight="26" reward="29695">
					<bid agent="Negative" bid="474"/>
					<bid agent="Future" bid="900"/>
				</task>
				<task id="6" pickup="Almere" delivery="Utrecht" weight="26" reward="92712">
					<bid agent="Negative" bid="21"/>
					<bid agent="Future" bid="254"/>
				</task>
				<task id="7" pickup="Den Haag" delivery="Nijmegen" weight="28" reward="54405">
					<bid agent="Negative" bid="327"/>
					<bid agent="Future" bid="323"/>
				</task>
				<task id="8" pickup="Apeldoorn" delivery="Almere" weight="21" reward="77731">
					<bid agent="Negative" bid="168"/>
					<bid agent="Future" bid="198"/>
				</task>
				<task id="9" pickup="Apeldoorn" delivery="Den Haag" weight="26" reward="47362">
					<bid agent="Negative" bid="372"/>
					<bid agent="Future" bid="523"/>
				</task>
				<task id="10" pickup="Almere" delivery="Eindhoven" weight="12" reward="55300">
					<bid agent="Negative" bid="367"/>
					<bid agent="Future" bid="568"/>
				</task>
				<task id="11" pickup="Breda" delivery="Nijmegen" weight="11" reward="71177">
					<bid agent="Negative" bid="17"/>
					<bid agent="Future" bid="120"/>
				</task>
				<task id="12" pickup="Rotterdam" delivery="Almere" weight="22" reward="67350">
					<bid agent="Negative" bid="338"/>
					<bid agent="Future" bid="465"/>
				</task>
				<task id="13" pickup="Den Haag" delivery="Apeldoorn" weight="17" reward="47362">
					<bid agent="Negative" bid="270"/>
					<bid agent="Future" bid="190"/>
				</task>
				<task id="14" pickup="Eindhoven" delivery="Nijmegen" weight="28" reward="81761">
					<bid agent="Negative" bid="107"/>
					<bid agent="Future" bid="636"/>
				</task>
				<task id="15" pickup="Rotterdam" delivery="Apeldoorn" weight="16" reward="57702">
					<bid agent="Negative" bid="422"/>
					<bid agent="Future" bid="48"/>
				</task>
				<task id="16" pickup="Amsterdam" delivery="Breda" weight="23" reward="61855">
					<bid agent="Negative" bid="308"/>
					<bid agent="Future" bid="575"/>
				</task>
				<task id="17" pickup="Apeldoorn" delivery="Den Haag" weight="26" reward="47362">
					<bid agent="Negative" bid="743"/>
					<bid agent="Future" bid="970"/>
				</task>
				<task id="18" pickup="Almere" delivery="Rotterdam" weight="25" reward="67350">
					<bid agent="Negative" bid="494"/>
					<bid agent="Future" bid="649"/>
				</task>
				<task id="19" pickup="Eindhoven" delivery="Breda" weight="15" reward="85018">
					<bid agent="Negative" bid="97"/>
					<bid agent="Future" bid="688"/>
				</task>
				<task id="20" pickup="Amsterdam" delivery="Nijmegen" weight="20" reward="56603">
					<bid agent="Negative" bid="445"/>
					<bid agent="Future" bid="429"/>
				</task>
				<task id="21" pickup="Breda" delivery="Nijmegen" weight="11" reward="71177">
					<bid agent="Negative" bid="102"/>
					<bid agent="Future" bid="479"/>
				</task>
				<task id="22" pickup="Eindhoven" delivery="Groningen" weight="27" reward="1117">
					<bid agent="Negative" bid="1350"/>
					<bid agent="Future" bid="1157"/>
				</task>
				<task id="23" pickup="Amsterdam" delivery="Nijmegen" weight="20" reward="56603">
					<bid agent="Negative" bid="309"/>
					<bid agent="Future" bid="140"/>
				</task>
				<task id="24" pickup="Groningen" delivery="Amsterdam" weight="15" reward="34661">
					<bid agent="Negative" bid="1080"/>
					<bid agent="Future" bid="576"/>
				</task>
				<task id="25" pickup="Den Haag" delivery="Groningen" weight="19" reward="8119">
					<bid agent="Negative" bid="273"/>
					<bid agent="Future" bid="59"/>
				</task>
				<task id="26" pickup="Eindhoven" delivery="Rotterdam" weight="15" reward="65233">
					<bid agent="Negative" bid="75"/>
					<bid agent="Future" bid="290"/>
				</task>
				<task id="27" pickup="Groningen" delivery="Amsterdam" weight="15" reward="34661">
					<bid agent="Negative" bid="635"/>
					<bid agent="Future" bid="632"/>
				</task>
				<task id="28" pickup="Utrecht" delivery="Almere" weight="23" reward="92712">
					<bid agent="Negative" bid="133"/>
					<bid agent="Future" bid="236"/>
				</task>
				<task id="29" pickup="Utrecht" delivery="Breda" weight="29" reward="80418">
					<bid agent="Negative" bid="347"/>
					<bid agent="Future" bid="246"/>
				</task>
			</tasks>
			<events>
				<event id="0" time="0" vehicle="Vehicle 2" pickup="26"/>
				<event id="1" time="0" vehicle="Vehicle 3" move="Apeldoorn"/>
				<event id="2" time="0" vehicle="Vehicle 4" pickup="25"/>
				<event id="3" time="0" vehicle="Vehicle 6" pickup="24"/>
				<event id="4" time="300000000" vehicle="Vehicle 2" pickup="19"/>
				<event id="5" time="300000000" vehicle="Vehicle 4" pickup="13"/>
				<event id="6" time="300000000" vehicle="Vehicle 6" pickup="27"/>
				<event id="7" time="600000000" vehicle="Vehicle 2" move="Breda"/>
				<event id="8" time="600000000" vehicle="Vehicle 4" pickup="7"/>
				<event id="9" time="600000000" vehicle="Vehicle 6" move="Almere"/>
				<event id="10" time="744444444" vehicle="Vehicle 3" pickup="9"/>
				<event id="11" time="900000000" vehicle="Vehicle 4" move="Rotterdam"/>
				<event id="12" time="1044444443" vehicle="Vehicle 3" pickup="17"/>
				<event id="13" time="1182222222" vehicle="Vehicle 4" pickup="15"/>
				<event id="14" time="1291111111" vehicle="Vehicle 2" move="Rotterdam"/>
				<event id="15" time="1344444443" vehicle="Vehicle 3" pickup="2"/>
				<event id="16" time="1482222222" vehicle="Vehicle 4" move="Nijmegen"/>
				<event id="17" time="1644444443" vehicle="Vehicle 3" move="Utrecht"/>
				<event id="18" time="1831111111" vehicle="Vehicle 2" pickup="12"/>
				<event id="19" time="2131111110" vehicle="Vehicle 2" deliver="26"/>
				<event id="20" time="2311111111" vehicle="Vehicle 6" move="Amsterdam"/>
				<event id="21" time="2388888886" vehicle="Vehicle 3" move="Rotterdam"/>
				<event id="22" time="2431111110" vehicle="Vehicle 2" move="Utrecht"/>
				<event id="23" time="2665555555" vehicle="Vehicle 6" pickup="20"/>
				<event id="24" time="2726666665" vehicle="Vehicle 4" deliver="7"/>
				<event id="25" time="2965555555" vehicle="Vehicle 6" pickup="23"/>
				<event id="26" time="3026666664" vehicle="Vehicle 4" move="Eindhoven"/>
				<event id="27" time="3081111108" vehicle="Vehicle 3" move="Den Haag"/>
				<event id="28" time="3123333331" vehicle="Vehicle 2" pickup="4"/>
				<event id="29" time="3265555554" vehicle="Vehicle 6" deliver="24"/>
				<event id="30" time="3363333330" vehicle="Vehicle 3" deliver="2"/>
				<event id="31" time="3423333331" vehicle="Vehicle 2" move="Amsterdam"/>
				<event id="32" time="3565555554" vehicle="Vehicle 6" deliver="27"/>
				<event id="33" time="3663333330" vehicle="Vehicle 3" deliver="9"/>
				<event id="34" time="3806666664" vehicle="Vehicle 4" pickup="22"/>
				<event id="35" time="3865555554" vehicle="Vehicle 6" move="Utrecht"/>
				<event id="36" time="3929999997" vehicle="Vehicle 2" deliver="4"/>
				<event id="37" time="3963333330" vehicle="Vehicle 3" deliver="17"/>
				<event id="38" time="4106666663" vehicle="Vehicle 4" move="Nijmegen"/>
				<event id="39" time="4229999997" vehicle="Vehicle 2" pickup="16"/>
				<event id="40" time="4372222220" vehicle="Vehicle 6" pickup="29"/>
				<event id="41" time="4529999997" vehicle="Vehicle 2" move="Almere"/>
				<event id="42" time="4672222220" vehicle="Vehicle 6" move="Breda"/>
				<event id="43" time="4884444441" vehicle="Vehicle 2" pickup="10"/>
				<event id="44" time="4886666663" vehicle="Vehicle 4" move="Apeldoorn"/>
				<event id="45" time="5184444440" vehicle="Vehicle 2" deliver="12"/>
				<event id="46" time="5484444440" vehicle="Vehicle 2" pickup="6"/>
				<event id="47" time="5488888885" vehicle="Vehicle 6" deliver="29"/>
				<event id="48" time="5521111107" vehicle="Vehicle 4" deliver="15"/>
				<event id="49" time="5784444440" vehicle="Vehicle 2" move="Utrecht"/>
				<event id="50" time="5788888885" vehicle="Vehicle 6" move="Nijmegen"/>
				<event id="51" time="5821111107" vehicle="Vehicle 4" deliver="13"/>
				<event id="52" time="6121111106" vehicle="Vehicle 4" move="Groningen"/>
				<event id="53" time="6265555550" vehicle="Vehicle 2" deliver="6"/>
				<event id="54" time="6565555550" vehicle="Vehicle 2" move="Breda"/>
				<event id="55" time="6857777773" vehicle="Vehicle 6" deliver="20"/>
				<event id="56" time="7157777772" vehicle="Vehicle 6" deliver="23"/>
				<event id="57" time="7382222216" vehicle="Vehicle 2" pickup="21"/>
				<event id="58" time="7682222216" vehicle="Vehicle 2" pickup="11"/>
				<event id="59" time="7687777771" vehicle="Vehicle 4" deliver="25"/>
				<event id="60" time="7982222216" vehicle="Vehicle 2" deliver="16"/>
				<event id="61" time="7987777771" vehicle="Vehicle 4" deliver="22"/>
				<event id="62" time="8282222215" vehicle="Vehicle 2" pickup="0"/>
				<event id="63" time="8582222215" vehicle="Vehicle 2" deliver="19"/>
				<event id="64" time="8882222215" vehicle="Vehicle 2" move="Eindhoven"/>
				<event id="65" time="9573333325" vehicle="Vehicle 2" deliver="10"/>
				<event id="66" time="9873333325" vehicle="Vehicle 2" pickup="14"/>
				<event id="67" time="10173333324" vehicle="Vehicle 2" move="Nijmegen"/>
				<event id="68" time="10953333324" vehicle="Vehicle 2" deliver="14"/>
				<event id="69" time="11253333323" vehicle="Vehicle 2" move="Apeldoorn"/>
				<event id="70" time="11887777767" vehicle="Vehicle 2" pickup="8"/>
				<event id="71" time="12187777766" vehicle="Vehicle 2" move="Almere"/>
				<event id="72" time="13077777765" vehicle="Vehicle 2" deliver="0"/>
				<event id="73" time="13377777765" vehicle="Vehicle 2" pickup="18"/>
				<event id="74" time="13677777765" vehicle="Vehicle 2" deliver="8"/>
				<event id="75" time="13977777765" vehicle="Vehicle 2" move="Amsterdam"/>
				<event id="76" time="14332222209" vehicle="Vehicle 2" move="Den Haag"/>
				<event id="77" time="15056666652" vehicle="Vehicle 2" pickup="1"/>
				<event id="78" time="15356666652" vehicle="Vehicle 2" move="Rotterdam"/>
				<event id="79" time="15638888874" vehicle="Vehicle 2" deliver="18"/>
				<event id="80" time="15938888874" vehicle="Vehicle 2" move="Nijmegen"/>
				<event id="81" time="17183333318" vehicle="Vehicle 2" pickup="5"/>
				<event id="82" time="17483333318" vehicle="Vehicle 2" deliver="11"/>
				<event id="83" time="17783333318" vehicle="Vehicle 2" deliver="21"/>
				<event id="84" time="18083333317" vehicle="Vehicle 2" move="Utrecht"/>
				<event id="85" time="19043333316" vehicle="Vehicle 2" pickup="3"/>
				<event id="86" time="19343333316" vehicle="Vehicle 2" pickup="28"/>
				<event id="87" time="19643333316" vehicle="Vehicle 2" move="Almere"/>
				<event id="88" time="20124444426" vehicle="Vehicle 2" deliver="28"/>
				<event id="89" time="20424444426" vehicle="Vehicle 2" move="Groningen"/>
				<event id="90" time="22135555536" vehicle="Vehicle 2" deliver="5"/>
				<event id="91" time="22435555536" vehicle="Vehicle 2" deliver="3"/>
				<event id="92" time="22735555536" vehicle="Vehicle 2" deliver="1"/>
			</events>
		</round>
	</rounds>
	<statistics>
		<stat rank="1" agent="Future">
			<total-tasks value="10"/>
			<total-distance value="877.1"/>
			<total-cost value="4386"/>
			<total-reward value="3800"/>
			<total-profit value="-586"/>
		</stat>
		<stat rank="2" agent="Negative">
			<total-tasks value="20"/>
			<total-distance value="1376.9"/>
			<total-cost value="6885"/>
			<total-reward value="5299"/>
			<total-profit value="-1586"/>
		</stat>
	</statistics>
</history>
