<?xml version="1.0" encoding="ISO-8859-1"?>

<history configuration="config/rounds/auction2.xml">
	<agents>
		<agent name="Negative">
			<vehicle name="Vehicle 1"/>
			<vehicle name="Vehicle 2"/>
			<vehicle name="Vehicle 3"/>
		</agent>
		<agent name="Positive">
			<vehicle name="Vehicle 4"/>
			<vehicle name="Vehicle 5"/>
			<vehicle name="Vehicle 6"/>
			<vehicle name="Vehicle 7"/>
		</agent>
	</agents>
	<rounds>
		<round id="1">
			<tasks>
				<task id="0" pickup="Breda" delivery="Almere" weight="27" reward="62791">
					<bid agent="Negative" bid="300"/>
					<bid agent="Positive" bid="419"/>
				</task>
				<task id="1" pickup="Den Haag" delivery="Groningen" weight="19" reward="8119">
					<bid agent="Negative" bid="531"/>
					<bid agent="Positive" bid="692"/>
				</task>
				<task id="2" pickup="Apeldoorn" delivery="Den Haag" weight="26" reward="47362">
					<bid agent="Negative" bid="353"/>
					<bid agent="Positive" bid="488"/>
				</task>
				<task id="3" pickup="Utrecht" delivery="Groningen" weight="12" reward="30020">
					<bid agent="Negative" bid="230"/>
					<bid agent="Positive" bid="458"/>
				</task>
				<task id="4" pickup="Utrecht" delivery="Amsterdam" weight="24" reward="91775">
					<bid agent="Negative" bid="69"/>
					<bid agent="Positive" bid="305"/>
				</task>
				<task id="5" pickup="Nijmegen" delivery="Groningen" weight="26" reward="29695">
					<bid agent="Negative" bid="474"/>
					<bid agent="Positive" bid="670"/>
				</task>
				<task id="6" pickup="Almere" delivery="Utrecht" weight="26" reward="92712">
					<bid agent="Negative" bid="21"/>
					<bid agent="Positive" bid="329"/>
				</task>
				<task id="7" pickup="Den Haag" delivery="Nijmegen" weight="28" reward="54405">
					<bid agent="Negative" bid="258"/>
					<bid agent="Positive" bid="465"/>
				</task>
				<task id="8" pickup="Apeldoorn" delivery="Almere" weight="21" reward="77731">
					<bid agent="Negative" bid="135"/>
					<bid agent="Positive" bid="226"/>
				</task>
				<task id="9" pickup="Apeldoorn" delivery="Den Haag" weight="26" reward="47362">
					<bid agent="Negative" bid="360"/>
					<bid agent="Positive" bid="464"/>
				</task>
				<task id="10" pickup="Almere" delivery="Eindhoven" weight="12" reward="55300">
					<bid agent="Negative" bid="482"/>
					<bid agent="Positive" bid="771"/>
				</task>
				<task id="11" pickup="Breda" delivery="Nijmegen" weight="11" reward="71177">
					<bid agent="Negative" bid="329"/>
					<bid agent="Positive" bid="579"/>
				</task>
				<task id="12" pickup="Rotterdam" delivery="Almere" weight="22" reward="67350">
					<bid agent="Negative" bid="304"/>
					<bid agent="Positive" bid="346"/>
				</task>
				<task id="13" pickup="Den Haag" delivery="Apeldoorn" weight="17" reward="47362">
					<bid agent="Negative" bid="398"/>
					<bid agent="Positive" bid="580"/>
				</task>
				<task id="14" pickup="Eindhoven" delivery="Nijmegen" weight="28" reward="81761">
					<bid agent="Negative" bid="110"/>
					<bid agent="Positive" bid="508"/>
				</task>
				<task id="15" pickup="Rotterdam" delivery="Apeldoorn" weight="16" reward="57702">
					<bid agent="Negative" bid="256"/>
					<bid agent="Positive" bid="584"/>
				</task>
				<task id="16" pickup="Amsterdam" delivery="Breda" weight="23" reward="61855">
					<bid agent="Negative" bid="232"/>
					<bid agent="Positive" bid="869"/>
				</task>
				<task id="17" pickup="Apeldoorn" delivery="Den Haag" weight="26" reward="47362">
					<bid agent="Negative" bid="581"/>
					<bid agent="Positive" bid="455"/>
				</task>
				<task id="18" pickup="Almere" delivery="Rotterdam" weight="25" reward="67350">
					<bid agent="Negative" bid="133"/>
					<bid agent="Positive" bid="174"/>
				</task>
				<task id="19" pickup="Eindhoven" delivery="Breda" weight="15" reward="85018">
					<bid agent="Negative" bid="392"/>
					<bid agent="Positive" bid="546"/>
				</task>
				<task id="20" pickup="Amsterdam" delivery="Nijmegen" weight="20" reward="56603">
					<bid agent="Negative" bid="270"/>
					<bid agent="Positive" bid="412"/>
				</task>
				<task id="21" pickup="Breda" delivery="Nijmegen" weight="11" reward="71177">
					<bid agent="Negative" bid="485"/>
					<bid agent="Positive" bid="430"/>
				</task>
				<task id="22" pickup="Eindhoven" delivery="Groningen" weight="27" reward="1117">
					<bid agent="Negative" bid="1668"/>
					<bid agent="Positive" bid="1237"/>
				</task>
				<task id="23" pickup="Amsterdam" delivery="Nijmegen" weight="20" reward="56603">
					<bid agent="Negative" bid="712"/>
					<bid agent="Positive" bid="292"/>
				</task>
				<task id="24" pickup="Groningen" delivery="Amsterdam" weight="15" reward="34661">
					<bid agent="Negative" bid="915"/>
					<bid agent="Positive" bid="1053"/>
				</task>
				<task id="25" pickup="Den Haag" delivery="Groningen" weight="19" reward="8119">
					<bid agent="Negative" bid="235"/>
					<bid agent="Positive" bid="251"/>
				</task>
				<task id="26" pickup="Eindhoven" delivery="Rotterdam" weight="15" reward="65233">
					<bid agent="Negative" bid="184"/>
					<bid agent="Positive" bid="309"/>
				</task>
				<task id="27" pickup="Groningen" delivery="Amsterdam" weight="15" reward="34661">
					<bid agent="Negative" bid="540"/>
					<bid agent="Positive" bid="419"/>
				</task>
				<task id="28" pickup="Utrecht" delivery="Almere" weight="23" reward="92712">
					<bid agent="Negative" bid="279"/>
					<bid agent="Positive" bid="186"/>
				</task>
				<task id="29" pickup="Utrecht" delivery="Breda" weight="29" reward="80418">
					<bid agent="Negative" bid="147"/>
					<bid agent="Positive" bid="421"/>
				</task>
			</tasks>
			<events>
				<event id="0" time="0" vehicle="Vehicle 1" pickup="20"/>
				<event id="1" time="0" vehicle="Vehicle 2" pickup="19"/>
				<event id="2" time="0" vehicle="Vehicle 3" pickup="4"/>
				<event id="3" time="0" vehicle="Vehicle 6" pickup="27"/>
				<event id="4" time="300000000" vehicle="Vehicle 1" move="Den Haag"/>
				<event id="5" time="300000000" vehicle="Vehicle 2" pickup="26"/>
				<event id="6" time="300000000" vehicle="Vehicle 3" move="Amsterdam"/>
				<event id="7" time="300000000" vehicle="Vehicle 6" move="Apeldoorn"/>
				<event id="8" time="600000000" vehicle="Vehicle 2" move="Breda"/>
				<event id="9" time="806666666" vehicle="Vehicle 3" pickup="16"/>
				<event id="10" time="1106666665" vehicle="Vehicle 3" deliver="4"/>
				<event id="11" time="1291111111" vehicle="Vehicle 2" pickup="0"/>
				<event id="12" time="1386666666" vehicle="Vehicle 1" pickup="1"/>
				<event id="13" time="1406666665" vehicle="Vehicle 3" move="Utrecht"/>
				<event id="14" time="1591111111" vehicle="Vehicle 2" deliver="19"/>
				<event id="15" time="1686666666" vehicle="Vehicle 1" pickup="25"/>
				<event id="16" time="1866666666" vehicle="Vehicle 6" pickup="17"/>
				<event id="17" time="1891111111" vehicle="Vehicle 2" move="Rotterdam"/>
				<event id="18" time="1913333331" vehicle="Vehicle 3" pickup="29"/>
				<event id="19" time="1986666666" vehicle="Vehicle 1" move="Rotterdam"/>
				<event id="20" time="2166666665" vehicle="Vehicle 6" move="Utrecht"/>
				<event id="21" time="2213333330" vehicle="Vehicle 3" move="Breda"/>
				<event id="22" time="2409999999" vehicle="Vehicle 1" move="Utrecht"/>
				<event id="23" time="2431111110" vehicle="Vehicle 2" deliver="26"/>
				<event id="24" time="2731111110" vehicle="Vehicle 2" pickup="12"/>
				<event id="25" time="2911111109" vehicle="Vehicle 6" pickup="28"/>
				<event id="26" time="3029999996" vehicle="Vehicle 3" deliver="29"/>
				<event id="27" time="3031111109" vehicle="Vehicle 2" move="Utrecht"/>
				<event id="28" time="3211111108" vehicle="Vehicle 6" move="Almere"/>
				<event id="29" time="3329999996" vehicle="Vehicle 3" deliver="16"/>
				<event id="30" time="3448333332" vehicle="Vehicle 1" pickup="3"/>
				<event id="31" time="3692222219" vehicle="Vehicle 6" deliver="28"/>
				<event id="32" time="3723333331" vehicle="Vehicle 2" move="Almere"/>
				<event id="33" time="3748333332" vehicle="Vehicle 1" move="Nijmegen"/>
				<event id="34" time="3992222219" vehicle="Vehicle 6" move="Amsterdam"/>
				<event id="35" time="4204444441" vehicle="Vehicle 2" deliver="12"/>
				<event id="36" time="4346666662" vehicle="Vehicle 6" pickup="23"/>
				<event id="37" time="4504444441" vehicle="Vehicle 2" deliver="0"/>
				<event id="38" time="4646666662" vehicle="Vehicle 6" deliver="27"/>
				<event id="39" time="4946666662" vehicle="Vehicle 6" move="Den Haag"/>
				<event id="40" time="5188333331" vehicle="Vehicle 1" deliver="20"/>
				<event id="41" time="5488333331" vehicle="Vehicle 1" pickup="5"/>
				<event id="42" time="5671111106" vehicle="Vehicle 6" deliver="17"/>
				<event id="43" time="5788333331" vehicle="Vehicle 1" move="Apeldoorn"/>
				<event id="44" time="5971111106" vehicle="Vehicle 6" move="Rotterdam"/>
				<event id="45" time="6253333327" vehicle="Vehicle 6" move="Breda"/>
				<event id="46" time="6739999997" vehicle="Vehicle 1" move="Groningen"/>
				<event id="47" time="6793333327" vehicle="Vehicle 6" pickup="21"/>
				<event id="48" time="7093333326" vehicle="Vehicle 6" move="Eindhoven"/>
				<event id="49" time="7784444437" vehicle="Vehicle 6" pickup="22"/>
				<event id="50" time="8084444436" vehicle="Vehicle 6" move="Nijmegen"/>
				<event id="51" time="8864444436" vehicle="Vehicle 6" deliver="21"/>
				<event id="52" time="9089999997" vehicle="Vehicle 1" deliver="25"/>
				<event id="53" time="9164444435" vehicle="Vehicle 6" deliver="23"/>
				<event id="54" time="9389999997" vehicle="Vehicle 1" pickup="24"/>
				<event id="55" time="9464444435" vehicle="Vehicle 6" move="Apeldoorn"/>
				<event id="56" time="9689999997" vehicle="Vehicle 1" deliver="1"/>
				<event id="57" time="9989999997" vehicle="Vehicle 1" deliver="3"/>
				<event id="58" time="10098888878" vehicle="Vehicle 6" move="Groningen"/>
				<event id="59" time="10289999997" vehicle="Vehicle 1" deliver="5"/>
				<event id="60" time="10589999997" vehicle="Vehicle 1" move="Apeldoorn"/>
				<event id="61" time="11665555544" vehicle="Vehicle 6" deliver="22"/>
				<event id="62" time="12939999997" vehicle="Vehicle 1" pickup="9"/>
				<event id="63" time="13239999997" vehicle="Vehicle 1" pickup="2"/>
				<event id="64" time="13539999997" vehicle="Vehicle 1" move="Amsterdam"/>
				<event id="65" time="15043333330" vehicle="Vehicle 1" deliver="24"/>
				<event id="66" time="15343333330" vehicle="Vehicle 1" move="Den Haag"/>
				<event id="67" time="16429999996" vehicle="Vehicle 1" deliver="2"/>
				<event id="68" time="16729999996" vehicle="Vehicle 1" pickup="7"/>
				<event id="69" time="17029999996" vehicle="Vehicle 1" deliver="9"/>
				<event id="70" time="17329999996" vehicle="Vehicle 1" pickup="13"/>
				<event id="71" time="17629999996" vehicle="Vehicle 1" move="Rotterdam"/>
				<event id="72" time="18053333329" vehicle="Vehicle 1" pickup="15"/>
				<event id="73" time="18353333329" vehicle="Vehicle 1" move="Nijmegen"/>
				<event id="74" time="20219999995" vehicle="Vehicle 1" deliver="7"/>
				<event id="75" time="20519999995" vehicle="Vehicle 1" move="Apeldoorn"/>
				<event id="76" time="21471666661" vehicle="Vehicle 1" pickup="8"/>
				<event id="77" time="21771666661" vehicle="Vehicle 1" deliver="13"/>
				<event id="78" time="22071666660" vehicle="Vehicle 1" deliver="15"/>
				<event id="79" time="22371666660" vehicle="Vehicle 1" move="Almere"/>
				<event id="80" time="23706666659" vehicle="Vehicle 1" pickup="6"/>
				<event id="81" time="24006666658" vehicle="Vehicle 1" deliver="8"/>
				<event id="82" time="24306666658" vehicle="Vehicle 1" pickup="10"/>
				<event id="83" time="24606666658" vehicle="Vehicle 1" pickup="18"/>
				<event id="84" time="24906666658" vehicle="Vehicle 1" move="Utrecht"/>
				<event id="85" time="25628333324" vehicle="Vehicle 1" deliver="6"/>
				<event id="86" time="25928333324" vehicle="Vehicle 1" move="Rotterdam"/>
				<event id="87" time="26966666656" vehicle="Vehicle 1" deliver="18"/>
				<event id="88" time="27266666655" vehicle="Vehicle 1" move="Breda"/>
				<event id="89" time="28076666654" vehicle="Vehicle 1" pickup="11"/>
				<event id="90" time="28376666654" vehicle="Vehicle 1" move="Eindhoven"/>
				<event id="91" time="29413333320" vehicle="Vehicle 1" deliver="10"/>
				<event id="92" time="29713333320" vehicle="Vehicle 1" pickup="14"/>
				<event id="93" time="30013333319" vehicle="Vehicle 1" move="Nijmegen"/>
				<event id="94" time="31183333318" vehicle="Vehicle 1" deliver="14"/>
				<event id="95" time="31483333318" vehicle="Vehicle 1" deliver="11"/>
			</events>
		</round>
	</rounds>
	<statistics>
		<stat rank="1" agent="Positive">
			<total-tasks value="6"/>
			<total-distance value="752.9"/>
			<total-cost value="3765"/>
			<total-reward value="3019"/>
			<total-profit value="-746"/>
		</stat>
		<stat rank="2" agent="Negative">
			<total-tasks value="24"/>
			<total-distance value="1676.1"/>
			<total-cost value="8381"/>
			<total-reward value="7118"/>
			<total-profit value="-1263"/>
		</stat>
	</statistics>
</history>
