<?xml version="1.0" encoding="ISO-8859-1"?>

<history configuration="config/rounds/auction3.xml">
	<agents>
		<agent name="Future">
			<vehicle name="Vehicle 1"/>
			<vehicle name="Vehicle 2"/>
			<vehicle name="Vehicle 3"/>
			<vehicle name="Vehicle 4"/>
		</agent>
		<agent name="Negative">
			<vehicle name="Vehicle 5"/>
			<vehicle name="Vehicle 6"/>
			<vehicle name="Vehicle 7"/>
			<vehicle name="Vehicle 8"/>
		</agent>
	</agents>
	<rounds>
		<round id="1">
			<tasks>
				<task id="0" pickup="Paris" delivery="Monaco" weight="25" reward="40845">
					<bid agent="Future" bid="2717"/>
					<bid agent="Negative" bid="2895"/>
				</task>
				<task id="1" pickup="Paris" delivery="Monaco" weight="25" reward="40845">
					<bid agent="Future" bid="1472"/>
					<bid agent="Negative" bid="1815"/>
				</task>
				<task id="2" pickup="Lyon" delivery="Paris" weight="28" reward="78143">
					<bid agent="Future" bid="1475"/>
					<bid agent="Negative" bid="1204"/>
				</task>
				<task id="3" pickup="Brest" delivery="Lyon" weight="13" reward="37398">
					<bid agent="Future" bid="2830"/>
					<bid agent="Negative" bid="3140"/>
				</task>
				<task id="4" pickup="Brest" delivery="Strasbourg" weight="25" reward="35950">
					<bid agent="Future" bid="3921"/>
					<bid agent="Negative" bid="3924"/>
				</task>
				<task id="5" pickup="Brest" delivery="Monaco" weight="15" reward="100">
					<bid agent="Future" bid="3358"/>
					<bid agent="Negative" bid="3415"/>
				</task>
				<task id="6" pickup="Lyon" delivery="Monaco" weight="28" reward="72973">
					<bid agent="Future" bid="2266"/>
					<bid agent="Negative" bid="2523"/>
				</task>
				<task id="7" pickup="Paris" delivery="Le Havre" weight="26" reward="96758">
					<bid agent="Future" bid="856"/>
					<bid agent="Negative" bid="891"/>
				</task>
				<task id="8" pickup="Brest" delivery="Le Havre" weight="18" reward="56013">
					<bid agent="Future" bid="2217"/>
					<bid agent="Negative" bid="2544"/>
				</task>
				<task id="9" pickup="Paris" delivery="Monaco" weight="25" reward="40845">
					<bid agent="Future" bid="2807"/>
					<bid agent="Negative" bid="3630"/>
				</task>
				<task id="10" pickup="Paris" delivery="Monaco" weight="25" reward="40845">
					<bid agent="Future" bid="2272"/>
					<bid agent="Negative" bid="1942"/>
				</task>
				<task id="11" pickup="Marseille" delivery="Bordeaux" weight="16" reward="65734">
					<bid agent="Future" bid="2973"/>
					<bid agent="Negative" bid="2520"/>
				</task>
				<task id="12" pickup="Lyon" delivery="Monaco" weight="28" reward="72973">
					<bid agent="Future" bid="47"/>
					<bid agent="Negative" bid="854"/>
				</task>
				<task id="13" pickup="Genève" delivery="Marseille" weight="29" reward="78212">
					<bid agent="Future" bid="1418"/>
					<bid agent="Negative" bid="1266"/>
				</task>
				<task id="14" pickup="Le Havre" delivery="Strasbourg" weight="10" reward="63183">
					<bid agent="Future" bid="2660"/>
					<bid agent="Negative" bid="2732"/>
				</task>
				<task id="15" pickup="Monaco" delivery="Genève" weight="22" reward="74352">
					<bid agent="Future" bid="2600"/>
					<bid agent="Negative" bid="1869"/>
				</task>
				<task id="16" pickup="Bordeaux" delivery="Le Havre" weight="23" reward="56495">
					<bid agent="Future" bid="3579"/>
					<bid agent="Negative" bid="3465"/>
				</task>
				<task id="17" pickup="Genève" delivery="Bordeaux" weight="16" reward="59460">
					<bid agent="Future" bid="2395"/>
					<bid agent="Negative" bid="2816"/>
				</task>
				<task id="18" pickup="Monaco" delivery="Genève" weight="22" reward="74352">
					<bid agent="Future" bid="1360"/>
					<bid agent="Negative" bid="45"/>
				</task>
				<task id="19" pickup="Paris" delivery="Monaco" weight="25" reward="40845">
					<bid agent="Future" bid="2625"/>
					<bid agent="Negative" bid="2744"/>
				</task>
				<task id="20" pickup="Monaco" delivery="Brest" weight="12" reward="100">
					<bid agent="Future" bid="4979"/>
					<bid agent="Negative" bid="4685"/>
				</task>
				<task id="21" pickup="Bordeaux" delivery="Marseille" weight="21" reward="65734">
					<bid agent="Future" bid="1422"/>
					<bid agent="Negative" bid="1227"/>
				</task>
				<task id="22" pickup="Brest" delivery="Marseille" weight="11" reward="15612">
					<bid agent="Future" bid="6133"/>
					<bid agent="Negative" bid="1699"/>
				</task>
				<task id="23" pickup="Monaco" delivery="Le Havre" weight="23" reward="27332">
					<bid agent="Future" bid="1263"/>
					<bid agent="Negative" bid="1018"/>
				</task>
				<task id="24" pickup="Brest" delivery="Le Havre" weight="18" reward="56013">
					<bid agent="Future" bid="3447"/>
					<bid agent="Negative" bid="2089"/>
				</task>
				<task id="25" pickup="Brest" delivery="Bordeaux" weight="21" reward="29263">
					<bid agent="Future" bid="3429"/>
					<bid agent="Negative" bid="3300"/>
				</task>
				<task id="26" pickup="Strasbourg" delivery="Brest" weight="25" reward="35950">
					<bid agent="Future" bid="4132"/>
					<bid agent="Negative" bid="4131"/>
				</task>
				<task id="27" pickup="Paris" delivery="Strasbourg" weight="26" reward="76696">
					<bid agent="Future" bid="1857"/>
					<bid agent="Negative" bid="45"/>
				</task>
				<task id="28" pickup="Monaco" delivery="Genève" weight="22" reward="74352">
					<bid agent="Future" bid="48"/>
					<bid agent="Negative" bid="1756"/>
				</task>
				<task id="29" pickup="Monaco" delivery="Lyon" weight="15" reward="72973">
					<bid agent="Future" bid="468"/>
					<bid agent="Negative" bid="45"/>
				</task>
				<task id="30" pickup="Brest" delivery="Monaco" weight="15" reward="100">
					<bid agent="Future" bid="6489"/>
					<bid agent="Negative" bid="2179"/>
				</task>
				<task id="31" pickup="Genève" delivery="Le Havre" weight="23" reward="54358">
					<bid agent="Future" bid="1069"/>
					<bid agent="Negative" bid="1954"/>
				</task>
				<task id="32" pickup="Marseille" delivery="Brest" weight="16" reward="15612">
					<bid agent="Future" bid="5730"/>
					<bid agent="Negative" bid="2553"/>
				</task>
				<task id="33" pickup="Le Havre" delivery="Bordeaux" weight="22" reward="56495">
					<bid agent="Future" bid="2376"/>
					<bid agent="Negative" bid="45"/>
				</task>
				<task id="34" pickup="Monaco" delivery="Brest" weight="12" reward="100">
					<bid agent="Future" bid="7176"/>
					<bid agent="Negative" bid="6245"/>
				</task>
				<task id="35" pickup="Le Havre" delivery="Marseille" weight="28" reward="42844">
					<bid agent="Future" bid="2208"/>
					<bid agent="Negative" bid="45"/>
				</task>
				<task id="36" pickup="Monaco" delivery="Lyon" weight="15" reward="72973">
					<bid agent="Future" bid="468"/>
					<bid agent="Negative" bid="137"/>
				</task>
				<task id="37" pickup="Paris" delivery="Strasbourg" weight="26" reward="76696">
					<bid agent="Future" bid="1421"/>
					<bid agent="Negative" bid="1322"/>
				</task>
				<task id="38" pickup="Strasbourg" delivery="Paris" weight="26" reward="76696">
					<bid agent="Future" bid="1748"/>
					<bid agent="Negative" bid="935"/>
				</task>
				<task id="39" pickup="Bordeaux" delivery="Genève" weight="23" reward="59460">
					<bid agent="Future" bid="1834"/>
					<bid agent="Negative" bid="1517"/>
				</task>
			</tasks>
			<events>
				<event id="0" time="0" vehicle="Vehicle 1" pickup="19"/>
				<event id="1" time="0" vehicle="Vehicle 3" pickup="8"/>
				<event id="2" time="0" vehicle="Vehicle 4" pickup="17"/>
				<event id="3" time="0" vehicle="Vehicle 6" pickup="21"/>
				<event id="4" time="0" vehicle="Vehicle 7" pickup="15"/>
				<event id="5" time="0" vehicle="Vehicle 8" pickup="38"/>
				<event id="6" time="300000000" vehicle="Vehicle 1" pickup="9"/>
				<event id="7" time="300000000" vehicle="Vehicle 3" pickup="4"/>
				<event id="8" time="300000000" vehicle="Vehicle 4" pickup="31"/>
				<event id="9" time="300000000" vehicle="Vehicle 6" pickup="39"/>
				<event id="10" time="300000000" vehicle="Vehicle 7" pickup="18"/>
				<event id="11" time="300000000" vehicle="Vehicle 8" move="Paris"/>
				<event id="12" time="600000000" vehicle="Vehicle 1" move="Lyon"/>
				<event id="13" time="600000000" vehicle="Vehicle 3" pickup="5"/>
				<event id="14" time="600000000" vehicle="Vehicle 4" move="Lyon"/>
				<event id="15" time="600000000" vehicle="Vehicle 6" move="Marseille"/>
				<event id="16" time="600000000" vehicle="Vehicle 7" move="Genève"/>
				<event id="17" time="900000000" vehicle="Vehicle 3" pickup="3"/>
				<event id="18" time="1200000000" vehicle="Vehicle 3" move="Paris"/>
				<event id="19" time="2255555555" vehicle="Vehicle 4" move="Paris"/>
				<event id="20" time="5711111111" vehicle="Vehicle 8" pickup="27"/>
				<event id="21" time="6011111110" vehicle="Vehicle 8" pickup="37"/>
				<event id="22" time="6311111110" vehicle="Vehicle 8" deliver="38"/>
				<event id="23" time="6388888888" vehicle="Vehicle 7" deliver="15"/>
				<event id="24" time="6611111110" vehicle="Vehicle 8" move="Strasbourg"/>
				<event id="25" time="6688888888" vehicle="Vehicle 7" deliver="18"/>
				<event id="26" time="6988888888" vehicle="Vehicle 7" pickup="13"/>
				<event id="27" time="7288888887" vehicle="Vehicle 7" move="Monaco"/>
				<event id="28" time="7433333332" vehicle="Vehicle 4" pickup="7"/>
				<event id="29" time="7733333332" vehicle="Vehicle 4" move="Le Havre"/>
				<event id="30" time="7766666666" vehicle="Vehicle 3" move="Le Havre"/>
				<event id="31" time="7777777777" vehicle="Vehicle 6" pickup="32"/>
				<event id="32" time="8077777776" vehicle="Vehicle 6" deliver="21"/>
				<event id="33" time="8366666666" vehicle="Vehicle 1" pickup="12"/>
				<event id="34" time="8377777776" vehicle="Vehicle 6" move="Monaco"/>
				<event id="35" time="8666666666" vehicle="Vehicle 1" move="Marseille"/>
				<event id="36" time="9911111109" vehicle="Vehicle 4" deliver="7"/>
				<event id="37" time="9944444443" vehicle="Vehicle 3" deliver="8"/>
				<event id="38" time="10211111108" vehicle="Vehicle 4" deliver="31"/>
				<event id="39" time="10244444442" vehicle="Vehicle 3" pickup="14"/>
				<event id="40" time="10511111108" vehicle="Vehicle 4" move="Paris"/>
				<event id="41" time="10544444442" vehicle="Vehicle 3" move="Paris"/>
				<event id="42" time="10877777775" vehicle="Vehicle 6" pickup="29"/>
				<event id="43" time="11177777774" vehicle="Vehicle 6" pickup="36"/>
				<event id="44" time="11477777774" vehicle="Vehicle 6" move="Marseille"/>
				<event id="45" time="12022222220" vehicle="Vehicle 8" deliver="37"/>
				<event id="46" time="12322222220" vehicle="Vehicle 8" deliver="27"/>
				<event id="47" time="12688888884" vehicle="Vehicle 4" pickup="1"/>
				<event id="48" time="12722222219" vehicle="Vehicle 3" move="Strasbourg"/>
				<event id="49" time="12988888884" vehicle="Vehicle 4" pickup="0"/>
				<event id="50" time="13077777775" vehicle="Vehicle 7" pickup="34"/>
				<event id="51" time="13288888883" vehicle="Vehicle 4" move="Bordeaux"/>
				<event id="52" time="13377777775" vehicle="Vehicle 7" pickup="23"/>
				<event id="53" time="13677777775" vehicle="Vehicle 7" pickup="20"/>
				<event id="54" time="13933333332" vehicle="Vehicle 1" move="Monaco"/>
				<event id="55" time="13977777773" vehicle="Vehicle 6" move="Lyon"/>
				<event id="56" time="13977777775" vehicle="Vehicle 7" move="Marseille"/>
				<event id="57" time="16477777774" vehicle="Vehicle 7" deliver="13"/>
				<event id="58" time="16777777774" vehicle="Vehicle 7" pickup="11"/>
				<event id="59" time="17077777773" vehicle="Vehicle 7" move="Bordeaux"/>
				<event id="60" time="17488888883" vehicle="Vehicle 6" deliver="36"/>
				<event id="61" time="17683333331" vehicle="Vehicle 1" deliver="9"/>
				<event id="62" time="17788888883" vehicle="Vehicle 6" deliver="29"/>
				<event id="63" time="17983333331" vehicle="Vehicle 1" pickup="28"/>
				<event id="64" time="18088888882" vehicle="Vehicle 6" pickup="2"/>
				<event id="65" time="18133333329" vehicle="Vehicle 3" deliver="4"/>
				<event id="66" time="18283333330" vehicle="Vehicle 1" deliver="12"/>
				<event id="67" time="18388888882" vehicle="Vehicle 6" move="Genève"/>
				<event id="68" time="18433333329" vehicle="Vehicle 3" deliver="14"/>
				<event id="69" time="18583333330" vehicle="Vehicle 1" deliver="19"/>
				<event id="70" time="18733333329" vehicle="Vehicle 3" move="Genève"/>
				<event id="71" time="18883333330" vehicle="Vehicle 1" move="Genève"/>
				<event id="72" time="19777777771" vehicle="Vehicle 4" deliver="17"/>
				<event id="73" time="20044444437" vehicle="Vehicle 6" deliver="39"/>
				<event id="74" time="20077777770" vehicle="Vehicle 4" move="Marseille"/>
				<event id="75" time="20344444437" vehicle="Vehicle 6" move="Strasbourg"/>
				<event id="76" time="23055555550" vehicle="Vehicle 3" move="Lyon"/>
				<event id="77" time="24255555550" vehicle="Vehicle 7" deliver="11"/>
				<event id="78" time="24555555550" vehicle="Vehicle 7" pickup="16"/>
				<event id="79" time="24666666658" vehicle="Vehicle 6" pickup="26"/>
				<event id="80" time="24711111105" vehicle="Vehicle 3" pickup="6"/>
				<event id="81" time="24855555550" vehicle="Vehicle 7" move="Paris"/>
				<event id="82" time="24966666658" vehicle="Vehicle 6" move="Paris"/>
				<event id="83" time="25011111104" vehicle="Vehicle 3" deliver="3"/>
				<event id="84" time="25311111104" vehicle="Vehicle 3" move="Marseille"/>
				<event id="85" time="27255555547" vehicle="Vehicle 4" move="Monaco"/>
				<event id="86" time="27566666662" vehicle="Vehicle 1" deliver="28"/>
				<event id="87" time="28822222214" vehicle="Vehicle 3" move="Monaco"/>
				<event id="88" time="29755555546" vehicle="Vehicle 4" deliver="0"/>
				<event id="89" time="30055555545" vehicle="Vehicle 4" deliver="1"/>
				<event id="90" time="30377777768" vehicle="Vehicle 6" move="Brest"/>
				<event id="91" time="31322222213" vehicle="Vehicle 3" deliver="6"/>
				<event id="92" time="31344444438" vehicle="Vehicle 7" move="Le Havre"/>
				<event id="93" time="31622222213" vehicle="Vehicle 3" deliver="5"/>
				<event id="94" time="33522222215" vehicle="Vehicle 7" deliver="16"/>
				<event id="95" time="33822222215" vehicle="Vehicle 7" pickup="35"/>
				<event id="96" time="34122222214" vehicle="Vehicle 7" deliver="23"/>
				<event id="97" time="34422222214" vehicle="Vehicle 7" move="Paris"/>
				<event id="98" time="36599999991" vehicle="Vehicle 7" move="Brest"/>
				<event id="99" time="36944444434" vehicle="Vehicle 6" deliver="26"/>
				<event id="100" time="37244444433" vehicle="Vehicle 6" deliver="32"/>
				<event id="101" time="37544444433" vehicle="Vehicle 6" pickup="24"/>
				<event id="102" time="37844444433" vehicle="Vehicle 6" pickup="25"/>
				<event id="103" time="38144444432" vehicle="Vehicle 6" move="Paris"/>
				<event id="104" time="43166666657" vehicle="Vehicle 7" pickup="30"/>
				<event id="105" time="43466666657" vehicle="Vehicle 7" deliver="20"/>
				<event id="106" time="43766666657" vehicle="Vehicle 7" pickup="22"/>
				<event id="107" time="44066666656" vehicle="Vehicle 7" deliver="34"/>
				<event id="108" time="44366666656" vehicle="Vehicle 7" move="Paris"/>
				<event id="109" time="44711111098" vehicle="Vehicle 6" move="Le Havre"/>
				<event id="110" time="46888888874" vehicle="Vehicle 6" deliver="24"/>
				<event id="111" time="47188888873" vehicle="Vehicle 6" pickup="33"/>
				<event id="112" time="47488888873" vehicle="Vehicle 6" move="Paris"/>
				<event id="113" time="49666666650" vehicle="Vehicle 6" deliver="2"/>
				<event id="114" time="49966666650" vehicle="Vehicle 6" move="Bordeaux"/>
				<event id="115" time="50933333322" vehicle="Vehicle 7" pickup="10"/>
				<event id="116" time="51233333321" vehicle="Vehicle 7" move="Lyon"/>
				<event id="117" time="56411111098" vehicle="Vehicle 7" move="Marseille"/>
				<event id="118" time="56455555538" vehicle="Vehicle 6" deliver="25"/>
				<event id="119" time="56755555538" vehicle="Vehicle 6" deliver="33"/>
				<event id="120" time="59922222208" vehicle="Vehicle 7" deliver="35"/>
				<event id="121" time="60222222207" vehicle="Vehicle 7" deliver="22"/>
				<event id="122" time="60522222207" vehicle="Vehicle 7" move="Monaco"/>
				<event id="123" time="63022222206" vehicle="Vehicle 7" deliver="10"/>
				<event id="124" time="63322222206" vehicle="Vehicle 7" deliver="30"/>
			</events>
		</round>
	</rounds>
	<statistics>
		<stat rank="1" agent="Future">
			<total-tasks value="15"/>
			<total-distance value="6539.0"/>
			<total-cost value="32695"/>
			<total-reward value="31288"/>
			<total-profit value="-1407"/>
		</stat>
		<stat rank="2" agent="Negative">
			<total-tasks value="25"/>
			<total-distance value="10647.0"/>
			<total-cost value="53235"/>
			<total-reward value="45528"/>
			<total-profit value="-7707"/>
		</stat>
	</statistics>
</history>
