<?xml version="1.0" encoding="ISO-8859-1"?>

<history configuration="config/rounds/auction2.xml">
	<agents>
		<agent name="Neutral">
			<vehicle name="Vehicle 1"/>
			<vehicle name="Vehicle 2"/>
			<vehicle name="Vehicle 3"/>
		</agent>
		<agent name="Positive">
			<vehicle name="Vehicle 4"/>
			<vehicle name="Vehicle 5"/>
			<vehicle name="Vehicle 6"/>
			<vehicle name="Vehicle 7"/>
		</agent>
	</agents>
	<rounds>
		<round id="1">
			<tasks>
				<task id="0" pickup="Breda" delivery="Almere" weight="27" reward="62791">
					<bid agent="Neutral" bid="369"/>
					<bid agent="Positive" bid="419"/>
				</task>
				<task id="1" pickup="Den Haag" delivery="Groningen" weight="19" reward="8119">
					<bid agent="Neutral" bid="612"/>
					<bid agent="Positive" bid="692"/>
				</task>
				<task id="2" pickup="Apeldoorn" delivery="Den Haag" weight="26" reward="47362">
					<bid agent="Neutral" bid="425"/>
					<bid agent="Positive" bid="488"/>
				</task>
				<task id="3" pickup="Utrecht" delivery="Groningen" weight="12" reward="30020">
					<bid agent="Neutral" bid="295"/>
					<bid agent="Positive" bid="458"/>
				</task>
				<task id="4" pickup="Utrecht" delivery="Amsterdam" weight="24" reward="91775">
					<bid agent="Neutral" bid="126"/>
					<bid agent="Positive" bid="324"/>
				</task>
				<task id="5" pickup="Nijmegen" delivery="Groningen" weight="26" reward="29695">
					<bid agent="Neutral" bid="552"/>
					<bid agent="Positive" bid="701"/>
				</task>
				<task id="6" pickup="Almere" delivery="Utrecht" weight="26" reward="92712">
					<bid agent="Neutral" bid="75"/>
					<bid agent="Positive" bid="275"/>
				</task>
				<task id="7" pickup="Den Haag" delivery="Nijmegen" weight="28" reward="54405">
					<bid agent="Neutral" bid="365"/>
					<bid agent="Positive" bid="386"/>
				</task>
				<task id="8" pickup="Apeldoorn" delivery="Almere" weight="21" reward="77731">
					<bid agent="Neutral" bid="171"/>
					<bid agent="Positive" bid="270"/>
				</task>
				<task id="9" pickup="Apeldoorn" delivery="Den Haag" weight="26" reward="47362">
					<bid agent="Neutral" bid="444"/>
					<bid agent="Positive" bid="431"/>
				</task>
				<task id="10" pickup="Almere" delivery="Eindhoven" weight="12" reward="55300">
					<bid agent="Neutral" bid="425"/>
					<bid agent="Positive" bid="504"/>
				</task>
				<task id="11" pickup="Breda" delivery="Nijmegen" weight="11" reward="71177">
					<bid agent="Neutral" bid="236"/>
					<bid agent="Positive" bid="579"/>
				</task>
				<task id="12" pickup="Rotterdam" delivery="Almere" weight="22" reward="67350">
					<bid agent="Neutral" bid="608"/>
					<bid agent="Positive" bid="367"/>
				</task>
				<task id="13" pickup="Den Haag" delivery="Apeldoorn" weight="17" reward="47362">
					<bid agent="Neutral" bid="415"/>
					<bid agent="Positive" bid="366"/>
				</task>
				<task id="14" pickup="Eindhoven" delivery="Nijmegen" weight="28" reward="81761">
					<bid agent="Neutral" bid="169"/>
					<bid agent="Positive" bid="506"/>
				</task>
				<task id="15" pickup="Rotterdam" delivery="Apeldoorn" weight="16" reward="57702">
					<bid agent="Neutral" bid="287"/>
					<bid agent="Positive" bid="293"/>
				</task>
				<task id="16" pickup="Amsterdam" delivery="Breda" weight="23" reward="61855">
					<bid agent="Neutral" bid="318"/>
					<bid agent="Positive" bid="244"/>
				</task>
				<task id="17" pickup="Apeldoorn" delivery="Den Haag" weight="26" reward="47362">
					<bid agent="Neutral" bid="216"/>
					<bid agent="Positive" bid="270"/>
				</task>
				<task id="18" pickup="Almere" delivery="Rotterdam" weight="25" reward="67350">
					<bid agent="Neutral" bid="242"/>
					<bid agent="Positive" bid="50"/>
				</task>
				<task id="19" pickup="Eindhoven" delivery="Breda" weight="15" reward="85018">
					<bid agent="Neutral" bid="183"/>
					<bid agent="Positive" bid="376"/>
				</task>
				<task id="20" pickup="Amsterdam" delivery="Nijmegen" weight="20" reward="56603">
					<bid agent="Neutral" bid="359"/>
					<bid agent="Positive" bid="473"/>
				</task>
				<task id="21" pickup="Breda" delivery="Nijmegen" weight="11" reward="71177">
					<bid agent="Neutral" bid="181"/>
					<bid agent="Positive" bid="240"/>
				</task>
				<task id="22" pickup="Eindhoven" delivery="Groningen" weight="27" reward="1117">
					<bid agent="Neutral" bid="1448"/>
					<bid agent="Positive" bid="1219"/>
				</task>
				<task id="23" pickup="Amsterdam" delivery="Nijmegen" weight="20" reward="56603">
					<bid agent="Neutral" bid="210"/>
					<bid agent="Positive" bid="624"/>
				</task>
				<task id="24" pickup="Groningen" delivery="Amsterdam" weight="15" reward="34661">
					<bid agent="Neutral" bid="830"/>
					<bid agent="Positive" bid="766"/>
				</task>
				<task id="25" pickup="Den Haag" delivery="Groningen" weight="19" reward="8119">
					<bid agent="Neutral" bid="987"/>
					<bid agent="Positive" bid="445"/>
				</task>
				<task id="26" pickup="Eindhoven" delivery="Rotterdam" weight="15" reward="65233">
					<bid agent="Neutral" bid="398"/>
					<bid agent="Positive" bid="336"/>
				</task>
				<task id="27" pickup="Groningen" delivery="Amsterdam" weight="15" reward="34661">
					<bid agent="Neutral" bid="644"/>
					<bid agent="Positive" bid="541"/>
				</task>
				<task id="28" pickup="Utrecht" delivery="Almere" weight="23" reward="92712">
					<bid agent="Neutral" bid="142"/>
					<bid agent="Positive" bid="121"/>
				</task>
				<task id="29" pickup="Utrecht" delivery="Breda" weight="29" reward="80418">
					<bid agent="Neutral" bid="362"/>
					<bid agent="Positive" bid="300"/>
				</task>
			</tasks>
			<events>
				<event id="0" time="0" vehicle="Vehicle 1" pickup="20"/>
				<event id="1" time="0" vehicle="Vehicle 2" pickup="19"/>
				<event id="2" time="0" vehicle="Vehicle 5" pickup="9"/>
				<event id="3" time="0" vehicle="Vehicle 6" pickup="27"/>
				<event id="4" time="300000000" vehicle="Vehicle 1" move="Almere"/>
				<event id="5" time="300000000" vehicle="Vehicle 2" move="Breda"/>
				<event id="6" time="300000000" vehicle="Vehicle 5" move="Nijmegen"/>
				<event id="7" time="300000000" vehicle="Vehicle 6" pickup="24"/>
				<event id="8" time="600000000" vehicle="Vehicle 6" move="Almere"/>
				<event id="9" time="831666666" vehicle="Vehicle 1" pickup="6"/>
				<event id="10" time="934444444" vehicle="Vehicle 5" move="Eindhoven"/>
				<event id="11" time="991111111" vehicle="Vehicle 2" deliver="19"/>
				<event id="12" time="1131666665" vehicle="Vehicle 1" pickup="10"/>
				<event id="13" time="1291111110" vehicle="Vehicle 2" pickup="0"/>
				<event id="14" time="1431666665" vehicle="Vehicle 1" move="Utrecht"/>
				<event id="15" time="1591111110" vehicle="Vehicle 2" pickup="11"/>
				<event id="16" time="1714444443" vehicle="Vehicle 5" pickup="26"/>
				<event id="17" time="1891111110" vehicle="Vehicle 2" move="Utrecht"/>
				<event id="18" time="2014444442" vehicle="Vehicle 5" pickup="22"/>
				<event id="19" time="2153333331" vehicle="Vehicle 1" deliver="6"/>
				<event id="20" time="2311111111" vehicle="Vehicle 6" pickup="18"/>
				<event id="21" time="2314444442" vehicle="Vehicle 5" move="Breda"/>
				<event id="22" time="2453333331" vehicle="Vehicle 1" move="Eindhoven"/>
				<event id="23" time="2611111111" vehicle="Vehicle 6" move="Amsterdam"/>
				<event id="24" time="2707777775" vehicle="Vehicle 2" pickup="4"/>
				<event id="25" time="2965555555" vehicle="Vehicle 6" deliver="24"/>
				<event id="26" time="3005555552" vehicle="Vehicle 5" move="Rotterdam"/>
				<event id="27" time="3007777774" vehicle="Vehicle 2" pickup="3"/>
				<event id="28" time="3265555554" vehicle="Vehicle 6" pickup="16"/>
				<event id="29" time="3307777774" vehicle="Vehicle 2" move="Almere"/>
				<event id="30" time="3545555552" vehicle="Vehicle 5" move="Den Haag"/>
				<event id="31" time="3565555554" vehicle="Vehicle 6" deliver="27"/>
				<event id="32" time="3788888885" vehicle="Vehicle 2" deliver="0"/>
				<event id="33" time="3827777774" vehicle="Vehicle 5" deliver="9"/>
				<event id="34" time="3865555554" vehicle="Vehicle 6" move="Utrecht"/>
				<event id="35" time="3984999997" vehicle="Vehicle 1" pickup="14"/>
				<event id="36" time="4088888884" vehicle="Vehicle 2" move="Amsterdam"/>
				<event id="37" time="4127777773" vehicle="Vehicle 5" pickup="13"/>
				<event id="38" time="4284999997" vehicle="Vehicle 1" deliver="10"/>
				<event id="39" time="4372222220" vehicle="Vehicle 6" pickup="29"/>
				<event id="40" time="4427777773" vehicle="Vehicle 5" pickup="25"/>
				<event id="41" time="4443333328" vehicle="Vehicle 2" deliver="4"/>
				<event id="42" time="4584999997" vehicle="Vehicle 1" move="Nijmegen"/>
				<event id="43" time="4672222220" vehicle="Vehicle 6" move="Breda"/>
				<event id="44" time="4727777773" vehicle="Vehicle 5" move="Rotterdam"/>
				<event id="45" time="4743333328" vehicle="Vehicle 2" pickup="23"/>
				<event id="46" time="5009999995" vehicle="Vehicle 5" deliver="26"/>
				<event id="47" time="5043333327" vehicle="Vehicle 2" move="Den Haag"/>
				<event id="48" time="5309999995" vehicle="Vehicle 5" move="Utrecht"/>
				<event id="49" time="5488888885" vehicle="Vehicle 6" deliver="29"/>
				<event id="50" time="5754999997" vehicle="Vehicle 1" deliver="14"/>
				<event id="51" time="5767777771" vehicle="Vehicle 2" pickup="1"/>
				<event id="52" time="5788888885" vehicle="Vehicle 6" deliver="16"/>
				<event id="53" time="6002222217" vehicle="Vehicle 5" move="Apeldoorn"/>
				<event id="54" time="6054999997" vehicle="Vehicle 1" deliver="20"/>
				<event id="55" time="6067777770" vehicle="Vehicle 2" move="Rotterdam"/>
				<event id="56" time="6088888884" vehicle="Vehicle 6" move="Rotterdam"/>
				<event id="57" time="6349999992" vehicle="Vehicle 2" pickup="15"/>
				<event id="58" time="6354999997" vehicle="Vehicle 1" move="Apeldoorn"/>
				<event id="59" time="6628888884" vehicle="Vehicle 6" pickup="12"/>
				<event id="60" time="6649999992" vehicle="Vehicle 2" move="Nijmegen"/>
				<event id="61" time="6746666661" vehicle="Vehicle 5" deliver="13"/>
				<event id="62" time="6928888884" vehicle="Vehicle 6" deliver="18"/>
				<event id="63" time="7046666660" vehicle="Vehicle 5" move="Groningen"/>
				<event id="64" time="7228888883" vehicle="Vehicle 6" move="Utrecht"/>
				<event id="65" time="7306666663" vehicle="Vehicle 1" pickup="8"/>
				<event id="66" time="7606666663" vehicle="Vehicle 1" pickup="2"/>
				<event id="67" time="7894444436" vehicle="Vehicle 2" deliver="23"/>
				<event id="68" time="7906666663" vehicle="Vehicle 1" pickup="17"/>
				<event id="69" time="7921111105" vehicle="Vehicle 6" pickup="28"/>
				<event id="70" time="8194444435" vehicle="Vehicle 2" deliver="11"/>
				<event id="71" time="8206666662" vehicle="Vehicle 1" move="Almere"/>
				<event id="72" time="8221111104" vehicle="Vehicle 6" move="Almere"/>
				<event id="73" time="8494444435" vehicle="Vehicle 2" pickup="5"/>
				<event id="74" time="8613333326" vehicle="Vehicle 5" deliver="22"/>
				<event id="75" time="8702222215" vehicle="Vehicle 6" deliver="12"/>
				<event id="76" time="8794444435" vehicle="Vehicle 2" move="Apeldoorn"/>
				<event id="77" time="8913333326" vehicle="Vehicle 5" deliver="25"/>
				<event id="78" time="9002222214" vehicle="Vehicle 6" deliver="28"/>
				<event id="79" time="9428888878" vehicle="Vehicle 2" deliver="15"/>
				<event id="80" time="9541666661" vehicle="Vehicle 1" deliver="8"/>
				<event id="81" time="9728888878" vehicle="Vehicle 2" move="Groningen"/>
				<event id="82" time="9841666661" vehicle="Vehicle 1" move="Amsterdam"/>
				<event id="83" time="10373333327" vehicle="Vehicle 1" move="Den Haag"/>
				<event id="84" time="11295555544" vehicle="Vehicle 2" deliver="1"/>
				<event id="85" time="11459999993" vehicle="Vehicle 1" pickup="7"/>
				<event id="86" time="11595555544" vehicle="Vehicle 2" deliver="5"/>
				<event id="87" time="11759999993" vehicle="Vehicle 1" deliver="17"/>
				<event id="88" time="11895555544" vehicle="Vehicle 2" deliver="3"/>
				<event id="89" time="12059999993" vehicle="Vehicle 1" deliver="2"/>
				<event id="90" time="12359999993" vehicle="Vehicle 1" move="Rotterdam"/>
				<event id="91" time="12783333326" vehicle="Vehicle 1" move="Breda"/>
				<event id="92" time="13593333325" vehicle="Vehicle 1" pickup="21"/>
				<event id="93" time="13893333325" vehicle="Vehicle 1" move="Nijmegen"/>
				<event id="94" time="15496666657" vehicle="Vehicle 1" deliver="21"/>
				<event id="95" time="15796666657" vehicle="Vehicle 1" deliver="7"/>
			</events>
		</round>
	</rounds>
	<statistics>
		<stat rank="1" agent="Positive">
			<total-tasks value="12"/>
			<total-distance value="1018.4"/>
			<total-cost value="5092"/>
			<total-reward value="5186"/>
			<total-profit value="94"/>
		</stat>
		<stat rank="2" agent="Neutral">
			<total-tasks value="18"/>
			<total-distance value="1253.4"/>
			<total-cost value="6267"/>
			<total-reward value="5256"/>
			<total-profit value="-1011"/>
		</stat>
	</statistics>
</history>
