<?xml version="1.0" encoding="ISO-8859-1"?>

<history configuration="config/rounds/auction3.xml">
	<agents>
		<agent name="Positive">
			<vehicle name="Vehicle 1"/>
			<vehicle name="Vehicle 2"/>
			<vehicle name="Vehicle 3"/>
			<vehicle name="Vehicle 4"/>
		</agent>
		<agent name="Negative">
			<vehicle name="Vehicle 5"/>
			<vehicle name="Vehicle 6"/>
			<vehicle name="Vehicle 7"/>
			<vehicle name="Vehicle 8"/>
		</agent>
	</agents>
	<rounds>
		<round id="1">
			<tasks>
				<task id="0" pickup="Paris" delivery="Monaco" weight="25" reward="40845">
					<bid agent="Positive" bid="2692"/>
					<bid agent="Negative" bid="2895"/>
				</task>
				<task id="1" pickup="Paris" delivery="Monaco" weight="25" reward="40845">
					<bid agent="Positive" bid="1459"/>
					<bid agent="Negative" bid="1815"/>
				</task>
				<task id="2" pickup="Lyon" delivery="Paris" weight="28" reward="78143">
					<bid agent="Positive" bid="1657"/>
					<bid agent="Negative" bid="1204"/>
				</task>
				<task id="3" pickup="Brest" delivery="Lyon" weight="13" reward="37398">
					<bid agent="Positive" bid="2645"/>
					<bid agent="Negative" bid="3140"/>
				</task>
				<task id="4" pickup="Brest" delivery="Strasbourg" weight="25" reward="35950">
					<bid agent="Positive" bid="3461"/>
					<bid agent="Negative" bid="3924"/>
				</task>
				<task id="5" pickup="Brest" delivery="Monaco" weight="15" reward="100">
					<bid agent="Positive" bid="2846"/>
					<bid agent="Negative" bid="3415"/>
				</task>
				<task id="6" pickup="Lyon" delivery="Monaco" weight="28" reward="72973">
					<bid agent="Positive" bid="2405"/>
					<bid agent="Negative" bid="2523"/>
				</task>
				<task id="7" pickup="Paris" delivery="Le Havre" weight="26" reward="96758">
					<bid agent="Positive" bid="992"/>
					<bid agent="Negative" bid="974"/>
				</task>
				<task id="8" pickup="Brest" delivery="Le Havre" weight="18" reward="56013">
					<bid agent="Positive" bid="2028"/>
					<bid agent="Negative" bid="2815"/>
				</task>
				<task id="9" pickup="Paris" delivery="Monaco" weight="25" reward="40845">
					<bid agent="Positive" bid="2164"/>
					<bid agent="Negative" bid="3218"/>
				</task>
				<task id="10" pickup="Paris" delivery="Monaco" weight="25" reward="40845">
					<bid agent="Positive" bid="2251"/>
					<bid agent="Negative" bid="2330"/>
				</task>
				<task id="11" pickup="Marseille" delivery="Bordeaux" weight="16" reward="65734">
					<bid agent="Positive" bid="4317"/>
					<bid agent="Negative" bid="2979"/>
				</task>
				<task id="12" pickup="Lyon" delivery="Monaco" weight="28" reward="72973">
					<bid agent="Positive" bid="3704"/>
					<bid agent="Negative" bid="2668"/>
				</task>
				<task id="13" pickup="Genève" delivery="Marseille" weight="29" reward="78212">
					<bid agent="Positive" bid="2141"/>
					<bid agent="Negative" bid="2869"/>
				</task>
				<task id="14" pickup="Le Havre" delivery="Strasbourg" weight="10" reward="63183">
					<bid agent="Positive" bid="3328"/>
					<bid agent="Negative" bid="1517"/>
				</task>
				<task id="15" pickup="Monaco" delivery="Genève" weight="22" reward="74352">
					<bid agent="Positive" bid="2866"/>
					<bid agent="Negative" bid="1346"/>
				</task>
				<task id="16" pickup="Bordeaux" delivery="Le Havre" weight="23" reward="56495">
					<bid agent="Positive" bid="3950"/>
					<bid agent="Negative" bid="410"/>
				</task>
				<task id="17" pickup="Genève" delivery="Bordeaux" weight="16" reward="59460">
					<bid agent="Positive" bid="1745"/>
					<bid agent="Negative" bid="1014"/>
				</task>
				<task id="18" pickup="Monaco" delivery="Genève" weight="22" reward="74352">
					<bid agent="Positive" bid="1417"/>
					<bid agent="Negative" bid="990"/>
				</task>
				<task id="19" pickup="Paris" delivery="Monaco" weight="25" reward="40845">
					<bid agent="Positive" bid="5457"/>
					<bid agent="Negative" bid="3631"/>
				</task>
				<task id="20" pickup="Monaco" delivery="Brest" weight="12" reward="100">
					<bid agent="Positive" bid="6457"/>
					<bid agent="Negative" bid="5922"/>
				</task>
				<task id="21" pickup="Bordeaux" delivery="Marseille" weight="21" reward="65734">
					<bid agent="Positive" bid="4675"/>
					<bid agent="Negative" bid="1341"/>
				</task>
				<task id="22" pickup="Brest" delivery="Marseille" weight="11" reward="15612">
					<bid agent="Positive" bid="6399"/>
					<bid agent="Negative" bid="5806"/>
				</task>
				<task id="23" pickup="Monaco" delivery="Le Havre" weight="23" reward="27332">
					<bid agent="Positive" bid="5615"/>
					<bid agent="Negative" bid="2478"/>
				</task>
				<task id="24" pickup="Brest" delivery="Le Havre" weight="18" reward="56013">
					<bid agent="Positive" bid="3152"/>
					<bid agent="Negative" bid="2557"/>
				</task>
				<task id="25" pickup="Brest" delivery="Bordeaux" weight="21" reward="29263">
					<bid agent="Positive" bid="7365"/>
					<bid agent="Negative" bid="6701"/>
				</task>
				<task id="26" pickup="Strasbourg" delivery="Brest" weight="25" reward="35950">
					<bid agent="Positive" bid="5714"/>
					<bid agent="Negative" bid="4008"/>
				</task>
				<task id="27" pickup="Paris" delivery="Strasbourg" weight="26" reward="76696">
					<bid agent="Positive" bid="1138"/>
					<bid agent="Negative" bid="990"/>
				</task>
				<task id="28" pickup="Monaco" delivery="Genève" weight="22" reward="74352">
					<bid agent="Positive" bid="2433"/>
					<bid agent="Negative" bid="1414"/>
				</task>
				<task id="29" pickup="Monaco" delivery="Lyon" weight="15" reward="72973">
					<bid agent="Positive" bid="1469"/>
					<bid agent="Negative" bid="1296"/>
				</task>
				<task id="30" pickup="Brest" delivery="Monaco" weight="15" reward="100">
					<bid agent="Positive" bid="6514"/>
					<bid agent="Negative" bid="2816"/>
				</task>
				<task id="31" pickup="Genève" delivery="Le Havre" weight="23" reward="54358">
					<bid agent="Positive" bid="2496"/>
					<bid agent="Negative" bid="2515"/>
				</task>
				<task id="32" pickup="Marseille" delivery="Brest" weight="16" reward="15612">
					<bid agent="Positive" bid="5641"/>
					<bid agent="Negative" bid="4671"/>
				</task>
				<task id="33" pickup="Le Havre" delivery="Bordeaux" weight="22" reward="56495">
					<bid agent="Positive" bid="3301"/>
					<bid agent="Negative" bid="1588"/>
				</task>
				<task id="34" pickup="Monaco" delivery="Brest" weight="12" reward="100">
					<bid agent="Positive" bid="4010"/>
					<bid agent="Negative" bid="2184"/>
				</task>
				<task id="35" pickup="Le Havre" delivery="Marseille" weight="28" reward="42844">
					<bid agent="Positive" bid="2549"/>
					<bid agent="Negative" bid="417"/>
				</task>
				<task id="36" pickup="Monaco" delivery="Lyon" weight="15" reward="72973">
					<bid agent="Positive" bid="907"/>
					<bid agent="Negative" bid="990"/>
				</task>
				<task id="37" pickup="Paris" delivery="Strasbourg" weight="26" reward="76696">
					<bid agent="Positive" bid="1138"/>
					<bid agent="Negative" bid="3419"/>
				</task>
				<task id="38" pickup="Strasbourg" delivery="Paris" weight="26" reward="76696">
					<bid agent="Positive" bid="2606"/>
					<bid agent="Negative" bid="2263"/>
				</task>
				<task id="39" pickup="Bordeaux" delivery="Genève" weight="23" reward="59460">
					<bid agent="Positive" bid="2265"/>
					<bid agent="Negative" bid="2464"/>
				</task>
			</tasks>
			<events>
				<event id="0" time="0" vehicle="Vehicle 2" move="Bordeaux"/>
				<event id="1" time="0" vehicle="Vehicle 3" pickup="8"/>
				<event id="2" time="0" vehicle="Vehicle 6" pickup="21"/>
				<event id="3" time="0" vehicle="Vehicle 7" pickup="23"/>
				<event id="4" time="0" vehicle="Vehicle 8" pickup="38"/>
				<event id="5" time="300000000" vehicle="Vehicle 3" pickup="3"/>
				<event id="6" time="300000000" vehicle="Vehicle 6" move="Marseille"/>
				<event id="7" time="300000000" vehicle="Vehicle 7" move="Marseille"/>
				<event id="8" time="300000000" vehicle="Vehicle 8" pickup="26"/>
				<event id="9" time="600000000" vehicle="Vehicle 3" pickup="4"/>
				<event id="10" time="600000000" vehicle="Vehicle 8" move="Paris"/>
				<event id="11" time="900000000" vehicle="Vehicle 3" pickup="5"/>
				<event id="12" time="1200000000" vehicle="Vehicle 3" move="Paris"/>
				<event id="13" time="2800000000" vehicle="Vehicle 7" pickup="11"/>
				<event id="14" time="3100000000" vehicle="Vehicle 7" move="Lyon"/>
				<event id="15" time="6011111111" vehicle="Vehicle 8" pickup="27"/>
				<event id="16" time="6311111111" vehicle="Vehicle 8" move="Brest"/>
				<event id="17" time="6611111111" vehicle="Vehicle 7" pickup="2"/>
				<event id="18" time="6911111111" vehicle="Vehicle 7" move="Bordeaux"/>
				<event id="19" time="7177777777" vehicle="Vehicle 2" pickup="39"/>
				<event id="20" time="7477777777" vehicle="Vehicle 2" move="Paris"/>
				<event id="21" time="7477777777" vehicle="Vehicle 6" deliver="21"/>
				<event id="22" time="7766666666" vehicle="Vehicle 3" move="Le Havre"/>
				<event id="23" time="7777777777" vehicle="Vehicle 6" move="Monaco"/>
				<event id="24" time="9944444443" vehicle="Vehicle 3" deliver="8"/>
				<event id="25" time="10244444442" vehicle="Vehicle 3" move="Paris"/>
				<event id="26" time="10277777776" vehicle="Vehicle 6" pickup="15"/>
				<event id="27" time="10577777776" vehicle="Vehicle 6" pickup="18"/>
				<event id="28" time="10877777776" vehicle="Vehicle 6" pickup="28"/>
				<event id="29" time="11177777775" vehicle="Vehicle 6" move="Genève"/>
				<event id="30" time="12422222219" vehicle="Vehicle 3" pickup="37"/>
				<event id="31" time="12722222219" vehicle="Vehicle 3" move="Strasbourg"/>
				<event id="32" time="12877777776" vehicle="Vehicle 8" deliver="26"/>
				<event id="33" time="13177777775" vehicle="Vehicle 8" pickup="30"/>
				<event id="34" time="13444444443" vehicle="Vehicle 7" deliver="11"/>
				<event id="35" time="13477777775" vehicle="Vehicle 8" pickup="22"/>
				<event id="36" time="13744444443" vehicle="Vehicle 7" pickup="16"/>
				<event id="37" time="13777777775" vehicle="Vehicle 8" move="Paris"/>
				<event id="38" time="13966666665" vehicle="Vehicle 2" pickup="10"/>
				<event id="39" time="14044444442" vehicle="Vehicle 7" move="Paris"/>
				<event id="40" time="14266666664" vehicle="Vehicle 2" pickup="0"/>
				<event id="41" time="14566666664" vehicle="Vehicle 2" move="Lyon"/>
				<event id="42" time="16966666663" vehicle="Vehicle 6" deliver="15"/>
				<event id="43" time="17266666662" vehicle="Vehicle 6" deliver="28"/>
				<event id="44" time="17566666662" vehicle="Vehicle 6" deliver="18"/>
				<event id="45" time="18133333329" vehicle="Vehicle 3" deliver="37"/>
				<event id="46" time="18433333329" vehicle="Vehicle 3" deliver="4"/>
				<event id="47" time="18733333329" vehicle="Vehicle 3" move="Genève"/>
				<event id="48" time="19744444441" vehicle="Vehicle 2" move="Genève"/>
				<event id="49" time="20344444441" vehicle="Vehicle 8" deliver="38"/>
				<event id="50" time="20533333330" vehicle="Vehicle 7" deliver="2"/>
				<event id="51" time="20644444441" vehicle="Vehicle 8" move="Le Havre"/>
				<event id="52" time="20833333330" vehicle="Vehicle 7" pickup="7"/>
				<event id="53" time="21133333329" vehicle="Vehicle 7" move="Le Havre"/>
				<event id="54" time="21399999996" vehicle="Vehicle 2" deliver="39"/>
				<event id="55" time="21699999996" vehicle="Vehicle 2" move="Monaco"/>
				<event id="56" time="22822222218" vehicle="Vehicle 8" pickup="14"/>
				<event id="57" time="23055555550" vehicle="Vehicle 3" pickup="31"/>
				<event id="58" time="23122222217" vehicle="Vehicle 8" move="Paris"/>
				<event id="59" time="23311111106" vehicle="Vehicle 7" deliver="16"/>
				<event id="60" time="23355555550" vehicle="Vehicle 3" pickup="13"/>
				<event id="61" time="23611111106" vehicle="Vehicle 7" deliver="23"/>
				<event id="62" time="23655555550" vehicle="Vehicle 3" move="Monaco"/>
				<event id="63" time="23911111106" vehicle="Vehicle 7" pickup="35"/>
				<event id="64" time="24211111105" vehicle="Vehicle 7" deliver="7"/>
				<event id="65" time="24511111105" vehicle="Vehicle 7" move="Paris"/>
				<event id="66" time="25299999994" vehicle="Vehicle 8" move="Strasbourg"/>
				<event id="67" time="26688888881" vehicle="Vehicle 7" pickup="19"/>
				<event id="68" time="26988888881" vehicle="Vehicle 7" move="Lyon"/>
				<event id="69" time="27488888884" vehicle="Vehicle 2" deliver="0"/>
				<event id="70" time="27788888884" vehicle="Vehicle 2" deliver="10"/>
				<event id="71" time="29444444438" vehicle="Vehicle 3" deliver="5"/>
				<event id="72" time="29744444438" vehicle="Vehicle 3" pickup="36"/>
				<event id="73" time="30044444437" vehicle="Vehicle 3" move="Marseille"/>
				<event id="74" time="30711111105" vehicle="Vehicle 8" deliver="27"/>
				<event id="75" time="31011111104" vehicle="Vehicle 8" deliver="14"/>
				<event id="76" time="31311111104" vehicle="Vehicle 8" move="Genève"/>
				<event id="77" time="32166666658" vehicle="Vehicle 7" move="Marseille"/>
				<event id="78" time="32544444436" vehicle="Vehicle 3" deliver="13"/>
				<event id="79" time="32844444436" vehicle="Vehicle 3" move="Lyon"/>
				<event id="80" time="35633333325" vehicle="Vehicle 8" pickup="17"/>
				<event id="81" time="35677777768" vehicle="Vehicle 7" deliver="35"/>
				<event id="82" time="35933333325" vehicle="Vehicle 8" move="Lyon"/>
				<event id="83" time="35977777768" vehicle="Vehicle 7" move="Monaco"/>
				<event id="84" time="36355555546" vehicle="Vehicle 3" move="Paris"/>
				<event id="85" time="37588888879" vehicle="Vehicle 8" pickup="12"/>
				<event id="86" time="37888888879" vehicle="Vehicle 8" move="Marseille"/>
				<event id="87" time="38477777767" vehicle="Vehicle 7" deliver="19"/>
				<event id="88" time="41399999990" vehicle="Vehicle 8" move="Monaco"/>
				<event id="89" time="41533333323" vehicle="Vehicle 3" pickup="9"/>
				<event id="90" time="41833333323" vehicle="Vehicle 3" move="Le Havre"/>
				<event id="91" time="43899999990" vehicle="Vehicle 8" deliver="30"/>
				<event id="92" time="44011111100" vehicle="Vehicle 3" deliver="31"/>
				<event id="93" time="44199999990" vehicle="Vehicle 8" pickup="20"/>
				<event id="94" time="44311111100" vehicle="Vehicle 3" move="Paris"/>
				<event id="95" time="44499999990" vehicle="Vehicle 8" pickup="34"/>
				<event id="96" time="44799999990" vehicle="Vehicle 8" deliver="12"/>
				<event id="97" time="45099999990" vehicle="Vehicle 8" pickup="29"/>
				<event id="98" time="45399999990" vehicle="Vehicle 8" move="Marseille"/>
				<event id="99" time="46488888876" vehicle="Vehicle 3" pickup="1"/>
				<event id="100" time="46788888876" vehicle="Vehicle 3" move="Lyon"/>
				<event id="101" time="47899999990" vehicle="Vehicle 8" deliver="22"/>
				<event id="102" time="48199999990" vehicle="Vehicle 8" pickup="32"/>
				<event id="103" time="48499999990" vehicle="Vehicle 8" move="Lyon"/>
				<event id="104" time="51966666653" vehicle="Vehicle 3" deliver="3"/>
				<event id="105" time="52011111101" vehicle="Vehicle 8" deliver="29"/>
				<event id="106" time="52266666652" vehicle="Vehicle 3" deliver="36"/>
				<event id="107" time="52311111101" vehicle="Vehicle 8" move="Paris"/>
				<event id="108" time="52566666652" vehicle="Vehicle 3" pickup="6"/>
				<event id="109" time="52866666652" vehicle="Vehicle 3" move="Marseille"/>
				<event id="110" time="56377777762" vehicle="Vehicle 3" move="Monaco"/>
				<event id="111" time="57488888877" vehicle="Vehicle 8" move="Brest"/>
				<event id="112" time="58877777761" vehicle="Vehicle 3" deliver="9"/>
				<event id="113" time="59177777760" vehicle="Vehicle 3" deliver="1"/>
				<event id="114" time="59477777760" vehicle="Vehicle 3" deliver="6"/>
				<event id="115" time="64055555543" vehicle="Vehicle 8" pickup="25"/>
				<event id="116" time="64355555543" vehicle="Vehicle 8" deliver="32"/>
				<event id="117" time="64655555543" vehicle="Vehicle 8" pickup="24"/>
				<event id="118" time="64955555543" vehicle="Vehicle 8" deliver="34"/>
				<event id="119" time="65255555542" vehicle="Vehicle 8" deliver="20"/>
				<event id="120" time="65555555542" vehicle="Vehicle 8" move="Paris"/>
				<event id="121" time="72122222208" vehicle="Vehicle 8" move="Le Havre"/>
				<event id="122" time="74299999985" vehicle="Vehicle 8" pickup="33"/>
				<event id="123" time="74599999985" vehicle="Vehicle 8" deliver="24"/>
				<event id="124" time="74899999985" vehicle="Vehicle 8" move="Paris"/>
				<event id="125" time="77077777762" vehicle="Vehicle 8" move="Bordeaux"/>
				<event id="126" time="83566666650" vehicle="Vehicle 8" deliver="17"/>
				<event id="127" time="83866666650" vehicle="Vehicle 8" deliver="33"/>
				<event id="128" time="84166666649" vehicle="Vehicle 8" deliver="25"/>
			</events>
		</round>
	</rounds>
	<statistics>
		<stat rank="1" agent="Negative">
			<total-tasks value="26"/>
			<total-distance value="11296.0"/>
			<total-cost value="56480"/>
			<total-reward value="63185"/>
			<total-profit value="6705"/>
		</stat>
		<stat rank="2" agent="Positive">
			<total-tasks value="14"/>
			<total-distance value="7152.0"/>
			<total-cost value="35760"/>
			<total-reward value="30898"/>
			<total-profit value="-4862"/>
		</stat>
	</statistics>
</history>
