<?xml version="1.0" encoding="ISO-8859-1"?>

<history configuration="config/rounds/auction1.xml">
	<agents>
		<agent name="Negative">
			<vehicle name="Vehicle 1"/>
			<vehicle name="Vehicle 2"/>
		</agent>
		<agent name="Future">
			<vehicle name="Vehicle 3"/>
			<vehicle name="Vehicle 4"/>
		</agent>
	</agents>
	<rounds>
		<round id="1">
			<tasks>
				<task id="0" pickup="Leeds" delivery="Sheffield" weight="6" reward="1281">
					<bid agent="Negative" bid="164"/>
					<bid agent="Future" bid="519"/>
				</task>
				<task id="1" pickup="Liverpool" delivery="Sheffield" weight="7" reward="14258">
					<bid agent="Negative" bid="277"/>
					<bid agent="Future" bid="713"/>
				</task>
				<task id="2" pickup="Manchester" delivery="Cardiff" weight="9" reward="31460">
					<bid agent="Negative" bid="601"/>
					<bid agent="Future" bid="1151"/>
				</task>
				<task id="3" pickup="Manchester" delivery="London" weight="6" reward="31997">
					<bid agent="Negative" bid="584"/>
					<bid agent="Future" bid="1199"/>
				</task>
				<task id="4" pickup="Plymouth" delivery="Birmingham" weight="8" reward="58829">
					<bid agent="Negative" bid="1236"/>
					<bid agent="Future" bid="1587"/>
				</task>
				<task id="5" pickup="Liverpool" delivery="Norwich" weight="5" reward="58793">
					<bid agent="Negative" bid="712"/>
					<bid agent="Future" bid="1662"/>
				</task>
				<task id="6" pickup="Birmingham" delivery="Norwich" weight="8" reward="35595">
					<bid agent="Negative" bid="336"/>
					<bid agent="Future" bid="899"/>
				</task>
				<task id="7" pickup="Sheffield" delivery="Manchester" weight="7" reward="20470">
					<bid agent="Negative" bid="458"/>
					<bid agent="Future" bid="997"/>
				</task>
				<task id="8" pickup="Liverpool" delivery="Cardiff" weight="6" reward="37671">
					<bid agent="Negative" bid="411"/>
					<bid agent="Future" bid="1373"/>
				</task>
				<task id="9" pickup="Sheffield" delivery="Norwich" weight="7" reward="51741">
					<bid agent="Negative" bid="563"/>
					<bid agent="Future" bid="1906"/>
				</task>
				<task id="10" pickup="Portsmouth" delivery="Cardiff" weight="5" reward="48984">
					<bid agent="Negative" bid="558"/>
					<bid agent="Future" bid="1452"/>
				</task>
				<task id="11" pickup="Plymouth" delivery="London" weight="7" reward="37707">
					<bid agent="Negative" bid="453"/>
					<bid agent="Future" bid="638"/>
				</task>
				<task id="12" pickup="Sheffield" delivery="Norwich" weight="7" reward="51741">
					<bid agent="Negative" bid="1026"/>
					<bid agent="Future" bid="2378"/>
				</task>
				<task id="13" pickup="Newcastle" delivery="Liverpool" weight="9" reward="24497">
					<bid agent="Negative" bid="329"/>
					<bid agent="Future" bid="1553"/>
				</task>
				<task id="14" pickup="Cardiff" delivery="Newcastle" weight="8" reward="55643">
					<bid agent="Negative" bid="1362"/>
					<bid agent="Future" bid="3503"/>
				</task>
				<task id="15" pickup="Birmingham" delivery="Sheffield" weight="6" reward="10034">
					<bid agent="Negative" bid="163"/>
					<bid agent="Future" bid="751"/>
				</task>
				<task id="16" pickup="Newcastle" delivery="Birmingham" weight="5" reward="35058">
					<bid agent="Negative" bid="496"/>
					<bid agent="Future" bid="1821"/>
				</task>
				<task id="17" pickup="Birmingham" delivery="Plymouth" weight="6" reward="58829">
					<bid agent="Negative" bid="1713"/>
					<bid agent="Future" bid="3152"/>
				</task>
				<task id="18" pickup="Cardiff" delivery="Newcastle" weight="8" reward="55643">
					<bid agent="Negative" bid="768"/>
					<bid agent="Future" bid="2039"/>
				</task>
				<task id="19" pickup="Leeds" delivery="Sheffield" weight="6" reward="1281">
					<bid agent="Negative" bid="47"/>
					<bid agent="Future" bid="1087"/>
				</task>
			</tasks>
			<events>
				<event id="0" time="0" vehicle="Vehicle 1" pickup="13"/>
				<event id="1" time="0" vehicle="Vehicle 2" move="Birmingham"/>
				<event id="2" time="300000000" vehicle="Vehicle 1" pickup="16"/>
				<event id="3" time="600000000" vehicle="Vehicle 1" move="Leeds"/>
				<event id="4" time="1311111111" vehicle="Vehicle 2" pickup="17"/>
				<event id="5" time="1611111111" vehicle="Vehicle 2" move="Sheffield"/>
				<event id="6" time="1694444444" vehicle="Vehicle 1" pickup="0"/>
				<event id="7" time="1994444444" vehicle="Vehicle 1" move="Liverpool"/>
				<event id="8" time="2613333332" vehicle="Vehicle 2" pickup="7"/>
				<event id="9" time="2799999999" vehicle="Vehicle 1" pickup="5"/>
				<event id="10" time="2913333332" vehicle="Vehicle 2" move="Leeds"/>
				<event id="11" time="3099999999" vehicle="Vehicle 1" pickup="1"/>
				<event id="12" time="3372222220" vehicle="Vehicle 2" move="Liverpool"/>
				<event id="13" time="3399999999" vehicle="Vehicle 1" deliver="13"/>
				<event id="14" time="3699999999" vehicle="Vehicle 1" move="Leeds"/>
				<event id="15" time="4177777774" vehicle="Vehicle 2" pickup="8"/>
				<event id="16" time="4477777774" vehicle="Vehicle 2" move="Manchester"/>
				<event id="17" time="4505555554" vehicle="Vehicle 1" pickup="19"/>
				<event id="18" time="4805555554" vehicle="Vehicle 1" move="Sheffield"/>
				<event id="19" time="4863333329" vehicle="Vehicle 2" pickup="3"/>
				<event id="20" time="5163333328" vehicle="Vehicle 2" pickup="2"/>
				<event id="21" time="5264444442" vehicle="Vehicle 1" deliver="19"/>
				<event id="22" time="5463333328" vehicle="Vehicle 2" deliver="7"/>
				<event id="23" time="5564444442" vehicle="Vehicle 1" pickup="9"/>
				<event id="24" time="5763333328" vehicle="Vehicle 2" move="Birmingham"/>
				<event id="25" time="5864444442" vehicle="Vehicle 1" pickup="12"/>
				<event id="26" time="6164444441" vehicle="Vehicle 1" deliver="1"/>
				<event id="27" time="6464444441" vehicle="Vehicle 1" deliver="0"/>
				<event id="28" time="6764444441" vehicle="Vehicle 1" move="Birmingham"/>
				<event id="29" time="6817777771" vehicle="Vehicle 2" move="London"/>
				<event id="30" time="7766666662" vehicle="Vehicle 1" pickup="6"/>
				<event id="31" time="8066666661" vehicle="Vehicle 1" deliver="16"/>
				<event id="32" time="8128888881" vehicle="Vehicle 2" deliver="3"/>
				<event id="33" time="8366666661" vehicle="Vehicle 1" move="London"/>
				<event id="34" time="8428888881" vehicle="Vehicle 2" move="Portsmouth"/>
				<event id="35" time="9259999992" vehicle="Vehicle 2" move="Plymouth"/>
				<event id="36" time="9677777771" vehicle="Vehicle 1" move="Norwich"/>
				<event id="37" time="10955555548" vehicle="Vehicle 1" deliver="9"/>
				<event id="38" time="11148888880" vehicle="Vehicle 2" pickup="4"/>
				<event id="39" time="11255555547" vehicle="Vehicle 1" deliver="6"/>
				<event id="40" time="11448888880" vehicle="Vehicle 2" pickup="11"/>
				<event id="41" time="11555555547" vehicle="Vehicle 1" deliver="5"/>
				<event id="42" time="11748888880" vehicle="Vehicle 2" deliver="17"/>
				<event id="43" time="11855555547" vehicle="Vehicle 1" deliver="12"/>
				<event id="44" time="12048888879" vehicle="Vehicle 2" move="Portsmouth"/>
				<event id="45" time="13937777767" vehicle="Vehicle 2" pickup="10"/>
				<event id="46" time="14237777766" vehicle="Vehicle 2" move="London"/>
				<event id="47" time="15068888876" vehicle="Vehicle 2" deliver="11"/>
				<event id="48" time="15368888876" vehicle="Vehicle 2" move="Birmingham"/>
				<event id="49" time="16679999987" vehicle="Vehicle 2" move="Cardiff"/>
				<event id="50" time="17957777764" vehicle="Vehicle 2" pickup="14"/>
				<event id="51" time="18257777763" vehicle="Vehicle 2" deliver="10"/>
				<event id="52" time="18557777763" vehicle="Vehicle 2" deliver="8"/>
				<event id="53" time="18857777763" vehicle="Vehicle 2" deliver="2"/>
				<event id="54" time="19157777762" vehicle="Vehicle 2" pickup="18"/>
				<event id="55" time="19457777762" vehicle="Vehicle 2" move="Birmingham"/>
				<event id="56" time="20735555539" vehicle="Vehicle 2" deliver="4"/>
				<event id="57" time="21035555538" vehicle="Vehicle 2" pickup="15"/>
				<event id="58" time="21335555538" vehicle="Vehicle 2" move="Sheffield"/>
				<event id="59" time="22337777759" vehicle="Vehicle 2" deliver="15"/>
				<event id="60" time="22637777759" vehicle="Vehicle 2" move="Leeds"/>
				<event id="61" time="23096666647" vehicle="Vehicle 2" move="Newcastle"/>
				<event id="62" time="24191111091" vehicle="Vehicle 2" deliver="14"/>
				<event id="63" time="24491111091" vehicle="Vehicle 2" deliver="18"/>
			</events>
		</round>
	</rounds>
	<statistics>
		<stat rank="1" agent="Negative">
			<total-tasks value="20"/>
			<total-distance value="2245.2"/>
			<total-cost value="11226"/>
			<total-reward value="12257"/>
			<total-profit value="1031"/>
		</stat>
		<stat rank="2" agent="Future">
			<total-tasks value="0"/>
			<total-distance value="0.0"/>
			<total-cost value="0"/>
			<total-reward value="0"/>
			<total-profit value="0"/>
		</stat>
	</statistics>
</history>
