<?xml version="1.0" encoding="ISO-8859-1"?>

<history configuration="config/rounds/auction3.xml">
	<agents>
		<agent name="Negative">
			<vehicle name="Vehicle 1"/>
			<vehicle name="Vehicle 2"/>
			<vehicle name="Vehicle 3"/>
			<vehicle name="Vehicle 4"/>
		</agent>
		<agent name="Positive">
			<vehicle name="Vehicle 5"/>
			<vehicle name="Vehicle 6"/>
			<vehicle name="Vehicle 7"/>
			<vehicle name="Vehicle 8"/>
		</agent>
	</agents>
	<rounds>
		<round id="1">
			<tasks>
				<task id="0" pickup="Paris" delivery="Monaco" weight="25" reward="40845">
					<bid agent="Negative" bid="2341"/>
					<bid agent="Positive" bid="3305"/>
				</task>
				<task id="1" pickup="Paris" delivery="Monaco" weight="25" reward="40845">
					<bid agent="Negative" bid="1224"/>
					<bid agent="Positive" bid="2112"/>
				</task>
				<task id="2" pickup="Lyon" delivery="Paris" weight="28" reward="78143">
					<bid agent="Negative" bid="1404"/>
					<bid agent="Positive" bid="1436"/>
				</task>
				<task id="3" pickup="Brest" delivery="Lyon" weight="13" reward="37398">
					<bid agent="Negative" bid="2298"/>
					<bid agent="Positive" bid="4309"/>
				</task>
				<task id="4" pickup="Brest" delivery="Strasbourg" weight="25" reward="35950">
					<bid agent="Negative" bid="2634"/>
					<bid agent="Positive" bid="5021"/>
				</task>
				<task id="5" pickup="Brest" delivery="Monaco" weight="15" reward="100">
					<bid agent="Negative" bid="2747"/>
					<bid agent="Positive" bid="4902"/>
				</task>
				<task id="6" pickup="Lyon" delivery="Monaco" weight="28" reward="72973">
					<bid agent="Negative" bid="1996"/>
					<bid agent="Positive" bid="2131"/>
				</task>
				<task id="7" pickup="Paris" delivery="Le Havre" weight="26" reward="96758">
					<bid agent="Negative" bid="632"/>
					<bid agent="Positive" bid="2078"/>
				</task>
				<task id="8" pickup="Brest" delivery="Le Havre" weight="18" reward="56013">
					<bid agent="Negative" bid="1788"/>
					<bid agent="Positive" bid="4549"/>
				</task>
				<task id="9" pickup="Paris" delivery="Monaco" weight="25" reward="40845">
					<bid agent="Negative" bid="2608"/>
					<bid agent="Positive" bid="3456"/>
				</task>
				<task id="10" pickup="Paris" delivery="Monaco" weight="25" reward="40845">
					<bid agent="Negative" bid="1942"/>
					<bid agent="Positive" bid="3271"/>
				</task>
				<task id="11" pickup="Marseille" delivery="Bordeaux" weight="16" reward="65734">
					<bid agent="Negative" bid="2810"/>
					<bid agent="Positive" bid="4488"/>
				</task>
				<task id="12" pickup="Lyon" delivery="Monaco" weight="28" reward="72973">
					<bid agent="Negative" bid="2946"/>
					<bid agent="Positive" bid="2390"/>
				</task>
				<task id="13" pickup="Genève" delivery="Marseille" weight="29" reward="78212">
					<bid agent="Negative" bid="1680"/>
					<bid agent="Positive" bid="2362"/>
				</task>
				<task id="14" pickup="Le Havre" delivery="Strasbourg" weight="10" reward="63183">
					<bid agent="Negative" bid="1517"/>
					<bid agent="Positive" bid="6261"/>
				</task>
				<task id="15" pickup="Monaco" delivery="Genève" weight="22" reward="74352">
					<bid agent="Negative" bid="2890"/>
					<bid agent="Positive" bid="1756"/>
				</task>
				<task id="16" pickup="Bordeaux" delivery="Le Havre" weight="23" reward="56495">
					<bid agent="Negative" bid="2155"/>
					<bid agent="Positive" bid="2097"/>
				</task>
				<task id="17" pickup="Genève" delivery="Bordeaux" weight="16" reward="59460">
					<bid agent="Negative" bid="1652"/>
					<bid agent="Positive" bid="1984"/>
				</task>
				<task id="18" pickup="Monaco" delivery="Genève" weight="22" reward="74352">
					<bid agent="Negative" bid="1807"/>
					<bid agent="Positive" bid="3982"/>
				</task>
				<task id="19" pickup="Paris" delivery="Monaco" weight="25" reward="40845">
					<bid agent="Negative" bid="833"/>
					<bid agent="Positive" bid="2377"/>
				</task>
				<task id="20" pickup="Monaco" delivery="Brest" weight="12" reward="100">
					<bid agent="Negative" bid="6563"/>
					<bid agent="Positive" bid="3809"/>
				</task>
				<task id="21" pickup="Bordeaux" delivery="Marseille" weight="21" reward="65734">
					<bid agent="Negative" bid="1134"/>
					<bid agent="Positive" bid="575"/>
				</task>
				<task id="22" pickup="Brest" delivery="Marseille" weight="11" reward="15612">
					<bid agent="Negative" bid="4939"/>
					<bid agent="Positive" bid="5527"/>
				</task>
				<task id="23" pickup="Monaco" delivery="Le Havre" weight="23" reward="27332">
					<bid agent="Negative" bid="1978"/>
					<bid agent="Positive" bid="109"/>
				</task>
				<task id="24" pickup="Brest" delivery="Le Havre" weight="18" reward="56013">
					<bid agent="Negative" bid="887"/>
					<bid agent="Positive" bid="1086"/>
				</task>
				<task id="25" pickup="Brest" delivery="Bordeaux" weight="21" reward="29263">
					<bid agent="Negative" bid="6221"/>
					<bid agent="Positive" bid="4089"/>
				</task>
				<task id="26" pickup="Strasbourg" delivery="Brest" weight="25" reward="35950">
					<bid agent="Negative" bid="4576"/>
					<bid agent="Positive" bid="1753"/>
				</task>
				<task id="27" pickup="Paris" delivery="Strasbourg" weight="26" reward="76696">
					<bid agent="Negative" bid="2263"/>
					<bid agent="Positive" bid="2150"/>
				</task>
				<task id="28" pickup="Monaco" delivery="Genève" weight="22" reward="74352">
					<bid agent="Negative" bid="800"/>
					<bid agent="Positive" bid="1291"/>
				</task>
				<task id="29" pickup="Monaco" delivery="Lyon" weight="15" reward="72973">
					<bid agent="Negative" bid="1234"/>
					<bid agent="Positive" bid="493"/>
				</task>
				<task id="30" pickup="Brest" delivery="Monaco" weight="15" reward="100">
					<bid agent="Negative" bid="3191"/>
					<bid agent="Positive" bid="1742"/>
				</task>
				<task id="31" pickup="Genève" delivery="Le Havre" weight="23" reward="54358">
					<bid agent="Negative" bid="2714"/>
					<bid agent="Positive" bid="1640"/>
				</task>
				<task id="32" pickup="Marseille" delivery="Brest" weight="16" reward="15612">
					<bid agent="Negative" bid="2436"/>
					<bid agent="Positive" bid="2519"/>
				</task>
				<task id="33" pickup="Le Havre" delivery="Bordeaux" weight="22" reward="56495">
					<bid agent="Negative" bid="1014"/>
					<bid agent="Positive" bid="1262"/>
				</task>
				<task id="34" pickup="Monaco" delivery="Brest" weight="12" reward="100">
					<bid agent="Negative" bid="1503"/>
					<bid agent="Positive" bid="2643"/>
				</task>
				<task id="35" pickup="Le Havre" delivery="Marseille" weight="28" reward="42844">
					<bid agent="Negative" bid="2733"/>
					<bid agent="Positive" bid="1908"/>
				</task>
				<task id="36" pickup="Monaco" delivery="Lyon" weight="15" reward="72973">
					<bid agent="Negative" bid="862"/>
					<bid agent="Positive" bid="1231"/>
				</task>
				<task id="37" pickup="Paris" delivery="Strasbourg" weight="26" reward="76696">
					<bid agent="Negative" bid="1277"/>
					<bid agent="Positive" bid="209"/>
				</task>
				<task id="38" pickup="Strasbourg" delivery="Paris" weight="26" reward="76696">
					<bid agent="Negative" bid="1638"/>
					<bid agent="Positive" bid="1824"/>
				</task>
				<task id="39" pickup="Bordeaux" delivery="Genève" weight="23" reward="59460">
					<bid agent="Negative" bid="493"/>
					<bid agent="Positive" bid="50"/>
				</task>
			</tasks>
			<events>
				<event id="0" time="0" vehicle="Vehicle 1" pickup="19"/>
				<event id="1" time="0" vehicle="Vehicle 3" pickup="24"/>
				<event id="2" time="0" vehicle="Vehicle 4" move="Monaco"/>
				<event id="3" time="0" vehicle="Vehicle 6" pickup="21"/>
				<event id="4" time="0" vehicle="Vehicle 7" pickup="29"/>
				<event id="5" time="300000000" vehicle="Vehicle 1" pickup="9"/>
				<event id="6" time="300000000" vehicle="Vehicle 3" pickup="5"/>
				<event id="7" time="300000000" vehicle="Vehicle 6" pickup="16"/>
				<event id="8" time="300000000" vehicle="Vehicle 7" pickup="15"/>
				<event id="9" time="600000000" vehicle="Vehicle 1" pickup="1"/>
				<event id="10" time="600000000" vehicle="Vehicle 3" pickup="8"/>
				<event id="11" time="600000000" vehicle="Vehicle 6" pickup="39"/>
				<event id="12" time="600000000" vehicle="Vehicle 7" pickup="20"/>
				<event id="13" time="900000000" vehicle="Vehicle 1" move="Lyon"/>
				<event id="14" time="900000000" vehicle="Vehicle 3" move="Paris"/>
				<event id="15" time="900000000" vehicle="Vehicle 6" move="Marseille"/>
				<event id="16" time="900000000" vehicle="Vehicle 7" pickup="23"/>
				<event id="17" time="1200000000" vehicle="Vehicle 7" move="Genève"/>
				<event id="18" time="5788888888" vehicle="Vehicle 4" pickup="36"/>
				<event id="19" time="6088888887" vehicle="Vehicle 4" pickup="34"/>
				<event id="20" time="6388888887" vehicle="Vehicle 4" move="Marseille"/>
				<event id="21" time="6988888888" vehicle="Vehicle 7" deliver="15"/>
				<event id="22" time="7288888887" vehicle="Vehicle 7" move="Strasbourg"/>
				<event id="23" time="7466666666" vehicle="Vehicle 3" pickup="7"/>
				<event id="24" time="7766666666" vehicle="Vehicle 3" move="Le Havre"/>
				<event id="25" time="8077777777" vehicle="Vehicle 6" deliver="21"/>
				<event id="26" time="8377777777" vehicle="Vehicle 6" move="Lyon"/>
				<event id="27" time="8666666666" vehicle="Vehicle 1" move="Marseille"/>
				<event id="28" time="8888888886" vehicle="Vehicle 4" pickup="32"/>
				<event id="29" time="9188888885" vehicle="Vehicle 4" move="Lyon"/>
				<event id="30" time="9944444443" vehicle="Vehicle 3" deliver="8"/>
				<event id="31" time="10244444442" vehicle="Vehicle 3" deliver="24"/>
				<event id="32" time="10544444442" vehicle="Vehicle 3" pickup="33"/>
				<event id="33" time="10844444442" vehicle="Vehicle 3" deliver="7"/>
				<event id="34" time="11144444441" vehicle="Vehicle 3" pickup="14"/>
				<event id="35" time="11444444441" vehicle="Vehicle 3" move="Paris"/>
				<event id="36" time="11611111109" vehicle="Vehicle 7" pickup="26"/>
				<event id="37" time="11888888887" vehicle="Vehicle 6" move="Genève"/>
				<event id="38" time="11911111109" vehicle="Vehicle 7" move="Paris"/>
				<event id="39" time="12699999996" vehicle="Vehicle 4" pickup="2"/>
				<event id="40" time="12999999996" vehicle="Vehicle 4" deliver="36"/>
				<event id="41" time="13299999996" vehicle="Vehicle 4" move="Paris"/>
				<event id="42" time="13544444442" vehicle="Vehicle 6" pickup="31"/>
				<event id="43" time="13622222218" vehicle="Vehicle 3" pickup="0"/>
				<event id="44" time="13844444442" vehicle="Vehicle 6" deliver="39"/>
				<event id="45" time="13922222218" vehicle="Vehicle 3" move="Lyon"/>
				<event id="46" time="13933333332" vehicle="Vehicle 1" move="Monaco"/>
				<event id="47" time="14144444441" vehicle="Vehicle 6" move="Lyon"/>
				<event id="48" time="15799999996" vehicle="Vehicle 6" move="Paris"/>
				<event id="49" time="17322222219" vehicle="Vehicle 7" move="Brest"/>
				<event id="50" time="17683333331" vehicle="Vehicle 1" deliver="19"/>
				<event id="51" time="17983333331" vehicle="Vehicle 1" deliver="9"/>
				<event id="52" time="18283333330" vehicle="Vehicle 1" deliver="1"/>
				<event id="53" time="18477777773" vehicle="Vehicle 4" deliver="2"/>
				<event id="54" time="18777777773" vehicle="Vehicle 4" move="Brest"/>
				<event id="55" time="19099999995" vehicle="Vehicle 3" move="Marseille"/>
				<event id="56" time="20977777773" vehicle="Vehicle 6" move="Le Havre"/>
				<event id="57" time="22611111106" vehicle="Vehicle 3" move="Monaco"/>
				<event id="58" time="23155555550" vehicle="Vehicle 6" deliver="31"/>
				<event id="59" time="23455555550" vehicle="Vehicle 6" deliver="16"/>
				<event id="60" time="23755555550" vehicle="Vehicle 6" move="Paris"/>
				<event id="61" time="23888888884" vehicle="Vehicle 7" deliver="26"/>
				<event id="62" time="24188888883" vehicle="Vehicle 7" pickup="30"/>
				<event id="63" time="24488888883" vehicle="Vehicle 7" deliver="20"/>
				<event id="64" time="24788888883" vehicle="Vehicle 7" pickup="25"/>
				<event id="65" time="25088888882" vehicle="Vehicle 7" move="Paris"/>
				<event id="66" time="25111111105" vehicle="Vehicle 3" deliver="5"/>
				<event id="67" time="25344444439" vehicle="Vehicle 4" deliver="32"/>
				<event id="68" time="25411111105" vehicle="Vehicle 3" pickup="28"/>
				<event id="69" time="25644444439" vehicle="Vehicle 4" deliver="34"/>
				<event id="70" time="25711111105" vehicle="Vehicle 3" deliver="0"/>
				<event id="71" time="25933333327" vehicle="Vehicle 6" pickup="27"/>
				<event id="72" time="26011111104" vehicle="Vehicle 3" pickup="18"/>
				<event id="73" time="26233333326" vehicle="Vehicle 6" pickup="37"/>
				<event id="74" time="26311111104" vehicle="Vehicle 3" move="Genève"/>
				<event id="75" time="26533333326" vehicle="Vehicle 6" move="Strasbourg"/>
				<event id="76" time="31655555548" vehicle="Vehicle 7" move="Le Havre"/>
				<event id="77" time="31944444436" vehicle="Vehicle 6" deliver="27"/>
				<event id="78" time="32099999992" vehicle="Vehicle 3" deliver="28"/>
				<event id="79" time="32244444435" vehicle="Vehicle 6" deliver="37"/>
				<event id="80" time="32399999992" vehicle="Vehicle 3" pickup="17"/>
				<event id="81" time="32699999992" vehicle="Vehicle 3" deliver="18"/>
				<event id="82" time="32999999992" vehicle="Vehicle 3" pickup="13"/>
				<event id="83" time="33299999992" vehicle="Vehicle 3" move="Lyon"/>
				<event id="84" time="33833333325" vehicle="Vehicle 7" deliver="23"/>
				<event id="85" time="34133333324" vehicle="Vehicle 7" pickup="35"/>
				<event id="86" time="34433333324" vehicle="Vehicle 7" move="Paris"/>
				<event id="87" time="34955555547" vehicle="Vehicle 3" move="Marseille"/>
				<event id="88" time="36611111101" vehicle="Vehicle 7" move="Bordeaux"/>
				<event id="89" time="38466666657" vehicle="Vehicle 3" deliver="13"/>
				<event id="90" time="38766666657" vehicle="Vehicle 3" pickup="11"/>
				<event id="91" time="39066666656" vehicle="Vehicle 3" move="Bordeaux"/>
				<event id="92" time="43099999989" vehicle="Vehicle 7" deliver="25"/>
				<event id="93" time="43399999989" vehicle="Vehicle 7" move="Lyon"/>
				<event id="94" time="46244444433" vehicle="Vehicle 3" deliver="17"/>
				<event id="95" time="46544444433" vehicle="Vehicle 3" deliver="11"/>
				<event id="96" time="46844444433" vehicle="Vehicle 3" deliver="33"/>
				<event id="97" time="47144444432" vehicle="Vehicle 3" move="Paris"/>
				<event id="98" time="49933333322" vehicle="Vehicle 7" deliver="29"/>
				<event id="99" time="50233333321" vehicle="Vehicle 7" pickup="12"/>
				<event id="100" time="50533333321" vehicle="Vehicle 7" move="Marseille"/>
				<event id="101" time="53633333320" vehicle="Vehicle 3" move="Brest"/>
				<event id="102" time="54044444431" vehicle="Vehicle 7" deliver="35"/>
				<event id="103" time="54344444431" vehicle="Vehicle 7" move="Monaco"/>
				<event id="104" time="56844444430" vehicle="Vehicle 7" deliver="12"/>
				<event id="105" time="57144444429" vehicle="Vehicle 7" deliver="30"/>
				<event id="106" time="60199999986" vehicle="Vehicle 3" pickup="3"/>
				<event id="107" time="60499999986" vehicle="Vehicle 3" pickup="22"/>
				<event id="108" time="60799999986" vehicle="Vehicle 3" pickup="4"/>
				<event id="109" time="61099999986" vehicle="Vehicle 3" move="Paris"/>
				<event id="110" time="67666666652" vehicle="Vehicle 3" move="Strasbourg"/>
				<event id="111" time="73077777762" vehicle="Vehicle 3" deliver="14"/>
				<event id="112" time="73377777762" vehicle="Vehicle 3" deliver="4"/>
				<event id="113" time="73677777762" vehicle="Vehicle 3" pickup="38"/>
				<event id="114" time="73977777762" vehicle="Vehicle 3" move="Paris"/>
				<event id="115" time="79388888872" vehicle="Vehicle 3" pickup="10"/>
				<event id="116" time="79688888872" vehicle="Vehicle 3" deliver="38"/>
				<event id="117" time="79988888872" vehicle="Vehicle 3" move="Lyon"/>
				<event id="118" time="85166666649" vehicle="Vehicle 3" pickup="6"/>
				<event id="119" time="85466666649" vehicle="Vehicle 3" deliver="3"/>
				<event id="120" time="85766666649" vehicle="Vehicle 3" move="Marseille"/>
				<event id="121" time="89277777759" vehicle="Vehicle 3" deliver="22"/>
				<event id="122" time="89577777759" vehicle="Vehicle 3" move="Monaco"/>
				<event id="123" time="92077777758" vehicle="Vehicle 3" deliver="6"/>
				<event id="124" time="92377777758" vehicle="Vehicle 3" deliver="10"/>
			</events>
		</round>
	</rounds>
	<statistics>
		<stat rank="1" agent="Negative">
			<total-tasks value="25"/>
			<total-distance value="10495.0"/>
			<total-cost value="52475"/>
			<total-reward value="45992"/>
			<total-profit value="-6483"/>
		</stat>
		<stat rank="2" agent="Positive">
			<total-tasks value="15"/>
			<total-distance value="7289.0"/>
			<total-cost value="36445"/>
			<total-reward value="24770"/>
			<total-profit value="-11675"/>
		</stat>
	</statistics>
</history>
