<?xml version="1.0" encoding="ISO-8859-1"?>

<history configuration="config/rounds/auction1.xml">
	<agents>
		<agent name="Future">
			<vehicle name="Vehicle 1"/>
			<vehicle name="Vehicle 2"/>
		</agent>
		<agent name="Neutral">
			<vehicle name="Vehicle 3"/>
			<vehicle name="Vehicle 4"/>
		</agent>
	</agents>
	<rounds>
		<round id="1">
			<tasks>
				<task id="0" pickup="Leeds" delivery="Sheffield" weight="6" reward="1281">
					<bid agent="Future" bid="234"/>
					<bid agent="Neutral" bid="558"/>
				</task>
				<task id="1" pickup="Liverpool" delivery="Sheffield" weight="7" reward="14258">
					<bid agent="Future" bid="359"/>
					<bid agent="Neutral" bid="731"/>
				</task>
				<task id="2" pickup="Manchester" delivery="Cardiff" weight="9" reward="31460">
					<bid agent="Future" bid="763"/>
					<bid agent="Neutral" bid="1059"/>
				</task>
				<task id="3" pickup="Manchester" delivery="London" weight="6" reward="31997">
					<bid agent="Future" bid="710"/>
					<bid agent="Neutral" bid="1160"/>
				</task>
				<task id="4" pickup="Plymouth" delivery="Birmingham" weight="8" reward="58829">
					<bid agent="Future" bid="1587"/>
					<bid agent="Neutral" bid="1299"/>
				</task>
				<task id="5" pickup="Liverpool" delivery="Norwich" weight="5" reward="58793">
					<bid agent="Future" bid="948"/>
					<bid agent="Neutral" bid="1127"/>
				</task>
				<task id="6" pickup="Birmingham" delivery="Norwich" weight="8" reward="35595">
					<bid agent="Future" bid="473"/>
					<bid agent="Neutral" bid="407"/>
				</task>
				<task id="7" pickup="Sheffield" delivery="Manchester" weight="7" reward="20470">
					<bid agent="Future" bid="441"/>
					<bid agent="Neutral" bid="756"/>
				</task>
				<task id="8" pickup="Liverpool" delivery="Cardiff" weight="6" reward="37671">
					<bid agent="Future" bid="545"/>
					<bid agent="Neutral" bid="1102"/>
				</task>
				<task id="9" pickup="Sheffield" delivery="Norwich" weight="7" reward="51741">
					<bid agent="Future" bid="250"/>
					<bid agent="Neutral" bid="360"/>
				</task>
				<task id="10" pickup="Portsmouth" delivery="Cardiff" weight="5" reward="48984">
					<bid agent="Future" bid="951"/>
					<bid agent="Neutral" bid="1282"/>
				</task>
				<task id="11" pickup="Plymouth" delivery="London" weight="7" reward="37707">
					<bid agent="Future" bid="769"/>
					<bid agent="Neutral" bid="352"/>
				</task>
				<task id="12" pickup="Sheffield" delivery="Norwich" weight="7" reward="51741">
					<bid agent="Future" bid="274"/>
					<bid agent="Neutral" bid="814"/>
				</task>
				<task id="13" pickup="Newcastle" delivery="Liverpool" weight="9" reward="24497">
					<bid agent="Future" bid="454"/>
					<bid agent="Neutral" bid="1543"/>
				</task>
				<task id="14" pickup="Cardiff" delivery="Newcastle" weight="8" reward="55643">
					<bid agent="Future" bid="1966"/>
					<bid agent="Neutral" bid="2230"/>
				</task>
				<task id="15" pickup="Birmingham" delivery="Sheffield" weight="6" reward="10034">
					<bid agent="Future" bid="239"/>
					<bid agent="Neutral" bid="451"/>
				</task>
				<task id="16" pickup="Newcastle" delivery="Birmingham" weight="5" reward="35058">
					<bid agent="Future" bid="637"/>
					<bid agent="Neutral" bid="1311"/>
				</task>
				<task id="17" pickup="Birmingham" delivery="Plymouth" weight="6" reward="58829">
					<bid agent="Future" bid="2478"/>
					<bid agent="Neutral" bid="1511"/>
				</task>
				<task id="18" pickup="Cardiff" delivery="Newcastle" weight="8" reward="55643">
					<bid agent="Future" bid="1042"/>
					<bid agent="Neutral" bid="2037"/>
				</task>
				<task id="19" pickup="Leeds" delivery="Sheffield" weight="6" reward="1281">
					<bid agent="Future" bid="129"/>
					<bid agent="Neutral" bid="864"/>
				</task>
			</tasks>
			<events>
				<event id="0" time="0" vehicle="Vehicle 1" move="Leeds"/>
				<event id="1" time="0" vehicle="Vehicle 2" move="Portsmouth"/>
				<event id="2" time="0" vehicle="Vehicle 3" pickup="11"/>
				<event id="3" time="300000000" vehicle="Vehicle 3" pickup="4"/>
				<event id="4" time="600000000" vehicle="Vehicle 3" move="Portsmouth"/>
				<event id="5" time="831111111" vehicle="Vehicle 2" pickup="10"/>
				<event id="6" time="1094444444" vehicle="Vehicle 1" pickup="19"/>
				<event id="7" time="1131111110" vehicle="Vehicle 2" move="London"/>
				<event id="8" time="1394444444" vehicle="Vehicle 1" pickup="0"/>
				<event id="9" time="1694444444" vehicle="Vehicle 1" move="Sheffield"/>
				<event id="10" time="1962222221" vehicle="Vehicle 2" move="Birmingham"/>
				<event id="11" time="2153333332" vehicle="Vehicle 1" pickup="12"/>
				<event id="12" time="2453333332" vehicle="Vehicle 1" pickup="7"/>
				<event id="13" time="2488888888" vehicle="Vehicle 3" move="London"/>
				<event id="14" time="2753333332" vehicle="Vehicle 1" pickup="9"/>
				<event id="15" time="3053333331" vehicle="Vehicle 1" deliver="0"/>
				<event id="16" time="3273333331" vehicle="Vehicle 2" move="Cardiff"/>
				<event id="17" time="3319999999" vehicle="Vehicle 3" deliver="11"/>
				<event id="18" time="3353333331" vehicle="Vehicle 1" deliver="19"/>
				<event id="19" time="3619999999" vehicle="Vehicle 3" move="Birmingham"/>
				<event id="20" time="3653333331" vehicle="Vehicle 1" move="Leeds"/>
				<event id="21" time="4112222219" vehicle="Vehicle 1" move="Liverpool"/>
				<event id="22" time="4551111108" vehicle="Vehicle 2" pickup="18"/>
				<event id="23" time="4851111108" vehicle="Vehicle 2" pickup="14"/>
				<event id="24" time="4917777774" vehicle="Vehicle 1" pickup="5"/>
				<event id="25" time="4931111110" vehicle="Vehicle 3" deliver="4"/>
				<event id="26" time="5151111107" vehicle="Vehicle 2" deliver="10"/>
				<event id="27" time="5217777773" vehicle="Vehicle 1" pickup="1"/>
				<event id="28" time="5231111109" vehicle="Vehicle 3" pickup="6"/>
				<event id="29" time="5451111107" vehicle="Vehicle 2" move="Birmingham"/>
				<event id="30" time="5517777773" vehicle="Vehicle 1" move="Manchester"/>
				<event id="31" time="5531111109" vehicle="Vehicle 3" pickup="17"/>
				<event id="32" time="5831111109" vehicle="Vehicle 3" move="London"/>
				<event id="33" time="5903333328" vehicle="Vehicle 1" pickup="3"/>
				<event id="34" time="6203333327" vehicle="Vehicle 1" deliver="7"/>
				<event id="35" time="6503333327" vehicle="Vehicle 1" move="Liverpool"/>
				<event id="36" time="6728888883" vehicle="Vehicle 2" pickup="15"/>
				<event id="37" time="6888888882" vehicle="Vehicle 1" move="Leeds"/>
				<event id="38" time="7028888882" vehicle="Vehicle 2" move="Sheffield"/>
				<event id="39" time="7142222219" vehicle="Vehicle 3" move="Norwich"/>
				<event id="40" time="7694444437" vehicle="Vehicle 1" move="Sheffield"/>
				<event id="41" time="8031111104" vehicle="Vehicle 2" deliver="15"/>
				<event id="42" time="8153333325" vehicle="Vehicle 1" deliver="1"/>
				<event id="43" time="8331111104" vehicle="Vehicle 2" move="Leeds"/>
				<event id="44" time="8419999996" vehicle="Vehicle 3" deliver="6"/>
				<event id="45" time="8453333325" vehicle="Vehicle 1" move="Birmingham"/>
				<event id="46" time="8719999996" vehicle="Vehicle 3" move="London"/>
				<event id="47" time="8789999992" vehicle="Vehicle 2" move="Newcastle"/>
				<event id="48" time="9455555546" vehicle="Vehicle 1" move="London"/>
				<event id="49" time="9884444436" vehicle="Vehicle 2" pickup="16"/>
				<event id="50" time="9997777773" vehicle="Vehicle 3" move="Portsmouth"/>
				<event id="51" time="10184444435" vehicle="Vehicle 2" pickup="13"/>
				<event id="52" time="10484444435" vehicle="Vehicle 2" deliver="18"/>
				<event id="53" time="10766666656" vehicle="Vehicle 1" deliver="3"/>
				<event id="54" time="10784444435" vehicle="Vehicle 2" deliver="14"/>
				<event id="55" time="10828888883" vehicle="Vehicle 3" move="Plymouth"/>
				<event id="56" time="11066666655" vehicle="Vehicle 1" move="Norwich"/>
				<event id="57" time="11084444434" vehicle="Vehicle 2" move="Leeds"/>
				<event id="58" time="12178888877" vehicle="Vehicle 2" move="Liverpool"/>
				<event id="59" time="12344444432" vehicle="Vehicle 1" deliver="12"/>
				<event id="60" time="12644444432" vehicle="Vehicle 1" deliver="9"/>
				<event id="61" time="12717777771" vehicle="Vehicle 3" deliver="17"/>
				<event id="62" time="12944444432" vehicle="Vehicle 1" deliver="5"/>
				<event id="63" time="12984444432" vehicle="Vehicle 2" pickup="8"/>
				<event id="64" time="13284444431" vehicle="Vehicle 2" deliver="13"/>
				<event id="65" time="13584444431" vehicle="Vehicle 2" move="Manchester"/>
				<event id="66" time="13969999986" vehicle="Vehicle 2" pickup="2"/>
				<event id="67" time="14269999986" vehicle="Vehicle 2" move="Birmingham"/>
				<event id="68" time="15324444430" vehicle="Vehicle 2" deliver="16"/>
				<event id="69" time="15624444430" vehicle="Vehicle 2" move="Cardiff"/>
				<event id="70" time="16902222207" vehicle="Vehicle 2" deliver="8"/>
				<event id="71" time="17202222206" vehicle="Vehicle 2" deliver="2"/>
			</events>
		</round>
	</rounds>
	<statistics>
		<stat rank="1" agent="Future">
			<total-tasks value="16"/>
			<total-distance value="1903.2"/>
			<total-cost value="9516"/>
			<total-reward value="9942"/>
			<total-profit value="426"/>
		</stat>
		<stat rank="2" agent="Neutral">
			<total-tasks value="4"/>
			<total-distance value="955.6"/>
			<total-cost value="4778"/>
			<total-reward value="3569"/>
			<total-profit value="-1209"/>
		</stat>
	</statistics>
</history>
