<?xml version="1.0" encoding="ISO-8859-1"?>

<history configuration="config/rounds/auction2.xml">
	<agents>
		<agent name="Neutral">
			<vehicle name="Vehicle 1"/>
			<vehicle name="Vehicle 2"/>
			<vehicle name="Vehicle 3"/>
		</agent>
		<agent name="Negative">
			<vehicle name="Vehicle 4"/>
			<vehicle name="Vehicle 5"/>
			<vehicle name="Vehicle 6"/>
			<vehicle name="Vehicle 7"/>
		</agent>
	</agents>
	<rounds>
		<round id="1">
			<tasks>
				<task id="0" pickup="Breda" delivery="Almere" weight="27" reward="62791">
					<bid agent="Neutral" bid="369"/>
					<bid agent="Negative" bid="284"/>
				</task>
				<task id="1" pickup="Den Haag" delivery="Groningen" weight="19" reward="8119">
					<bid agent="Neutral" bid="699"/>
					<bid agent="Negative" bid="495"/>
				</task>
				<task id="2" pickup="Apeldoorn" delivery="Den Haag" weight="26" reward="47362">
					<bid agent="Neutral" bid="513"/>
					<bid agent="Negative" bid="320"/>
				</task>
				<task id="3" pickup="Utrecht" delivery="Groningen" weight="12" reward="30020">
					<bid agent="Neutral" bid="295"/>
					<bid agent="Negative" bid="230"/>
				</task>
				<task id="4" pickup="Utrecht" delivery="Amsterdam" weight="24" reward="91775">
					<bid agent="Neutral" bid="144"/>
					<bid agent="Negative" bid="103"/>
				</task>
				<task id="5" pickup="Nijmegen" delivery="Groningen" weight="26" reward="29695">
					<bid agent="Neutral" bid="612"/>
					<bid agent="Negative" bid="474"/>
				</task>
				<task id="6" pickup="Almere" delivery="Utrecht" weight="26" reward="92712">
					<bid agent="Neutral" bid="131"/>
					<bid agent="Negative" bid="21"/>
				</task>
				<task id="7" pickup="Den Haag" delivery="Nijmegen" weight="28" reward="54405">
					<bid agent="Neutral" bid="528"/>
					<bid agent="Negative" bid="288"/>
				</task>
				<task id="8" pickup="Apeldoorn" delivery="Almere" weight="21" reward="77731">
					<bid agent="Neutral" bid="338"/>
					<bid agent="Negative" bid="149"/>
				</task>
				<task id="9" pickup="Apeldoorn" delivery="Den Haag" weight="26" reward="47362">
					<bid agent="Neutral" bid="497"/>
					<bid agent="Negative" bid="294"/>
				</task>
				<task id="10" pickup="Almere" delivery="Eindhoven" weight="12" reward="55300">
					<bid agent="Neutral" bid="505"/>
					<bid agent="Negative" bid="444"/>
				</task>
				<task id="11" pickup="Breda" delivery="Nijmegen" weight="11" reward="71177">
					<bid agent="Neutral" bid="534"/>
					<bid agent="Negative" bid="243"/>
				</task>
				<task id="12" pickup="Rotterdam" delivery="Almere" weight="22" reward="67350">
					<bid agent="Neutral" bid="715"/>
					<bid agent="Negative" bid="175"/>
				</task>
				<task id="13" pickup="Den Haag" delivery="Apeldoorn" weight="17" reward="47362">
					<bid agent="Neutral" bid="742"/>
					<bid agent="Negative" bid="607"/>
				</task>
				<task id="14" pickup="Eindhoven" delivery="Nijmegen" weight="28" reward="81761">
					<bid agent="Neutral" bid="169"/>
					<bid agent="Negative" bid="222"/>
				</task>
				<task id="15" pickup="Rotterdam" delivery="Apeldoorn" weight="16" reward="57702">
					<bid agent="Neutral" bid="479"/>
					<bid agent="Negative" bid="256"/>
				</task>
				<task id="16" pickup="Amsterdam" delivery="Breda" weight="23" reward="61855">
					<bid agent="Neutral" bid="392"/>
					<bid agent="Negative" bid="232"/>
				</task>
				<task id="17" pickup="Apeldoorn" delivery="Den Haag" weight="26" reward="47362">
					<bid agent="Neutral" bid="907"/>
					<bid agent="Negative" bid="802"/>
				</task>
				<task id="18" pickup="Almere" delivery="Rotterdam" weight="25" reward="67350">
					<bid agent="Neutral" bid="437"/>
					<bid agent="Negative" bid="200"/>
				</task>
				<task id="19" pickup="Eindhoven" delivery="Breda" weight="15" reward="85018">
					<bid agent="Neutral" bid="249"/>
					<bid agent="Negative" bid="368"/>
				</task>
				<task id="20" pickup="Amsterdam" delivery="Nijmegen" weight="20" reward="56603">
					<bid agent="Neutral" bid="387"/>
					<bid agent="Negative" bid="214"/>
				</task>
				<task id="21" pickup="Breda" delivery="Nijmegen" weight="11" reward="71177">
					<bid agent="Neutral" bid="19"/>
					<bid agent="Negative" bid="81"/>
				</task>
				<task id="22" pickup="Eindhoven" delivery="Groningen" weight="27" reward="1117">
					<bid agent="Neutral" bid="934"/>
					<bid agent="Negative" bid="1000"/>
				</task>
				<task id="23" pickup="Amsterdam" delivery="Nijmegen" weight="20" reward="56603">
					<bid agent="Neutral" bid="399"/>
					<bid agent="Negative" bid="484"/>
				</task>
				<task id="24" pickup="Groningen" delivery="Amsterdam" weight="15" reward="34661">
					<bid agent="Neutral" bid="1076"/>
					<bid agent="Negative" bid="825"/>
				</task>
				<task id="25" pickup="Den Haag" delivery="Groningen" weight="19" reward="8119">
					<bid agent="Neutral" bid="349"/>
					<bid agent="Negative" bid="263"/>
				</task>
				<task id="26" pickup="Eindhoven" delivery="Rotterdam" weight="15" reward="65233">
					<bid agent="Neutral" bid="644"/>
					<bid agent="Negative" bid="252"/>
				</task>
				<task id="27" pickup="Groningen" delivery="Amsterdam" weight="15" reward="34661">
					<bid agent="Neutral" bid="406"/>
					<bid agent="Negative" bid="390"/>
				</task>
				<task id="28" pickup="Utrecht" delivery="Almere" weight="23" reward="92712">
					<bid agent="Neutral" bid="358"/>
					<bid agent="Negative" bid="186"/>
				</task>
				<task id="29" pickup="Utrecht" delivery="Breda" weight="29" reward="80418">
					<bid agent="Neutral" bid="310"/>
					<bid agent="Negative" bid="268"/>
				</task>
			</tasks>
			<events>
				<event id="0" time="0" vehicle="Vehicle 1" pickup="23"/>
				<event id="1" time="0" vehicle="Vehicle 2" pickup="14"/>
				<event id="2" time="0" vehicle="Vehicle 4" pickup="25"/>
				<event id="3" time="0" vehicle="Vehicle 6" pickup="24"/>
				<event id="4" time="0" vehicle="Vehicle 7" pickup="15"/>
				<event id="5" time="300000000" vehicle="Vehicle 1" move="Utrecht"/>
				<event id="6" time="300000000" vehicle="Vehicle 2" pickup="19"/>
				<event id="7" time="300000000" vehicle="Vehicle 4" pickup="1"/>
				<event id="8" time="300000000" vehicle="Vehicle 6" pickup="27"/>
				<event id="9" time="300000000" vehicle="Vehicle 7" move="Utrecht"/>
				<event id="10" time="600000000" vehicle="Vehicle 2" pickup="22"/>
				<event id="11" time="600000000" vehicle="Vehicle 4" pickup="7"/>
				<event id="12" time="600000000" vehicle="Vehicle 6" move="Apeldoorn"/>
				<event id="13" time="900000000" vehicle="Vehicle 2" move="Breda"/>
				<event id="14" time="900000000" vehicle="Vehicle 4" move="Rotterdam"/>
				<event id="15" time="992222222" vehicle="Vehicle 7" move="Apeldoorn"/>
				<event id="16" time="1060000000" vehicle="Vehicle 1" move="Nijmegen"/>
				<event id="17" time="1182222222" vehicle="Vehicle 4" move="Utrecht"/>
				<event id="18" time="1591111111" vehicle="Vehicle 2" deliver="19"/>
				<event id="19" time="1736666665" vehicle="Vehicle 7" pickup="9"/>
				<event id="20" time="1874444444" vehicle="Vehicle 4" pickup="3"/>
				<event id="21" time="1891111111" vehicle="Vehicle 2" pickup="21"/>
				<event id="22" time="2036666664" vehicle="Vehicle 7" pickup="2"/>
				<event id="23" time="2166666666" vehicle="Vehicle 6" pickup="8"/>
				<event id="24" time="2174444443" vehicle="Vehicle 4" move="Nijmegen"/>
				<event id="25" time="2191111110" vehicle="Vehicle 2" move="Nijmegen"/>
				<event id="26" time="2336666664" vehicle="Vehicle 7" deliver="15"/>
				<event id="27" time="2466666666" vehicle="Vehicle 6" move="Amsterdam"/>
				<event id="28" time="2500000000" vehicle="Vehicle 1" deliver="23"/>
				<event id="29" time="2636666664" vehicle="Vehicle 7" pickup="17"/>
				<event id="30" time="2936666664" vehicle="Vehicle 7" move="Utrecht"/>
				<event id="31" time="3134444442" vehicle="Vehicle 4" deliver="7"/>
				<event id="32" time="3259999998" vehicle="Vehicle 2" deliver="21"/>
				<event id="33" time="3434444442" vehicle="Vehicle 4" pickup="5"/>
				<event id="34" time="3468888887" vehicle="Vehicle 6" pickup="16"/>
				<event id="35" time="3559999998" vehicle="Vehicle 2" deliver="14"/>
				<event id="36" time="3681111108" vehicle="Vehicle 7" move="Rotterdam"/>
				<event id="37" time="3734444442" vehicle="Vehicle 4" move="Apeldoorn"/>
				<event id="38" time="3768888887" vehicle="Vehicle 6" deliver="27"/>
				<event id="39" time="3859999998" vehicle="Vehicle 2" move="Apeldoorn"/>
				<event id="40" time="4068888886" vehicle="Vehicle 6" deliver="24"/>
				<event id="41" time="4368888885" vehicle="Vehicle 4" move="Groningen"/>
				<event id="42" time="4368888886" vehicle="Vehicle 6" move="Utrecht"/>
				<event id="43" time="4373333329" vehicle="Vehicle 7" move="Den Haag"/>
				<event id="44" time="4494444442" vehicle="Vehicle 2" move="Groningen"/>
				<event id="45" time="4655555551" vehicle="Vehicle 7" deliver="17"/>
				<event id="46" time="4875555552" vehicle="Vehicle 6" pickup="29"/>
				<event id="47" time="4955555551" vehicle="Vehicle 7" deliver="2"/>
				<event id="48" time="5175555551" vehicle="Vehicle 6" move="Breda"/>
				<event id="49" time="5255555550" vehicle="Vehicle 7" deliver="9"/>
				<event id="50" time="5935555551" vehicle="Vehicle 4" deliver="3"/>
				<event id="51" time="5992222217" vehicle="Vehicle 6" deliver="16"/>
				<event id="52" time="6061111108" vehicle="Vehicle 2" deliver="22"/>
				<event id="53" time="6235555550" vehicle="Vehicle 4" deliver="25"/>
				<event id="54" time="6292222216" vehicle="Vehicle 6" pickup="0"/>
				<event id="55" time="6535555550" vehicle="Vehicle 4" deliver="5"/>
				<event id="56" time="6592222216" vehicle="Vehicle 6" deliver="29"/>
				<event id="57" time="6835555550" vehicle="Vehicle 4" deliver="1"/>
				<event id="58" time="6892222216" vehicle="Vehicle 6" move="Utrecht"/>
				<event id="59" time="7708888881" vehicle="Vehicle 6" pickup="28"/>
				<event id="60" time="8008888880" vehicle="Vehicle 6" move="Almere"/>
				<event id="61" time="8489999991" vehicle="Vehicle 6" deliver="0"/>
				<event id="62" time="8789999991" vehicle="Vehicle 6" pickup="6"/>
				<event id="63" time="9089999991" vehicle="Vehicle 6" deliver="8"/>
				<event id="64" time="9389999991" vehicle="Vehicle 6" pickup="18"/>
				<event id="65" time="9689999991" vehicle="Vehicle 6" deliver="28"/>
				<event id="66" time="9989999991" vehicle="Vehicle 6" pickup="10"/>
				<event id="67" time="10289999991" vehicle="Vehicle 6" move="Utrecht"/>
				<event id="68" time="10771111102" vehicle="Vehicle 6" deliver="6"/>
				<event id="69" time="11071111101" vehicle="Vehicle 6" pickup="4"/>
				<event id="70" time="11371111101" vehicle="Vehicle 6" move="Eindhoven"/>
				<event id="71" time="12392222211" vehicle="Vehicle 6" deliver="10"/>
				<event id="72" time="12692222211" vehicle="Vehicle 6" pickup="26"/>
				<event id="73" time="12992222211" vehicle="Vehicle 6" move="Breda"/>
				<event id="74" time="13683333321" vehicle="Vehicle 6" pickup="11"/>
				<event id="75" time="13983333321" vehicle="Vehicle 6" move="Rotterdam"/>
				<event id="76" time="14523333320" vehicle="Vehicle 6" deliver="18"/>
				<event id="77" time="14823333320" vehicle="Vehicle 6" pickup="12"/>
				<event id="78" time="15123333319" vehicle="Vehicle 6" deliver="26"/>
				<event id="79" time="15423333319" vehicle="Vehicle 6" move="Den Haag"/>
				<event id="80" time="15705555541" vehicle="Vehicle 6" pickup="13"/>
				<event id="81" time="16005555540" vehicle="Vehicle 6" move="Amsterdam"/>
				<event id="82" time="16729999984" vehicle="Vehicle 6" deliver="4"/>
				<event id="83" time="17029999984" vehicle="Vehicle 6" pickup="20"/>
				<event id="84" time="17329999984" vehicle="Vehicle 6" move="Almere"/>
				<event id="85" time="17684444428" vehicle="Vehicle 6" deliver="12"/>
				<event id="86" time="17984444428" vehicle="Vehicle 6" move="Apeldoorn"/>
				<event id="87" time="18874444427" vehicle="Vehicle 6" deliver="13"/>
				<event id="88" time="19174444426" vehicle="Vehicle 6" move="Nijmegen"/>
				<event id="89" time="19808888870" vehicle="Vehicle 6" deliver="11"/>
				<event id="90" time="20108888869" vehicle="Vehicle 6" deliver="20"/>
			</events>
		</round>
	</rounds>
	<statistics>
		<stat rank="1" agent="Negative">
			<total-tasks value="25"/>
			<total-distance value="1629.0"/>
			<total-cost value="8145"/>
			<total-reward value="8015"/>
			<total-profit value="-130"/>
		</stat>
		<stat rank="2" agent="Neutral">
			<total-tasks value="5"/>
			<total-distance value="488.5"/>
			<total-cost value="2443"/>
			<total-reward value="1770"/>
			<total-profit value="-673"/>
		</stat>
	</statistics>
</history>
