<?xml version="1.0" encoding="ISO-8859-1"?>

<history configuration="config/rounds/auction2.xml">
	<agents>
		<agent name="Opponent">
			<vehicle name="Vehicle 1"/>
			<vehicle name="Vehicle 2"/>
			<vehicle name="Vehicle 3"/>
		</agent>
		<agent name="Naive">
			<vehicle name="Vehicle 4"/>
			<vehicle name="Vehicle 5"/>
			<vehicle name="Vehicle 6"/>
			<vehicle name="Vehicle 7"/>
		</agent>
	</agents>
	<rounds>
		<round id="1">
			<tasks>
				<task id="0" pickup="Breda" delivery="Almere" weight="27" reward="62791">
					<bid agent="Opponent" bid="532"/>
					<bid agent="Naive" bid="954"/>
				</task>
				<task id="1" pickup="Den Haag" delivery="Groningen" weight="19" reward="8119">
					<bid agent="Opponent" bid="1022"/>
					<bid agent="Naive" bid="1265"/>
				</task>
				<task id="2" pickup="Apeldoorn" delivery="Den Haag" weight="26" reward="47362">
					<bid agent="Opponent" bid="701"/>
					<bid agent="Naive" bid="1647"/>
				</task>
				<task id="3" pickup="Utrecht" delivery="Groningen" weight="12" reward="30020">
					<bid agent="Opponent" bid="875"/>
					<bid agent="Naive" bid="1494"/>
				</task>
				<task id="4" pickup="Utrecht" delivery="Amsterdam" weight="24" reward="91775">
					<bid agent="Opponent" bid="541"/>
					<bid agent="Naive" bid="709"/>
				</task>
				<task id="5" pickup="Nijmegen" delivery="Groningen" weight="26" reward="29695">
					<bid agent="Opponent" bid="904"/>
					<bid agent="Naive" bid="1739"/>
				</task>
				<task id="6" pickup="Almere" delivery="Utrecht" weight="26" reward="92712">
					<bid agent="Opponent" bid="610"/>
					<bid agent="Naive" bid="830"/>
				</task>
				<task id="7" pickup="Den Haag" delivery="Nijmegen" weight="28" reward="54405">
					<bid agent="Opponent" bid="1587"/>
					<bid agent="Naive" bid="885"/>
				</task>
				<task id="8" pickup="Apeldoorn" delivery="Almere" weight="21" reward="77731">
					<bid agent="Opponent" bid="540"/>
					<bid agent="Naive" bid="688"/>
				</task>
				<task id="9" pickup="Apeldoorn" delivery="Den Haag" weight="26" reward="47362">
					<bid agent="Opponent" bid="1376"/>
					<bid agent="Naive" bid="1135"/>
				</task>
				<task id="10" pickup="Almere" delivery="Eindhoven" weight="12" reward="55300">
					<bid agent="Opponent" bid="641"/>
					<bid agent="Naive" bid="1325"/>
				</task>
				<task id="11" pickup="Breda" delivery="Nijmegen" weight="11" reward="71177">
					<bid agent="Opponent" bid="478"/>
					<bid agent="Naive" bid="1262"/>
				</task>
				<task id="12" pickup="Rotterdam" delivery="Almere" weight="22" reward="67350">
					<bid agent="Opponent" bid="1561"/>
					<bid agent="Naive" bid="1001"/>
				</task>
				<task id="13" pickup="Den Haag" delivery="Apeldoorn" weight="17" reward="47362">
					<bid agent="Opponent" bid="801"/>
					<bid agent="Naive" bid="1805"/>
				</task>
				<task id="14" pickup="Eindhoven" delivery="Nijmegen" weight="28" reward="81761">
					<bid agent="Opponent" bid="498"/>
					<bid agent="Naive" bid="1048"/>
				</task>
				<task id="15" pickup="Rotterdam" delivery="Apeldoorn" weight="16" reward="57702">
					<bid agent="Opponent" bid="715"/>
					<bid agent="Naive" bid="1601"/>
				</task>
				<task id="16" pickup="Amsterdam" delivery="Breda" weight="23" reward="61855">
					<bid agent="Opponent" bid="1064"/>
					<bid agent="Naive" bid="1131"/>
				</task>
				<task id="17" pickup="Apeldoorn" delivery="Den Haag" weight="26" reward="47362">
					<bid agent="Opponent" bid="666"/>
					<bid agent="Naive" bid="1707"/>
				</task>
				<task id="18" pickup="Almere" delivery="Rotterdam" weight="25" reward="67350">
					<bid agent="Opponent" bid="519"/>
					<bid agent="Naive" bid="545"/>
				</task>
				<task id="19" pickup="Eindhoven" delivery="Breda" weight="15" reward="85018">
					<bid agent="Opponent" bid="1046"/>
					<bid agent="Naive" bid="1600"/>
				</task>
				<task id="20" pickup="Amsterdam" delivery="Nijmegen" weight="20" reward="56603">
					<bid agent="Opponent" bid="844"/>
					<bid agent="Naive" bid="862"/>
				</task>
				<task id="21" pickup="Breda" delivery="Nijmegen" weight="11" reward="71177">
					<bid agent="Opponent" bid="538"/>
					<bid agent="Naive" bid="2028"/>
				</task>
				<task id="22" pickup="Eindhoven" delivery="Groningen" weight="27" reward="1117">
					<bid agent="Opponent" bid="1234"/>
					<bid agent="Naive" bid="3696"/>
				</task>
				<task id="23" pickup="Amsterdam" delivery="Nijmegen" weight="20" reward="56603">
					<bid agent="Opponent" bid="1035"/>
					<bid agent="Naive" bid="970"/>
				</task>
				<task id="24" pickup="Groningen" delivery="Amsterdam" weight="15" reward="34661">
					<bid agent="Opponent" bid="1220"/>
					<bid agent="Naive" bid="2638"/>
				</task>
				<task id="25" pickup="Den Haag" delivery="Groningen" weight="19" reward="8119">
					<bid agent="Opponent" bid="1120"/>
					<bid agent="Naive" bid="3672"/>
				</task>
				<task id="26" pickup="Eindhoven" delivery="Rotterdam" weight="15" reward="65233">
					<bid agent="Opponent" bid="782"/>
					<bid agent="Naive" bid="1765"/>
				</task>
				<task id="27" pickup="Groningen" delivery="Amsterdam" weight="15" reward="34661">
					<bid agent="Opponent" bid="1100"/>
					<bid agent="Naive" bid="2081"/>
				</task>
				<task id="28" pickup="Utrecht" delivery="Almere" weight="23" reward="92712">
					<bid agent="Opponent" bid="1227"/>
					<bid agent="Naive" bid="1115"/>
				</task>
				<task id="29" pickup="Utrecht" delivery="Breda" weight="29" reward="80418">
					<bid agent="Opponent" bid="878"/>
					<bid agent="Naive" bid="1156"/>
				</task>
			</tasks>
			<events>
				<event id="0" time="0" vehicle="Vehicle 1" move="Den Haag"/>
				<event id="1" time="0" vehicle="Vehicle 4" pickup="7"/>
				<event id="2" time="300000000" vehicle="Vehicle 4" move="Rotterdam"/>
				<event id="3" time="582222222" vehicle="Vehicle 4" move="Nijmegen"/>
				<event id="4" time="1086666666" vehicle="Vehicle 1" pickup="1"/>
				<event id="5" time="1386666666" vehicle="Vehicle 1" move="Rotterdam"/>
				<event id="6" time="1809999999" vehicle="Vehicle 1" move="Breda"/>
				<event id="7" time="1826666665" vehicle="Vehicle 4" deliver="7"/>
				<event id="8" time="2126666664" vehicle="Vehicle 4" move="Apeldoorn"/>
				<event id="9" time="2619999999" vehicle="Vehicle 1" pickup="0"/>
				<event id="10" time="2761111108" vehicle="Vehicle 4" pickup="9"/>
				<event id="11" time="2919999999" vehicle="Vehicle 1" move="Utrecht"/>
				<event id="12" time="3061111107" vehicle="Vehicle 4" move="Utrecht"/>
				<event id="13" time="3805555551" vehicle="Vehicle 4" move="Rotterdam"/>
				<event id="14" time="4144999999" vehicle="Vehicle 1" pickup="3"/>
				<event id="15" time="4444999999" vehicle="Vehicle 1" move="Almere"/>
				<event id="16" time="4497777772" vehicle="Vehicle 4" move="Den Haag"/>
				<event id="17" time="4779999994" vehicle="Vehicle 4" deliver="9"/>
				<event id="18" time="5079999994" vehicle="Vehicle 4" move="Rotterdam"/>
				<event id="19" time="5166666665" vehicle="Vehicle 1" deliver="0"/>
				<event id="20" time="5362222216" vehicle="Vehicle 4" pickup="12"/>
				<event id="21" time="5466666665" vehicle="Vehicle 1" pickup="6"/>
				<event id="22" time="5662222216" vehicle="Vehicle 4" move="Utrecht"/>
				<event id="23" time="5766666665" vehicle="Vehicle 1" move="Groningen"/>
				<event id="24" time="6354444437" vehicle="Vehicle 4" move="Almere"/>
				<event id="25" time="6835555548" vehicle="Vehicle 4" deliver="12"/>
				<event id="26" time="7135555547" vehicle="Vehicle 4" move="Amsterdam"/>
				<event id="27" time="7489999991" vehicle="Vehicle 4" pickup="23"/>
				<event id="28" time="7789999991" vehicle="Vehicle 4" move="Utrecht"/>
				<event id="29" time="8296666657" vehicle="Vehicle 4" move="Nijmegen"/>
				<event id="30" time="8333333331" vehicle="Vehicle 1" deliver="1"/>
				<event id="31" time="8633333331" vehicle="Vehicle 1" deliver="3"/>
				<event id="32" time="8933333331" vehicle="Vehicle 1" move="Almere"/>
				<event id="33" time="9256666656" vehicle="Vehicle 4" deliver="23"/>
				<event id="34" time="9556666656" vehicle="Vehicle 4" move="Utrecht"/>
				<event id="35" time="10516666655" vehicle="Vehicle 4" pickup="28"/>
				<event id="36" time="10816666655" vehicle="Vehicle 4" move="Almere"/>
				<event id="37" time="11297777765" vehicle="Vehicle 4" deliver="28"/>
				<event id="38" time="11499999997" vehicle="Vehicle 1" move="Utrecht"/>
				<event id="39" time="12221666663" vehicle="Vehicle 1" deliver="6"/>
				<event id="40" time="12521666663" vehicle="Vehicle 1" pickup="4"/>
				<event id="41" time="12821666663" vehicle="Vehicle 1" move="Nijmegen"/>
				<event id="42" time="14261666662" vehicle="Vehicle 1" pickup="5"/>
				<event id="43" time="14561666662" vehicle="Vehicle 1" move="Apeldoorn"/>
				<event id="44" time="15513333328" vehicle="Vehicle 1" pickup="8"/>
				<event id="45" time="15813333328" vehicle="Vehicle 1" move="Groningen"/>
				<event id="46" time="18163333327" vehicle="Vehicle 1" deliver="5"/>
				<event id="47" time="18463333327" vehicle="Vehicle 1" move="Almere"/>
				<event id="48" time="21029999993" vehicle="Vehicle 1" deliver="8"/>
				<event id="49" time="21329999993" vehicle="Vehicle 1" pickup="10"/>
				<event id="50" time="21629999993" vehicle="Vehicle 1" pickup="18"/>
				<event id="51" time="21929999993" vehicle="Vehicle 1" move="Amsterdam"/>
				<event id="52" time="22461666659" vehicle="Vehicle 1" deliver="4"/>
				<event id="53" time="22761666659" vehicle="Vehicle 1" move="Utrecht"/>
				<event id="54" time="23521666658" vehicle="Vehicle 1" move="Eindhoven"/>
				<event id="55" time="25053333324" vehicle="Vehicle 1" deliver="10"/>
				<event id="56" time="25353333324" vehicle="Vehicle 1" move="Breda"/>
				<event id="57" time="26389999990" vehicle="Vehicle 1" pickup="11"/>
				<event id="58" time="26689999990" vehicle="Vehicle 1" move="Rotterdam"/>
				<event id="59" time="27499999990" vehicle="Vehicle 1" pickup="15"/>
				<event id="60" time="27799999990" vehicle="Vehicle 1" deliver="18"/>
				<event id="61" time="28099999990" vehicle="Vehicle 1" move="Den Haag"/>
				<event id="62" time="28523333323" vehicle="Vehicle 1" pickup="25"/>
				<event id="63" time="28823333323" vehicle="Vehicle 1" pickup="13"/>
				<event id="64" time="29123333322" vehicle="Vehicle 1" move="Rotterdam"/>
				<event id="65" time="29546666655" vehicle="Vehicle 1" move="Nijmegen"/>
				<event id="66" time="31413333321" vehicle="Vehicle 1" deliver="11"/>
				<event id="67" time="31713333321" vehicle="Vehicle 1" move="Apeldoorn"/>
				<event id="68" time="32664999987" vehicle="Vehicle 1" deliver="13"/>
				<event id="69" time="32964999987" vehicle="Vehicle 1" pickup="2"/>
				<event id="70" time="33264999987" vehicle="Vehicle 1" deliver="15"/>
				<event id="71" time="33564999987" vehicle="Vehicle 1" pickup="17"/>
				<event id="72" time="33864999987" vehicle="Vehicle 1" move="Utrecht"/>
				<event id="73" time="34981666653" vehicle="Vehicle 1" move="Rotterdam"/>
				<event id="74" time="36019999986" vehicle="Vehicle 1" move="Den Haag"/>
				<event id="75" time="36443333319" vehicle="Vehicle 1" deliver="17"/>
				<event id="76" time="36743333319" vehicle="Vehicle 1" deliver="2"/>
				<event id="77" time="37043333318" vehicle="Vehicle 1" move="Amsterdam"/>
				<event id="78" time="38129999984" vehicle="Vehicle 1" pickup="16"/>
				<event id="79" time="38429999984" vehicle="Vehicle 1" pickup="20"/>
				<event id="80" time="38729999984" vehicle="Vehicle 1" move="Utrecht"/>
				<event id="81" time="39489999984" vehicle="Vehicle 1" move="Eindhoven"/>
				<event id="82" time="41021666650" vehicle="Vehicle 1" pickup="19"/>
				<event id="83" time="41321666650" vehicle="Vehicle 1" move="Breda"/>
				<event id="84" time="42358333316" vehicle="Vehicle 1" deliver="19"/>
				<event id="85" time="42658333316" vehicle="Vehicle 1" deliver="16"/>
				<event id="86" time="42958333316" vehicle="Vehicle 1" pickup="21"/>
				<event id="87" time="43258333315" vehicle="Vehicle 1" move="Eindhoven"/>
				<event id="88" time="44294999981" vehicle="Vehicle 1" pickup="14"/>
				<event id="89" time="44594999981" vehicle="Vehicle 1" move="Nijmegen"/>
				<event id="90" time="45764999981" vehicle="Vehicle 1" deliver="21"/>
				<event id="91" time="46064999981" vehicle="Vehicle 1" deliver="14"/>
				<event id="92" time="46364999981" vehicle="Vehicle 1" deliver="20"/>
				<event id="93" time="46664999981" vehicle="Vehicle 1" move="Eindhoven"/>
				<event id="94" time="47834999981" vehicle="Vehicle 1" pickup="26"/>
				<event id="95" time="48134999981" vehicle="Vehicle 1" pickup="22"/>
				<event id="96" time="48434999981" vehicle="Vehicle 1" move="Nijmegen"/>
				<event id="97" time="49604999981" vehicle="Vehicle 1" move="Apeldoorn"/>
				<event id="98" time="50556666647" vehicle="Vehicle 1" move="Groningen"/>
				<event id="99" time="52906666646" vehicle="Vehicle 1" pickup="24"/>
				<event id="100" time="53206666645" vehicle="Vehicle 1" deliver="25"/>
				<event id="101" time="53506666645" vehicle="Vehicle 1" deliver="22"/>
				<event id="102" time="53806666645" vehicle="Vehicle 1" pickup="27"/>
				<event id="103" time="54106666644" vehicle="Vehicle 1" move="Almere"/>
				<event id="104" time="56673333310" vehicle="Vehicle 1" move="Amsterdam"/>
				<event id="105" time="57204999976" vehicle="Vehicle 1" deliver="24"/>
				<event id="106" time="57504999976" vehicle="Vehicle 1" deliver="27"/>
				<event id="107" time="57804999976" vehicle="Vehicle 1" move="Utrecht"/>
				<event id="108" time="58564999976" vehicle="Vehicle 1" pickup="29"/>
				<event id="109" time="58864999976" vehicle="Vehicle 1" move="Rotterdam"/>
				<event id="110" time="59903333309" vehicle="Vehicle 1" deliver="26"/>
				<event id="111" time="60203333308" vehicle="Vehicle 1" move="Breda"/>
				<event id="112" time="61013333307" vehicle="Vehicle 1" deliver="29"/>
			</events>
		</round>
	</rounds>
	<statistics>
		<stat rank="1" agent="Opponent">
			<total-tasks value="25"/>
			<total-distance value="2778.8"/>
			<total-cost value="13894"/>
			<total-reward value="19869"/>
			<total-profit value="5975"/>
		</stat>
		<stat rank="2" agent="Naive">
			<total-tasks value="5"/>
			<total-distance value="773.8"/>
			<total-cost value="3869"/>
			<total-reward value="5106"/>
			<total-profit value="1237"/>
		</stat>
	</statistics>
</history>
