<?xml version="1.0" encoding="ISO-8859-1"?>

<history configuration="config/rounds/auction1.xml">
	<agents>
		<agent name="Zero">
			<vehicle name="Vehicle 1"/>
			<vehicle name="Vehicle 2"/>
		</agent>
		<agent name="Naive">
			<vehicle name="Vehicle 3"/>
			<vehicle name="Vehicle 4"/>
		</agent>
	</agents>
	<rounds>
		<round id="1">
			<tasks>
				<task id="0" pickup="Leeds" delivery="Sheffield" weight="6" reward="1281">
					<bid agent="Zero" bid="699"/>
					<bid agent="Naive" bid="2678"/>
				</task>
				<task id="1" pickup="Liverpool" delivery="Sheffield" weight="7" reward="14258">
					<bid agent="Zero" bid="725"/>
					<bid agent="Naive" bid="3053"/>
				</task>
				<task id="2" pickup="Manchester" delivery="Cardiff" weight="9" reward="31460">
					<bid agent="Zero" bid="1373"/>
					<bid agent="Naive" bid="3554"/>
				</task>
				<task id="3" pickup="Manchester" delivery="London" weight="6" reward="31997">
					<bid agent="Zero" bid="1165"/>
					<bid agent="Naive" bid="3516"/>
				</task>
				<task id="4" pickup="Plymouth" delivery="Birmingham" weight="8" reward="58829">
					<bid agent="Zero" bid="2463"/>
					<bid agent="Naive" bid="1930"/>
				</task>
				<task id="5" pickup="Liverpool" delivery="Norwich" weight="5" reward="58793">
					<bid agent="Zero" bid="575"/>
					<bid agent="Naive" bid="2551"/>
				</task>
				<task id="6" pickup="Birmingham" delivery="Norwich" weight="8" reward="35595">
					<bid agent="Zero" bid="0"/>
					<bid agent="Naive" bid="1377"/>
				</task>
				<task id="7" pickup="Sheffield" delivery="Manchester" weight="7" reward="20470">
					<bid agent="Zero" bid="413"/>
					<bid agent="Naive" bid="1538"/>
				</task>
				<task id="8" pickup="Liverpool" delivery="Cardiff" weight="6" reward="37671">
					<bid agent="Zero" bid="0"/>
					<bid agent="Naive" bid="1877"/>
				</task>
				<task id="9" pickup="Sheffield" delivery="Norwich" weight="7" reward="51741">
					<bid agent="Zero" bid="0"/>
					<bid agent="Naive" bid="2216"/>
				</task>
				<task id="10" pickup="Portsmouth" delivery="Cardiff" weight="5" reward="48984">
					<bid agent="Zero" bid="1137"/>
					<bid agent="Naive" bid="2854"/>
				</task>
				<task id="11" pickup="Plymouth" delivery="London" weight="7" reward="37707">
					<bid agent="Zero" bid="1700"/>
					<bid agent="Naive" bid="4507"/>
				</task>
				<task id="12" pickup="Sheffield" delivery="Norwich" weight="7" reward="51741">
					<bid agent="Zero" bid="575"/>
					<bid agent="Naive" bid="3159"/>
				</task>
				<task id="13" pickup="Newcastle" delivery="Liverpool" weight="9" reward="24497">
					<bid agent="Zero" bid="0"/>
					<bid agent="Naive" bid="2874"/>
				</task>
				<task id="14" pickup="Cardiff" delivery="Newcastle" weight="8" reward="55643">
					<bid agent="Zero" bid="1659"/>
					<bid agent="Naive" bid="2346"/>
				</task>
				<task id="15" pickup="Birmingham" delivery="Sheffield" weight="6" reward="10034">
					<bid agent="Zero" bid="0"/>
					<bid agent="Naive" bid="615"/>
				</task>
				<task id="16" pickup="Newcastle" delivery="Birmingham" weight="5" reward="35058">
					<bid agent="Zero" bid="0"/>
					<bid agent="Naive" bid="3446"/>
				</task>
				<task id="17" pickup="Birmingham" delivery="Plymouth" weight="6" reward="58829">
					<bid agent="Zero" bid="797"/>
					<bid agent="Naive" bid="2638"/>
				</task>
				<task id="18" pickup="Cardiff" delivery="Newcastle" weight="8" reward="55643">
					<bid agent="Zero" bid="0"/>
					<bid agent="Naive" bid="2375"/>
				</task>
				<task id="19" pickup="Leeds" delivery="Sheffield" weight="6" reward="1281">
					<bid agent="Zero" bid="0"/>
					<bid agent="Naive" bid="1400"/>
				</task>
			</tasks>
			<events>
				<event id="0" time="0" vehicle="Vehicle 1" pickup="13"/>
				<event id="1" time="0" vehicle="Vehicle 2" move="Birmingham"/>
				<event id="2" time="0" vehicle="Vehicle 3" pickup="4"/>
				<event id="3" time="300000000" vehicle="Vehicle 1" pickup="16"/>
				<event id="4" time="300000000" vehicle="Vehicle 3" move="Portsmouth"/>
				<event id="5" time="600000000" vehicle="Vehicle 1" move="Leeds"/>
				<event id="6" time="1311111111" vehicle="Vehicle 2" pickup="17"/>
				<event id="7" time="1611111111" vehicle="Vehicle 2" move="London"/>
				<event id="8" time="1694444444" vehicle="Vehicle 1" pickup="19"/>
				<event id="9" time="1994444444" vehicle="Vehicle 1" pickup="0"/>
				<event id="10" time="2188888888" vehicle="Vehicle 3" move="London"/>
				<event id="11" time="2294444443" vehicle="Vehicle 1" move="Sheffield"/>
				<event id="12" time="2753333331" vehicle="Vehicle 1" deliver="19"/>
				<event id="13" time="2922222221" vehicle="Vehicle 2" move="Portsmouth"/>
				<event id="14" time="3019999999" vehicle="Vehicle 3" move="Birmingham"/>
				<event id="15" time="3053333330" vehicle="Vehicle 1" pickup="9"/>
				<event id="16" time="3353333330" vehicle="Vehicle 1" deliver="0"/>
				<event id="17" time="3653333330" vehicle="Vehicle 1" pickup="7"/>
				<event id="18" time="3753333331" vehicle="Vehicle 2" pickup="10"/>
				<event id="19" time="3953333330" vehicle="Vehicle 1" pickup="12"/>
				<event id="20" time="4053333330" vehicle="Vehicle 2" move="Plymouth"/>
				<event id="21" time="4253333329" vehicle="Vehicle 1" move="Leeds"/>
				<event id="22" time="4331111110" vehicle="Vehicle 3" deliver="4"/>
				<event id="23" time="4712222217" vehicle="Vehicle 1" move="Liverpool"/>
				<event id="24" time="5517777771" vehicle="Vehicle 1" deliver="13"/>
				<event id="25" time="5817777771" vehicle="Vehicle 1" pickup="5"/>
				<event id="26" time="5942222218" vehicle="Vehicle 2" deliver="17"/>
				<event id="27" time="6117777770" vehicle="Vehicle 1" move="Manchester"/>
				<event id="28" time="6242222217" vehicle="Vehicle 2" pickup="11"/>
				<event id="29" time="6503333325" vehicle="Vehicle 1" pickup="3"/>
				<event id="30" time="6542222217" vehicle="Vehicle 2" move="Portsmouth"/>
				<event id="31" time="6803333325" vehicle="Vehicle 1" deliver="7"/>
				<event id="32" time="7103333324" vehicle="Vehicle 1" move="Birmingham"/>
				<event id="33" time="8157777767" vehicle="Vehicle 1" deliver="16"/>
				<event id="34" time="8431111105" vehicle="Vehicle 2" move="London"/>
				<event id="35" time="8457777767" vehicle="Vehicle 1" pickup="6"/>
				<event id="36" time="8757777767" vehicle="Vehicle 1" move="London"/>
				<event id="37" time="9262222215" vehicle="Vehicle 2" deliver="11"/>
				<event id="38" time="9562222215" vehicle="Vehicle 2" move="Birmingham"/>
				<event id="39" time="10068888877" vehicle="Vehicle 1" deliver="3"/>
				<event id="40" time="10368888877" vehicle="Vehicle 1" move="Norwich"/>
				<event id="41" time="10873333325" vehicle="Vehicle 2" move="Manchester"/>
				<event id="42" time="11646666654" vehicle="Vehicle 1" deliver="9"/>
				<event id="43" time="11927777768" vehicle="Vehicle 2" pickup="2"/>
				<event id="44" time="11946666654" vehicle="Vehicle 1" deliver="5"/>
				<event id="45" time="12227777767" vehicle="Vehicle 2" move="Liverpool"/>
				<event id="46" time="12246666653" vehicle="Vehicle 1" deliver="6"/>
				<event id="47" time="12546666653" vehicle="Vehicle 1" deliver="12"/>
				<event id="48" time="12613333322" vehicle="Vehicle 2" pickup="8"/>
				<event id="49" time="12913333322" vehicle="Vehicle 2" pickup="1"/>
				<event id="50" time="13213333321" vehicle="Vehicle 2" move="Manchester"/>
				<event id="51" time="13598888876" vehicle="Vehicle 2" move="Birmingham"/>
				<event id="52" time="14653333320" vehicle="Vehicle 2" move="Cardiff"/>
				<event id="53" time="15931111097" vehicle="Vehicle 2" deliver="2"/>
				<event id="54" time="16231111096" vehicle="Vehicle 2" pickup="18"/>
				<event id="55" time="16531111096" vehicle="Vehicle 2" pickup="14"/>
				<event id="56" time="16831111096" vehicle="Vehicle 2" deliver="8"/>
				<event id="57" time="17131111095" vehicle="Vehicle 2" deliver="10"/>
				<event id="58" time="17431111095" vehicle="Vehicle 2" move="Birmingham"/>
				<event id="59" time="18708888871" vehicle="Vehicle 2" pickup="15"/>
				<event id="60" time="19008888870" vehicle="Vehicle 2" move="Sheffield"/>
				<event id="61" time="20011111092" vehicle="Vehicle 2" deliver="15"/>
				<event id="62" time="20311111092" vehicle="Vehicle 2" deliver="1"/>
				<event id="63" time="20611111092" vehicle="Vehicle 2" move="Leeds"/>
				<event id="64" time="21069999980" vehicle="Vehicle 2" move="Newcastle"/>
				<event id="65" time="22164444424" vehicle="Vehicle 2" deliver="14"/>
				<event id="66" time="22464444424" vehicle="Vehicle 2" deliver="18"/>
			</events>
		</round>
	</rounds>
	<statistics>
		<stat rank="1" agent="Naive">
			<total-tasks value="1"/>
			<total-distance value="362.8"/>
			<total-cost value="1814"/>
			<total-reward value="1930"/>
			<total-profit value="116"/>
		</stat>
		<stat rank="2" agent="Zero">
			<total-tasks value="19"/>
			<total-distance value="2179.0"/>
			<total-cost value="10895"/>
			<total-reward value="10818"/>
			<total-profit value="-77"/>
		</stat>
	</statistics>
</history>
