<?xml version="1.0" encoding="ISO-8859-1"?>

<history configuration="config/rounds/auction3.xml">
	<agents>
		<agent name="Neutral">
			<vehicle name="Vehicle 1"/>
			<vehicle name="Vehicle 2"/>
			<vehicle name="Vehicle 3"/>
			<vehicle name="Vehicle 4"/>
		</agent>
		<agent name="AFK">
			<vehicle name="Vehicle 5"/>
			<vehicle name="Vehicle 6"/>
			<vehicle name="Vehicle 7"/>
			<vehicle name="Vehicle 8"/>
		</agent>
	</agents>
	<rounds>
		<round id="1">
			<tasks>
				<task id="0" pickup="Paris" delivery="Monaco" weight="25" reward="40845">
					<bid agent="Neutral" bid="2517"/>
				</task>
				<task id="1" pickup="Paris" delivery="Monaco" weight="25" reward="40845">
					<bid agent="Neutral" bid="1342"/>
				</task>
				<task id="2" pickup="Lyon" delivery="Paris" weight="28" reward="78143">
					<bid agent="Neutral" bid="1531"/>
				</task>
				<task id="3" pickup="Brest" delivery="Lyon" weight="13" reward="37398">
					<bid agent="Neutral" bid="2472"/>
				</task>
				<task id="4" pickup="Brest" delivery="Strasbourg" weight="25" reward="35950">
					<bid agent="Neutral" bid="2826"/>
				</task>
				<task id="5" pickup="Brest" delivery="Monaco" weight="15" reward="100">
					<bid agent="Neutral" bid="2945"/>
				</task>
				<task id="6" pickup="Lyon" delivery="Monaco" weight="28" reward="72973">
					<bid agent="Neutral" bid="2154"/>
				</task>
				<task id="7" pickup="Paris" delivery="Le Havre" weight="26" reward="96758">
					<bid agent="Neutral" bid="718"/>
				</task>
				<task id="8" pickup="Brest" delivery="Le Havre" weight="18" reward="56013">
					<bid agent="Neutral" bid="1884"/>
				</task>
				<task id="9" pickup="Paris" delivery="Monaco" weight="25" reward="40845">
					<bid agent="Neutral" bid="2406"/>
				</task>
				<task id="10" pickup="Paris" delivery="Monaco" weight="25" reward="40845">
					<bid agent="Neutral" bid="2097"/>
				</task>
				<task id="11" pickup="Marseille" delivery="Bordeaux" weight="16" reward="65734">
					<bid agent="Neutral" bid="2799"/>
				</task>
				<task id="12" pickup="Lyon" delivery="Monaco" weight="28" reward="72973">
					<bid agent="Neutral" bid="3206"/>
				</task>
				<task id="13" pickup="Genève" delivery="Marseille" weight="29" reward="78212">
					<bid agent="Neutral" bid="1687"/>
				</task>
				<task id="14" pickup="Le Havre" delivery="Strasbourg" weight="10" reward="63183">
					<bid agent="Neutral" bid="1723"/>
				</task>
				<task id="15" pickup="Monaco" delivery="Genève" weight="22" reward="74352">
					<bid agent="Neutral" bid="2682"/>
				</task>
				<task id="16" pickup="Bordeaux" delivery="Le Havre" weight="23" reward="56495">
					<bid agent="Neutral" bid="2100"/>
				</task>
				<task id="17" pickup="Genève" delivery="Bordeaux" weight="16" reward="59460">
					<bid agent="Neutral" bid="1842"/>
				</task>
				<task id="18" pickup="Monaco" delivery="Genève" weight="22" reward="74352">
					<bid agent="Neutral" bid="1302"/>
				</task>
				<task id="19" pickup="Paris" delivery="Monaco" weight="25" reward="40845">
					<bid agent="Neutral" bid="2940"/>
				</task>
				<task id="20" pickup="Monaco" delivery="Brest" weight="12" reward="100">
					<bid agent="Neutral" bid="6950"/>
				</task>
				<task id="21" pickup="Bordeaux" delivery="Marseille" weight="21" reward="65734">
					<bid agent="Neutral" bid="4985"/>
				</task>
				<task id="22" pickup="Brest" delivery="Marseille" weight="11" reward="15612">
					<bid agent="Neutral" bid="4077"/>
				</task>
				<task id="23" pickup="Monaco" delivery="Le Havre" weight="23" reward="27332">
					<bid agent="Neutral" bid="4957"/>
				</task>
				<task id="24" pickup="Brest" delivery="Le Havre" weight="18" reward="56013">
					<bid agent="Neutral" bid="1967"/>
				</task>
				<task id="25" pickup="Brest" delivery="Bordeaux" weight="21" reward="29263">
					<bid agent="Neutral" bid="5857"/>
				</task>
				<task id="26" pickup="Strasbourg" delivery="Brest" weight="25" reward="35950">
					<bid agent="Neutral" bid="4185"/>
				</task>
				<task id="27" pickup="Paris" delivery="Strasbourg" weight="26" reward="76696">
					<bid agent="Neutral" bid="1217"/>
				</task>
				<task id="28" pickup="Monaco" delivery="Genève" weight="22" reward="74352">
					<bid agent="Neutral" bid="2742"/>
				</task>
				<task id="29" pickup="Monaco" delivery="Lyon" weight="15" reward="72973">
					<bid agent="Neutral" bid="1687"/>
				</task>
				<task id="30" pickup="Brest" delivery="Monaco" weight="15" reward="100">
					<bid agent="Neutral" bid="5360"/>
				</task>
				<task id="31" pickup="Genève" delivery="Le Havre" weight="23" reward="54358">
					<bid agent="Neutral" bid="2305"/>
				</task>
				<task id="32" pickup="Marseille" delivery="Brest" weight="16" reward="15612">
					<bid agent="Neutral" bid="5825"/>
				</task>
				<task id="33" pickup="Le Havre" delivery="Bordeaux" weight="22" reward="56495">
					<bid agent="Neutral" bid="2320"/>
				</task>
				<task id="34" pickup="Monaco" delivery="Brest" weight="12" reward="100">
					<bid agent="Neutral" bid="3995"/>
				</task>
				<task id="35" pickup="Le Havre" delivery="Marseille" weight="28" reward="42844">
					<bid agent="Neutral" bid="4327"/>
				</task>
				<task id="36" pickup="Monaco" delivery="Lyon" weight="15" reward="72973">
					<bid agent="Neutral" bid="1352"/>
				</task>
				<task id="37" pickup="Paris" delivery="Strasbourg" weight="26" reward="76696">
					<bid agent="Neutral" bid="2255"/>
				</task>
				<task id="38" pickup="Strasbourg" delivery="Paris" weight="26" reward="76696">
					<bid agent="Neutral" bid="2755"/>
				</task>
				<task id="39" pickup="Bordeaux" delivery="Genève" weight="23" reward="59460">
					<bid agent="Neutral" bid="1842"/>
				</task>
			</tasks>
			<events>
				<event id="0" time="0" vehicle="Vehicle 1" move="Le Havre"/>
				<event id="1" time="0" vehicle="Vehicle 3" pickup="30"/>
				<event id="2" time="0" vehicle="Vehicle 4" move="Strasbourg"/>
				<event id="3" time="300000000" vehicle="Vehicle 3" move="Paris"/>
				<event id="4" time="3266666666" vehicle="Vehicle 1" pickup="35"/>
				<event id="5" time="3566666666" vehicle="Vehicle 1" move="Paris"/>
				<event id="6" time="4322222222" vehicle="Vehicle 4" pickup="38"/>
				<event id="7" time="4622222222" vehicle="Vehicle 4" pickup="26"/>
				<event id="8" time="4922222222" vehicle="Vehicle 4" move="Paris"/>
				<event id="9" time="6833333332" vehicle="Vehicle 1" pickup="1"/>
				<event id="10" time="6866666666" vehicle="Vehicle 3" pickup="10"/>
				<event id="11" time="7133333331" vehicle="Vehicle 1" pickup="19"/>
				<event id="12" time="7166666665" vehicle="Vehicle 3" pickup="9"/>
				<event id="13" time="7433333331" vehicle="Vehicle 1" move="Lyon"/>
				<event id="14" time="7466666665" vehicle="Vehicle 3" move="Lyon"/>
				<event id="15" time="10333333332" vehicle="Vehicle 4" pickup="27"/>
				<event id="16" time="10633333332" vehicle="Vehicle 4" move="Brest"/>
				<event id="17" time="12644444442" vehicle="Vehicle 3" move="Marseille"/>
				<event id="18" time="15199999997" vehicle="Vehicle 1" move="Marseille"/>
				<event id="19" time="16155555552" vehicle="Vehicle 3" move="Monaco"/>
				<event id="20" time="17199999998" vehicle="Vehicle 4" deliver="26"/>
				<event id="21" time="17499999998" vehicle="Vehicle 4" pickup="4"/>
				<event id="22" time="17799999998" vehicle="Vehicle 4" move="Paris"/>
				<event id="23" time="18655555551" vehicle="Vehicle 3" pickup="20"/>
				<event id="24" time="18955555551" vehicle="Vehicle 3" deliver="9"/>
				<event id="25" time="19255555550" vehicle="Vehicle 3" pickup="34"/>
				<event id="26" time="19555555550" vehicle="Vehicle 3" pickup="29"/>
				<event id="27" time="19855555550" vehicle="Vehicle 3" deliver="10"/>
				<event id="28" time="20155555549" vehicle="Vehicle 3" pickup="36"/>
				<event id="29" time="20455555549" vehicle="Vehicle 3" deliver="30"/>
				<event id="30" time="20466666663" vehicle="Vehicle 1" move="Monaco"/>
				<event id="31" time="20755555549" vehicle="Vehicle 3" move="Marseille"/>
				<event id="32" time="23255555548" vehicle="Vehicle 3" move="Lyon"/>
				<event id="33" time="24216666662" vehicle="Vehicle 1" deliver="1"/>
				<event id="34" time="24366666664" vehicle="Vehicle 4" deliver="38"/>
				<event id="35" time="24516666662" vehicle="Vehicle 1" pickup="18"/>
				<event id="36" time="24666666664" vehicle="Vehicle 4" pickup="37"/>
				<event id="37" time="24816666662" vehicle="Vehicle 1" deliver="19"/>
				<event id="38" time="24966666664" vehicle="Vehicle 4" move="Strasbourg"/>
				<event id="39" time="25116666661" vehicle="Vehicle 1" move="Marseille"/>
				<event id="40" time="26766666658" vehicle="Vehicle 3" deliver="36"/>
				<event id="41" time="27066666657" vehicle="Vehicle 3" pickup="2"/>
				<event id="42" time="27366666657" vehicle="Vehicle 3" deliver="29"/>
				<event id="43" time="27666666657" vehicle="Vehicle 3" move="Paris"/>
				<event id="44" time="28866666660" vehicle="Vehicle 1" deliver="35"/>
				<event id="45" time="29166666659" vehicle="Vehicle 1" pickup="11"/>
				<event id="46" time="29466666659" vehicle="Vehicle 1" move="Bordeaux"/>
				<event id="47" time="30377777774" vehicle="Vehicle 4" deliver="37"/>
				<event id="48" time="30677777774" vehicle="Vehicle 4" deliver="27"/>
				<event id="49" time="30977777774" vehicle="Vehicle 4" deliver="4"/>
				<event id="50" time="31277777773" vehicle="Vehicle 4" move="Genève"/>
				<event id="51" time="32844444434" vehicle="Vehicle 3" move="Brest"/>
				<event id="52" time="35599999995" vehicle="Vehicle 4" move="Lyon"/>
				<event id="53" time="37255555550" vehicle="Vehicle 4" pickup="6"/>
				<event id="54" time="37555555550" vehicle="Vehicle 4" pickup="12"/>
				<event id="55" time="37855555550" vehicle="Vehicle 4" move="Marseille"/>
				<event id="56" time="39411111100" vehicle="Vehicle 3" pickup="3"/>
				<event id="57" time="39711111100" vehicle="Vehicle 3" pickup="22"/>
				<event id="58" time="40011111099" vehicle="Vehicle 3" deliver="20"/>
				<event id="59" time="40233333325" vehicle="Vehicle 1" pickup="39"/>
				<event id="60" time="40311111099" vehicle="Vehicle 3" pickup="5"/>
				<event id="61" time="40533333325" vehicle="Vehicle 1" deliver="11"/>
				<event id="62" time="40611111099" vehicle="Vehicle 3" deliver="34"/>
				<event id="63" time="40833333325" vehicle="Vehicle 1" pickup="21"/>
				<event id="64" time="40911111099" vehicle="Vehicle 3" move="Paris"/>
				<event id="65" time="41133333324" vehicle="Vehicle 1" move="Lyon"/>
				<event id="66" time="41366666660" vehicle="Vehicle 4" move="Monaco"/>
				<event id="67" time="43866666659" vehicle="Vehicle 4" deliver="12"/>
				<event id="68" time="44166666658" vehicle="Vehicle 4" deliver="6"/>
				<event id="69" time="47477777764" vehicle="Vehicle 3" deliver="2"/>
				<event id="70" time="47777777764" vehicle="Vehicle 3" move="Le Havre"/>
				<event id="71" time="49955555541" vehicle="Vehicle 3" pickup="14"/>
				<event id="72" time="50255555540" vehicle="Vehicle 3" move="Paris"/>
				<event id="73" time="50933333323" vehicle="Vehicle 1" move="Genève"/>
				<event id="74" time="52433333317" vehicle="Vehicle 3" pickup="0"/>
				<event id="75" time="52733333317" vehicle="Vehicle 3" move="Lyon"/>
				<event id="76" time="53416666655" vehicle="Vehicle 1" deliver="18"/>
				<event id="77" time="53716666655" vehicle="Vehicle 1" deliver="39"/>
				<event id="78" time="54016666654" vehicle="Vehicle 1" pickup="13"/>
				<event id="79" time="54316666654" vehicle="Vehicle 1" pickup="17"/>
				<event id="80" time="54616666654" vehicle="Vehicle 1" move="Lyon"/>
				<event id="81" time="57099999987" vehicle="Vehicle 1" move="Marseille"/>
				<event id="82" time="57911111094" vehicle="Vehicle 3" deliver="3"/>
				<event id="83" time="58211111093" vehicle="Vehicle 3" move="Marseille"/>
				<event id="84" time="61722222203" vehicle="Vehicle 3" deliver="22"/>
				<event id="85" time="62022222202" vehicle="Vehicle 3" move="Monaco"/>
				<event id="86" time="62366666653" vehicle="Vehicle 1" deliver="21"/>
				<event id="87" time="62666666653" vehicle="Vehicle 1" pickup="32"/>
				<event id="88" time="62966666653" vehicle="Vehicle 1" deliver="13"/>
				<event id="89" time="63266666652" vehicle="Vehicle 1" move="Bordeaux"/>
				<event id="90" time="64522222201" vehicle="Vehicle 3" pickup="15"/>
				<event id="91" time="64822222201" vehicle="Vehicle 3" deliver="0"/>
				<event id="92" time="65122222200" vehicle="Vehicle 3" pickup="23"/>
				<event id="93" time="65422222200" vehicle="Vehicle 3" deliver="5"/>
				<event id="94" time="65722222200" vehicle="Vehicle 3" pickup="28"/>
				<event id="95" time="66022222199" vehicle="Vehicle 3" move="Genève"/>
				<event id="96" time="71811111087" vehicle="Vehicle 3" deliver="28"/>
				<event id="97" time="72111111086" vehicle="Vehicle 3" pickup="31"/>
				<event id="98" time="72411111086" vehicle="Vehicle 3" deliver="15"/>
				<event id="99" time="72711111086" vehicle="Vehicle 3" move="Strasbourg"/>
				<event id="100" time="74033333318" vehicle="Vehicle 1" deliver="17"/>
				<event id="101" time="74333333318" vehicle="Vehicle 1" pickup="16"/>
				<event id="102" time="74633333318" vehicle="Vehicle 1" move="Paris"/>
				<event id="103" time="77033333307" vehicle="Vehicle 3" deliver="14"/>
				<event id="104" time="77333333307" vehicle="Vehicle 3" move="Paris"/>
				<event id="105" time="82744444417" vehicle="Vehicle 3" pickup="7"/>
				<event id="106" time="83044444416" vehicle="Vehicle 3" move="Le Havre"/>
				<event id="107" time="84366666650" vehicle="Vehicle 1" move="Brest"/>
				<event id="108" time="85222222193" vehicle="Vehicle 3" deliver="7"/>
				<event id="109" time="85522222193" vehicle="Vehicle 3" deliver="31"/>
				<event id="110" time="85822222193" vehicle="Vehicle 3" deliver="23"/>
				<event id="111" time="94216666649" vehicle="Vehicle 1" pickup="8"/>
				<event id="112" time="94516666649" vehicle="Vehicle 1" pickup="24"/>
				<event id="113" time="94816666649" vehicle="Vehicle 1" deliver="32"/>
				<event id="114" time="95116666648" vehicle="Vehicle 1" pickup="25"/>
				<event id="115" time="95416666648" vehicle="Vehicle 1" move="Paris"/>
				<event id="116" time="105266666647" vehicle="Vehicle 1" move="Le Havre"/>
				<event id="117" time="108533333313" vehicle="Vehicle 1" deliver="8"/>
				<event id="118" time="108833333313" vehicle="Vehicle 1" deliver="16"/>
				<event id="119" time="109133333312" vehicle="Vehicle 1" pickup="33"/>
				<event id="120" time="109433333312" vehicle="Vehicle 1" deliver="24"/>
				<event id="121" time="109733333312" vehicle="Vehicle 1" move="Paris"/>
				<event id="122" time="112999999978" vehicle="Vehicle 1" move="Bordeaux"/>
				<event id="123" time="122733333311" vehicle="Vehicle 1" deliver="25"/>
				<event id="124" time="123033333310" vehicle="Vehicle 1" deliver="33"/>
			</events>
		</round>
	</rounds>
	<statistics>
		<stat rank="1" agent="Neutral">
			<total-tasks value="40"/>
			<total-distance value="17263.0"/>
			<total-cost value="86315"/>
			<total-reward value="114133"/>
			<total-profit value="27818"/>
		</stat>
		<stat rank="2" agent="AFK">
			<total-tasks value="0"/>
			<total-distance value="0.0"/>
			<total-cost value="0"/>
			<total-reward value="0"/>
			<total-profit value="0"/>
		</stat>
	</statistics>
</history>
