<?xml version="1.0" encoding="ISO-8859-1"?>

<history configuration="config/rounds/auction3.xml">
	<agents>
		<agent name="AFK">
			<vehicle name="Vehicle 1"/>
			<vehicle name="Vehicle 2"/>
			<vehicle name="Vehicle 3"/>
			<vehicle name="Vehicle 4"/>
		</agent>
		<agent name="Naive">
			<vehicle name="Vehicle 5"/>
			<vehicle name="Vehicle 6"/>
			<vehicle name="Vehicle 7"/>
			<vehicle name="Vehicle 8"/>
		</agent>
	</agents>
	<rounds>
		<round id="1">
			<tasks>
				<task id="0" pickup="Paris" delivery="Monaco" weight="25" reward="40845">
					<bid agent="Naive" bid="7365"/>
				</task>
				<task id="1" pickup="Paris" delivery="Monaco" weight="25" reward="40845">
					<bid agent="Naive" bid="10144"/>
				</task>
				<task id="2" pickup="Lyon" delivery="Paris" weight="28" reward="78143">
					<bid agent="Naive" bid="5361"/>
				</task>
				<task id="3" pickup="Brest" delivery="Lyon" weight="13" reward="37398">
					<bid agent="Naive" bid="8641"/>
				</task>
				<task id="4" pickup="Brest" delivery="Strasbourg" weight="25" reward="35950">
					<bid agent="Naive" bid="11358"/>
				</task>
				<task id="5" pickup="Brest" delivery="Monaco" weight="15" reward="100">
					<bid agent="Naive" bid="13867"/>
				</task>
				<task id="6" pickup="Lyon" delivery="Monaco" weight="28" reward="72973">
					<bid agent="Naive" bid="6396"/>
				</task>
				<task id="7" pickup="Paris" delivery="Le Havre" weight="26" reward="96758">
					<bid agent="Naive" bid="7751"/>
				</task>
				<task id="8" pickup="Brest" delivery="Le Havre" weight="18" reward="56013">
					<bid agent="Naive" bid="7896"/>
				</task>
				<task id="9" pickup="Paris" delivery="Monaco" weight="25" reward="40845">
					<bid agent="Naive" bid="6447"/>
				</task>
				<task id="10" pickup="Paris" delivery="Monaco" weight="25" reward="40845">
					<bid agent="Naive" bid="11484"/>
				</task>
				<task id="11" pickup="Marseille" delivery="Bordeaux" weight="16" reward="65734">
					<bid agent="Naive" bid="6461"/>
				</task>
				<task id="12" pickup="Lyon" delivery="Monaco" weight="28" reward="72973">
					<bid agent="Naive" bid="8628"/>
				</task>
				<task id="13" pickup="Genève" delivery="Marseille" weight="29" reward="78212">
					<bid agent="Naive" bid="7067"/>
				</task>
				<task id="14" pickup="Le Havre" delivery="Strasbourg" weight="10" reward="63183">
					<bid agent="Naive" bid="8471"/>
				</task>
				<task id="15" pickup="Monaco" delivery="Genève" weight="22" reward="74352">
					<bid agent="Naive" bid="9755"/>
				</task>
				<task id="16" pickup="Bordeaux" delivery="Le Havre" weight="23" reward="56495">
					<bid agent="Naive" bid="11364"/>
				</task>
				<task id="17" pickup="Genève" delivery="Bordeaux" weight="16" reward="59460">
					<bid agent="Naive" bid="11255"/>
				</task>
				<task id="18" pickup="Monaco" delivery="Genève" weight="22" reward="74352">
					<bid agent="Naive" bid="7187"/>
				</task>
				<task id="19" pickup="Paris" delivery="Monaco" weight="25" reward="40845">
					<bid agent="Naive" bid="13143"/>
				</task>
				<task id="20" pickup="Monaco" delivery="Brest" weight="12" reward="100">
					<bid agent="Naive" bid="8401"/>
				</task>
				<task id="21" pickup="Bordeaux" delivery="Marseille" weight="21" reward="65734">
					<bid agent="Naive" bid="17340"/>
				</task>
				<task id="22" pickup="Brest" delivery="Marseille" weight="11" reward="15612">
					<bid agent="Naive" bid="25153"/>
				</task>
				<task id="23" pickup="Monaco" delivery="Le Havre" weight="23" reward="27332">
					<bid agent="Naive" bid="8450"/>
				</task>
				<task id="24" pickup="Brest" delivery="Le Havre" weight="18" reward="56013">
					<bid agent="Naive" bid="10813"/>
				</task>
				<task id="25" pickup="Brest" delivery="Bordeaux" weight="21" reward="29263">
					<bid agent="Naive" bid="18543"/>
				</task>
				<task id="26" pickup="Strasbourg" delivery="Brest" weight="25" reward="35950">
					<bid agent="Naive" bid="20958"/>
				</task>
				<task id="27" pickup="Paris" delivery="Strasbourg" weight="26" reward="76696">
					<bid agent="Naive" bid="5841"/>
				</task>
				<task id="28" pickup="Monaco" delivery="Genève" weight="22" reward="74352">
					<bid agent="Naive" bid="12299"/>
				</task>
				<task id="29" pickup="Monaco" delivery="Lyon" weight="15" reward="72973">
					<bid agent="Naive" bid="10509"/>
				</task>
				<task id="30" pickup="Brest" delivery="Monaco" weight="15" reward="100">
					<bid agent="Naive" bid="21365"/>
				</task>
				<task id="31" pickup="Genève" delivery="Le Havre" weight="23" reward="54358">
					<bid agent="Naive" bid="12954"/>
				</task>
				<task id="32" pickup="Marseille" delivery="Brest" weight="16" reward="15612">
					<bid agent="Naive" bid="16599"/>
				</task>
				<task id="33" pickup="Le Havre" delivery="Bordeaux" weight="22" reward="56495">
					<bid agent="Naive" bid="14362"/>
				</task>
				<task id="34" pickup="Monaco" delivery="Brest" weight="12" reward="100">
					<bid agent="Naive" bid="27881"/>
				</task>
				<task id="35" pickup="Le Havre" delivery="Marseille" weight="28" reward="42844">
					<bid agent="Naive" bid="9169"/>
				</task>
				<task id="36" pickup="Monaco" delivery="Lyon" weight="15" reward="72973">
					<bid agent="Naive" bid="6372"/>
				</task>
				<task id="37" pickup="Paris" delivery="Strasbourg" weight="26" reward="76696">
					<bid agent="Naive" bid="11800"/>
				</task>
				<task id="38" pickup="Strasbourg" delivery="Paris" weight="26" reward="76696">
					<bid agent="Naive" bid="3588"/>
				</task>
				<task id="39" pickup="Bordeaux" delivery="Genève" weight="23" reward="59460">
					<bid agent="Naive" bid="11987"/>
				</task>
			</tasks>
			<events>
				<event id="0" time="0" vehicle="Vehicle 5" move="Paris"/>
				<event id="1" time="5177777777" vehicle="Vehicle 5" pickup="0"/>
				<event id="2" time="5477777777" vehicle="Vehicle 5" move="Lyon"/>
				<event id="3" time="10655555554" vehicle="Vehicle 5" move="Marseille"/>
				<event id="4" time="14166666664" vehicle="Vehicle 5" move="Monaco"/>
				<event id="5" time="16666666663" vehicle="Vehicle 5" deliver="0"/>
				<event id="6" time="16966666663" vehicle="Vehicle 5" move="Marseille"/>
				<event id="7" time="19466666662" vehicle="Vehicle 5" move="Lyon"/>
				<event id="8" time="22977777772" vehicle="Vehicle 5" move="Paris"/>
				<event id="9" time="28155555549" vehicle="Vehicle 5" pickup="1"/>
				<event id="10" time="28455555549" vehicle="Vehicle 5" move="Lyon"/>
				<event id="11" time="33633333326" vehicle="Vehicle 5" move="Marseille"/>
				<event id="12" time="37144444436" vehicle="Vehicle 5" move="Monaco"/>
				<event id="13" time="39644444435" vehicle="Vehicle 5" deliver="1"/>
				<event id="14" time="39944444435" vehicle="Vehicle 5" move="Marseille"/>
				<event id="15" time="42444444434" vehicle="Vehicle 5" move="Lyon"/>
				<event id="16" time="45955555544" vehicle="Vehicle 5" pickup="2"/>
				<event id="17" time="46255555543" vehicle="Vehicle 5" move="Paris"/>
				<event id="18" time="51433333320" vehicle="Vehicle 5" deliver="2"/>
				<event id="19" time="51733333320" vehicle="Vehicle 5" move="Brest"/>
				<event id="20" time="58299999986" vehicle="Vehicle 5" pickup="3"/>
				<event id="21" time="58599999986" vehicle="Vehicle 5" move="Paris"/>
				<event id="22" time="65166666652" vehicle="Vehicle 5" move="Lyon"/>
				<event id="23" time="70344444429" vehicle="Vehicle 5" deliver="3"/>
				<event id="24" time="70644444429" vehicle="Vehicle 5" move="Paris"/>
				<event id="25" time="75822222206" vehicle="Vehicle 5" move="Brest"/>
				<event id="26" time="82388888871" vehicle="Vehicle 5" pickup="4"/>
				<event id="27" time="82688888871" vehicle="Vehicle 5" move="Paris"/>
				<event id="28" time="89255555537" vehicle="Vehicle 5" move="Strasbourg"/>
				<event id="29" time="94666666647" vehicle="Vehicle 5" deliver="4"/>
				<event id="30" time="94966666647" vehicle="Vehicle 5" move="Paris"/>
				<event id="31" time="100377777757" vehicle="Vehicle 5" move="Brest"/>
				<event id="32" time="106944444423" vehicle="Vehicle 5" pickup="5"/>
				<event id="33" time="107244444422" vehicle="Vehicle 5" move="Paris"/>
				<event id="34" time="113811111088" vehicle="Vehicle 5" move="Lyon"/>
				<event id="35" time="118988888864" vehicle="Vehicle 5" move="Marseille"/>
				<event id="36" time="122499999975" vehicle="Vehicle 5" move="Monaco"/>
				<event id="37" time="124999999975" vehicle="Vehicle 5" deliver="5"/>
				<event id="38" time="125299999975" vehicle="Vehicle 5" move="Marseille"/>
				<event id="39" time="127799999975" vehicle="Vehicle 5" move="Lyon"/>
				<event id="40" time="131311111086" vehicle="Vehicle 5" pickup="6"/>
				<event id="41" time="131611111086" vehicle="Vehicle 5" move="Marseille"/>
				<event id="42" time="135122222196" vehicle="Vehicle 5" move="Monaco"/>
				<event id="43" time="137622222195" vehicle="Vehicle 5" deliver="6"/>
				<event id="44" time="137922222195" vehicle="Vehicle 5" move="Marseille"/>
				<event id="45" time="140422222194" vehicle="Vehicle 5" move="Lyon"/>
				<event id="46" time="143933333304" vehicle="Vehicle 5" move="Paris"/>
				<event id="47" time="149111111081" vehicle="Vehicle 5" pickup="7"/>
				<event id="48" time="149411111081" vehicle="Vehicle 5" move="Le Havre"/>
				<event id="49" time="151588888857" vehicle="Vehicle 5" deliver="7"/>
				<event id="50" time="151888888857" vehicle="Vehicle 5" move="Paris"/>
				<event id="51" time="154066666634" vehicle="Vehicle 5" move="Brest"/>
				<event id="52" time="160633333300" vehicle="Vehicle 5" pickup="8"/>
				<event id="53" time="160933333300" vehicle="Vehicle 5" move="Paris"/>
				<event id="54" time="167499999966" vehicle="Vehicle 5" move="Le Havre"/>
				<event id="55" time="169677777743" vehicle="Vehicle 5" deliver="8"/>
				<event id="56" time="169977777743" vehicle="Vehicle 5" move="Paris"/>
				<event id="57" time="172155555520" vehicle="Vehicle 5" pickup="9"/>
				<event id="58" time="172455555520" vehicle="Vehicle 5" move="Lyon"/>
				<event id="59" time="177633333297" vehicle="Vehicle 5" move="Marseille"/>
				<event id="60" time="181144444407" vehicle="Vehicle 5" move="Monaco"/>
				<event id="61" time="183644444406" vehicle="Vehicle 5" deliver="9"/>
				<event id="62" time="183944444406" vehicle="Vehicle 5" move="Marseille"/>
				<event id="63" time="186444444405" vehicle="Vehicle 5" move="Lyon"/>
				<event id="64" time="189955555515" vehicle="Vehicle 5" move="Paris"/>
				<event id="65" time="195133333292" vehicle="Vehicle 5" pickup="10"/>
				<event id="66" time="195433333292" vehicle="Vehicle 5" move="Lyon"/>
				<event id="67" time="200611111069" vehicle="Vehicle 5" move="Marseille"/>
				<event id="68" time="204122222179" vehicle="Vehicle 5" move="Monaco"/>
				<event id="69" time="206622222178" vehicle="Vehicle 5" deliver="10"/>
				<event id="70" time="206922222178" vehicle="Vehicle 5" move="Marseille"/>
				<event id="71" time="209422222177" vehicle="Vehicle 5" pickup="11"/>
				<event id="72" time="209722222177" vehicle="Vehicle 5" move="Bordeaux"/>
				<event id="73" time="216899999954" vehicle="Vehicle 5" deliver="11"/>
				<event id="74" time="217199999954" vehicle="Vehicle 5" move="Lyon"/>
				<event id="75" time="223733333287" vehicle="Vehicle 5" pickup="12"/>
				<event id="76" time="224033333286" vehicle="Vehicle 5" move="Marseille"/>
				<event id="77" time="227544444396" vehicle="Vehicle 5" move="Monaco"/>
				<event id="78" time="230044444395" vehicle="Vehicle 5" deliver="12"/>
				<event id="79" time="230344444395" vehicle="Vehicle 5" move="Genève"/>
				<event id="80" time="236133333283" vehicle="Vehicle 5" pickup="13"/>
				<event id="81" time="236433333283" vehicle="Vehicle 5" move="Lyon"/>
				<event id="82" time="238088888837" vehicle="Vehicle 5" move="Marseille"/>
				<event id="83" time="241599999948" vehicle="Vehicle 5" deliver="13"/>
				<event id="84" time="241899999948" vehicle="Vehicle 5" move="Lyon"/>
				<event id="85" time="245411111059" vehicle="Vehicle 5" move="Paris"/>
				<event id="86" time="250588888835" vehicle="Vehicle 5" move="Le Havre"/>
				<event id="87" time="252766666612" vehicle="Vehicle 5" pickup="14"/>
				<event id="88" time="253066666611" vehicle="Vehicle 5" move="Paris"/>
				<event id="89" time="255244444388" vehicle="Vehicle 5" move="Strasbourg"/>
				<event id="90" time="260655555498" vehicle="Vehicle 5" deliver="14"/>
				<event id="91" time="260955555498" vehicle="Vehicle 5" move="Genève"/>
				<event id="92" time="265277777719" vehicle="Vehicle 5" move="Monaco"/>
				<event id="93" time="271066666607" vehicle="Vehicle 5" pickup="15"/>
				<event id="94" time="271366666607" vehicle="Vehicle 5" move="Genève"/>
				<event id="95" time="277155555495" vehicle="Vehicle 5" deliver="15"/>
				<event id="96" time="277455555495" vehicle="Vehicle 5" move="Lyon"/>
				<event id="97" time="279111111050" vehicle="Vehicle 5" move="Bordeaux"/>
				<event id="98" time="285644444382" vehicle="Vehicle 5" pickup="16"/>
				<event id="99" time="285944444382" vehicle="Vehicle 5" move="Paris"/>
				<event id="100" time="292433333270" vehicle="Vehicle 5" move="Le Havre"/>
				<event id="101" time="294611111047" vehicle="Vehicle 5" deliver="16"/>
				<event id="102" time="294911111047" vehicle="Vehicle 5" move="Paris"/>
				<event id="103" time="297088888823" vehicle="Vehicle 5" move="Lyon"/>
				<event id="104" time="302266666600" vehicle="Vehicle 5" move="Genève"/>
				<event id="105" time="303922222155" vehicle="Vehicle 5" pickup="17"/>
				<event id="106" time="304222222154" vehicle="Vehicle 5" move="Lyon"/>
				<event id="107" time="305877777708" vehicle="Vehicle 5" move="Bordeaux"/>
				<event id="108" time="312411111041" vehicle="Vehicle 5" deliver="17"/>
				<event id="109" time="312711111041" vehicle="Vehicle 5" move="Marseille"/>
				<event id="110" time="319888888817" vehicle="Vehicle 5" move="Monaco"/>
				<event id="111" time="322388888816" vehicle="Vehicle 5" pickup="18"/>
				<event id="112" time="322688888816" vehicle="Vehicle 5" move="Genève"/>
				<event id="113" time="328477777704" vehicle="Vehicle 5" deliver="18"/>
				<event id="114" time="328777777704" vehicle="Vehicle 5" move="Lyon"/>
				<event id="115" time="330433333259" vehicle="Vehicle 5" move="Paris"/>
				<event id="116" time="335611111036" vehicle="Vehicle 5" pickup="19"/>
				<event id="117" time="335911111036" vehicle="Vehicle 5" move="Lyon"/>
				<event id="118" time="341088888812" vehicle="Vehicle 5" move="Marseille"/>
				<event id="119" time="344599999923" vehicle="Vehicle 5" move="Monaco"/>
				<event id="120" time="347099999923" vehicle="Vehicle 5" deliver="19"/>
				<event id="121" time="347399999923" vehicle="Vehicle 5" pickup="20"/>
				<event id="122" time="347699999923" vehicle="Vehicle 5" move="Marseille"/>
				<event id="123" time="350199999923" vehicle="Vehicle 5" move="Lyon"/>
				<event id="124" time="353711111034" vehicle="Vehicle 5" move="Paris"/>
				<event id="125" time="358888888810" vehicle="Vehicle 5" move="Brest"/>
				<event id="126" time="365455555476" vehicle="Vehicle 5" deliver="20"/>
				<event id="127" time="365755555476" vehicle="Vehicle 5" move="Paris"/>
				<event id="128" time="372322222142" vehicle="Vehicle 5" move="Bordeaux"/>
				<event id="129" time="378811111030" vehicle="Vehicle 5" pickup="21"/>
				<event id="130" time="379111111029" vehicle="Vehicle 5" move="Marseille"/>
				<event id="131" time="386288888805" vehicle="Vehicle 5" deliver="21"/>
				<event id="132" time="386588888805" vehicle="Vehicle 5" move="Lyon"/>
				<event id="133" time="390099999916" vehicle="Vehicle 5" move="Paris"/>
				<event id="134" time="395277777693" vehicle="Vehicle 5" move="Brest"/>
				<event id="135" time="401844444359" vehicle="Vehicle 5" pickup="22"/>
				<event id="136" time="402144444358" vehicle="Vehicle 5" move="Paris"/>
				<event id="137" time="408711111024" vehicle="Vehicle 5" move="Lyon"/>
				<event id="138" time="413888888800" vehicle="Vehicle 5" move="Marseille"/>
				<event id="139" time="417399999911" vehicle="Vehicle 5" deliver="22"/>
				<event id="140" time="417699999911" vehicle="Vehicle 5" move="Monaco"/>
				<event id="141" time="420199999911" vehicle="Vehicle 5" pickup="23"/>
				<event id="142" time="420499999911" vehicle="Vehicle 5" move="Marseille"/>
				<event id="143" time="422999999911" vehicle="Vehicle 5" move="Lyon"/>
				<event id="144" time="426511111022" vehicle="Vehicle 5" move="Paris"/>
				<event id="145" time="431688888798" vehicle="Vehicle 5" move="Le Havre"/>
				<event id="146" time="433866666575" vehicle="Vehicle 5" deliver="23"/>
				<event id="147" time="434166666574" vehicle="Vehicle 5" move="Paris"/>
				<event id="148" time="436344444351" vehicle="Vehicle 5" move="Brest"/>
				<event id="149" time="442911111017" vehicle="Vehicle 5" pickup="24"/>
				<event id="150" time="443211111016" vehicle="Vehicle 5" move="Paris"/>
				<event id="151" time="449777777681" vehicle="Vehicle 5" move="Le Havre"/>
				<event id="152" time="451955555458" vehicle="Vehicle 5" deliver="24"/>
				<event id="153" time="452255555457" vehicle="Vehicle 5" move="Paris"/>
				<event id="154" time="454433333234" vehicle="Vehicle 5" move="Brest"/>
				<event id="155" time="460999999900" vehicle="Vehicle 5" pickup="25"/>
				<event id="156" time="461299999900" vehicle="Vehicle 5" move="Paris"/>
				<event id="157" time="467866666566" vehicle="Vehicle 5" move="Bordeaux"/>
				<event id="158" time="474355555454" vehicle="Vehicle 5" deliver="25"/>
				<event id="159" time="474655555454" vehicle="Vehicle 5" move="Paris"/>
				<event id="160" time="481144444342" vehicle="Vehicle 5" move="Strasbourg"/>
				<event id="161" time="486555555452" vehicle="Vehicle 5" pickup="26"/>
				<event id="162" time="486855555452" vehicle="Vehicle 5" move="Paris"/>
				<event id="163" time="492266666562" vehicle="Vehicle 5" move="Brest"/>
				<event id="164" time="498833333228" vehicle="Vehicle 5" deliver="26"/>
				<event id="165" time="499133333227" vehicle="Vehicle 5" move="Paris"/>
				<event id="166" time="505699999893" vehicle="Vehicle 5" pickup="27"/>
				<event id="167" time="505999999893" vehicle="Vehicle 5" move="Strasbourg"/>
				<event id="168" time="511411111004" vehicle="Vehicle 5" deliver="27"/>
				<event id="169" time="511711111004" vehicle="Vehicle 5" move="Genève"/>
				<event id="170" time="516033333225" vehicle="Vehicle 5" move="Monaco"/>
				<event id="171" time="521822222113" vehicle="Vehicle 5" pickup="28"/>
				<event id="172" time="522122222112" vehicle="Vehicle 5" move="Genève"/>
				<event id="173" time="527911111000" vehicle="Vehicle 5" deliver="28"/>
				<event id="174" time="528211110999" vehicle="Vehicle 5" move="Monaco"/>
				<event id="175" time="533999999887" vehicle="Vehicle 5" pickup="29"/>
				<event id="176" time="534299999887" vehicle="Vehicle 5" move="Marseille"/>
				<event id="177" time="536799999887" vehicle="Vehicle 5" move="Lyon"/>
				<event id="178" time="540311110998" vehicle="Vehicle 5" deliver="29"/>
				<event id="179" time="540611110998" vehicle="Vehicle 5" move="Paris"/>
				<event id="180" time="545788888774" vehicle="Vehicle 5" move="Brest"/>
				<event id="181" time="552355555440" vehicle="Vehicle 5" pickup="30"/>
				<event id="182" time="552655555440" vehicle="Vehicle 5" move="Paris"/>
				<event id="183" time="559222222106" vehicle="Vehicle 5" move="Lyon"/>
				<event id="184" time="564399999883" vehicle="Vehicle 5" move="Marseille"/>
				<event id="185" time="567911110994" vehicle="Vehicle 5" move="Monaco"/>
				<event id="186" time="570411110993" vehicle="Vehicle 5" deliver="30"/>
				<event id="187" time="570711110993" vehicle="Vehicle 5" move="Genève"/>
				<event id="188" time="576499999881" vehicle="Vehicle 5" pickup="31"/>
				<event id="189" time="576799999881" vehicle="Vehicle 5" move="Lyon"/>
				<event id="190" time="578455555436" vehicle="Vehicle 5" move="Paris"/>
				<event id="191" time="583633333213" vehicle="Vehicle 5" move="Le Havre"/>
				<event id="192" time="585811110990" vehicle="Vehicle 5" deliver="31"/>
				<event id="193" time="586111110989" vehicle="Vehicle 5" move="Paris"/>
				<event id="194" time="588288888765" vehicle="Vehicle 5" move="Lyon"/>
				<event id="195" time="593466666542" vehicle="Vehicle 5" move="Marseille"/>
				<event id="196" time="596977777652" vehicle="Vehicle 5" pickup="32"/>
				<event id="197" time="597277777651" vehicle="Vehicle 5" move="Lyon"/>
				<event id="198" time="600788888761" vehicle="Vehicle 5" move="Paris"/>
				<event id="199" time="605966666538" vehicle="Vehicle 5" move="Brest"/>
				<event id="200" time="612533333204" vehicle="Vehicle 5" deliver="32"/>
				<event id="201" time="612833333204" vehicle="Vehicle 5" move="Paris"/>
				<event id="202" time="619399999870" vehicle="Vehicle 5" move="Le Havre"/>
				<event id="203" time="621577777647" vehicle="Vehicle 5" pickup="33"/>
				<event id="204" time="621877777647" vehicle="Vehicle 5" move="Paris"/>
				<event id="205" time="624055555424" vehicle="Vehicle 5" move="Bordeaux"/>
				<event id="206" time="630544444312" vehicle="Vehicle 5" deliver="33"/>
				<event id="207" time="630844444312" vehicle="Vehicle 5" move="Marseille"/>
				<event id="208" time="638022222089" vehicle="Vehicle 5" move="Monaco"/>
				<event id="209" time="640522222088" vehicle="Vehicle 5" pickup="34"/>
				<event id="210" time="640822222088" vehicle="Vehicle 5" move="Marseille"/>
				<event id="211" time="643322222087" vehicle="Vehicle 5" move="Lyon"/>
				<event id="212" time="646833333197" vehicle="Vehicle 5" move="Paris"/>
				<event id="213" time="652011110974" vehicle="Vehicle 5" move="Brest"/>
				<event id="214" time="658577777639" vehicle="Vehicle 5" deliver="34"/>
				<event id="215" time="658877777639" vehicle="Vehicle 5" move="Paris"/>
				<event id="216" time="665444444305" vehicle="Vehicle 5" move="Le Havre"/>
				<event id="217" time="667622222082" vehicle="Vehicle 5" pickup="35"/>
				<event id="218" time="667922222082" vehicle="Vehicle 5" move="Paris"/>
				<event id="219" time="670099999859" vehicle="Vehicle 5" move="Lyon"/>
				<event id="220" time="675277777636" vehicle="Vehicle 5" move="Marseille"/>
				<event id="221" time="678788888746" vehicle="Vehicle 5" deliver="35"/>
				<event id="222" time="679088888745" vehicle="Vehicle 5" move="Monaco"/>
				<event id="223" time="681588888744" vehicle="Vehicle 5" pickup="36"/>
				<event id="224" time="681888888744" vehicle="Vehicle 5" move="Marseille"/>
				<event id="225" time="684388888743" vehicle="Vehicle 5" move="Lyon"/>
				<event id="226" time="687899999854" vehicle="Vehicle 5" deliver="36"/>
				<event id="227" time="688199999854" vehicle="Vehicle 5" move="Paris"/>
				<event id="228" time="693377777631" vehicle="Vehicle 5" pickup="37"/>
				<event id="229" time="693677777631" vehicle="Vehicle 5" move="Strasbourg"/>
				<event id="230" time="699088888741" vehicle="Vehicle 5" deliver="37"/>
				<event id="231" time="699388888741" vehicle="Vehicle 5" pickup="38"/>
				<event id="232" time="699688888741" vehicle="Vehicle 5" move="Paris"/>
				<event id="233" time="705099999852" vehicle="Vehicle 5" deliver="38"/>
				<event id="234" time="705399999852" vehicle="Vehicle 5" move="Bordeaux"/>
				<event id="235" time="711888888740" vehicle="Vehicle 5" pickup="39"/>
				<event id="236" time="712188888739" vehicle="Vehicle 5" move="Lyon"/>
				<event id="237" time="718722222072" vehicle="Vehicle 5" move="Genève"/>
				<event id="238" time="720377777626" vehicle="Vehicle 5" deliver="39"/>
			</events>
		</round>
	</rounds>
	<statistics>
		<stat rank="1" agent="Naive">
			<total-tasks value="40"/>
			<total-distance value="62701.0"/>
			<total-cost value="313505"/>
			<total-reward value="454425"/>
			<total-profit value="140920"/>
		</stat>
		<stat rank="2" agent="AFK">
			<total-tasks value="0"/>
			<total-distance value="0.0"/>
			<total-cost value="0"/>
			<total-reward value="0"/>
			<total-profit value="0"/>
		</stat>
	</statistics>
</history>
