<?xml version="1.0" encoding="ISO-8859-1"?>

<history configuration="config/rounds/auction3.xml">
	<agents>
		<agent name="Naive">
			<vehicle name="Vehicle 1"/>
			<vehicle name="Vehicle 2"/>
			<vehicle name="Vehicle 3"/>
			<vehicle name="Vehicle 4"/>
		</agent>
		<agent name="Zero">
			<vehicle name="Vehicle 5"/>
			<vehicle name="Vehicle 6"/>
			<vehicle name="Vehicle 7"/>
			<vehicle name="Vehicle 8"/>
		</agent>
	</agents>
	<rounds>
		<round id="1">
			<tasks>
				<task id="0" pickup="Paris" delivery="Monaco" weight="25" reward="40845">
					<bid agent="Naive" bid="5035"/>
					<bid agent="Zero" bid="7365"/>
				</task>
				<task id="1" pickup="Paris" delivery="Monaco" weight="25" reward="40845">
					<bid agent="Naive" bid="10191"/>
					<bid agent="Zero" bid="7365"/>
				</task>
				<task id="2" pickup="Lyon" delivery="Paris" weight="28" reward="78143">
					<bid agent="Naive" bid="5356"/>
					<bid agent="Zero" bid="0"/>
				</task>
				<task id="3" pickup="Brest" delivery="Lyon" weight="13" reward="37398">
					<bid agent="Naive" bid="14371"/>
					<bid agent="Zero" bid="5910"/>
				</task>
				<task id="4" pickup="Brest" delivery="Strasbourg" weight="25" reward="35950">
					<bid agent="Naive" bid="14979"/>
					<bid agent="Zero" bid="2795"/>
				</task>
				<task id="5" pickup="Brest" delivery="Monaco" weight="15" reward="100">
					<bid agent="Naive" bid="17311"/>
					<bid agent="Zero" bid="0"/>
				</task>
				<task id="6" pickup="Lyon" delivery="Monaco" weight="28" reward="72973">
					<bid agent="Naive" bid="6035"/>
					<bid agent="Zero" bid="0"/>
				</task>
				<task id="7" pickup="Paris" delivery="Le Havre" weight="26" reward="96758">
					<bid agent="Naive" bid="8088"/>
					<bid agent="Zero" bid="1960"/>
				</task>
				<task id="8" pickup="Brest" delivery="Le Havre" weight="18" reward="56013">
					<bid agent="Naive" bid="16119"/>
					<bid agent="Zero" bid="1960"/>
				</task>
				<task id="9" pickup="Paris" delivery="Monaco" weight="25" reward="40845">
					<bid agent="Naive" bid="14335"/>
					<bid agent="Zero" bid="5510"/>
				</task>
				<task id="10" pickup="Paris" delivery="Monaco" weight="25" reward="40845">
					<bid agent="Naive" bid="11454"/>
					<bid agent="Zero" bid="1960"/>
				</task>
				<task id="11" pickup="Marseille" delivery="Bordeaux" weight="16" reward="65734">
					<bid agent="Naive" bid="4664"/>
					<bid agent="Zero" bid="4355"/>
				</task>
				<task id="12" pickup="Lyon" delivery="Monaco" weight="28" reward="72973">
					<bid agent="Naive" bid="5886"/>
					<bid agent="Zero" bid="0"/>
				</task>
				<task id="13" pickup="Genève" delivery="Marseille" weight="29" reward="78212">
					<bid agent="Naive" bid="5004"/>
					<bid agent="Zero" bid="3160"/>
				</task>
				<task id="14" pickup="Le Havre" delivery="Strasbourg" weight="10" reward="63183">
					<bid agent="Naive" bid="13039"/>
					<bid agent="Zero" bid="0"/>
				</task>
				<task id="15" pickup="Monaco" delivery="Genève" weight="22" reward="74352">
					<bid agent="Naive" bid="4489"/>
					<bid agent="Zero" bid="1980"/>
				</task>
				<task id="16" pickup="Bordeaux" delivery="Le Havre" weight="23" reward="56495">
					<bid agent="Naive" bid="8945"/>
					<bid agent="Zero" bid="0"/>
				</task>
				<task id="17" pickup="Genève" delivery="Bordeaux" weight="16" reward="59460">
					<bid agent="Naive" bid="9632"/>
					<bid agent="Zero" bid="0"/>
				</task>
				<task id="18" pickup="Monaco" delivery="Genève" weight="22" reward="74352">
					<bid agent="Naive" bid="3568"/>
					<bid agent="Zero" bid="0"/>
				</task>
				<task id="19" pickup="Paris" delivery="Monaco" weight="25" reward="40845">
					<bid agent="Naive" bid="17497"/>
					<bid agent="Zero" bid="5495"/>
				</task>
				<task id="20" pickup="Monaco" delivery="Brest" weight="12" reward="100">
					<bid agent="Naive" bid="15906"/>
					<bid agent="Zero" bid="2060"/>
				</task>
				<task id="21" pickup="Bordeaux" delivery="Marseille" weight="21" reward="65734">
					<bid agent="Naive" bid="11465"/>
					<bid agent="Zero" bid="8335"/>
				</task>
				<task id="22" pickup="Brest" delivery="Marseille" weight="11" reward="15612">
					<bid agent="Naive" bid="27049"/>
					<bid agent="Zero" bid="1325"/>
				</task>
				<task id="23" pickup="Monaco" delivery="Le Havre" weight="23" reward="27332">
					<bid agent="Naive" bid="11086"/>
					<bid agent="Zero" bid="0"/>
				</task>
				<task id="24" pickup="Brest" delivery="Le Havre" weight="18" reward="56013">
					<bid agent="Naive" bid="23621"/>
					<bid agent="Zero" bid="1840"/>
				</task>
				<task id="25" pickup="Brest" delivery="Bordeaux" weight="21" reward="29263">
					<bid agent="Naive" bid="28404"/>
					<bid agent="Zero" bid="4305"/>
				</task>
				<task id="26" pickup="Strasbourg" delivery="Brest" weight="25" reward="35950">
					<bid agent="Naive" bid="16746"/>
					<bid agent="Zero" bid="1305"/>
				</task>
				<task id="27" pickup="Paris" delivery="Strasbourg" weight="26" reward="76696">
					<bid agent="Naive" bid="16539"/>
					<bid agent="Zero" bid="2655"/>
				</task>
				<task id="28" pickup="Monaco" delivery="Genève" weight="22" reward="74352">
					<bid agent="Naive" bid="3093"/>
					<bid agent="Zero" bid="0"/>
				</task>
				<task id="29" pickup="Monaco" delivery="Lyon" weight="15" reward="72973">
					<bid agent="Naive" bid="3031"/>
					<bid agent="Zero" bid="0"/>
				</task>
				<task id="30" pickup="Brest" delivery="Monaco" weight="15" reward="100">
					<bid agent="Naive" bid="39436"/>
					<bid agent="Zero" bid="4975"/>
				</task>
				<task id="31" pickup="Genève" delivery="Le Havre" weight="23" reward="54358">
					<bid agent="Naive" bid="14117"/>
					<bid agent="Zero" bid="0"/>
				</task>
				<task id="32" pickup="Marseille" delivery="Brest" weight="16" reward="15612">
					<bid agent="Naive" bid="17131"/>
					<bid agent="Zero" bid="7400"/>
				</task>
				<task id="33" pickup="Le Havre" delivery="Bordeaux" weight="22" reward="56495">
					<bid agent="Naive" bid="12258"/>
					<bid agent="Zero" bid="735"/>
				</task>
				<task id="34" pickup="Monaco" delivery="Brest" weight="12" reward="100">
					<bid agent="Naive" bid="14278"/>
					<bid agent="Zero" bid="745"/>
				</task>
				<task id="35" pickup="Le Havre" delivery="Marseille" weight="28" reward="42844">
					<bid agent="Naive" bid="10991"/>
					<bid agent="Zero" bid="6545"/>
				</task>
				<task id="36" pickup="Monaco" delivery="Lyon" weight="15" reward="72973">
					<bid agent="Naive" bid="3053"/>
					<bid agent="Zero" bid="0"/>
				</task>
				<task id="37" pickup="Paris" delivery="Strasbourg" weight="26" reward="76696">
					<bid agent="Naive" bid="12285"/>
					<bid agent="Zero" bid="4800"/>
				</task>
				<task id="38" pickup="Strasbourg" delivery="Paris" weight="26" reward="76696">
					<bid agent="Naive" bid="11481"/>
					<bid agent="Zero" bid="0"/>
				</task>
				<task id="39" pickup="Bordeaux" delivery="Genève" weight="23" reward="59460">
					<bid agent="Naive" bid="21513"/>
					<bid agent="Zero" bid="0"/>
				</task>
			</tasks>
			<events>
				<event id="0" time="0" vehicle="Vehicle 1" pickup="0"/>
				<event id="1" time="0" vehicle="Vehicle 5" pickup="12"/>
				<event id="2" time="0" vehicle="Vehicle 7" pickup="28"/>
				<event id="3" time="0" vehicle="Vehicle 8" move="Paris"/>
				<event id="4" time="300000000" vehicle="Vehicle 1" move="Lyon"/>
				<event id="5" time="300000000" vehicle="Vehicle 5" pickup="6"/>
				<event id="6" time="300000000" vehicle="Vehicle 7" pickup="36"/>
				<event id="7" time="600000000" vehicle="Vehicle 5" move="Marseille"/>
				<event id="8" time="600000000" vehicle="Vehicle 7" pickup="18"/>
				<event id="9" time="900000000" vehicle="Vehicle 7" move="Genève"/>
				<event id="10" time="4111111111" vehicle="Vehicle 5" move="Monaco"/>
				<event id="11" time="5411111111" vehicle="Vehicle 8" pickup="7"/>
				<event id="12" time="5711111111" vehicle="Vehicle 8" pickup="10"/>
				<event id="13" time="6011111110" vehicle="Vehicle 8" pickup="9"/>
				<event id="14" time="6311111110" vehicle="Vehicle 8" move="Le Havre"/>
				<event id="15" time="6611111110" vehicle="Vehicle 5" pickup="15"/>
				<event id="16" time="6688888888" vehicle="Vehicle 7" deliver="18"/>
				<event id="17" time="6911111110" vehicle="Vehicle 5" deliver="6"/>
				<event id="18" time="6988888888" vehicle="Vehicle 7" pickup="13"/>
				<event id="19" time="7211111109" vehicle="Vehicle 5" pickup="20"/>
				<event id="20" time="7288888887" vehicle="Vehicle 7" deliver="28"/>
				<event id="21" time="7511111109" vehicle="Vehicle 5" deliver="12"/>
				<event id="22" time="7588888887" vehicle="Vehicle 7" pickup="31"/>
				<event id="23" time="7811111109" vehicle="Vehicle 5" pickup="34"/>
				<event id="24" time="7888888887" vehicle="Vehicle 7" move="Lyon"/>
				<event id="25" time="8066666666" vehicle="Vehicle 1" move="Marseille"/>
				<event id="26" time="8111111108" vehicle="Vehicle 5" pickup="23"/>
				<event id="27" time="8411111108" vehicle="Vehicle 5" move="Genève"/>
				<event id="28" time="8488888886" vehicle="Vehicle 8" deliver="7"/>
				<event id="29" time="8788888886" vehicle="Vehicle 8" pickup="35"/>
				<event id="30" time="9088888885" vehicle="Vehicle 8" move="Paris"/>
				<event id="31" time="9544444442" vehicle="Vehicle 7" move="Marseille"/>
				<event id="32" time="11266666662" vehicle="Vehicle 8" move="Lyon"/>
				<event id="33" time="13055555552" vehicle="Vehicle 7" deliver="13"/>
				<event id="34" time="13333333332" vehicle="Vehicle 1" move="Monaco"/>
				<event id="35" time="13355555552" vehicle="Vehicle 7" pickup="32"/>
				<event id="36" time="13655555552" vehicle="Vehicle 7" move="Lyon"/>
				<event id="37" time="14199999996" vehicle="Vehicle 5" deliver="15"/>
				<event id="38" time="14499999996" vehicle="Vehicle 5" move="Lyon"/>
				<event id="39" time="16155555551" vehicle="Vehicle 5" pickup="2"/>
				<event id="40" time="16444444439" vehicle="Vehicle 8" move="Marseille"/>
				<event id="41" time="16455555551" vehicle="Vehicle 5" move="Paris"/>
				<event id="42" time="17083333331" vehicle="Vehicle 1" deliver="0"/>
				<event id="43" time="17166666662" vehicle="Vehicle 7" deliver="36"/>
				<event id="44" time="17466666662" vehicle="Vehicle 7" move="Paris"/>
				<event id="45" time="19955555549" vehicle="Vehicle 8" deliver="35"/>
				<event id="46" time="20255555548" vehicle="Vehicle 8" move="Monaco"/>
				<event id="47" time="21633333328" vehicle="Vehicle 5" deliver="2"/>
				<event id="48" time="21933333328" vehicle="Vehicle 5" move="Brest"/>
				<event id="49" time="22644444439" vehicle="Vehicle 7" move="Le Havre"/>
				<event id="50" time="22755555547" vehicle="Vehicle 8" deliver="10"/>
				<event id="51" time="23055555546" vehicle="Vehicle 8" deliver="9"/>
				<event id="52" time="24822222216" vehicle="Vehicle 7" deliver="31"/>
				<event id="53" time="25122222215" vehicle="Vehicle 7" pickup="14"/>
				<event id="54" time="25422222215" vehicle="Vehicle 7" move="Paris"/>
				<event id="55" time="27599999992" vehicle="Vehicle 7" pickup="37"/>
				<event id="56" time="27899999992" vehicle="Vehicle 7" pickup="27"/>
				<event id="57" time="28199999992" vehicle="Vehicle 7" move="Strasbourg"/>
				<event id="58" time="28499999994" vehicle="Vehicle 5" deliver="20"/>
				<event id="59" time="28799999994" vehicle="Vehicle 5" pickup="25"/>
				<event id="60" time="29099999994" vehicle="Vehicle 5" pickup="8"/>
				<event id="61" time="29399999994" vehicle="Vehicle 5" deliver="34"/>
				<event id="62" time="29699999994" vehicle="Vehicle 5" pickup="24"/>
				<event id="63" time="29999999994" vehicle="Vehicle 5" move="Paris"/>
				<event id="64" time="33611111103" vehicle="Vehicle 7" deliver="27"/>
				<event id="65" time="33911111103" vehicle="Vehicle 7" pickup="26"/>
				<event id="66" time="34211111102" vehicle="Vehicle 7" deliver="37"/>
				<event id="67" time="34511111102" vehicle="Vehicle 7" pickup="38"/>
				<event id="68" time="34811111102" vehicle="Vehicle 7" deliver="14"/>
				<event id="69" time="35111111101" vehicle="Vehicle 7" move="Paris"/>
				<event id="70" time="36566666660" vehicle="Vehicle 5" move="Le Havre"/>
				<event id="71" time="38744444437" vehicle="Vehicle 5" deliver="23"/>
				<event id="72" time="39044444436" vehicle="Vehicle 5" deliver="8"/>
				<event id="73" time="39344444436" vehicle="Vehicle 5" pickup="33"/>
				<event id="74" time="39644444436" vehicle="Vehicle 5" deliver="24"/>
				<event id="75" time="39944444436" vehicle="Vehicle 5" move="Paris"/>
				<event id="76" time="40522222211" vehicle="Vehicle 7" deliver="38"/>
				<event id="77" time="40822222211" vehicle="Vehicle 7" move="Brest"/>
				<event id="78" time="42122222213" vehicle="Vehicle 5" move="Bordeaux"/>
				<event id="79" time="47388888876" vehicle="Vehicle 7" pickup="5"/>
				<event id="80" time="47688888876" vehicle="Vehicle 7" deliver="26"/>
				<event id="81" time="47988888876" vehicle="Vehicle 7" pickup="3"/>
				<event id="82" time="48288888875" vehicle="Vehicle 7" pickup="4"/>
				<event id="83" time="48588888875" vehicle="Vehicle 7" deliver="32"/>
				<event id="84" time="48611111101" vehicle="Vehicle 5" pickup="21"/>
				<event id="85" time="48888888875" vehicle="Vehicle 7" pickup="30"/>
				<event id="86" time="48911111101" vehicle="Vehicle 5" deliver="25"/>
				<event id="87" time="49188888874" vehicle="Vehicle 7" pickup="22"/>
				<event id="88" time="49211111100" vehicle="Vehicle 5" deliver="33"/>
				<event id="89" time="49488888874" vehicle="Vehicle 7" move="Paris"/>
				<event id="90" time="49511111100" vehicle="Vehicle 5" pickup="16"/>
				<event id="91" time="49811111100" vehicle="Vehicle 5" move="Paris"/>
				<event id="92" time="56055555540" vehicle="Vehicle 7" move="Strasbourg"/>
				<event id="93" time="56299999988" vehicle="Vehicle 5" pickup="19"/>
				<event id="94" time="56599999988" vehicle="Vehicle 5" move="Le Havre"/>
				<event id="95" time="58777777765" vehicle="Vehicle 5" deliver="16"/>
				<event id="96" time="59077777764" vehicle="Vehicle 5" move="Paris"/>
				<event id="97" time="61255555541" vehicle="Vehicle 5" pickup="1"/>
				<event id="98" time="61466666650" vehicle="Vehicle 7" deliver="4"/>
				<event id="99" time="61555555541" vehicle="Vehicle 5" move="Lyon"/>
				<event id="100" time="61766666650" vehicle="Vehicle 7" move="Genève"/>
				<event id="101" time="66088888871" vehicle="Vehicle 7" pickup="17"/>
				<event id="102" time="66388888871" vehicle="Vehicle 7" move="Monaco"/>
				<event id="103" time="66733333318" vehicle="Vehicle 5" move="Marseille"/>
				<event id="104" time="70244444428" vehicle="Vehicle 5" deliver="21"/>
				<event id="105" time="70544444428" vehicle="Vehicle 5" move="Monaco"/>
				<event id="106" time="72177777759" vehicle="Vehicle 7" deliver="30"/>
				<event id="107" time="72477777759" vehicle="Vehicle 7" pickup="29"/>
				<event id="108" time="72777777759" vehicle="Vehicle 7" deliver="5"/>
				<event id="109" time="73044444427" vehicle="Vehicle 5" deliver="19"/>
				<event id="110" time="73077777758" vehicle="Vehicle 7" move="Marseille"/>
				<event id="111" time="73344444427" vehicle="Vehicle 5" deliver="1"/>
				<event id="112" time="75577777757" vehicle="Vehicle 7" pickup="11"/>
				<event id="113" time="75877777757" vehicle="Vehicle 7" deliver="22"/>
				<event id="114" time="76177777756" vehicle="Vehicle 7" move="Bordeaux"/>
				<event id="115" time="83355555533" vehicle="Vehicle 7" deliver="17"/>
				<event id="116" time="83655555533" vehicle="Vehicle 7" pickup="39"/>
				<event id="117" time="83955555533" vehicle="Vehicle 7" deliver="11"/>
				<event id="118" time="84255555532" vehicle="Vehicle 7" move="Lyon"/>
				<event id="119" time="90788888864" vehicle="Vehicle 7" deliver="3"/>
				<event id="120" time="91088888863" vehicle="Vehicle 7" move="Genève"/>
				<event id="121" time="92744444418" vehicle="Vehicle 7" deliver="39"/>
				<event id="122" time="93044444417" vehicle="Vehicle 7" move="Lyon"/>
				<event id="123" time="94699999972" vehicle="Vehicle 7" deliver="29"/>
			</events>
		</round>
	</rounds>
	<statistics>
		<stat rank="1" agent="Zero">
			<total-tasks value="39"/>
			<total-distance value="15174.0"/>
			<total-cost value="75870"/>
			<total-reward value="89475"/>
			<total-profit value="13605"/>
		</stat>
		<stat rank="2" agent="Naive">
			<total-tasks value="1"/>
			<total-distance value="1007.0"/>
			<total-cost value="5035"/>
			<total-reward value="5035"/>
			<total-profit value="0"/>
		</stat>
	</statistics>
</history>
