<?xml version="1.0" encoding="ISO-8859-1"?>

<history configuration="config/rounds/auction3.xml">
	<agents>
		<agent name="AFK">
			<vehicle name="Vehicle 1"/>
			<vehicle name="Vehicle 2"/>
			<vehicle name="Vehicle 3"/>
			<vehicle name="Vehicle 4"/>
		</agent>
		<agent name="Neutral">
			<vehicle name="Vehicle 5"/>
			<vehicle name="Vehicle 6"/>
			<vehicle name="Vehicle 7"/>
			<vehicle name="Vehicle 8"/>
		</agent>
	</agents>
	<rounds>
		<round id="1">
			<tasks>
				<task id="0" pickup="Paris" delivery="Monaco" weight="25" reward="40845">
					<bid agent="Neutral" bid="3100"/>
				</task>
				<task id="1" pickup="Paris" delivery="Monaco" weight="25" reward="40845">
					<bid agent="Neutral" bid="1342"/>
				</task>
				<task id="2" pickup="Lyon" delivery="Paris" weight="28" reward="78143">
					<bid agent="Neutral" bid="660"/>
				</task>
				<task id="3" pickup="Brest" delivery="Lyon" weight="13" reward="37398">
					<bid agent="Neutral" bid="3358"/>
				</task>
				<task id="4" pickup="Brest" delivery="Strasbourg" weight="25" reward="35950">
					<bid agent="Neutral" bid="3249"/>
				</task>
				<task id="5" pickup="Brest" delivery="Monaco" weight="15" reward="100">
					<bid agent="Neutral" bid="2663"/>
				</task>
				<task id="6" pickup="Lyon" delivery="Monaco" weight="28" reward="72973">
					<bid agent="Neutral" bid="2835"/>
				</task>
				<task id="7" pickup="Paris" delivery="Le Havre" weight="26" reward="96758">
					<bid agent="Neutral" bid="1078"/>
				</task>
				<task id="8" pickup="Brest" delivery="Le Havre" weight="18" reward="56013">
					<bid agent="Neutral" bid="1508"/>
				</task>
				<task id="9" pickup="Paris" delivery="Monaco" weight="25" reward="40845">
					<bid agent="Neutral" bid="2798"/>
				</task>
				<task id="10" pickup="Paris" delivery="Monaco" weight="25" reward="40845">
					<bid agent="Neutral" bid="2097"/>
				</task>
				<task id="11" pickup="Marseille" delivery="Bordeaux" weight="16" reward="65734">
					<bid agent="Neutral" bid="3286"/>
				</task>
				<task id="12" pickup="Lyon" delivery="Monaco" weight="28" reward="72973">
					<bid agent="Neutral" bid="2700"/>
				</task>
				<task id="13" pickup="Genève" delivery="Marseille" weight="29" reward="78212">
					<bid agent="Neutral" bid="2214"/>
				</task>
				<task id="14" pickup="Le Havre" delivery="Strasbourg" weight="10" reward="63183">
					<bid agent="Neutral" bid="2653"/>
				</task>
				<task id="15" pickup="Monaco" delivery="Genève" weight="22" reward="74352">
					<bid agent="Neutral" bid="2047"/>
				</task>
				<task id="16" pickup="Bordeaux" delivery="Le Havre" weight="23" reward="56495">
					<bid agent="Neutral" bid="1950"/>
				</task>
				<task id="17" pickup="Genève" delivery="Bordeaux" weight="16" reward="59460">
					<bid agent="Neutral" bid="2032"/>
				</task>
				<task id="18" pickup="Monaco" delivery="Genève" weight="22" reward="74352">
					<bid agent="Neutral" bid="1302"/>
				</task>
				<task id="19" pickup="Paris" delivery="Monaco" weight="25" reward="40845">
					<bid agent="Neutral" bid="3810"/>
				</task>
				<task id="20" pickup="Monaco" delivery="Brest" weight="12" reward="100">
					<bid agent="Neutral" bid="6285"/>
				</task>
				<task id="21" pickup="Bordeaux" delivery="Marseille" weight="21" reward="65734">
					<bid agent="Neutral" bid="1650"/>
				</task>
				<task id="22" pickup="Brest" delivery="Marseille" weight="11" reward="15612">
					<bid agent="Neutral" bid="7512"/>
				</task>
				<task id="23" pickup="Monaco" delivery="Le Havre" weight="23" reward="27332">
					<bid agent="Neutral" bid="3007"/>
				</task>
				<task id="24" pickup="Brest" delivery="Le Havre" weight="18" reward="56013">
					<bid agent="Neutral" bid="2947"/>
				</task>
				<task id="25" pickup="Brest" delivery="Bordeaux" weight="21" reward="29263">
					<bid agent="Neutral" bid="2937"/>
				</task>
				<task id="26" pickup="Strasbourg" delivery="Brest" weight="25" reward="35950">
					<bid agent="Neutral" bid="4092"/>
				</task>
				<task id="27" pickup="Paris" delivery="Strasbourg" weight="26" reward="76696">
					<bid agent="Neutral" bid="2255"/>
				</task>
				<task id="28" pickup="Monaco" delivery="Genève" weight="22" reward="74352">
					<bid agent="Neutral" bid="2387"/>
				</task>
				<task id="29" pickup="Monaco" delivery="Lyon" weight="15" reward="72973">
					<bid agent="Neutral" bid="1632"/>
				</task>
				<task id="30" pickup="Brest" delivery="Monaco" weight="15" reward="100">
					<bid agent="Neutral" bid="5077"/>
				</task>
				<task id="31" pickup="Genève" delivery="Le Havre" weight="23" reward="54358">
					<bid agent="Neutral" bid="3330"/>
				</task>
				<task id="32" pickup="Marseille" delivery="Brest" weight="16" reward="15612">
					<bid agent="Neutral" bid="5747"/>
				</task>
				<task id="33" pickup="Le Havre" delivery="Bordeaux" weight="22" reward="56495">
					<bid agent="Neutral" bid="1950"/>
				</task>
				<task id="34" pickup="Monaco" delivery="Brest" weight="12" reward="100">
					<bid agent="Neutral" bid="3995"/>
				</task>
				<task id="35" pickup="Le Havre" delivery="Marseille" weight="28" reward="42844">
					<bid agent="Neutral" bid="2445"/>
				</task>
				<task id="36" pickup="Monaco" delivery="Lyon" weight="15" reward="72973">
					<bid agent="Neutral" bid="2700"/>
				</task>
				<task id="37" pickup="Paris" delivery="Strasbourg" weight="26" reward="76696">
					<bid agent="Neutral" bid="3652"/>
				</task>
				<task id="38" pickup="Strasbourg" delivery="Paris" weight="26" reward="76696">
					<bid agent="Neutral" bid="2197"/>
				</task>
				<task id="39" pickup="Bordeaux" delivery="Genève" weight="23" reward="59460">
					<bid agent="Neutral" bid="2782"/>
				</task>
			</tasks>
			<events>
				<event id="0" time="0" vehicle="Vehicle 5" pickup="12"/>
				<event id="1" time="0" vehicle="Vehicle 6" pickup="39"/>
				<event id="2" time="0" vehicle="Vehicle 7" pickup="23"/>
				<event id="3" time="0" vehicle="Vehicle 8" move="Paris"/>
				<event id="4" time="300000000" vehicle="Vehicle 5" pickup="6"/>
				<event id="5" time="300000000" vehicle="Vehicle 6" pickup="16"/>
				<event id="6" time="300000000" vehicle="Vehicle 7" move="Marseille"/>
				<event id="7" time="600000000" vehicle="Vehicle 5" move="Marseille"/>
				<event id="8" time="600000000" vehicle="Vehicle 6" move="Lyon"/>
				<event id="9" time="2800000000" vehicle="Vehicle 7" move="Lyon"/>
				<event id="10" time="4111111111" vehicle="Vehicle 5" move="Monaco"/>
				<event id="11" time="5411111111" vehicle="Vehicle 8" pickup="9"/>
				<event id="12" time="5711111111" vehicle="Vehicle 8" pickup="19"/>
				<event id="13" time="6011111110" vehicle="Vehicle 8" pickup="0"/>
				<event id="14" time="6311111110" vehicle="Vehicle 8" move="Lyon"/>
				<event id="15" time="6311111111" vehicle="Vehicle 7" pickup="2"/>
				<event id="16" time="6611111110" vehicle="Vehicle 5" pickup="36"/>
				<event id="17" time="6611111111" vehicle="Vehicle 7" move="Paris"/>
				<event id="18" time="6911111110" vehicle="Vehicle 5" deliver="12"/>
				<event id="19" time="7133333333" vehicle="Vehicle 6" move="Genève"/>
				<event id="20" time="7211111109" vehicle="Vehicle 5" pickup="29"/>
				<event id="21" time="7511111109" vehicle="Vehicle 5" pickup="20"/>
				<event id="22" time="7811111109" vehicle="Vehicle 5" deliver="6"/>
				<event id="23" time="8111111108" vehicle="Vehicle 5" move="Marseille"/>
				<event id="24" time="8788888887" vehicle="Vehicle 6" deliver="39"/>
				<event id="25" time="9088888886" vehicle="Vehicle 6" pickup="31"/>
				<event id="26" time="9388888886" vehicle="Vehicle 6" move="Lyon"/>
				<event id="27" time="10611111107" vehicle="Vehicle 5" pickup="32"/>
				<event id="28" time="10911111107" vehicle="Vehicle 5" move="Lyon"/>
				<event id="29" time="11044444441" vehicle="Vehicle 6" move="Paris"/>
				<event id="30" time="11488888886" vehicle="Vehicle 8" move="Marseille"/>
				<event id="31" time="11788888887" vehicle="Vehicle 7" pickup="7"/>
				<event id="32" time="12088888886" vehicle="Vehicle 7" move="Le Havre"/>
				<event id="33" time="14266666663" vehicle="Vehicle 7" deliver="7"/>
				<event id="34" time="14422222217" vehicle="Vehicle 5" deliver="29"/>
				<event id="35" time="14566666663" vehicle="Vehicle 7" pickup="35"/>
				<event id="36" time="14722222217" vehicle="Vehicle 5" deliver="36"/>
				<event id="37" time="14866666663" vehicle="Vehicle 7" deliver="23"/>
				<event id="38" time="14999999997" vehicle="Vehicle 8" move="Monaco"/>
				<event id="39" time="15022222216" vehicle="Vehicle 5" move="Paris"/>
				<event id="40" time="15166666662" vehicle="Vehicle 7" pickup="33"/>
				<event id="41" time="15466666662" vehicle="Vehicle 7" move="Paris"/>
				<event id="42" time="16222222218" vehicle="Vehicle 6" move="Le Havre"/>
				<event id="43" time="17499999997" vehicle="Vehicle 8" deliver="9"/>
				<event id="44" time="17644444439" vehicle="Vehicle 7" deliver="2"/>
				<event id="45" time="17799999997" vehicle="Vehicle 8" pickup="15"/>
				<event id="46" time="17944444439" vehicle="Vehicle 7" move="Bordeaux"/>
				<event id="47" time="18099999997" vehicle="Vehicle 8" deliver="0"/>
				<event id="48" time="18399999995" vehicle="Vehicle 6" pickup="14"/>
				<event id="49" time="18399999997" vehicle="Vehicle 8" deliver="19"/>
				<event id="50" time="18699999995" vehicle="Vehicle 6" deliver="31"/>
				<event id="51" time="18699999997" vehicle="Vehicle 8" pickup="34"/>
				<event id="52" time="18999999995" vehicle="Vehicle 6" deliver="16"/>
				<event id="53" time="18999999997" vehicle="Vehicle 8" pickup="28"/>
				<event id="54" time="19299999995" vehicle="Vehicle 6" move="Paris"/>
				<event id="55" time="19299999997" vehicle="Vehicle 8" pickup="18"/>
				<event id="56" time="19599999997" vehicle="Vehicle 8" move="Genève"/>
				<event id="57" time="20199999993" vehicle="Vehicle 5" move="Brest"/>
				<event id="58" time="21477777772" vehicle="Vehicle 6" pickup="37"/>
				<event id="59" time="21777777772" vehicle="Vehicle 6" pickup="27"/>
				<event id="60" time="22077777771" vehicle="Vehicle 6" move="Strasbourg"/>
				<event id="61" time="24433333327" vehicle="Vehicle 7" pickup="21"/>
				<event id="62" time="24733333327" vehicle="Vehicle 7" deliver="33"/>
				<event id="63" time="25033333326" vehicle="Vehicle 7" move="Marseille"/>
				<event id="64" time="25388888885" vehicle="Vehicle 8" deliver="15"/>
				<event id="65" time="25688888885" vehicle="Vehicle 8" deliver="28"/>
				<event id="66" time="25988888885" vehicle="Vehicle 8" deliver="18"/>
				<event id="67" time="26288888884" vehicle="Vehicle 8" move="Lyon"/>
				<event id="68" time="26766666659" vehicle="Vehicle 5" deliver="32"/>
				<event id="69" time="27066666658" vehicle="Vehicle 5" pickup="8"/>
				<event id="70" time="27366666658" vehicle="Vehicle 5" pickup="24"/>
				<event id="71" time="27488888881" vehicle="Vehicle 6" deliver="27"/>
				<event id="72" time="27666666658" vehicle="Vehicle 5" deliver="20"/>
				<event id="73" time="27788888881" vehicle="Vehicle 6" deliver="37"/>
				<event id="74" time="27944444439" vehicle="Vehicle 8" move="Paris"/>
				<event id="75" time="27966666658" vehicle="Vehicle 5" move="Paris"/>
				<event id="76" time="28088888880" vehicle="Vehicle 6" pickup="26"/>
				<event id="77" time="28388888880" vehicle="Vehicle 6" pickup="38"/>
				<event id="78" time="28688888880" vehicle="Vehicle 6" move="Paris"/>
				<event id="79" time="32211111103" vehicle="Vehicle 7" deliver="21"/>
				<event id="80" time="32511111103" vehicle="Vehicle 7" deliver="35"/>
				<event id="81" time="33122222216" vehicle="Vehicle 8" pickup="1"/>
				<event id="82" time="33422222216" vehicle="Vehicle 8" move="Brest"/>
				<event id="83" time="34099999991" vehicle="Vehicle 6" deliver="38"/>
				<event id="84" time="34399999991" vehicle="Vehicle 6" move="Brest"/>
				<event id="85" time="34533333324" vehicle="Vehicle 5" move="Le Havre"/>
				<event id="86" time="36711111101" vehicle="Vehicle 5" deliver="24"/>
				<event id="87" time="37011111100" vehicle="Vehicle 5" deliver="8"/>
				<event id="88" time="39988888881" vehicle="Vehicle 8" pickup="30"/>
				<event id="89" time="40288888880" vehicle="Vehicle 8" pickup="5"/>
				<event id="90" time="40588888880" vehicle="Vehicle 8" deliver="34"/>
				<event id="91" time="40888888880" vehicle="Vehicle 8" move="Paris"/>
				<event id="92" time="40966666657" vehicle="Vehicle 6" pickup="25"/>
				<event id="93" time="41266666656" vehicle="Vehicle 6" deliver="26"/>
				<event id="94" time="41566666656" vehicle="Vehicle 6" pickup="22"/>
				<event id="95" time="41866666656" vehicle="Vehicle 6" pickup="3"/>
				<event id="96" time="42166666655" vehicle="Vehicle 6" pickup="4"/>
				<event id="97" time="42466666655" vehicle="Vehicle 6" move="Paris"/>
				<event id="98" time="47455555546" vehicle="Vehicle 8" pickup="10"/>
				<event id="99" time="47755555546" vehicle="Vehicle 8" move="Lyon"/>
				<event id="100" time="49033333321" vehicle="Vehicle 6" move="Strasbourg"/>
				<event id="101" time="52933333323" vehicle="Vehicle 8" move="Marseille"/>
				<event id="102" time="54444444431" vehicle="Vehicle 6" deliver="4"/>
				<event id="103" time="54744444431" vehicle="Vehicle 6" deliver="14"/>
				<event id="104" time="55044444430" vehicle="Vehicle 6" move="Genève"/>
				<event id="105" time="56444444433" vehicle="Vehicle 8" move="Monaco"/>
				<event id="106" time="58944444432" vehicle="Vehicle 8" deliver="10"/>
				<event id="107" time="59244444431" vehicle="Vehicle 8" deliver="1"/>
				<event id="108" time="59366666651" vehicle="Vehicle 6" pickup="17"/>
				<event id="109" time="59544444431" vehicle="Vehicle 8" deliver="5"/>
				<event id="110" time="59666666651" vehicle="Vehicle 6" move="Lyon"/>
				<event id="111" time="59844444431" vehicle="Vehicle 8" deliver="30"/>
				<event id="112" time="61322222206" vehicle="Vehicle 6" deliver="3"/>
				<event id="113" time="61622222206" vehicle="Vehicle 6" move="Genève"/>
				<event id="114" time="63277777760" vehicle="Vehicle 6" pickup="13"/>
				<event id="115" time="63577777760" vehicle="Vehicle 6" move="Lyon"/>
				<event id="116" time="65233333315" vehicle="Vehicle 6" move="Marseille"/>
				<event id="117" time="68744444425" vehicle="Vehicle 6" deliver="22"/>
				<event id="118" time="69044444424" vehicle="Vehicle 6" deliver="13"/>
				<event id="119" time="69344444424" vehicle="Vehicle 6" pickup="11"/>
				<event id="120" time="69644444424" vehicle="Vehicle 6" move="Bordeaux"/>
				<event id="121" time="76822222201" vehicle="Vehicle 6" deliver="17"/>
				<event id="122" time="77122222200" vehicle="Vehicle 6" deliver="25"/>
				<event id="123" time="77422222200" vehicle="Vehicle 6" deliver="11"/>
			</events>
		</round>
	</rounds>
	<statistics>
		<stat rank="1" agent="Neutral">
			<total-tasks value="40"/>
			<total-distance value="16559.0"/>
			<total-cost value="82795"/>
			<total-reward value="115261"/>
			<total-profit value="32466"/>
		</stat>
		<stat rank="2" agent="AFK">
			<total-tasks value="0"/>
			<total-distance value="0.0"/>
			<total-cost value="0"/>
			<total-reward value="0"/>
			<total-profit value="0"/>
		</stat>
	</statistics>
</history>
