<?xml version="1.0" encoding="ISO-8859-1"?>

<history configuration="config/rounds/auction3.xml">
	<agents>
		<agent name="Neutral">
			<vehicle name="Vehicle 1"/>
			<vehicle name="Vehicle 2"/>
			<vehicle name="Vehicle 3"/>
			<vehicle name="Vehicle 4"/>
		</agent>
		<agent name="Margin">
			<vehicle name="Vehicle 5"/>
			<vehicle name="Vehicle 6"/>
			<vehicle name="Vehicle 7"/>
			<vehicle name="Vehicle 8"/>
		</agent>
	</agents>
	<rounds>
		<round id="1">
			<tasks>
				<task id="0" pickup="Paris" delivery="Monaco" weight="25" reward="40845">
					<bid agent="Neutral" bid="2517"/>
					<bid agent="Margin" bid="3682"/>
				</task>
				<task id="1" pickup="Paris" delivery="Monaco" weight="25" reward="40845">
					<bid agent="Neutral" bid="1342"/>
					<bid agent="Margin" bid="4253"/>
				</task>
				<task id="2" pickup="Lyon" delivery="Paris" weight="28" reward="78143">
					<bid agent="Neutral" bid="1531"/>
					<bid agent="Margin" bid="1537"/>
				</task>
				<task id="3" pickup="Brest" delivery="Lyon" weight="13" reward="37398">
					<bid agent="Neutral" bid="2472"/>
					<bid agent="Margin" bid="7901"/>
				</task>
				<task id="4" pickup="Brest" delivery="Strasbourg" weight="25" reward="35950">
					<bid agent="Neutral" bid="2826"/>
					<bid agent="Margin" bid="8967"/>
				</task>
				<task id="5" pickup="Brest" delivery="Monaco" weight="15" reward="100">
					<bid agent="Neutral" bid="2945"/>
					<bid agent="Margin" bid="12445"/>
				</task>
				<task id="6" pickup="Lyon" delivery="Monaco" weight="28" reward="72973">
					<bid agent="Neutral" bid="2154"/>
					<bid agent="Margin" bid="2813"/>
				</task>
				<task id="7" pickup="Paris" delivery="Le Havre" weight="26" reward="96758">
					<bid agent="Neutral" bid="718"/>
					<bid agent="Margin" bid="3798"/>
				</task>
				<task id="8" pickup="Brest" delivery="Le Havre" weight="18" reward="56013">
					<bid agent="Neutral" bid="2204"/>
					<bid agent="Margin" bid="11617"/>
				</task>
				<task id="9" pickup="Paris" delivery="Monaco" weight="25" reward="40845">
					<bid agent="Neutral" bid="2464"/>
					<bid agent="Margin" bid="10145"/>
				</task>
				<task id="10" pickup="Paris" delivery="Monaco" weight="25" reward="40845">
					<bid agent="Neutral" bid="2097"/>
					<bid agent="Margin" bid="11047"/>
				</task>
				<task id="11" pickup="Marseille" delivery="Bordeaux" weight="16" reward="65734">
					<bid agent="Neutral" bid="2799"/>
					<bid agent="Margin" bid="6750"/>
				</task>
				<task id="12" pickup="Lyon" delivery="Monaco" weight="28" reward="72973">
					<bid agent="Neutral" bid="3206"/>
					<bid agent="Margin" bid="4328"/>
				</task>
				<task id="13" pickup="Genève" delivery="Marseille" weight="29" reward="78212">
					<bid agent="Neutral" bid="1673"/>
					<bid agent="Margin" bid="5065"/>
				</task>
				<task id="14" pickup="Le Havre" delivery="Strasbourg" weight="10" reward="63183">
					<bid agent="Neutral" bid="1812"/>
					<bid agent="Margin" bid="11432"/>
				</task>
				<task id="15" pickup="Monaco" delivery="Genève" weight="22" reward="74352">
					<bid agent="Neutral" bid="2605"/>
					<bid agent="Margin" bid="4558"/>
				</task>
				<task id="16" pickup="Bordeaux" delivery="Le Havre" weight="23" reward="56495">
					<bid agent="Neutral" bid="3035"/>
					<bid agent="Margin" bid="7020"/>
				</task>
				<task id="17" pickup="Genève" delivery="Bordeaux" weight="16" reward="59460">
					<bid agent="Neutral" bid="3172"/>
					<bid agent="Margin" bid="8195"/>
				</task>
				<task id="18" pickup="Monaco" delivery="Genève" weight="22" reward="74352">
					<bid agent="Neutral" bid="1302"/>
					<bid agent="Margin" bid="4949"/>
				</task>
				<task id="19" pickup="Paris" delivery="Monaco" weight="25" reward="40845">
					<bid agent="Neutral" bid="2777"/>
					<bid agent="Margin" bid="14361"/>
				</task>
				<task id="20" pickup="Monaco" delivery="Brest" weight="12" reward="100">
					<bid agent="Neutral" bid="6235"/>
					<bid agent="Margin" bid="15980"/>
				</task>
				<task id="21" pickup="Bordeaux" delivery="Marseille" weight="21" reward="65734">
					<bid agent="Neutral" bid="3725"/>
					<bid agent="Margin" bid="6621"/>
				</task>
				<task id="22" pickup="Brest" delivery="Marseille" weight="11" reward="15612">
					<bid agent="Neutral" bid="4297"/>
					<bid agent="Margin" bid="25515"/>
				</task>
				<task id="23" pickup="Monaco" delivery="Le Havre" weight="23" reward="27332">
					<bid agent="Neutral" bid="5142"/>
					<bid agent="Margin" bid="12932"/>
				</task>
				<task id="24" pickup="Brest" delivery="Le Havre" weight="18" reward="56013">
					<bid agent="Neutral" bid="1967"/>
					<bid agent="Margin" bid="20284"/>
				</task>
				<task id="25" pickup="Brest" delivery="Bordeaux" weight="21" reward="29263">
					<bid agent="Neutral" bid="2937"/>
					<bid agent="Margin" bid="25110"/>
				</task>
				<task id="26" pickup="Strasbourg" delivery="Brest" weight="25" reward="35950">
					<bid agent="Neutral" bid="6135"/>
					<bid agent="Margin" bid="12396"/>
				</task>
				<task id="27" pickup="Paris" delivery="Strasbourg" weight="26" reward="76696">
					<bid agent="Neutral" bid="1217"/>
					<bid agent="Margin" bid="11197"/>
				</task>
				<task id="28" pickup="Monaco" delivery="Genève" weight="22" reward="74352">
					<bid agent="Neutral" bid="1302"/>
					<bid agent="Margin" bid="6251"/>
				</task>
				<task id="29" pickup="Monaco" delivery="Lyon" weight="15" reward="72973">
					<bid agent="Neutral" bid="2477"/>
					<bid agent="Margin" bid="6627"/>
				</task>
				<task id="30" pickup="Brest" delivery="Monaco" weight="15" reward="100">
					<bid agent="Neutral" bid="7812"/>
					<bid agent="Margin" bid="33187"/>
				</task>
				<task id="31" pickup="Genève" delivery="Le Havre" weight="23" reward="54358">
					<bid agent="Neutral" bid="4080"/>
					<bid agent="Margin" bid="12239"/>
				</task>
				<task id="32" pickup="Marseille" delivery="Brest" weight="16" reward="15612">
					<bid agent="Neutral" bid="3432"/>
					<bid agent="Margin" bid="20773"/>
				</task>
				<task id="33" pickup="Le Havre" delivery="Bordeaux" weight="22" reward="56495">
					<bid agent="Neutral" bid="3750"/>
					<bid agent="Margin" bid="19106"/>
				</task>
				<task id="34" pickup="Monaco" delivery="Brest" weight="12" reward="100">
					<bid agent="Neutral" bid="4592"/>
					<bid agent="Margin" bid="21572"/>
				</task>
				<task id="35" pickup="Le Havre" delivery="Marseille" weight="28" reward="42844">
					<bid agent="Neutral" bid="7012"/>
					<bid agent="Margin" bid="22549"/>
				</task>
				<task id="36" pickup="Monaco" delivery="Lyon" weight="15" reward="72973">
					<bid agent="Neutral" bid="1352"/>
					<bid agent="Margin" bid="7573"/>
				</task>
				<task id="37" pickup="Paris" delivery="Strasbourg" weight="26" reward="76696">
					<bid agent="Neutral" bid="3000"/>
					<bid agent="Margin" bid="13580"/>
				</task>
				<task id="38" pickup="Strasbourg" delivery="Paris" weight="26" reward="76696">
					<bid agent="Neutral" bid="1217"/>
					<bid agent="Margin" bid="7061"/>
				</task>
				<task id="39" pickup="Bordeaux" delivery="Genève" weight="23" reward="59460">
					<bid agent="Neutral" bid="3762"/>
					<bid agent="Margin" bid="10870"/>
				</task>
			</tasks>
			<events>
				<event id="0" time="0" vehicle="Vehicle 1" pickup="37"/>
				<event id="1" time="0" vehicle="Vehicle 3" pickup="24"/>
				<event id="2" time="0" vehicle="Vehicle 4" move="Strasbourg"/>
				<event id="3" time="300000000" vehicle="Vehicle 1" pickup="27"/>
				<event id="4" time="300000000" vehicle="Vehicle 3" pickup="5"/>
				<event id="5" time="600000000" vehicle="Vehicle 1" move="Strasbourg"/>
				<event id="6" time="600000000" vehicle="Vehicle 3" pickup="8"/>
				<event id="7" time="900000000" vehicle="Vehicle 3" move="Paris"/>
				<event id="8" time="4322222222" vehicle="Vehicle 4" pickup="26"/>
				<event id="9" time="4622222222" vehicle="Vehicle 4" pickup="38"/>
				<event id="10" time="4922222222" vehicle="Vehicle 4" move="Paris"/>
				<event id="11" time="7466666666" vehicle="Vehicle 3" move="Le Havre"/>
				<event id="12" time="8716666666" vehicle="Vehicle 1" deliver="37"/>
				<event id="13" time="9016666665" vehicle="Vehicle 1" deliver="27"/>
				<event id="14" time="9316666665" vehicle="Vehicle 1" move="Genève"/>
				<event id="15" time="9644444443" vehicle="Vehicle 3" deliver="24"/>
				<event id="16" time="9944444443" vehicle="Vehicle 3" deliver="8"/>
				<event id="17" time="10244444442" vehicle="Vehicle 3" move="Paris"/>
				<event id="18" time="10333333332" vehicle="Vehicle 4" move="Brest"/>
				<event id="19" time="12422222219" vehicle="Vehicle 3" pickup="10"/>
				<event id="20" time="12722222219" vehicle="Vehicle 3" move="Lyon"/>
				<event id="21" time="15799999998" vehicle="Vehicle 1" pickup="17"/>
				<event id="22" time="16099999998" vehicle="Vehicle 1" pickup="13"/>
				<event id="23" time="16399999998" vehicle="Vehicle 1" move="Lyon"/>
				<event id="24" time="16899999998" vehicle="Vehicle 4" pickup="3"/>
				<event id="25" time="17199999998" vehicle="Vehicle 4" deliver="26"/>
				<event id="26" time="17499999998" vehicle="Vehicle 4" pickup="25"/>
				<event id="27" time="17799999998" vehicle="Vehicle 4" pickup="22"/>
				<event id="28" time="17899999996" vehicle="Vehicle 3" move="Marseille"/>
				<event id="29" time="18099999998" vehicle="Vehicle 4" move="Paris"/>
				<event id="30" time="18883333331" vehicle="Vehicle 1" move="Marseille"/>
				<event id="31" time="21411111107" vehicle="Vehicle 3" pickup="32"/>
				<event id="32" time="21711111107" vehicle="Vehicle 3" move="Monaco"/>
				<event id="33" time="24149999997" vehicle="Vehicle 1" pickup="11"/>
				<event id="34" time="24211111106" vehicle="Vehicle 3" deliver="10"/>
				<event id="35" time="24449999997" vehicle="Vehicle 1" deliver="13"/>
				<event id="36" time="24511111106" vehicle="Vehicle 3" pickup="34"/>
				<event id="37" time="24666666664" vehicle="Vehicle 4" deliver="38"/>
				<event id="38" time="24749999997" vehicle="Vehicle 1" move="Bordeaux"/>
				<event id="39" time="24811111106" vehicle="Vehicle 3" pickup="20"/>
				<event id="40" time="24966666664" vehicle="Vehicle 4" pickup="9"/>
				<event id="41" time="25111111105" vehicle="Vehicle 3" deliver="5"/>
				<event id="42" time="25266666663" vehicle="Vehicle 4" move="Bordeaux"/>
				<event id="43" time="25411111105" vehicle="Vehicle 3" move="Marseille"/>
				<event id="44" time="27911111104" vehicle="Vehicle 3" move="Lyon"/>
				<event id="45" time="31422222214" vehicle="Vehicle 3" move="Paris"/>
				<event id="46" time="31755555551" vehicle="Vehicle 4" deliver="25"/>
				<event id="47" time="32055555550" vehicle="Vehicle 4" move="Lyon"/>
				<event id="48" time="35516666663" vehicle="Vehicle 1" deliver="11"/>
				<event id="49" time="35816666663" vehicle="Vehicle 1" pickup="16"/>
				<event id="50" time="36116666662" vehicle="Vehicle 1" deliver="17"/>
				<event id="51" time="36416666662" vehicle="Vehicle 1" move="Paris"/>
				<event id="52" time="36599999991" vehicle="Vehicle 3" move="Brest"/>
				<event id="53" time="38588888882" vehicle="Vehicle 4" deliver="3"/>
				<event id="54" time="38888888882" vehicle="Vehicle 4" pickup="12"/>
				<event id="55" time="39188888881" vehicle="Vehicle 4" move="Marseille"/>
				<event id="56" time="42699999992" vehicle="Vehicle 4" deliver="22"/>
				<event id="57" time="42999999992" vehicle="Vehicle 4" move="Monaco"/>
				<event id="58" time="43166666657" vehicle="Vehicle 3" pickup="4"/>
				<event id="59" time="43466666657" vehicle="Vehicle 3" pickup="30"/>
				<event id="60" time="43766666657" vehicle="Vehicle 3" deliver="20"/>
				<event id="61" time="44066666656" vehicle="Vehicle 3" deliver="34"/>
				<event id="62" time="44366666656" vehicle="Vehicle 3" deliver="32"/>
				<event id="63" time="44666666656" vehicle="Vehicle 3" move="Paris"/>
				<event id="64" time="45499999992" vehicle="Vehicle 4" deliver="12"/>
				<event id="65" time="45799999992" vehicle="Vehicle 4" deliver="9"/>
				<event id="66" time="46149999995" vehicle="Vehicle 1" pickup="0"/>
				<event id="67" time="46449999995" vehicle="Vehicle 1" move="Le Havre"/>
				<event id="68" time="49716666661" vehicle="Vehicle 1" deliver="16"/>
				<event id="69" time="50016666660" vehicle="Vehicle 1" move="Paris"/>
				<event id="70" time="51233333322" vehicle="Vehicle 3" move="Le Havre"/>
				<event id="71" time="53283333326" vehicle="Vehicle 1" pickup="19"/>
				<event id="72" time="53411111099" vehicle="Vehicle 3" pickup="14"/>
				<event id="73" time="53583333326" vehicle="Vehicle 1" move="Lyon"/>
				<event id="74" time="53711111099" vehicle="Vehicle 3" move="Paris"/>
				<event id="75" time="55888888875" vehicle="Vehicle 3" pickup="1"/>
				<event id="76" time="56188888874" vehicle="Vehicle 3" move="Strasbourg"/>
				<event id="77" time="61349999992" vehicle="Vehicle 1" pickup="6"/>
				<event id="78" time="61599999985" vehicle="Vehicle 3" deliver="4"/>
				<event id="79" time="61649999992" vehicle="Vehicle 1" move="Marseille"/>
				<event id="80" time="61899999985" vehicle="Vehicle 3" deliver="14"/>
				<event id="81" time="62199999985" vehicle="Vehicle 3" move="Genève"/>
				<event id="82" time="66522222207" vehicle="Vehicle 3" move="Monaco"/>
				<event id="83" time="66916666658" vehicle="Vehicle 1" move="Monaco"/>
				<event id="84" time="70666666657" vehicle="Vehicle 1" deliver="19"/>
				<event id="85" time="70966666657" vehicle="Vehicle 1" pickup="23"/>
				<event id="86" time="71266666656" vehicle="Vehicle 1" deliver="0"/>
				<event id="87" time="71566666656" vehicle="Vehicle 1" pickup="29"/>
				<event id="88" time="71866666656" vehicle="Vehicle 1" deliver="6"/>
				<event id="89" time="72166666655" vehicle="Vehicle 1" pickup="36"/>
				<event id="90" time="72311111095" vehicle="Vehicle 3" deliver="30"/>
				<event id="91" time="72466666655" vehicle="Vehicle 1" pickup="18"/>
				<event id="92" time="72611111095" vehicle="Vehicle 3" deliver="1"/>
				<event id="93" time="72766666655" vehicle="Vehicle 1" move="Genève"/>
				<event id="94" time="81449999988" vehicle="Vehicle 1" deliver="18"/>
				<event id="95" time="81749999988" vehicle="Vehicle 1" pickup="31"/>
				<event id="96" time="82049999988" vehicle="Vehicle 1" move="Lyon"/>
				<event id="97" time="84533333321" vehicle="Vehicle 1" deliver="29"/>
				<event id="98" time="84833333321" vehicle="Vehicle 1" deliver="36"/>
				<event id="99" time="85133333320" vehicle="Vehicle 1" pickup="2"/>
				<event id="100" time="85433333320" vehicle="Vehicle 1" move="Paris"/>
				<event id="101" time="93199999986" vehicle="Vehicle 1" deliver="2"/>
				<event id="102" time="93499999986" vehicle="Vehicle 1" pickup="7"/>
				<event id="103" time="93799999986" vehicle="Vehicle 1" move="Le Havre"/>
				<event id="104" time="97066666652" vehicle="Vehicle 1" deliver="7"/>
				<event id="105" time="97366666652" vehicle="Vehicle 1" pickup="35"/>
				<event id="106" time="97666666652" vehicle="Vehicle 1" deliver="23"/>
				<event id="107" time="97966666652" vehicle="Vehicle 1" pickup="33"/>
				<event id="108" time="98266666651" vehicle="Vehicle 1" deliver="31"/>
				<event id="109" time="98566666651" vehicle="Vehicle 1" move="Paris"/>
				<event id="110" time="101833333317" vehicle="Vehicle 1" move="Bordeaux"/>
				<event id="111" time="111566666649" vehicle="Vehicle 1" pickup="39"/>
				<event id="112" time="111866666649" vehicle="Vehicle 1" deliver="33"/>
				<event id="113" time="112166666648" vehicle="Vehicle 1" pickup="21"/>
				<event id="114" time="112466666648" vehicle="Vehicle 1" move="Marseille"/>
				<event id="115" time="123233333314" vehicle="Vehicle 1" deliver="35"/>
				<event id="116" time="123533333314" vehicle="Vehicle 1" deliver="21"/>
				<event id="117" time="123833333314" vehicle="Vehicle 1" move="Monaco"/>
				<event id="118" time="127583333313" vehicle="Vehicle 1" pickup="28"/>
				<event id="119" time="127883333313" vehicle="Vehicle 1" pickup="15"/>
				<event id="120" time="128183333312" vehicle="Vehicle 1" move="Genève"/>
				<event id="121" time="136866666644" vehicle="Vehicle 1" deliver="15"/>
				<event id="122" time="137166666643" vehicle="Vehicle 1" deliver="39"/>
				<event id="123" time="137466666643" vehicle="Vehicle 1" deliver="28"/>
			</events>
		</round>
	</rounds>
	<statistics>
		<stat rank="1" agent="Neutral">
			<total-tasks value="40"/>
			<total-distance value="17213.0"/>
			<total-cost value="86065"/>
			<total-reward value="121094"/>
			<total-profit value="35029"/>
		</stat>
		<stat rank="2" agent="Margin">
			<total-tasks value="0"/>
			<total-distance value="0.0"/>
			<total-cost value="0"/>
			<total-reward value="0"/>
			<total-profit value="0"/>
		</stat>
	</statistics>
</history>
