<?xml version="1.0" encoding="ISO-8859-1"?>

<history configuration="config/rounds/auction3.xml">
	<agents>
		<agent name="Zero">
			<vehicle name="Vehicle 1"/>
			<vehicle name="Vehicle 2"/>
			<vehicle name="Vehicle 3"/>
			<vehicle name="Vehicle 4"/>
		</agent>
		<agent name="Margin">
			<vehicle name="Vehicle 5"/>
			<vehicle name="Vehicle 6"/>
			<vehicle name="Vehicle 7"/>
			<vehicle name="Vehicle 8"/>
		</agent>
	</agents>
	<rounds>
		<round id="1">
			<tasks>
				<task id="0" pickup="Paris" delivery="Monaco" weight="25" reward="40845">
					<bid agent="Zero" bid="5035"/>
					<bid agent="Margin" bid="3682"/>
				</task>
				<task id="1" pickup="Paris" delivery="Monaco" weight="25" reward="40845">
					<bid agent="Zero" bid="5035"/>
					<bid agent="Margin" bid="25"/>
				</task>
				<task id="2" pickup="Lyon" delivery="Paris" weight="28" reward="78143">
					<bid agent="Zero" bid="3075"/>
					<bid agent="Margin" bid="25"/>
				</task>
				<task id="3" pickup="Brest" delivery="Lyon" weight="13" reward="37398">
					<bid agent="Zero" bid="5285"/>
					<bid agent="Margin" bid="3265"/>
				</task>
				<task id="4" pickup="Brest" delivery="Strasbourg" weight="25" reward="35950">
					<bid agent="Zero" bid="5390"/>
					<bid agent="Margin" bid="2727"/>
				</task>
				<task id="5" pickup="Brest" delivery="Monaco" weight="15" reward="100">
					<bid agent="Zero" bid="7990"/>
					<bid agent="Margin" bid="25"/>
				</task>
				<task id="6" pickup="Lyon" delivery="Monaco" weight="28" reward="72973">
					<bid agent="Zero" bid="3450"/>
					<bid agent="Margin" bid="3021"/>
				</task>
				<task id="7" pickup="Paris" delivery="Le Havre" weight="26" reward="96758">
					<bid agent="Zero" bid="980"/>
					<bid agent="Margin" bid="1082"/>
				</task>
				<task id="8" pickup="Brest" delivery="Le Havre" weight="18" reward="56013">
					<bid agent="Zero" bid="2955"/>
					<bid agent="Margin" bid="1234"/>
				</task>
				<task id="9" pickup="Paris" delivery="Monaco" weight="25" reward="40845">
					<bid agent="Zero" bid="6015"/>
					<bid agent="Margin" bid="25"/>
				</task>
				<task id="10" pickup="Paris" delivery="Monaco" weight="25" reward="40845">
					<bid agent="Zero" bid="6015"/>
					<bid agent="Margin" bid="25"/>
				</task>
				<task id="11" pickup="Marseille" delivery="Bordeaux" weight="16" reward="65734">
					<bid agent="Zero" bid="3230"/>
					<bid agent="Margin" bid="2395"/>
				</task>
				<task id="12" pickup="Lyon" delivery="Monaco" weight="28" reward="72973">
					<bid agent="Zero" bid="3450"/>
					<bid agent="Margin" bid="1647"/>
				</task>
				<task id="13" pickup="Genève" delivery="Marseille" weight="29" reward="78212">
					<bid agent="Zero" bid="2325"/>
					<bid agent="Margin" bid="870"/>
				</task>
				<task id="14" pickup="Le Havre" delivery="Strasbourg" weight="10" reward="63183">
					<bid agent="Zero" bid="3415"/>
					<bid agent="Margin" bid="829"/>
				</task>
				<task id="15" pickup="Monaco" delivery="Genève" weight="22" reward="74352">
					<bid agent="Zero" bid="3730"/>
					<bid agent="Margin" bid="453"/>
				</task>
				<task id="16" pickup="Bordeaux" delivery="Le Havre" weight="23" reward="56495">
					<bid agent="Zero" bid="5840"/>
					<bid agent="Margin" bid="587"/>
				</task>
				<task id="17" pickup="Genève" delivery="Bordeaux" weight="16" reward="59460">
					<bid agent="Zero" bid="3685"/>
					<bid agent="Margin" bid="143"/>
				</task>
				<task id="18" pickup="Monaco" delivery="Genève" weight="22" reward="74352">
					<bid agent="Zero" bid="3730"/>
					<bid agent="Margin" bid="25"/>
				</task>
				<task id="19" pickup="Paris" delivery="Monaco" weight="25" reward="40845">
					<bid agent="Zero" bid="6015"/>
					<bid agent="Margin" bid="25"/>
				</task>
				<task id="20" pickup="Monaco" delivery="Brest" weight="12" reward="100">
					<bid agent="Zero" bid="9115"/>
					<bid agent="Margin" bid="527"/>
				</task>
				<task id="21" pickup="Bordeaux" delivery="Marseille" weight="21" reward="65734">
					<bid agent="Zero" bid="6460"/>
					<bid agent="Margin" bid="210"/>
				</task>
				<task id="22" pickup="Brest" delivery="Marseille" weight="11" reward="15612">
					<bid agent="Zero" bid="6865"/>
					<bid agent="Margin" bid="25"/>
				</task>
				<task id="23" pickup="Monaco" delivery="Le Havre" weight="23" reward="27332">
					<bid agent="Zero" bid="6160"/>
					<bid agent="Margin" bid="25"/>
				</task>
				<task id="24" pickup="Brest" delivery="Le Havre" weight="18" reward="56013">
					<bid agent="Zero" bid="2955"/>
					<bid agent="Margin" bid="25"/>
				</task>
				<task id="25" pickup="Brest" delivery="Bordeaux" weight="21" reward="29263">
					<bid agent="Zero" bid="5875"/>
					<bid agent="Margin" bid="25"/>
				</task>
				<task id="26" pickup="Strasbourg" delivery="Brest" weight="25" reward="35950">
					<bid agent="Zero" bid="7335"/>
					<bid agent="Margin" bid="25"/>
				</task>
				<task id="27" pickup="Paris" delivery="Strasbourg" weight="26" reward="76696">
					<bid agent="Zero" bid="3415"/>
					<bid agent="Margin" bid="25"/>
				</task>
				<task id="28" pickup="Monaco" delivery="Genève" weight="22" reward="74352">
					<bid agent="Zero" bid="3730"/>
					<bid agent="Margin" bid="25"/>
				</task>
				<task id="29" pickup="Monaco" delivery="Lyon" weight="15" reward="72973">
					<bid agent="Zero" bid="3830"/>
					<bid agent="Margin" bid="25"/>
				</task>
				<task id="30" pickup="Brest" delivery="Monaco" weight="15" reward="100">
					<bid agent="Zero" bid="7990"/>
					<bid agent="Margin" bid="25"/>
				</task>
				<task id="31" pickup="Genève" delivery="Le Havre" weight="23" reward="54358">
					<bid agent="Zero" bid="3075"/>
					<bid agent="Margin" bid="25"/>
				</task>
				<task id="32" pickup="Marseille" delivery="Brest" weight="16" reward="15612">
					<bid agent="Zero" bid="6865"/>
					<bid agent="Margin" bid="25"/>
				</task>
				<task id="33" pickup="Le Havre" delivery="Bordeaux" weight="22" reward="56495">
					<bid agent="Zero" bid="3900"/>
					<bid agent="Margin" bid="25"/>
				</task>
				<task id="34" pickup="Monaco" delivery="Brest" weight="12" reward="100">
					<bid agent="Zero" bid="9115"/>
					<bid agent="Margin" bid="25"/>
				</task>
				<task id="35" pickup="Le Havre" delivery="Marseille" weight="28" reward="42844">
					<bid agent="Zero" bid="4890"/>
					<bid agent="Margin" bid="25"/>
				</task>
				<task id="36" pickup="Monaco" delivery="Lyon" weight="15" reward="72973">
					<bid agent="Zero" bid="3830"/>
					<bid agent="Margin" bid="25"/>
				</task>
				<task id="37" pickup="Paris" delivery="Strasbourg" weight="26" reward="76696">
					<bid agent="Zero" bid="3415"/>
					<bid agent="Margin" bid="25"/>
				</task>
				<task id="38" pickup="Strasbourg" delivery="Paris" weight="26" reward="76696">
					<bid agent="Zero" bid="4380"/>
					<bid agent="Margin" bid="25"/>
				</task>
				<task id="39" pickup="Bordeaux" delivery="Genève" weight="23" reward="59460">
					<bid agent="Zero" bid="6915"/>
					<bid agent="Margin" bid="25"/>
				</task>
			</tasks>
			<events>
				<event id="0" time="0" vehicle="Vehicle 1" pickup="7"/>
				<event id="1" time="0" vehicle="Vehicle 5" pickup="12"/>
				<event id="2" time="0" vehicle="Vehicle 6" move="Paris"/>
				<event id="3" time="0" vehicle="Vehicle 8" pickup="38"/>
				<event id="4" time="300000000" vehicle="Vehicle 1" move="Le Havre"/>
				<event id="5" time="300000000" vehicle="Vehicle 5" pickup="2"/>
				<event id="6" time="300000000" vehicle="Vehicle 8" pickup="26"/>
				<event id="7" time="600000000" vehicle="Vehicle 5" move="Paris"/>
				<event id="8" time="600000000" vehicle="Vehicle 8" move="Paris"/>
				<event id="9" time="3566666666" vehicle="Vehicle 1" deliver="7"/>
				<event id="10" time="5777777777" vehicle="Vehicle 5" deliver="2"/>
				<event id="11" time="6011111111" vehicle="Vehicle 8" move="Brest"/>
				<event id="12" time="6077777776" vehicle="Vehicle 5" pickup="1"/>
				<event id="13" time="6377777776" vehicle="Vehicle 5" pickup="19"/>
				<event id="14" time="6488888888" vehicle="Vehicle 6" pickup="10"/>
				<event id="15" time="6677777776" vehicle="Vehicle 5" move="Lyon"/>
				<event id="16" time="6788888888" vehicle="Vehicle 6" pickup="0"/>
				<event id="17" time="7088888887" vehicle="Vehicle 6" pickup="37"/>
				<event id="18" time="7388888887" vehicle="Vehicle 6" move="Strasbourg"/>
				<event id="19" time="11855555553" vehicle="Vehicle 5" move="Marseille"/>
				<event id="20" time="12577777776" vehicle="Vehicle 8" deliver="26"/>
				<event id="21" time="12799999998" vehicle="Vehicle 6" deliver="37"/>
				<event id="22" time="12877777776" vehicle="Vehicle 8" pickup="3"/>
				<event id="23" time="13099999998" vehicle="Vehicle 6" move="Paris"/>
				<event id="24" time="13177777775" vehicle="Vehicle 8" pickup="22"/>
				<event id="25" time="13477777775" vehicle="Vehicle 8" pickup="30"/>
				<event id="26" time="13777777775" vehicle="Vehicle 8" pickup="5"/>
				<event id="27" time="14077777774" vehicle="Vehicle 8" move="Paris"/>
				<event id="28" time="15366666663" vehicle="Vehicle 5" move="Monaco"/>
				<event id="29" time="17866666662" vehicle="Vehicle 5" deliver="19"/>
				<event id="30" time="18166666661" vehicle="Vehicle 5" pickup="18"/>
				<event id="31" time="18466666661" vehicle="Vehicle 5" deliver="12"/>
				<event id="32" time="18511111109" vehicle="Vehicle 6" pickup="9"/>
				<event id="33" time="18766666661" vehicle="Vehicle 5" pickup="28"/>
				<event id="34" time="18811111109" vehicle="Vehicle 6" move="Lyon"/>
				<event id="35" time="19066666660" vehicle="Vehicle 5" deliver="1"/>
				<event id="36" time="19366666660" vehicle="Vehicle 5" pickup="15"/>
				<event id="37" time="19666666660" vehicle="Vehicle 5" move="Genève"/>
				<event id="38" time="20644444440" vehicle="Vehicle 8" deliver="38"/>
				<event id="39" time="20944444440" vehicle="Vehicle 8" move="Lyon"/>
				<event id="40" time="23988888885" vehicle="Vehicle 6" move="Marseille"/>
				<event id="41" time="25455555548" vehicle="Vehicle 5" deliver="28"/>
				<event id="42" time="25755555548" vehicle="Vehicle 5" deliver="18"/>
				<event id="43" time="26055555547" vehicle="Vehicle 5" pickup="17"/>
				<event id="44" time="26122222217" vehicle="Vehicle 8" deliver="3"/>
				<event id="45" time="26355555547" vehicle="Vehicle 5" move="Lyon"/>
				<event id="46" time="26422222217" vehicle="Vehicle 8" pickup="6"/>
				<event id="47" time="26722222217" vehicle="Vehicle 8" move="Marseille"/>
				<event id="48" time="27499999996" vehicle="Vehicle 6" move="Monaco"/>
				<event id="49" time="28011111102" vehicle="Vehicle 5" move="Bordeaux"/>
				<event id="50" time="29999999996" vehicle="Vehicle 6" deliver="10"/>
				<event id="51" time="30233333327" vehicle="Vehicle 8" deliver="22"/>
				<event id="52" time="30299999996" vehicle="Vehicle 6" deliver="9"/>
				<event id="53" time="30533333327" vehicle="Vehicle 8" move="Monaco"/>
				<event id="54" time="30599999996" vehicle="Vehicle 6" deliver="0"/>
				<event id="55" time="33033333326" vehicle="Vehicle 8" pickup="34"/>
				<event id="56" time="33333333326" vehicle="Vehicle 8" deliver="6"/>
				<event id="57" time="33633333326" vehicle="Vehicle 8" pickup="36"/>
				<event id="58" time="33933333326" vehicle="Vehicle 8" pickup="23"/>
				<event id="59" time="34233333325" vehicle="Vehicle 8" deliver="30"/>
				<event id="60" time="34533333325" vehicle="Vehicle 8" pickup="20"/>
				<event id="61" time="34544444434" vehicle="Vehicle 5" pickup="21"/>
				<event id="62" time="34833333325" vehicle="Vehicle 8" deliver="5"/>
				<event id="63" time="34844444434" vehicle="Vehicle 5" deliver="17"/>
				<event id="64" time="35133333324" vehicle="Vehicle 8" pickup="29"/>
				<event id="65" time="35144444433" vehicle="Vehicle 5" pickup="39"/>
				<event id="66" time="35433333324" vehicle="Vehicle 8" move="Marseille"/>
				<event id="67" time="35444444433" vehicle="Vehicle 5" move="Lyon"/>
				<event id="68" time="37933333323" vehicle="Vehicle 8" move="Lyon"/>
				<event id="69" time="41444444433" vehicle="Vehicle 8" deliver="36"/>
				<event id="70" time="41744444433" vehicle="Vehicle 8" deliver="29"/>
				<event id="71" time="41977777765" vehicle="Vehicle 5" move="Genève"/>
				<event id="72" time="42044444432" vehicle="Vehicle 8" move="Paris"/>
				<event id="73" time="43633333320" vehicle="Vehicle 5" deliver="15"/>
				<event id="74" time="43933333320" vehicle="Vehicle 5" pickup="31"/>
				<event id="75" time="44233333319" vehicle="Vehicle 5" deliver="39"/>
				<event id="76" time="44533333319" vehicle="Vehicle 5" pickup="13"/>
				<event id="77" time="44833333319" vehicle="Vehicle 5" move="Lyon"/>
				<event id="78" time="46488888873" vehicle="Vehicle 5" move="Paris"/>
				<event id="79" time="47222222209" vehicle="Vehicle 8" move="Brest"/>
				<event id="80" time="51666666650" vehicle="Vehicle 5" move="Le Havre"/>
				<event id="81" time="53788888874" vehicle="Vehicle 8" deliver="20"/>
				<event id="82" time="53844444427" vehicle="Vehicle 5" deliver="31"/>
				<event id="83" time="54088888873" vehicle="Vehicle 8" pickup="8"/>
				<event id="84" time="54144444426" vehicle="Vehicle 5" pickup="35"/>
				<event id="85" time="54388888873" vehicle="Vehicle 8" deliver="34"/>
				<event id="86" time="54444444426" vehicle="Vehicle 5" move="Paris"/>
				<event id="87" time="54688888873" vehicle="Vehicle 8" pickup="4"/>
				<event id="88" time="54988888873" vehicle="Vehicle 8" move="Paris"/>
				<event id="89" time="56622222203" vehicle="Vehicle 5" move="Lyon"/>
				<event id="90" time="61555555539" vehicle="Vehicle 8" move="Le Havre"/>
				<event id="91" time="61799999980" vehicle="Vehicle 5" move="Marseille"/>
				<event id="92" time="63733333316" vehicle="Vehicle 8" deliver="23"/>
				<event id="93" time="64033333315" vehicle="Vehicle 8" pickup="14"/>
				<event id="94" time="64333333315" vehicle="Vehicle 8" deliver="8"/>
				<event id="95" time="64633333315" vehicle="Vehicle 8" move="Paris"/>
				<event id="96" time="65311111091" vehicle="Vehicle 5" deliver="13"/>
				<event id="97" time="65611111091" vehicle="Vehicle 5" pickup="32"/>
				<event id="98" time="65911111091" vehicle="Vehicle 5" deliver="21"/>
				<event id="99" time="66211111090" vehicle="Vehicle 5" pickup="11"/>
				<event id="100" time="66511111090" vehicle="Vehicle 5" deliver="35"/>
				<event id="101" time="66811111090" vehicle="Vehicle 5" move="Lyon"/>
				<event id="102" time="66811111092" vehicle="Vehicle 8" pickup="27"/>
				<event id="103" time="67111111091" vehicle="Vehicle 8" move="Strasbourg"/>
				<event id="104" time="70322222200" vehicle="Vehicle 5" move="Paris"/>
				<event id="105" time="72522222201" vehicle="Vehicle 8" deliver="14"/>
				<event id="106" time="72822222201" vehicle="Vehicle 8" deliver="27"/>
				<event id="107" time="73122222200" vehicle="Vehicle 8" deliver="4"/>
				<event id="108" time="75499999977" vehicle="Vehicle 5" move="Brest"/>
				<event id="109" time="82066666643" vehicle="Vehicle 5" pickup="24"/>
				<event id="110" time="82366666643" vehicle="Vehicle 5" pickup="25"/>
				<event id="111" time="82666666643" vehicle="Vehicle 5" deliver="32"/>
				<event id="112" time="82966666643" vehicle="Vehicle 5" move="Paris"/>
				<event id="113" time="89533333309" vehicle="Vehicle 5" move="Le Havre"/>
				<event id="114" time="91711111086" vehicle="Vehicle 5" pickup="33"/>
				<event id="115" time="92011111085" vehicle="Vehicle 5" move="Paris"/>
				<event id="116" time="94188888861" vehicle="Vehicle 5" move="Bordeaux"/>
				<event id="117" time="100677777749" vehicle="Vehicle 5" deliver="25"/>
				<event id="118" time="100977777749" vehicle="Vehicle 5" deliver="11"/>
				<event id="119" time="101277777748" vehicle="Vehicle 5" deliver="33"/>
				<event id="120" time="101577777748" vehicle="Vehicle 5" pickup="16"/>
				<event id="121" time="101877777748" vehicle="Vehicle 5" move="Paris"/>
				<event id="122" time="108366666636" vehicle="Vehicle 5" move="Le Havre"/>
				<event id="123" time="110544444413" vehicle="Vehicle 5" deliver="24"/>
				<event id="124" time="110844444413" vehicle="Vehicle 5" deliver="16"/>
			</events>
		</round>
	</rounds>
	<statistics>
		<stat rank="1" agent="Zero">
			<total-tasks value="1"/>
			<total-distance value="196.0"/>
			<total-cost value="980"/>
			<total-reward value="980"/>
			<total-profit value="0"/>
		</stat>
		<stat rank="2" agent="Margin">
			<total-tasks value="39"/>
			<total-distance value="17286.0"/>
			<total-cost value="86430"/>
			<total-reward value="22215"/>
			<total-profit value="-64215"/>
		</stat>
	</statistics>
</history>
