<?xml version="1.0" encoding="ISO-8859-1"?>

<history configuration="config/rounds/auction1.xml">
	<agents>
		<agent name="Opponent">
			<vehicle name="Vehicle 1"/>
			<vehicle name="Vehicle 2"/>
		</agent>
		<agent name="Naive">
			<vehicle name="Vehicle 3"/>
			<vehicle name="Vehicle 4"/>
		</agent>
	</agents>
	<rounds>
		<round id="1">
			<tasks>
				<task id="0" pickup="Leeds" delivery="Sheffield" weight="6" reward="1281">
					<bid agent="Opponent" bid="440"/>
					<bid agent="Naive" bid="2678"/>
				</task>
				<task id="1" pickup="Liverpool" delivery="Sheffield" weight="7" reward="14258">
					<bid agent="Opponent" bid="928"/>
					<bid agent="Naive" bid="3053"/>
				</task>
				<task id="2" pickup="Manchester" delivery="Cardiff" weight="9" reward="31460">
					<bid agent="Opponent" bid="1101"/>
					<bid agent="Naive" bid="3554"/>
				</task>
				<task id="3" pickup="Manchester" delivery="London" weight="6" reward="31997">
					<bid agent="Opponent" bid="1234"/>
					<bid agent="Naive" bid="3516"/>
				</task>
				<task id="4" pickup="Plymouth" delivery="Birmingham" weight="8" reward="58829">
					<bid agent="Opponent" bid="1692"/>
					<bid agent="Naive" bid="1930"/>
				</task>
				<task id="5" pickup="Liverpool" delivery="Norwich" weight="5" reward="58793">
					<bid agent="Opponent" bid="1722"/>
					<bid agent="Naive" bid="4431"/>
				</task>
				<task id="6" pickup="Birmingham" delivery="Norwich" weight="8" reward="35595">
					<bid agent="Opponent" bid="1408"/>
					<bid agent="Naive" bid="3522"/>
				</task>
				<task id="7" pickup="Sheffield" delivery="Manchester" weight="7" reward="20470">
					<bid agent="Opponent" bid="1465"/>
					<bid agent="Naive" bid="3875"/>
				</task>
				<task id="8" pickup="Liverpool" delivery="Cardiff" weight="6" reward="37671">
					<bid agent="Opponent" bid="1697"/>
					<bid agent="Naive" bid="3697"/>
				</task>
				<task id="9" pickup="Sheffield" delivery="Norwich" weight="7" reward="51741">
					<bid agent="Opponent" bid="1831"/>
					<bid agent="Naive" bid="4160"/>
				</task>
				<task id="10" pickup="Portsmouth" delivery="Cardiff" weight="5" reward="48984">
					<bid agent="Opponent" bid="2018"/>
					<bid agent="Naive" bid="2724"/>
				</task>
				<task id="11" pickup="Plymouth" delivery="London" weight="7" reward="37707">
					<bid agent="Opponent" bid="1762"/>
					<bid agent="Naive" bid="1816"/>
				</task>
				<task id="12" pickup="Sheffield" delivery="Norwich" weight="7" reward="51741">
					<bid agent="Opponent" bid="2014"/>
					<bid agent="Naive" bid="5932"/>
				</task>
				<task id="13" pickup="Newcastle" delivery="Liverpool" weight="9" reward="24497">
					<bid agent="Opponent" bid="2134"/>
					<bid agent="Naive" bid="5475"/>
				</task>
				<task id="14" pickup="Cardiff" delivery="Newcastle" weight="8" reward="55643">
					<bid agent="Opponent" bid="2347"/>
					<bid agent="Naive" bid="4196"/>
				</task>
				<task id="15" pickup="Birmingham" delivery="Sheffield" weight="6" reward="10034">
					<bid agent="Opponent" bid="2334"/>
					<bid agent="Naive" bid="3088"/>
				</task>
				<task id="16" pickup="Newcastle" delivery="Birmingham" weight="5" reward="35058">
					<bid agent="Opponent" bid="2481"/>
					<bid agent="Naive" bid="6163"/>
				</task>
				<task id="17" pickup="Birmingham" delivery="Plymouth" weight="6" reward="58829">
					<bid agent="Opponent" bid="2449"/>
					<bid agent="Naive" bid="5275"/>
				</task>
				<task id="18" pickup="Cardiff" delivery="Newcastle" weight="8" reward="55643">
					<bid agent="Opponent" bid="4143"/>
					<bid agent="Naive" bid="4248"/>
				</task>
				<task id="19" pickup="Leeds" delivery="Sheffield" weight="6" reward="1281">
					<bid agent="Opponent" bid="2286"/>
					<bid agent="Naive" bid="4340"/>
				</task>
			</tasks>
			<events>
				<event id="0" time="0" vehicle="Vehicle 1" move="Leeds"/>
				<event id="1" time="1094444444" vehicle="Vehicle 1" pickup="19"/>
				<event id="2" time="1394444444" vehicle="Vehicle 1" pickup="0"/>
				<event id="3" time="1694444444" vehicle="Vehicle 1" move="Liverpool"/>
				<event id="4" time="2499999999" vehicle="Vehicle 1" pickup="5"/>
				<event id="5" time="2799999999" vehicle="Vehicle 1" move="Manchester"/>
				<event id="6" time="3185555554" vehicle="Vehicle 1" pickup="3"/>
				<event id="7" time="3485555554" vehicle="Vehicle 1" pickup="2"/>
				<event id="8" time="3785555554" vehicle="Vehicle 1" move="Liverpool"/>
				<event id="9" time="4171111109" vehicle="Vehicle 1" pickup="1"/>
				<event id="10" time="4471111109" vehicle="Vehicle 1" move="Leeds"/>
				<event id="11" time="5276666663" vehicle="Vehicle 1" move="Sheffield"/>
				<event id="12" time="5735555551" vehicle="Vehicle 1" deliver="1"/>
				<event id="13" time="6035555550" vehicle="Vehicle 1" pickup="9"/>
				<event id="14" time="6335555550" vehicle="Vehicle 1" deliver="0"/>
				<event id="15" time="6635555550" vehicle="Vehicle 1" pickup="12"/>
				<event id="16" time="6935555550" vehicle="Vehicle 1" deliver="19"/>
				<event id="17" time="7235555549" vehicle="Vehicle 1" move="Birmingham"/>
				<event id="18" time="8237777770" vehicle="Vehicle 1" pickup="17"/>
				<event id="19" time="8537777770" vehicle="Vehicle 1" move="Cardiff"/>
				<event id="20" time="9815555547" vehicle="Vehicle 1" deliver="2"/>
				<event id="21" time="10115555546" vehicle="Vehicle 1" move="Birmingham"/>
				<event id="22" time="11393333323" vehicle="Vehicle 1" pickup="6"/>
				<event id="23" time="11693333323" vehicle="Vehicle 1" move="London"/>
				<event id="24" time="13004444433" vehicle="Vehicle 1" move="Norwich"/>
				<event id="25" time="14282222210" vehicle="Vehicle 1" deliver="5"/>
				<event id="26" time="14582222210" vehicle="Vehicle 1" deliver="9"/>
				<event id="27" time="14882222210" vehicle="Vehicle 1" deliver="6"/>
				<event id="28" time="15182222209" vehicle="Vehicle 1" deliver="12"/>
				<event id="29" time="15482222209" vehicle="Vehicle 1" move="London"/>
				<event id="30" time="16759999986" vehicle="Vehicle 1" move="Portsmouth"/>
				<event id="31" time="17591111097" vehicle="Vehicle 1" move="Plymouth"/>
				<event id="32" time="19479999985" vehicle="Vehicle 1" pickup="4"/>
				<event id="33" time="19779999985" vehicle="Vehicle 1" deliver="17"/>
				<event id="34" time="20079999985" vehicle="Vehicle 1" pickup="11"/>
				<event id="35" time="20379999985" vehicle="Vehicle 1" move="Portsmouth"/>
				<event id="36" time="22268888873" vehicle="Vehicle 1" pickup="10"/>
				<event id="37" time="22568888873" vehicle="Vehicle 1" move="London"/>
				<event id="38" time="23399999984" vehicle="Vehicle 1" deliver="3"/>
				<event id="39" time="23699999984" vehicle="Vehicle 1" deliver="11"/>
				<event id="40" time="23999999984" vehicle="Vehicle 1" move="Birmingham"/>
				<event id="41" time="25311111095" vehicle="Vehicle 1" move="Sheffield"/>
				<event id="42" time="26313333316" vehicle="Vehicle 1" pickup="7"/>
				<event id="43" time="26613333316" vehicle="Vehicle 1" move="Leeds"/>
				<event id="44" time="27072222204" vehicle="Vehicle 1" move="Newcastle"/>
				<event id="45" time="28166666647" vehicle="Vehicle 1" pickup="16"/>
				<event id="46" time="28466666647" vehicle="Vehicle 1" pickup="13"/>
				<event id="47" time="28766666647" vehicle="Vehicle 1" move="Leeds"/>
				<event id="48" time="29861111091" vehicle="Vehicle 1" move="Liverpool"/>
				<event id="49" time="30666666645" vehicle="Vehicle 1" deliver="13"/>
				<event id="50" time="30966666645" vehicle="Vehicle 1" pickup="8"/>
				<event id="51" time="31266666644" vehicle="Vehicle 1" move="Manchester"/>
				<event id="52" time="31652222199" vehicle="Vehicle 1" deliver="7"/>
				<event id="53" time="31952222199" vehicle="Vehicle 1" move="Birmingham"/>
				<event id="54" time="33006666642" vehicle="Vehicle 1" deliver="16"/>
				<event id="55" time="33306666642" vehicle="Vehicle 1" pickup="15"/>
				<event id="56" time="33606666642" vehicle="Vehicle 1" deliver="4"/>
				<event id="57" time="33906666642" vehicle="Vehicle 1" move="Cardiff"/>
				<event id="58" time="35184444419" vehicle="Vehicle 1" deliver="10"/>
				<event id="59" time="35484444419" vehicle="Vehicle 1" pickup="18"/>
				<event id="60" time="35784444419" vehicle="Vehicle 1" pickup="14"/>
				<event id="61" time="36084444418" vehicle="Vehicle 1" deliver="8"/>
				<event id="62" time="36384444418" vehicle="Vehicle 1" move="Birmingham"/>
				<event id="63" time="37662222195" vehicle="Vehicle 1" move="Sheffield"/>
				<event id="64" time="38664444416" vehicle="Vehicle 1" deliver="15"/>
				<event id="65" time="38964444416" vehicle="Vehicle 1" move="Leeds"/>
				<event id="66" time="39423333304" vehicle="Vehicle 1" move="Newcastle"/>
				<event id="67" time="40517777747" vehicle="Vehicle 1" deliver="18"/>
				<event id="68" time="40817777747" vehicle="Vehicle 1" deliver="14"/>
			</events>
		</round>
	</rounds>
	<statistics>
		<stat rank="1" agent="Opponent">
			<total-tasks value="20"/>
			<total-distance value="2620.6"/>
			<total-cost value="13103"/>
			<total-reward value="37486"/>
			<total-profit value="24383"/>
		</stat>
		<stat rank="2" agent="Naive">
			<total-tasks value="0"/>
			<total-distance value="0.0"/>
			<total-cost value="0"/>
			<total-reward value="0"/>
			<total-profit value="0"/>
		</stat>
	</statistics>
</history>
