<?xml version="1.0" encoding="ISO-8859-1"?>

<history configuration="config/rounds/auction1.xml">
	<agents>
		<agent name="AFK">
			<vehicle name="Vehicle 1"/>
			<vehicle name="Vehicle 2"/>
		</agent>
		<agent name="Naive">
			<vehicle name="Vehicle 3"/>
			<vehicle name="Vehicle 4"/>
		</agent>
	</agents>
	<rounds>
		<round id="1">
			<tasks>
				<task id="0" pickup="Leeds" delivery="Sheffield" weight="6" reward="1281">
					<bid agent="Naive" bid="2678"/>
				</task>
				<task id="1" pickup="Liverpool" delivery="Sheffield" weight="7" reward="14258">
					<bid agent="Naive" bid="1146"/>
				</task>
				<task id="2" pickup="Manchester" delivery="Cardiff" weight="9" reward="31460">
					<bid agent="Naive" bid="1908"/>
				</task>
				<task id="3" pickup="Manchester" delivery="London" weight="6" reward="31997">
					<bid agent="Naive" bid="2217"/>
				</task>
				<task id="4" pickup="Plymouth" delivery="Birmingham" weight="8" reward="58829">
					<bid agent="Naive" bid="3233"/>
				</task>
				<task id="5" pickup="Liverpool" delivery="Norwich" weight="5" reward="58793">
					<bid agent="Naive" bid="2551"/>
				</task>
				<task id="6" pickup="Birmingham" delivery="Norwich" weight="8" reward="35595">
					<bid agent="Naive" bid="2755"/>
				</task>
				<task id="7" pickup="Sheffield" delivery="Manchester" weight="7" reward="20470">
					<bid agent="Naive" bid="3039"/>
				</task>
				<task id="8" pickup="Liverpool" delivery="Cardiff" weight="6" reward="37671">
					<bid agent="Naive" bid="1401"/>
				</task>
				<task id="9" pickup="Sheffield" delivery="Norwich" weight="7" reward="51741">
					<bid agent="Naive" bid="2832"/>
				</task>
				<task id="10" pickup="Portsmouth" delivery="Cardiff" weight="5" reward="48984">
					<bid agent="Naive" bid="2837"/>
				</task>
				<task id="11" pickup="Plymouth" delivery="London" weight="7" reward="37707">
					<bid agent="Naive" bid="5360"/>
				</task>
				<task id="12" pickup="Sheffield" delivery="Norwich" weight="7" reward="51741">
					<bid agent="Naive" bid="4061"/>
				</task>
				<task id="13" pickup="Newcastle" delivery="Liverpool" weight="9" reward="24497">
					<bid agent="Naive" bid="4544"/>
				</task>
				<task id="14" pickup="Cardiff" delivery="Newcastle" weight="8" reward="55643">
					<bid agent="Naive" bid="3007"/>
				</task>
				<task id="15" pickup="Birmingham" delivery="Sheffield" weight="6" reward="10034">
					<bid agent="Naive" bid="2183"/>
				</task>
				<task id="16" pickup="Newcastle" delivery="Birmingham" weight="5" reward="35058">
					<bid agent="Naive" bid="2770"/>
				</task>
				<task id="17" pickup="Birmingham" delivery="Plymouth" weight="6" reward="58829">
					<bid agent="Naive" bid="2638"/>
				</task>
				<task id="18" pickup="Cardiff" delivery="Newcastle" weight="8" reward="55643">
					<bid agent="Naive" bid="4248"/>
				</task>
				<task id="19" pickup="Leeds" delivery="Sheffield" weight="6" reward="1281">
					<bid agent="Naive" bid="1133"/>
				</task>
			</tasks>
			<events>
				<event id="0" time="0" vehicle="Vehicle 3" move="Portsmouth"/>
				<event id="1" time="1888888888" vehicle="Vehicle 3" move="London"/>
				<event id="2" time="2719999999" vehicle="Vehicle 3" move="Birmingham"/>
				<event id="3" time="4031111110" vehicle="Vehicle 3" move="Sheffield"/>
				<event id="4" time="5033333331" vehicle="Vehicle 3" move="Leeds"/>
				<event id="5" time="5492222219" vehicle="Vehicle 3" pickup="0"/>
				<event id="6" time="5792222219" vehicle="Vehicle 3" move="Sheffield"/>
				<event id="7" time="6251111107" vehicle="Vehicle 3" deliver="0"/>
				<event id="8" time="6551111107" vehicle="Vehicle 3" move="Leeds"/>
				<event id="9" time="7009999995" vehicle="Vehicle 3" move="Liverpool"/>
				<event id="10" time="7815555550" vehicle="Vehicle 3" pickup="1"/>
				<event id="11" time="8115555549" vehicle="Vehicle 3" move="Leeds"/>
				<event id="12" time="8921111104" vehicle="Vehicle 3" move="Sheffield"/>
				<event id="13" time="9379999992" vehicle="Vehicle 3" deliver="1"/>
				<event id="14" time="9679999992" vehicle="Vehicle 3" move="Leeds"/>
				<event id="15" time="10138888880" vehicle="Vehicle 3" move="Liverpool"/>
				<event id="16" time="10944444435" vehicle="Vehicle 3" move="Manchester"/>
				<event id="17" time="11329999990" vehicle="Vehicle 3" pickup="2"/>
				<event id="18" time="11629999990" vehicle="Vehicle 3" move="Birmingham"/>
				<event id="19" time="12684444434" vehicle="Vehicle 3" move="Cardiff"/>
				<event id="20" time="13962222211" vehicle="Vehicle 3" deliver="2"/>
				<event id="21" time="14262222210" vehicle="Vehicle 3" move="Birmingham"/>
				<event id="22" time="15539999987" vehicle="Vehicle 3" move="Manchester"/>
				<event id="23" time="16594444431" vehicle="Vehicle 3" pickup="3"/>
				<event id="24" time="16894444431" vehicle="Vehicle 3" move="Birmingham"/>
				<event id="25" time="17948888874" vehicle="Vehicle 3" move="London"/>
				<event id="26" time="19259999985" vehicle="Vehicle 3" deliver="3"/>
				<event id="27" time="19559999985" vehicle="Vehicle 3" move="Portsmouth"/>
				<event id="28" time="20391111096" vehicle="Vehicle 3" move="Plymouth"/>
				<event id="29" time="22279999984" vehicle="Vehicle 3" pickup="4"/>
				<event id="30" time="22579999984" vehicle="Vehicle 3" move="Portsmouth"/>
				<event id="31" time="24468888872" vehicle="Vehicle 3" move="London"/>
				<event id="32" time="25299999983" vehicle="Vehicle 3" move="Birmingham"/>
				<event id="33" time="26611111094" vehicle="Vehicle 3" deliver="4"/>
				<event id="34" time="26911111094" vehicle="Vehicle 3" move="Manchester"/>
				<event id="35" time="27965555537" vehicle="Vehicle 3" move="Liverpool"/>
				<event id="36" time="28351111092" vehicle="Vehicle 3" pickup="5"/>
				<event id="37" time="28651111092" vehicle="Vehicle 3" move="Manchester"/>
				<event id="38" time="29036666646" vehicle="Vehicle 3" move="Birmingham"/>
				<event id="39" time="30091111090" vehicle="Vehicle 3" move="London"/>
				<event id="40" time="31402222200" vehicle="Vehicle 3" move="Norwich"/>
				<event id="41" time="32679999977" vehicle="Vehicle 3" deliver="5"/>
				<event id="42" time="32979999977" vehicle="Vehicle 3" move="London"/>
				<event id="43" time="34257777754" vehicle="Vehicle 3" move="Birmingham"/>
				<event id="44" time="35568888864" vehicle="Vehicle 3" pickup="6"/>
				<event id="45" time="35868888864" vehicle="Vehicle 3" move="London"/>
				<event id="46" time="37179999975" vehicle="Vehicle 3" move="Norwich"/>
				<event id="47" time="38457777752" vehicle="Vehicle 3" deliver="6"/>
				<event id="48" time="38757777752" vehicle="Vehicle 3" move="London"/>
				<event id="49" time="40035555529" vehicle="Vehicle 3" move="Birmingham"/>
				<event id="50" time="41346666639" vehicle="Vehicle 3" move="Sheffield"/>
				<event id="51" time="42348888860" vehicle="Vehicle 3" pickup="7"/>
				<event id="52" time="42648888860" vehicle="Vehicle 3" move="Leeds"/>
				<event id="53" time="43107777748" vehicle="Vehicle 3" move="Liverpool"/>
				<event id="54" time="43913333303" vehicle="Vehicle 3" move="Manchester"/>
				<event id="55" time="44298888857" vehicle="Vehicle 3" deliver="7"/>
				<event id="56" time="44598888857" vehicle="Vehicle 3" move="Liverpool"/>
				<event id="57" time="44984444412" vehicle="Vehicle 3" pickup="8"/>
				<event id="58" time="45284444411" vehicle="Vehicle 3" move="Manchester"/>
				<event id="59" time="45669999966" vehicle="Vehicle 3" move="Birmingham"/>
				<event id="60" time="46724444410" vehicle="Vehicle 3" move="Cardiff"/>
				<event id="61" time="48002222187" vehicle="Vehicle 3" deliver="8"/>
				<event id="62" time="48302222187" vehicle="Vehicle 3" move="Birmingham"/>
				<event id="63" time="49579999964" vehicle="Vehicle 3" move="Sheffield"/>
				<event id="64" time="50582222186" vehicle="Vehicle 3" pickup="9"/>
				<event id="65" time="50882222186" vehicle="Vehicle 3" move="Birmingham"/>
				<event id="66" time="51884444407" vehicle="Vehicle 3" move="London"/>
				<event id="67" time="53195555517" vehicle="Vehicle 3" move="Norwich"/>
				<event id="68" time="54473333294" vehicle="Vehicle 3" deliver="9"/>
				<event id="69" time="54773333294" vehicle="Vehicle 3" move="London"/>
				<event id="70" time="56051111071" vehicle="Vehicle 3" move="Portsmouth"/>
				<event id="71" time="56882222182" vehicle="Vehicle 3" pickup="10"/>
				<event id="72" time="57182222181" vehicle="Vehicle 3" move="London"/>
				<event id="73" time="58013333291" vehicle="Vehicle 3" move="Birmingham"/>
				<event id="74" time="59324444401" vehicle="Vehicle 3" move="Cardiff"/>
				<event id="75" time="60602222178" vehicle="Vehicle 3" deliver="10"/>
				<event id="76" time="60902222178" vehicle="Vehicle 3" move="Birmingham"/>
				<event id="77" time="62179999955" vehicle="Vehicle 3" move="London"/>
				<event id="78" time="63491111066" vehicle="Vehicle 3" move="Portsmouth"/>
				<event id="79" time="64322222176" vehicle="Vehicle 3" move="Plymouth"/>
				<event id="80" time="66211111064" vehicle="Vehicle 3" pickup="11"/>
				<event id="81" time="66511111064" vehicle="Vehicle 3" move="Portsmouth"/>
				<event id="82" time="68399999952" vehicle="Vehicle 3" move="London"/>
				<event id="83" time="69231111063" vehicle="Vehicle 3" deliver="11"/>
				<event id="84" time="69531111063" vehicle="Vehicle 3" move="Birmingham"/>
				<event id="85" time="70842222173" vehicle="Vehicle 3" move="Sheffield"/>
				<event id="86" time="71844444394" vehicle="Vehicle 3" pickup="12"/>
				<event id="87" time="72144444393" vehicle="Vehicle 3" move="Birmingham"/>
				<event id="88" time="73146666614" vehicle="Vehicle 3" move="London"/>
				<event id="89" time="74457777724" vehicle="Vehicle 3" move="Norwich"/>
				<event id="90" time="75735555501" vehicle="Vehicle 3" deliver="12"/>
				<event id="91" time="76035555500" vehicle="Vehicle 3" move="London"/>
				<event id="92" time="77313333277" vehicle="Vehicle 3" move="Birmingham"/>
				<event id="93" time="78624444387" vehicle="Vehicle 3" move="Sheffield"/>
				<event id="94" time="79626666608" vehicle="Vehicle 3" move="Leeds"/>
				<event id="95" time="80085555496" vehicle="Vehicle 3" move="Newcastle"/>
				<event id="96" time="81179999940" vehicle="Vehicle 3" pickup="13"/>
				<event id="97" time="81479999940" vehicle="Vehicle 3" move="Leeds"/>
				<event id="98" time="82574444384" vehicle="Vehicle 3" move="Liverpool"/>
				<event id="99" time="83379999939" vehicle="Vehicle 3" deliver="13"/>
				<event id="100" time="83679999939" vehicle="Vehicle 3" move="Manchester"/>
				<event id="101" time="84065555494" vehicle="Vehicle 3" move="Birmingham"/>
				<event id="102" time="85119999938" vehicle="Vehicle 3" move="Cardiff"/>
				<event id="103" time="86397777715" vehicle="Vehicle 3" pickup="14"/>
				<event id="104" time="86697777715" vehicle="Vehicle 3" move="Birmingham"/>
				<event id="105" time="87975555492" vehicle="Vehicle 3" move="Sheffield"/>
				<event id="106" time="88977777713" vehicle="Vehicle 3" move="Leeds"/>
				<event id="107" time="89436666601" vehicle="Vehicle 3" move="Newcastle"/>
				<event id="108" time="90531111045" vehicle="Vehicle 3" deliver="14"/>
				<event id="109" time="90831111045" vehicle="Vehicle 3" move="Leeds"/>
				<event id="110" time="91925555488" vehicle="Vehicle 3" move="Sheffield"/>
				<event id="111" time="92384444376" vehicle="Vehicle 3" move="Birmingham"/>
				<event id="112" time="93386666597" vehicle="Vehicle 3" pickup="15"/>
				<event id="113" time="93686666597" vehicle="Vehicle 3" move="Sheffield"/>
				<event id="114" time="94688888818" vehicle="Vehicle 3" deliver="15"/>
				<event id="115" time="94988888818" vehicle="Vehicle 3" move="Leeds"/>
				<event id="116" time="95447777706" vehicle="Vehicle 3" move="Newcastle"/>
				<event id="117" time="96542222150" vehicle="Vehicle 3" pickup="16"/>
				<event id="118" time="96842222150" vehicle="Vehicle 3" move="Leeds"/>
				<event id="119" time="97936666593" vehicle="Vehicle 3" move="Sheffield"/>
				<event id="120" time="98395555481" vehicle="Vehicle 3" move="Birmingham"/>
				<event id="121" time="99397777702" vehicle="Vehicle 3" deliver="16"/>
				<event id="122" time="99697777702" vehicle="Vehicle 3" pickup="17"/>
				<event id="123" time="99997777702" vehicle="Vehicle 3" move="London"/>
				<event id="124" time="101308888812" vehicle="Vehicle 3" move="Portsmouth"/>
				<event id="125" time="102139999923" vehicle="Vehicle 3" move="Plymouth"/>
				<event id="126" time="104028888811" vehicle="Vehicle 3" deliver="17"/>
				<event id="127" time="104328888811" vehicle="Vehicle 3" move="Portsmouth"/>
				<event id="128" time="106217777699" vehicle="Vehicle 3" move="London"/>
				<event id="129" time="107048888809" vehicle="Vehicle 3" move="Birmingham"/>
				<event id="130" time="108359999920" vehicle="Vehicle 3" move="Cardiff"/>
				<event id="131" time="109637777697" vehicle="Vehicle 3" pickup="18"/>
				<event id="132" time="109937777697" vehicle="Vehicle 3" move="Birmingham"/>
				<event id="133" time="111215555474" vehicle="Vehicle 3" move="Sheffield"/>
				<event id="134" time="112217777695" vehicle="Vehicle 3" move="Leeds"/>
				<event id="135" time="112676666583" vehicle="Vehicle 3" move="Newcastle"/>
				<event id="136" time="113771111027" vehicle="Vehicle 3" deliver="18"/>
				<event id="137" time="114071111026" vehicle="Vehicle 3" move="Leeds"/>
				<event id="138" time="115165555469" vehicle="Vehicle 3" pickup="19"/>
				<event id="139" time="115465555469" vehicle="Vehicle 3" move="Sheffield"/>
				<event id="140" time="115924444357" vehicle="Vehicle 3" deliver="19"/>
			</events>
		</round>
	</rounds>
	<statistics>
		<stat rank="1" agent="Naive">
			<total-tasks value="20"/>
			<total-distance value="9380.2"/>
			<total-cost value="46901"/>
			<total-reward value="56541"/>
			<total-profit value="9640"/>
		</stat>
		<stat rank="2" agent="AFK">
			<total-tasks value="0"/>
			<total-distance value="0.0"/>
			<total-cost value="0"/>
			<total-reward value="0"/>
			<total-profit value="0"/>
		</stat>
	</statistics>
</history>
