<?xml version="1.0" encoding="ISO-8859-1"?>

<history configuration="config/rounds/auction3.xml">
	<agents>
		<agent name="Opponent">
			<vehicle name="Vehicle 1"/>
			<vehicle name="Vehicle 2"/>
			<vehicle name="Vehicle 3"/>
			<vehicle name="Vehicle 4"/>
		</agent>
		<agent name="Naive">
			<vehicle name="Vehicle 5"/>
			<vehicle name="Vehicle 6"/>
			<vehicle name="Vehicle 7"/>
			<vehicle name="Vehicle 8"/>
		</agent>
	</agents>
	<rounds>
		<round id="1">
			<tasks>
				<task id="0" pickup="Paris" delivery="Monaco" weight="25" reward="40845">
					<bid agent="Opponent" bid="4212"/>
					<bid agent="Naive" bid="7365"/>
				</task>
				<task id="1" pickup="Paris" delivery="Monaco" weight="25" reward="40845">
					<bid agent="Opponent" bid="4524"/>
					<bid agent="Naive" bid="7419"/>
				</task>
				<task id="2" pickup="Lyon" delivery="Paris" weight="28" reward="78143">
					<bid agent="Opponent" bid="3064"/>
					<bid agent="Naive" bid="2481"/>
				</task>
				<task id="3" pickup="Brest" delivery="Lyon" weight="13" reward="37398">
					<bid agent="Opponent" bid="4634"/>
					<bid agent="Naive" bid="8641"/>
				</task>
				<task id="4" pickup="Brest" delivery="Strasbourg" weight="25" reward="35950">
					<bid agent="Opponent" bid="4869"/>
					<bid agent="Naive" bid="8879"/>
				</task>
				<task id="5" pickup="Brest" delivery="Monaco" weight="15" reward="100">
					<bid agent="Opponent" bid="6897"/>
					<bid agent="Naive" bid="11344"/>
				</task>
				<task id="6" pickup="Lyon" delivery="Monaco" weight="28" reward="72973">
					<bid agent="Opponent" bid="3750"/>
					<bid agent="Naive" bid="5953"/>
				</task>
				<task id="7" pickup="Paris" delivery="Le Havre" weight="26" reward="96758">
					<bid agent="Opponent" bid="3226"/>
					<bid agent="Naive" bid="1263"/>
				</task>
				<task id="8" pickup="Brest" delivery="Le Havre" weight="18" reward="56013">
					<bid agent="Opponent" bid="3840"/>
					<bid agent="Naive" bid="7896"/>
				</task>
				<task id="9" pickup="Paris" delivery="Monaco" weight="25" reward="40845">
					<bid agent="Opponent" bid="4645"/>
					<bid agent="Naive" bid="6447"/>
				</task>
				<task id="10" pickup="Paris" delivery="Monaco" weight="25" reward="40845">
					<bid agent="Opponent" bid="4698"/>
					<bid agent="Naive" bid="6859"/>
				</task>
				<task id="11" pickup="Marseille" delivery="Bordeaux" weight="16" reward="65734">
					<bid agent="Opponent" bid="3826"/>
					<bid agent="Naive" bid="12046"/>
				</task>
				<task id="12" pickup="Lyon" delivery="Monaco" weight="28" reward="72973">
					<bid agent="Opponent" bid="3847"/>
					<bid agent="Naive" bid="9194"/>
				</task>
				<task id="13" pickup="Genève" delivery="Marseille" weight="29" reward="78212">
					<bid agent="Opponent" bid="3715"/>
					<bid agent="Naive" bid="9146"/>
				</task>
				<task id="14" pickup="Le Havre" delivery="Strasbourg" weight="10" reward="63183">
					<bid agent="Opponent" bid="5266"/>
					<bid agent="Naive" bid="3483"/>
				</task>
				<task id="15" pickup="Monaco" delivery="Genève" weight="22" reward="74352">
					<bid agent="Opponent" bid="5543"/>
					<bid agent="Naive" bid="9755"/>
				</task>
				<task id="16" pickup="Bordeaux" delivery="Le Havre" weight="23" reward="56495">
					<bid agent="Opponent" bid="3892"/>
					<bid agent="Naive" bid="13865"/>
				</task>
				<task id="17" pickup="Genève" delivery="Bordeaux" weight="16" reward="59460">
					<bid agent="Opponent" bid="5634"/>
					<bid agent="Naive" bid="8186"/>
				</task>
				<task id="18" pickup="Monaco" delivery="Genève" weight="22" reward="74352">
					<bid agent="Opponent" bid="3987"/>
					<bid agent="Naive" bid="7388"/>
				</task>
				<task id="19" pickup="Paris" delivery="Monaco" weight="25" reward="40845">
					<bid agent="Opponent" bid="4889"/>
					<bid agent="Naive" bid="12106"/>
				</task>
				<task id="20" pickup="Monaco" delivery="Brest" weight="12" reward="100">
					<bid agent="Opponent" bid="9327"/>
					<bid agent="Naive" bid="13186"/>
				</task>
				<task id="21" pickup="Bordeaux" delivery="Marseille" weight="21" reward="65734">
					<bid agent="Opponent" bid="5749"/>
					<bid agent="Naive" bid="16350"/>
				</task>
				<task id="22" pickup="Brest" delivery="Marseille" weight="11" reward="15612">
					<bid agent="Opponent" bid="7053"/>
					<bid agent="Naive" bid="22451"/>
				</task>
				<task id="23" pickup="Monaco" delivery="Le Havre" weight="23" reward="27332">
					<bid agent="Opponent" bid="5750"/>
					<bid agent="Naive" bid="12504"/>
				</task>
				<task id="24" pickup="Brest" delivery="Le Havre" weight="18" reward="56013">
					<bid agent="Opponent" bid="6418"/>
					<bid agent="Naive" bid="12812"/>
				</task>
				<task id="25" pickup="Brest" delivery="Bordeaux" weight="21" reward="29263">
					<bid agent="Opponent" bid="7965"/>
					<bid agent="Naive" bid="21294"/>
				</task>
				<task id="26" pickup="Strasbourg" delivery="Brest" weight="25" reward="35950">
					<bid agent="Opponent" bid="6896"/>
					<bid agent="Naive" bid="10513"/>
				</task>
				<task id="27" pickup="Paris" delivery="Strasbourg" weight="26" reward="76696">
					<bid agent="Opponent" bid="8784"/>
					<bid agent="Naive" bid="5278"/>
				</task>
				<task id="28" pickup="Monaco" delivery="Genève" weight="22" reward="74352">
					<bid agent="Opponent" bid="5597"/>
					<bid agent="Naive" bid="12299"/>
				</task>
				<task id="29" pickup="Monaco" delivery="Lyon" weight="15" reward="72973">
					<bid agent="Opponent" bid="5779"/>
					<bid agent="Naive" bid="14358"/>
				</task>
				<task id="30" pickup="Brest" delivery="Monaco" weight="15" reward="100">
					<bid agent="Opponent" bid="8454"/>
					<bid agent="Naive" bid="21534"/>
				</task>
				<task id="31" pickup="Genève" delivery="Le Havre" weight="23" reward="54358">
					<bid agent="Opponent" bid="8367"/>
					<bid agent="Naive" bid="11670"/>
				</task>
				<task id="32" pickup="Marseille" delivery="Brest" weight="16" reward="15612">
					<bid agent="Opponent" bid="7790"/>
					<bid agent="Naive" bid="15724"/>
				</task>
				<task id="33" pickup="Le Havre" delivery="Bordeaux" weight="22" reward="56495">
					<bid agent="Opponent" bid="7095"/>
					<bid agent="Naive" bid="13409"/>
				</task>
				<task id="34" pickup="Monaco" delivery="Brest" weight="12" reward="100">
					<bid agent="Opponent" bid="8795"/>
					<bid agent="Naive" bid="28321"/>
				</task>
				<task id="35" pickup="Le Havre" delivery="Marseille" weight="28" reward="42844">
					<bid agent="Opponent" bid="7836"/>
					<bid agent="Naive" bid="8629"/>
				</task>
				<task id="36" pickup="Monaco" delivery="Lyon" weight="15" reward="72973">
					<bid agent="Opponent" bid="11907"/>
					<bid agent="Naive" bid="12071"/>
				</task>
				<task id="37" pickup="Paris" delivery="Strasbourg" weight="26" reward="76696">
					<bid agent="Opponent" bid="6431"/>
					<bid agent="Naive" bid="12060"/>
				</task>
				<task id="38" pickup="Strasbourg" delivery="Paris" weight="26" reward="76696">
					<bid agent="Opponent" bid="23387"/>
					<bid agent="Naive" bid="3588"/>
				</task>
				<task id="39" pickup="Bordeaux" delivery="Genève" weight="23" reward="59460">
					<bid agent="Opponent" bid="8363"/>
					<bid agent="Naive" bid="11987"/>
				</task>
			</tasks>
			<events>
				<event id="0" time="0" vehicle="Vehicle 1" move="Brest"/>
				<event id="1" time="0" vehicle="Vehicle 5" pickup="2"/>
				<event id="2" time="300000000" vehicle="Vehicle 5" move="Paris"/>
				<event id="3" time="5477777777" vehicle="Vehicle 5" deliver="2"/>
				<event id="4" time="5777777777" vehicle="Vehicle 5" pickup="7"/>
				<event id="5" time="6077777776" vehicle="Vehicle 5" move="Le Havre"/>
				<event id="6" time="8255555553" vehicle="Vehicle 5" deliver="7"/>
				<event id="7" time="8555555553" vehicle="Vehicle 5" pickup="14"/>
				<event id="8" time="8855555553" vehicle="Vehicle 5" move="Paris"/>
				<event id="9" time="9850000000" vehicle="Vehicle 1" pickup="22"/>
				<event id="10" time="10150000000" vehicle="Vehicle 1" pickup="5"/>
				<event id="11" time="10450000000" vehicle="Vehicle 1" pickup="4"/>
				<event id="12" time="10750000000" vehicle="Vehicle 1" pickup="3"/>
				<event id="13" time="11033333330" vehicle="Vehicle 5" move="Strasbourg"/>
				<event id="14" time="11050000000" vehicle="Vehicle 1" move="Paris"/>
				<event id="15" time="16444444440" vehicle="Vehicle 5" deliver="14"/>
				<event id="16" time="16744444440" vehicle="Vehicle 5" move="Paris"/>
				<event id="17" time="20900000000" vehicle="Vehicle 1" move="Strasbourg"/>
				<event id="18" time="22155555550" vehicle="Vehicle 5" pickup="27"/>
				<event id="19" time="22455555550" vehicle="Vehicle 5" move="Strasbourg"/>
				<event id="20" time="27866666660" vehicle="Vehicle 5" deliver="27"/>
				<event id="21" time="28166666659" vehicle="Vehicle 5" pickup="38"/>
				<event id="22" time="28466666659" vehicle="Vehicle 5" move="Paris"/>
				<event id="23" time="29016666666" vehicle="Vehicle 1" deliver="4"/>
				<event id="24" time="29316666666" vehicle="Vehicle 1" move="Paris"/>
				<event id="25" time="33877777769" vehicle="Vehicle 5" deliver="38"/>
				<event id="26" time="37433333332" vehicle="Vehicle 1" pickup="0"/>
				<event id="27" time="37733333332" vehicle="Vehicle 1" move="Lyon"/>
				<event id="28" time="45499999998" vehicle="Vehicle 1" deliver="3"/>
				<event id="29" time="45799999998" vehicle="Vehicle 1" move="Marseille"/>
				<event id="30" time="51066666664" vehicle="Vehicle 1" deliver="22"/>
				<event id="31" time="51366666664" vehicle="Vehicle 1" move="Monaco"/>
				<event id="32" time="55116666663" vehicle="Vehicle 1" deliver="5"/>
				<event id="33" time="55416666663" vehicle="Vehicle 1" deliver="0"/>
				<event id="34" time="55716666663" vehicle="Vehicle 1" move="Marseille"/>
				<event id="35" time="59466666662" vehicle="Vehicle 1" move="Lyon"/>
				<event id="36" time="64733333328" vehicle="Vehicle 1" move="Paris"/>
				<event id="37" time="72499999994" vehicle="Vehicle 1" pickup="1"/>
				<event id="38" time="72799999994" vehicle="Vehicle 1" pickup="9"/>
				<event id="39" time="73099999994" vehicle="Vehicle 1" move="Lyon"/>
				<event id="40" time="80866666660" vehicle="Vehicle 1" pickup="6"/>
				<event id="41" time="81166666659" vehicle="Vehicle 1" move="Marseille"/>
				<event id="42" time="86433333325" vehicle="Vehicle 1" move="Monaco"/>
				<event id="43" time="90183333324" vehicle="Vehicle 1" deliver="1"/>
				<event id="44" time="90483333324" vehicle="Vehicle 1" deliver="6"/>
				<event id="45" time="90783333324" vehicle="Vehicle 1" deliver="9"/>
				<event id="46" time="91083333323" vehicle="Vehicle 1" move="Marseille"/>
				<event id="47" time="94833333322" vehicle="Vehicle 1" pickup="11"/>
				<event id="48" time="95133333321" vehicle="Vehicle 1" move="Lyon"/>
				<event id="49" time="100399999987" vehicle="Vehicle 1" pickup="12"/>
				<event id="50" time="100699999987" vehicle="Vehicle 1" move="Marseille"/>
				<event id="51" time="105966666653" vehicle="Vehicle 1" move="Monaco"/>
				<event id="52" time="109716666652" vehicle="Vehicle 1" deliver="12"/>
				<event id="53" time="110016666651" vehicle="Vehicle 1" pickup="18"/>
				<event id="54" time="110316666651" vehicle="Vehicle 1" pickup="15"/>
				<event id="55" time="110616666651" vehicle="Vehicle 1" move="Genève"/>
				<event id="56" time="119299999984" vehicle="Vehicle 1" deliver="15"/>
				<event id="57" time="119599999984" vehicle="Vehicle 1" deliver="18"/>
				<event id="58" time="119899999984" vehicle="Vehicle 1" pickup="13"/>
				<event id="59" time="120199999984" vehicle="Vehicle 1" pickup="17"/>
				<event id="60" time="120499999984" vehicle="Vehicle 1" move="Lyon"/>
				<event id="61" time="122983333317" vehicle="Vehicle 1" move="Marseille"/>
				<event id="62" time="128249999983" vehicle="Vehicle 1" deliver="13"/>
				<event id="63" time="128549999983" vehicle="Vehicle 1" move="Bordeaux"/>
				<event id="64" time="139316666649" vehicle="Vehicle 1" deliver="17"/>
				<event id="65" time="139616666649" vehicle="Vehicle 1" deliver="11"/>
				<event id="66" time="139916666649" vehicle="Vehicle 1" pickup="16"/>
				<event id="67" time="140216666648" vehicle="Vehicle 1" pickup="21"/>
				<event id="68" time="140516666648" vehicle="Vehicle 1" move="Paris"/>
				<event id="69" time="150249999981" vehicle="Vehicle 1" pickup="10"/>
				<event id="70" time="150549999981" vehicle="Vehicle 1" move="Le Havre"/>
				<event id="71" time="153816666647" vehicle="Vehicle 1" deliver="16"/>
				<event id="72" time="154116666646" vehicle="Vehicle 1" move="Paris"/>
				<event id="73" time="157383333312" vehicle="Vehicle 1" pickup="19"/>
				<event id="74" time="157683333312" vehicle="Vehicle 1" move="Lyon"/>
				<event id="75" time="165449999978" vehicle="Vehicle 1" move="Marseille"/>
				<event id="76" time="170716666644" vehicle="Vehicle 1" deliver="21"/>
				<event id="77" time="171016666643" vehicle="Vehicle 1" move="Monaco"/>
				<event id="78" time="174766666642" vehicle="Vehicle 1" deliver="10"/>
				<event id="79" time="175066666641" vehicle="Vehicle 1" pickup="20"/>
				<event id="80" time="175366666641" vehicle="Vehicle 1" pickup="23"/>
				<event id="81" time="175666666641" vehicle="Vehicle 1" deliver="19"/>
				<event id="82" time="175966666641" vehicle="Vehicle 1" move="Marseille"/>
				<event id="83" time="179716666640" vehicle="Vehicle 1" move="Lyon"/>
				<event id="84" time="184983333306" vehicle="Vehicle 1" move="Paris"/>
				<event id="85" time="192749999972" vehicle="Vehicle 1" move="Brest"/>
				<event id="86" time="202599999972" vehicle="Vehicle 1" pickup="25"/>
				<event id="87" time="202899999972" vehicle="Vehicle 1" pickup="24"/>
				<event id="88" time="203199999972" vehicle="Vehicle 1" deliver="20"/>
				<event id="89" time="203499999972" vehicle="Vehicle 1" pickup="30"/>
				<event id="90" time="203799999972" vehicle="Vehicle 1" move="Paris"/>
				<event id="91" time="213649999972" vehicle="Vehicle 1" move="Le Havre"/>
				<event id="92" time="216916666638" vehicle="Vehicle 1" deliver="24"/>
				<event id="93" time="217216666637" vehicle="Vehicle 1" deliver="23"/>
				<event id="94" time="217516666637" vehicle="Vehicle 1" move="Paris"/>
				<event id="95" time="220783333303" vehicle="Vehicle 1" move="Bordeaux"/>
				<event id="96" time="230516666635" vehicle="Vehicle 1" deliver="25"/>
				<event id="97" time="230816666635" vehicle="Vehicle 1" move="Marseille"/>
				<event id="98" time="241583333301" vehicle="Vehicle 1" pickup="32"/>
				<event id="99" time="241883333301" vehicle="Vehicle 1" move="Monaco"/>
				<event id="100" time="245633333300" vehicle="Vehicle 1" pickup="29"/>
				<event id="101" time="245933333300" vehicle="Vehicle 1" deliver="30"/>
				<event id="102" time="246233333299" vehicle="Vehicle 1" pickup="28"/>
				<event id="103" time="246533333299" vehicle="Vehicle 1" move="Marseille"/>
				<event id="104" time="250283333298" vehicle="Vehicle 1" move="Lyon"/>
				<event id="105" time="255549999964" vehicle="Vehicle 1" deliver="29"/>
				<event id="106" time="255849999964" vehicle="Vehicle 1" move="Genève"/>
				<event id="107" time="258333333297" vehicle="Vehicle 1" deliver="28"/>
				<event id="108" time="258633333297" vehicle="Vehicle 1" pickup="31"/>
				<event id="109" time="258933333297" vehicle="Vehicle 1" move="Strasbourg"/>
				<event id="110" time="265416666629" vehicle="Vehicle 1" pickup="26"/>
				<event id="111" time="265716666629" vehicle="Vehicle 1" move="Paris"/>
				<event id="112" time="273833333295" vehicle="Vehicle 1" move="Brest"/>
				<event id="113" time="283683333294" vehicle="Vehicle 1" deliver="32"/>
				<event id="114" time="283983333294" vehicle="Vehicle 1" deliver="26"/>
				<event id="115" time="284283333293" vehicle="Vehicle 1" move="Paris"/>
				<event id="116" time="294133333292" vehicle="Vehicle 1" move="Le Havre"/>
				<event id="117" time="297399999958" vehicle="Vehicle 1" pickup="33"/>
				<event id="118" time="297699999958" vehicle="Vehicle 1" deliver="31"/>
				<event id="119" time="297999999958" vehicle="Vehicle 1" pickup="35"/>
				<event id="120" time="298299999958" vehicle="Vehicle 1" move="Paris"/>
				<event id="121" time="301566666624" vehicle="Vehicle 1" move="Lyon"/>
				<event id="122" time="309333333290" vehicle="Vehicle 1" move="Marseille"/>
				<event id="123" time="314599999956" vehicle="Vehicle 1" move="Monaco"/>
				<event id="124" time="318349999956" vehicle="Vehicle 1" pickup="36"/>
				<event id="125" time="318649999956" vehicle="Vehicle 1" pickup="34"/>
				<event id="126" time="318949999956" vehicle="Vehicle 1" move="Marseille"/>
				<event id="127" time="322699999956" vehicle="Vehicle 1" deliver="35"/>
				<event id="128" time="322999999956" vehicle="Vehicle 1" move="Bordeaux"/>
				<event id="129" time="333766666622" vehicle="Vehicle 1" pickup="39"/>
				<event id="130" time="334066666621" vehicle="Vehicle 1" deliver="33"/>
				<event id="131" time="334366666621" vehicle="Vehicle 1" move="Paris"/>
				<event id="132" time="344099999954" vehicle="Vehicle 1" pickup="37"/>
				<event id="133" time="344399999954" vehicle="Vehicle 1" move="Lyon"/>
				<event id="134" time="352166666620" vehicle="Vehicle 1" deliver="36"/>
				<event id="135" time="352466666620" vehicle="Vehicle 1" move="Genève"/>
				<event id="136" time="354949999953" vehicle="Vehicle 1" deliver="39"/>
				<event id="137" time="355249999953" vehicle="Vehicle 1" move="Strasbourg"/>
				<event id="138" time="361733333286" vehicle="Vehicle 1" deliver="37"/>
				<event id="139" time="362033333285" vehicle="Vehicle 1" move="Paris"/>
				<event id="140" time="370149999951" vehicle="Vehicle 1" move="Brest"/>
				<event id="141" time="379999999951" vehicle="Vehicle 1" pickup="8"/>
				<event id="142" time="380299999951" vehicle="Vehicle 1" deliver="34"/>
				<event id="143" time="380599999951" vehicle="Vehicle 1" move="Paris"/>
				<event id="144" time="390449999951" vehicle="Vehicle 1" move="Le Havre"/>
				<event id="145" time="393716666617" vehicle="Vehicle 1" deliver="8"/>
			</events>
		</round>
	</rounds>
	<statistics>
		<stat rank="1" agent="Opponent">
			<total-tasks value="35"/>
			<total-distance value="22381.0"/>
			<total-cost value="111905"/>
			<total-reward value="212974"/>
			<total-profit value="101069"/>
		</stat>
		<stat rank="2" agent="Naive">
			<total-tasks value="5"/>
			<total-distance value="2806.0"/>
			<total-cost value="14030"/>
			<total-reward value="16093"/>
			<total-profit value="2063"/>
		</stat>
	</statistics>
</history>
