<?xml version="1.0" encoding="ISO-8859-1"?>

<history configuration="config/rounds/auction3.xml">
	<agents>
		<agent name="Neutral">
			<vehicle name="Vehicle 1"/>
			<vehicle name="Vehicle 2"/>
			<vehicle name="Vehicle 3"/>
			<vehicle name="Vehicle 4"/>
		</agent>
		<agent name="Zero">
			<vehicle name="Vehicle 5"/>
			<vehicle name="Vehicle 6"/>
			<vehicle name="Vehicle 7"/>
			<vehicle name="Vehicle 8"/>
		</agent>
	</agents>
	<rounds>
		<round id="1">
			<tasks>
				<task id="0" pickup="Paris" delivery="Monaco" weight="25" reward="40845">
					<bid agent="Neutral" bid="2517"/>
					<bid agent="Zero" bid="7365"/>
				</task>
				<task id="1" pickup="Paris" delivery="Monaco" weight="25" reward="40845">
					<bid agent="Neutral" bid="1342"/>
					<bid agent="Zero" bid="7365"/>
				</task>
				<task id="2" pickup="Lyon" delivery="Paris" weight="28" reward="78143">
					<bid agent="Neutral" bid="1531"/>
					<bid agent="Zero" bid="2330"/>
				</task>
				<task id="3" pickup="Brest" delivery="Lyon" weight="13" reward="37398">
					<bid agent="Neutral" bid="2472"/>
					<bid agent="Zero" bid="10570"/>
				</task>
				<task id="4" pickup="Brest" delivery="Strasbourg" weight="25" reward="35950">
					<bid agent="Neutral" bid="2826"/>
					<bid agent="Zero" bid="10675"/>
				</task>
				<task id="5" pickup="Brest" delivery="Monaco" weight="15" reward="100">
					<bid agent="Neutral" bid="2945"/>
					<bid agent="Zero" bid="13275"/>
				</task>
				<task id="6" pickup="Lyon" delivery="Monaco" weight="28" reward="72973">
					<bid agent="Neutral" bid="2154"/>
					<bid agent="Zero" bid="2705"/>
				</task>
				<task id="7" pickup="Paris" delivery="Le Havre" weight="26" reward="96758">
					<bid agent="Neutral" bid="718"/>
					<bid agent="Zero" bid="3310"/>
				</task>
				<task id="8" pickup="Brest" delivery="Le Havre" weight="18" reward="56013">
					<bid agent="Neutral" bid="1884"/>
					<bid agent="Zero" bid="9220"/>
				</task>
				<task id="9" pickup="Paris" delivery="Monaco" weight="25" reward="40845">
					<bid agent="Neutral" bid="2406"/>
					<bid agent="Zero" bid="7365"/>
				</task>
				<task id="10" pickup="Paris" delivery="Monaco" weight="25" reward="40845">
					<bid agent="Neutral" bid="2097"/>
					<bid agent="Zero" bid="7365"/>
				</task>
				<task id="11" pickup="Marseille" delivery="Bordeaux" weight="16" reward="65734">
					<bid agent="Neutral" bid="3061"/>
					<bid agent="Zero" bid="4355"/>
				</task>
				<task id="12" pickup="Lyon" delivery="Monaco" weight="28" reward="72973">
					<bid agent="Neutral" bid="3651"/>
					<bid agent="Zero" bid="2705"/>
				</task>
				<task id="13" pickup="Genève" delivery="Marseille" weight="29" reward="78212">
					<bid agent="Neutral" bid="1078"/>
					<bid agent="Zero" bid="1490"/>
				</task>
				<task id="14" pickup="Le Havre" delivery="Strasbourg" weight="10" reward="63183">
					<bid agent="Neutral" bid="2653"/>
					<bid agent="Zero" bid="6830"/>
				</task>
				<task id="15" pickup="Monaco" delivery="Genève" weight="22" reward="74352">
					<bid agent="Neutral" bid="3395"/>
					<bid agent="Zero" bid="2605"/>
				</task>
				<task id="16" pickup="Bordeaux" delivery="Le Havre" weight="23" reward="56495">
					<bid agent="Neutral" bid="1950"/>
					<bid agent="Zero" bid="3900"/>
				</task>
				<task id="17" pickup="Genève" delivery="Bordeaux" weight="16" reward="59460">
					<bid agent="Neutral" bid="1842"/>
					<bid agent="Zero" bid="3685"/>
				</task>
				<task id="18" pickup="Monaco" delivery="Genève" weight="22" reward="74352">
					<bid agent="Neutral" bid="2622"/>
					<bid agent="Zero" bid="0"/>
				</task>
				<task id="19" pickup="Paris" delivery="Monaco" weight="25" reward="40845">
					<bid agent="Neutral" bid="2935"/>
					<bid agent="Zero" bid="4660"/>
				</task>
				<task id="20" pickup="Monaco" delivery="Brest" weight="12" reward="100">
					<bid agent="Neutral" bid="6925"/>
					<bid agent="Zero" bid="6030"/>
				</task>
				<task id="21" pickup="Bordeaux" delivery="Marseille" weight="21" reward="65734">
					<bid agent="Neutral" bid="2562"/>
					<bid agent="Zero" bid="2940"/>
				</task>
				<task id="22" pickup="Brest" delivery="Marseille" weight="11" reward="15612">
					<bid agent="Neutral" bid="6517"/>
					<bid agent="Zero" bid="5285"/>
				</task>
				<task id="23" pickup="Monaco" delivery="Le Havre" weight="23" reward="27332">
					<bid agent="Neutral" bid="980"/>
					<bid agent="Zero" bid="1960"/>
				</task>
				<task id="24" pickup="Brest" delivery="Le Havre" weight="18" reward="56013">
					<bid agent="Neutral" bid="3935"/>
					<bid agent="Zero" bid="1960"/>
				</task>
				<task id="25" pickup="Brest" delivery="Bordeaux" weight="21" reward="29263">
					<bid agent="Neutral" bid="5875"/>
					<bid agent="Zero" bid="2240"/>
				</task>
				<task id="26" pickup="Strasbourg" delivery="Brest" weight="25" reward="35950">
					<bid agent="Neutral" bid="4252"/>
					<bid agent="Zero" bid="2595"/>
				</task>
				<task id="27" pickup="Paris" delivery="Strasbourg" weight="26" reward="76696">
					<bid agent="Neutral" bid="4142"/>
					<bid agent="Zero" bid="2275"/>
				</task>
				<task id="28" pickup="Monaco" delivery="Genève" weight="22" reward="74352">
					<bid agent="Neutral" bid="967"/>
					<bid agent="Zero" bid="0"/>
				</task>
				<task id="29" pickup="Monaco" delivery="Lyon" weight="15" reward="72973">
					<bid agent="Neutral" bid="1715"/>
					<bid agent="Zero" bid="1960"/>
				</task>
				<task id="30" pickup="Brest" delivery="Monaco" weight="15" reward="100">
					<bid agent="Neutral" bid="4615"/>
					<bid agent="Zero" bid="1290"/>
				</task>
				<task id="31" pickup="Genève" delivery="Le Havre" weight="23" reward="54358">
					<bid agent="Neutral" bid="3007"/>
					<bid agent="Zero" bid="1960"/>
				</task>
				<task id="32" pickup="Marseille" delivery="Brest" weight="16" reward="15612">
					<bid agent="Neutral" bid="7672"/>
					<bid agent="Zero" bid="3160"/>
				</task>
				<task id="33" pickup="Le Havre" delivery="Bordeaux" weight="22" reward="56495">
					<bid agent="Neutral" bid="2135"/>
					<bid agent="Zero" bid="0"/>
				</task>
				<task id="34" pickup="Monaco" delivery="Brest" weight="12" reward="100">
					<bid agent="Neutral" bid="7677"/>
					<bid agent="Zero" bid="3545"/>
				</task>
				<task id="35" pickup="Le Havre" delivery="Marseille" weight="28" reward="42844">
					<bid agent="Neutral" bid="4857"/>
					<bid agent="Zero" bid="445"/>
				</task>
				<task id="36" pickup="Monaco" delivery="Lyon" weight="15" reward="72973">
					<bid agent="Neutral" bid="-2"/>
					<bid agent="Zero" bid="845"/>
				</task>
				<task id="37" pickup="Paris" delivery="Strasbourg" weight="26" reward="76696">
					<bid agent="Neutral" bid="2435"/>
					<bid agent="Zero" bid="3230"/>
				</task>
				<task id="38" pickup="Strasbourg" delivery="Paris" weight="26" reward="76696">
					<bid agent="Neutral" bid="-2"/>
					<bid agent="Zero" bid="1305"/>
				</task>
				<task id="39" pickup="Bordeaux" delivery="Genève" weight="23" reward="59460">
					<bid agent="Neutral" bid="17"/>
					<bid agent="Zero" bid="1490"/>
				</task>
			</tasks>
			<events>
				<event id="0" time="0" vehicle="Vehicle 2" move="Lyon"/>
				<event id="1" time="0" vehicle="Vehicle 3" pickup="3"/>
				<event id="2" time="0" vehicle="Vehicle 5" pickup="12"/>
				<event id="3" time="300000000" vehicle="Vehicle 3" pickup="8"/>
				<event id="4" time="300000000" vehicle="Vehicle 5" move="Marseille"/>
				<event id="5" time="600000000" vehicle="Vehicle 3" pickup="4"/>
				<event id="6" time="900000000" vehicle="Vehicle 3" pickup="5"/>
				<event id="7" time="1200000000" vehicle="Vehicle 3" move="Paris"/>
				<event id="8" time="3511111111" vehicle="Vehicle 2" pickup="2"/>
				<event id="9" time="3811111111" vehicle="Vehicle 2" move="Paris"/>
				<event id="10" time="3811111111" vehicle="Vehicle 5" move="Monaco"/>
				<event id="11" time="6311111110" vehicle="Vehicle 5" pickup="18"/>
				<event id="12" time="6611111110" vehicle="Vehicle 5" deliver="12"/>
				<event id="13" time="6911111110" vehicle="Vehicle 5" pickup="28"/>
				<event id="14" time="7211111109" vehicle="Vehicle 5" pickup="20"/>
				<event id="15" time="7511111109" vehicle="Vehicle 5" pickup="15"/>
				<event id="16" time="7766666666" vehicle="Vehicle 3" move="Le Havre"/>
				<event id="17" time="7811111109" vehicle="Vehicle 5" move="Genève"/>
				<event id="18" time="8988888887" vehicle="Vehicle 2" pickup="37"/>
				<event id="19" time="9288888886" vehicle="Vehicle 2" deliver="2"/>
				<event id="20" time="9588888886" vehicle="Vehicle 2" move="Strasbourg"/>
				<event id="21" time="9944444443" vehicle="Vehicle 3" deliver="8"/>
				<event id="22" time="10244444442" vehicle="Vehicle 3" pickup="14"/>
				<event id="23" time="10544444442" vehicle="Vehicle 3" move="Paris"/>
				<event id="24" time="12722222219" vehicle="Vehicle 3" move="Strasbourg"/>
				<event id="25" time="13599999997" vehicle="Vehicle 5" deliver="15"/>
				<event id="26" time="13899999997" vehicle="Vehicle 5" deliver="28"/>
				<event id="27" time="14199999997" vehicle="Vehicle 5" deliver="18"/>
				<event id="28" time="14499999997" vehicle="Vehicle 5" move="Lyon"/>
				<event id="29" time="14999999997" vehicle="Vehicle 2" pickup="38"/>
				<event id="30" time="15299999997" vehicle="Vehicle 2" deliver="37"/>
				<event id="31" time="15599999997" vehicle="Vehicle 2" move="Paris"/>
				<event id="32" time="16155555552" vehicle="Vehicle 5" move="Paris"/>
				<event id="33" time="18133333329" vehicle="Vehicle 3" deliver="4"/>
				<event id="34" time="18433333329" vehicle="Vehicle 3" deliver="14"/>
				<event id="35" time="18733333329" vehicle="Vehicle 3" move="Genève"/>
				<event id="36" time="21011111108" vehicle="Vehicle 2" deliver="38"/>
				<event id="37" time="21311111108" vehicle="Vehicle 2" pickup="10"/>
				<event id="38" time="21333333329" vehicle="Vehicle 5" move="Brest"/>
				<event id="39" time="21611111108" vehicle="Vehicle 2" pickup="0"/>
				<event id="40" time="21911111108" vehicle="Vehicle 2" move="Lyon"/>
				<event id="41" time="23055555550" vehicle="Vehicle 3" pickup="13"/>
				<event id="42" time="23355555550" vehicle="Vehicle 3" move="Lyon"/>
				<event id="43" time="25011111105" vehicle="Vehicle 3" deliver="3"/>
				<event id="44" time="25311111105" vehicle="Vehicle 3" pickup="6"/>
				<event id="45" time="25611111105" vehicle="Vehicle 3" move="Marseille"/>
				<event id="46" time="27088888884" vehicle="Vehicle 2" move="Marseille"/>
				<event id="47" time="27899999995" vehicle="Vehicle 5" pickup="30"/>
				<event id="48" time="28199999995" vehicle="Vehicle 5" deliver="20"/>
				<event id="49" time="28499999995" vehicle="Vehicle 5" pickup="22"/>
				<event id="50" time="28799999995" vehicle="Vehicle 5" move="Paris"/>
				<event id="51" time="29122222215" vehicle="Vehicle 3" deliver="13"/>
				<event id="52" time="29422222215" vehicle="Vehicle 3" move="Monaco"/>
				<event id="53" time="30599999995" vehicle="Vehicle 2" pickup="11"/>
				<event id="54" time="30899999995" vehicle="Vehicle 2" move="Monaco"/>
				<event id="55" time="31922222214" vehicle="Vehicle 3" deliver="6"/>
				<event id="56" time="32222222213" vehicle="Vehicle 3" deliver="5"/>
				<event id="57" time="33399999995" vehicle="Vehicle 2" deliver="10"/>
				<event id="58" time="33699999995" vehicle="Vehicle 2" pickup="36"/>
				<event id="59" time="33999999995" vehicle="Vehicle 2" pickup="29"/>
				<event id="60" time="34299999995" vehicle="Vehicle 2" deliver="0"/>
				<event id="61" time="34599999995" vehicle="Vehicle 2" move="Genève"/>
				<event id="62" time="35366666661" vehicle="Vehicle 5" move="Le Havre"/>
				<event id="63" time="37544444438" vehicle="Vehicle 5" pickup="35"/>
				<event id="64" time="37844444438" vehicle="Vehicle 5" move="Paris"/>
				<event id="65" time="40022222215" vehicle="Vehicle 5" pickup="27"/>
				<event id="66" time="40322222215" vehicle="Vehicle 5" move="Strasbourg"/>
				<event id="67" time="40388888883" vehicle="Vehicle 2" pickup="17"/>
				<event id="68" time="40688888883" vehicle="Vehicle 2" move="Lyon"/>
				<event id="69" time="42344444438" vehicle="Vehicle 2" deliver="36"/>
				<event id="70" time="42644444438" vehicle="Vehicle 2" deliver="29"/>
				<event id="71" time="42944444438" vehicle="Vehicle 2" move="Bordeaux"/>
				<event id="72" time="45733333325" vehicle="Vehicle 5" deliver="27"/>
				<event id="73" time="46033333324" vehicle="Vehicle 5" pickup="26"/>
				<event id="74" time="46333333324" vehicle="Vehicle 5" move="Genève"/>
				<event id="75" time="49477777770" vehicle="Vehicle 2" deliver="11"/>
				<event id="76" time="49777777770" vehicle="Vehicle 2" pickup="16"/>
				<event id="77" time="50077777769" vehicle="Vehicle 2" pickup="39"/>
				<event id="78" time="50377777769" vehicle="Vehicle 2" deliver="17"/>
				<event id="79" time="50655555545" vehicle="Vehicle 5" move="Lyon"/>
				<event id="80" time="50677777769" vehicle="Vehicle 2" pickup="21"/>
				<event id="81" time="50977777769" vehicle="Vehicle 2" move="Marseille"/>
				<event id="82" time="52311111100" vehicle="Vehicle 5" move="Marseille"/>
				<event id="83" time="55822222210" vehicle="Vehicle 5" deliver="35"/>
				<event id="84" time="56122222209" vehicle="Vehicle 5" move="Monaco"/>
				<event id="85" time="58155555546" vehicle="Vehicle 2" deliver="21"/>
				<event id="86" time="58455555546" vehicle="Vehicle 2" move="Monaco"/>
				<event id="87" time="58622222208" vehicle="Vehicle 5" pickup="34"/>
				<event id="88" time="58922222208" vehicle="Vehicle 5" deliver="30"/>
				<event id="89" time="59222222207" vehicle="Vehicle 5" move="Marseille"/>
				<event id="90" time="60955555545" vehicle="Vehicle 2" pickup="23"/>
				<event id="91" time="61255555544" vehicle="Vehicle 2" move="Genève"/>
				<event id="92" time="61722222206" vehicle="Vehicle 5" pickup="32"/>
				<event id="93" time="62022222205" vehicle="Vehicle 5" deliver="22"/>
				<event id="94" time="62322222205" vehicle="Vehicle 5" move="Lyon"/>
				<event id="95" time="65833333315" vehicle="Vehicle 5" move="Genève"/>
				<event id="96" time="67044444432" vehicle="Vehicle 2" deliver="39"/>
				<event id="97" time="67344444432" vehicle="Vehicle 2" move="Lyon"/>
				<event id="98" time="67488888869" vehicle="Vehicle 5" pickup="31"/>
				<event id="99" time="67788888869" vehicle="Vehicle 5" move="Lyon"/>
				<event id="100" time="68999999987" vehicle="Vehicle 2" move="Paris"/>
				<event id="101" time="69444444424" vehicle="Vehicle 5" move="Paris"/>
				<event id="102" time="74177777764" vehicle="Vehicle 2" pickup="7"/>
				<event id="103" time="74477777764" vehicle="Vehicle 2" move="Le Havre"/>
				<event id="104" time="74622222201" vehicle="Vehicle 5" move="Brest"/>
				<event id="105" time="76655555541" vehicle="Vehicle 2" deliver="7"/>
				<event id="106" time="76955555541" vehicle="Vehicle 2" deliver="16"/>
				<event id="107" time="77255555540" vehicle="Vehicle 2" deliver="23"/>
				<event id="108" time="77555555540" vehicle="Vehicle 2" move="Paris"/>
				<event id="109" time="79733333317" vehicle="Vehicle 2" pickup="1"/>
				<event id="110" time="80033333316" vehicle="Vehicle 2" pickup="9"/>
				<event id="111" time="80333333316" vehicle="Vehicle 2" pickup="19"/>
				<event id="112" time="80633333316" vehicle="Vehicle 2" move="Lyon"/>
				<event id="113" time="81188888866" vehicle="Vehicle 5" deliver="34"/>
				<event id="114" time="81488888866" vehicle="Vehicle 5" deliver="32"/>
				<event id="115" time="81788888866" vehicle="Vehicle 5" pickup="24"/>
				<event id="116" time="82088888865" vehicle="Vehicle 5" deliver="26"/>
				<event id="117" time="82388888865" vehicle="Vehicle 5" pickup="25"/>
				<event id="118" time="82688888865" vehicle="Vehicle 5" move="Paris"/>
				<event id="119" time="85811111093" vehicle="Vehicle 2" move="Marseille"/>
				<event id="120" time="89255555531" vehicle="Vehicle 5" move="Le Havre"/>
				<event id="121" time="89322222203" vehicle="Vehicle 2" move="Monaco"/>
				<event id="122" time="91433333308" vehicle="Vehicle 5" deliver="31"/>
				<event id="123" time="91733333308" vehicle="Vehicle 5" pickup="33"/>
				<event id="124" time="91822222202" vehicle="Vehicle 2" deliver="19"/>
				<event id="125" time="92033333307" vehicle="Vehicle 5" deliver="24"/>
				<event id="126" time="92122222201" vehicle="Vehicle 2" deliver="9"/>
				<event id="127" time="92333333307" vehicle="Vehicle 5" move="Paris"/>
				<event id="128" time="92422222201" vehicle="Vehicle 2" deliver="1"/>
				<event id="129" time="94511111084" vehicle="Vehicle 5" move="Bordeaux"/>
				<event id="130" time="100999999972" vehicle="Vehicle 5" deliver="25"/>
				<event id="131" time="101299999972" vehicle="Vehicle 5" deliver="33"/>
			</events>
		</round>
	</rounds>
	<statistics>
		<stat rank="1" agent="Zero">
			<total-tasks value="16"/>
			<total-distance value="8280.0"/>
			<total-cost value="41400"/>
			<total-reward value="36095"/>
			<total-profit value="-5305"/>
		</stat>
		<stat rank="2" agent="Neutral">
			<total-tasks value="24"/>
			<total-distance value="9976.0"/>
			<total-cost value="49880"/>
			<total-reward value="44116"/>
			<total-profit value="-5764"/>
		</stat>
	</statistics>
</history>
