<?xml version="1.0" encoding="ISO-8859-1"?>

<history configuration="config/rounds/auction3.xml">
	<agents>
		<agent name="AFK">
			<vehicle name="Vehicle 1"/>
			<vehicle name="Vehicle 2"/>
			<vehicle name="Vehicle 3"/>
			<vehicle name="Vehicle 4"/>
		</agent>
		<agent name="Margin">
			<vehicle name="Vehicle 5"/>
			<vehicle name="Vehicle 6"/>
			<vehicle name="Vehicle 7"/>
			<vehicle name="Vehicle 8"/>
		</agent>
	</agents>
	<rounds>
		<round id="1">
			<tasks>
				<task id="0" pickup="Paris" delivery="Monaco" weight="25" reward="40845">
					<bid agent="Margin" bid="3682"/>
				</task>
				<task id="1" pickup="Paris" delivery="Monaco" weight="25" reward="40845">
					<bid agent="Margin" bid="25"/>
				</task>
				<task id="2" pickup="Lyon" delivery="Paris" weight="28" reward="78143">
					<bid agent="Margin" bid="25"/>
				</task>
				<task id="3" pickup="Brest" delivery="Lyon" weight="13" reward="37398">
					<bid agent="Margin" bid="3265"/>
				</task>
				<task id="4" pickup="Brest" delivery="Strasbourg" weight="25" reward="35950">
					<bid agent="Margin" bid="2727"/>
				</task>
				<task id="5" pickup="Brest" delivery="Monaco" weight="15" reward="100">
					<bid agent="Margin" bid="25"/>
				</task>
				<task id="6" pickup="Lyon" delivery="Monaco" weight="28" reward="72973">
					<bid agent="Margin" bid="3021"/>
				</task>
				<task id="7" pickup="Paris" delivery="Le Havre" weight="26" reward="96758">
					<bid agent="Margin" bid="1082"/>
				</task>
				<task id="8" pickup="Brest" delivery="Le Havre" weight="18" reward="56013">
					<bid agent="Margin" bid="25"/>
				</task>
				<task id="9" pickup="Paris" delivery="Monaco" weight="25" reward="40845">
					<bid agent="Margin" bid="1024"/>
				</task>
				<task id="10" pickup="Paris" delivery="Monaco" weight="25" reward="40845">
					<bid agent="Margin" bid="25"/>
				</task>
				<task id="11" pickup="Marseille" delivery="Bordeaux" weight="16" reward="65734">
					<bid agent="Margin" bid="1959"/>
				</task>
				<task id="12" pickup="Lyon" delivery="Monaco" weight="28" reward="72973">
					<bid agent="Margin" bid="1317"/>
				</task>
				<task id="13" pickup="Genève" delivery="Marseille" weight="29" reward="78212">
					<bid agent="Margin" bid="677"/>
				</task>
				<task id="14" pickup="Le Havre" delivery="Strasbourg" weight="10" reward="63183">
					<bid agent="Margin" bid="622"/>
				</task>
				<task id="15" pickup="Monaco" delivery="Genève" weight="22" reward="74352">
					<bid agent="Margin" bid="467"/>
				</task>
				<task id="16" pickup="Bordeaux" delivery="Le Havre" weight="23" reward="56495">
					<bid agent="Margin" bid="25"/>
				</task>
				<task id="17" pickup="Genève" delivery="Bordeaux" weight="16" reward="59460">
					<bid agent="Margin" bid="25"/>
				</task>
				<task id="18" pickup="Monaco" delivery="Genève" weight="22" reward="74352">
					<bid agent="Margin" bid="25"/>
				</task>
				<task id="19" pickup="Paris" delivery="Monaco" weight="25" reward="40845">
					<bid agent="Margin" bid="25"/>
				</task>
				<task id="20" pickup="Monaco" delivery="Brest" weight="12" reward="100">
					<bid agent="Margin" bid="25"/>
				</task>
				<task id="21" pickup="Bordeaux" delivery="Marseille" weight="21" reward="65734">
					<bid agent="Margin" bid="25"/>
				</task>
				<task id="22" pickup="Brest" delivery="Marseille" weight="11" reward="15612">
					<bid agent="Margin" bid="25"/>
				</task>
				<task id="23" pickup="Monaco" delivery="Le Havre" weight="23" reward="27332">
					<bid agent="Margin" bid="25"/>
				</task>
				<task id="24" pickup="Brest" delivery="Le Havre" weight="18" reward="56013">
					<bid agent="Margin" bid="25"/>
				</task>
				<task id="25" pickup="Brest" delivery="Bordeaux" weight="21" reward="29263">
					<bid agent="Margin" bid="25"/>
				</task>
				<task id="26" pickup="Strasbourg" delivery="Brest" weight="25" reward="35950">
					<bid agent="Margin" bid="25"/>
				</task>
				<task id="27" pickup="Paris" delivery="Strasbourg" weight="26" reward="76696">
					<bid agent="Margin" bid="25"/>
				</task>
				<task id="28" pickup="Monaco" delivery="Genève" weight="22" reward="74352">
					<bid agent="Margin" bid="25"/>
				</task>
				<task id="29" pickup="Monaco" delivery="Lyon" weight="15" reward="72973">
					<bid agent="Margin" bid="25"/>
				</task>
				<task id="30" pickup="Brest" delivery="Monaco" weight="15" reward="100">
					<bid agent="Margin" bid="25"/>
				</task>
				<task id="31" pickup="Genève" delivery="Le Havre" weight="23" reward="54358">
					<bid agent="Margin" bid="25"/>
				</task>
				<task id="32" pickup="Marseille" delivery="Brest" weight="16" reward="15612">
					<bid agent="Margin" bid="25"/>
				</task>
				<task id="33" pickup="Le Havre" delivery="Bordeaux" weight="22" reward="56495">
					<bid agent="Margin" bid="25"/>
				</task>
				<task id="34" pickup="Monaco" delivery="Brest" weight="12" reward="100">
					<bid agent="Margin" bid="25"/>
				</task>
				<task id="35" pickup="Le Havre" delivery="Marseille" weight="28" reward="42844">
					<bid agent="Margin" bid="25"/>
				</task>
				<task id="36" pickup="Monaco" delivery="Lyon" weight="15" reward="72973">
					<bid agent="Margin" bid="25"/>
				</task>
				<task id="37" pickup="Paris" delivery="Strasbourg" weight="26" reward="76696">
					<bid agent="Margin" bid="25"/>
				</task>
				<task id="38" pickup="Strasbourg" delivery="Paris" weight="26" reward="76696">
					<bid agent="Margin" bid="25"/>
				</task>
				<task id="39" pickup="Bordeaux" delivery="Genève" weight="23" reward="59460">
					<bid agent="Margin" bid="25"/>
				</task>
			</tasks>
			<events>
				<event id="0" time="0" vehicle="Vehicle 5" move="Paris"/>
				<event id="1" time="0" vehicle="Vehicle 6" pickup="16"/>
				<event id="2" time="0" vehicle="Vehicle 7" pickup="29"/>
				<event id="3" time="0" vehicle="Vehicle 8" pickup="38"/>
				<event id="4" time="300000000" vehicle="Vehicle 6" move="Paris"/>
				<event id="5" time="300000000" vehicle="Vehicle 7" pickup="28"/>
				<event id="6" time="300000000" vehicle="Vehicle 8" move="Paris"/>
				<event id="7" time="600000000" vehicle="Vehicle 7" pickup="36"/>
				<event id="8" time="900000000" vehicle="Vehicle 7" pickup="23"/>
				<event id="9" time="1200000000" vehicle="Vehicle 7" move="Genève"/>
				<event id="10" time="5177777777" vehicle="Vehicle 5" move="Brest"/>
				<event id="11" time="5711111111" vehicle="Vehicle 8" pickup="10"/>
				<event id="12" time="6011111110" vehicle="Vehicle 8" pickup="27"/>
				<event id="13" time="6311111110" vehicle="Vehicle 8" deliver="38"/>
				<event id="14" time="6611111110" vehicle="Vehicle 8" pickup="19"/>
				<event id="15" time="6788888888" vehicle="Vehicle 6" pickup="7"/>
				<event id="16" time="6911111110" vehicle="Vehicle 8" move="Strasbourg"/>
				<event id="17" time="6988888888" vehicle="Vehicle 7" deliver="28"/>
				<event id="18" time="7088888887" vehicle="Vehicle 6" move="Le Havre"/>
				<event id="19" time="7288888887" vehicle="Vehicle 7" pickup="31"/>
				<event id="20" time="7588888887" vehicle="Vehicle 7" move="Lyon"/>
				<event id="21" time="9244444442" vehicle="Vehicle 7" deliver="29"/>
				<event id="22" time="9266666664" vehicle="Vehicle 6" deliver="16"/>
				<event id="23" time="9544444442" vehicle="Vehicle 7" deliver="36"/>
				<event id="24" time="9566666664" vehicle="Vehicle 6" deliver="7"/>
				<event id="25" time="9844444442" vehicle="Vehicle 7" move="Paris"/>
				<event id="26" time="9866666664" vehicle="Vehicle 6" move="Paris"/>
				<event id="27" time="11744444443" vehicle="Vehicle 5" pickup="3"/>
				<event id="28" time="12044444441" vehicle="Vehicle 6" pickup="1"/>
				<event id="29" time="12044444442" vehicle="Vehicle 5" pickup="30"/>
				<event id="30" time="12322222220" vehicle="Vehicle 8" deliver="27"/>
				<event id="31" time="12344444441" vehicle="Vehicle 6" pickup="9"/>
				<event id="32" time="12344444442" vehicle="Vehicle 5" pickup="22"/>
				<event id="33" time="12622222220" vehicle="Vehicle 8" move="Genève"/>
				<event id="34" time="12644444441" vehicle="Vehicle 6" pickup="0"/>
				<event id="35" time="12644444442" vehicle="Vehicle 5" pickup="5"/>
				<event id="36" time="12944444441" vehicle="Vehicle 6" move="Lyon"/>
				<event id="37" time="12944444442" vehicle="Vehicle 5" move="Paris"/>
				<event id="38" time="15022222219" vehicle="Vehicle 7" move="Le Havre"/>
				<event id="39" time="16944444441" vehicle="Vehicle 8" pickup="13"/>
				<event id="40" time="17199999996" vehicle="Vehicle 7" deliver="31"/>
				<event id="41" time="17244444440" vehicle="Vehicle 8" move="Lyon"/>
				<event id="42" time="17499999996" vehicle="Vehicle 7" deliver="23"/>
				<event id="43" time="17799999996" vehicle="Vehicle 7" pickup="33"/>
				<event id="44" time="18099999996" vehicle="Vehicle 7" pickup="35"/>
				<event id="45" time="18122222218" vehicle="Vehicle 6" move="Marseille"/>
				<event id="46" time="18399999996" vehicle="Vehicle 7" move="Paris"/>
				<event id="47" time="18899999995" vehicle="Vehicle 8" move="Marseille"/>
				<event id="48" time="19511111108" vehicle="Vehicle 5" move="Lyon"/>
				<event id="49" time="20577777773" vehicle="Vehicle 7" move="Bordeaux"/>
				<event id="50" time="21633333328" vehicle="Vehicle 6" move="Monaco"/>
				<event id="51" time="22411111106" vehicle="Vehicle 8" deliver="13"/>
				<event id="52" time="22711111106" vehicle="Vehicle 8" move="Monaco"/>
				<event id="53" time="24133333327" vehicle="Vehicle 6" deliver="0"/>
				<event id="54" time="24433333327" vehicle="Vehicle 6" deliver="9"/>
				<event id="55" time="24688888884" vehicle="Vehicle 5" deliver="3"/>
				<event id="56" time="24733333327" vehicle="Vehicle 6" deliver="1"/>
				<event id="57" time="24988888884" vehicle="Vehicle 5" pickup="6"/>
				<event id="58" time="25211111105" vehicle="Vehicle 8" pickup="20"/>
				<event id="59" time="25288888883" vehicle="Vehicle 5" move="Marseille"/>
				<event id="60" time="25511111105" vehicle="Vehicle 8" deliver="10"/>
				<event id="61" time="25811111105" vehicle="Vehicle 8" pickup="34"/>
				<event id="62" time="26111111104" vehicle="Vehicle 8" deliver="19"/>
				<event id="63" time="26411111104" vehicle="Vehicle 8" pickup="18"/>
				<event id="64" time="26711111104" vehicle="Vehicle 8" pickup="15"/>
				<event id="65" time="27011111103" vehicle="Vehicle 8" move="Genève"/>
				<event id="66" time="27066666661" vehicle="Vehicle 7" pickup="39"/>
				<event id="67" time="27366666661" vehicle="Vehicle 7" deliver="33"/>
				<event id="68" time="27666666661" vehicle="Vehicle 7" pickup="21"/>
				<event id="69" time="27966666661" vehicle="Vehicle 7" move="Lyon"/>
				<event id="70" time="28799999994" vehicle="Vehicle 5" deliver="22"/>
				<event id="71" time="29099999994" vehicle="Vehicle 5" move="Monaco"/>
				<event id="72" time="31599999994" vehicle="Vehicle 5" deliver="5"/>
				<event id="73" time="31899999994" vehicle="Vehicle 5" deliver="6"/>
				<event id="74" time="32199999994" vehicle="Vehicle 5" deliver="30"/>
				<event id="75" time="32799999991" vehicle="Vehicle 8" deliver="15"/>
				<event id="76" time="33099999991" vehicle="Vehicle 8" deliver="18"/>
				<event id="77" time="33399999991" vehicle="Vehicle 8" move="Strasbourg"/>
				<event id="78" time="34499999994" vehicle="Vehicle 7" move="Genève"/>
				<event id="79" time="36155555549" vehicle="Vehicle 7" deliver="39"/>
				<event id="80" time="36455555549" vehicle="Vehicle 7" move="Lyon"/>
				<event id="81" time="37722222213" vehicle="Vehicle 8" pickup="26"/>
				<event id="82" time="38022222212" vehicle="Vehicle 8" move="Paris"/>
				<event id="83" time="38111111104" vehicle="Vehicle 7" pickup="12"/>
				<event id="84" time="38411111104" vehicle="Vehicle 7" move="Marseille"/>
				<event id="85" time="41922222214" vehicle="Vehicle 7" deliver="21"/>
				<event id="86" time="42222222213" vehicle="Vehicle 7" pickup="11"/>
				<event id="87" time="42522222213" vehicle="Vehicle 7" deliver="35"/>
				<event id="88" time="42822222213" vehicle="Vehicle 7" pickup="32"/>
				<event id="89" time="43122222212" vehicle="Vehicle 7" move="Monaco"/>
				<event id="90" time="43433333322" vehicle="Vehicle 8" move="Brest"/>
				<event id="91" time="45622222211" vehicle="Vehicle 7" deliver="12"/>
				<event id="92" time="45922222211" vehicle="Vehicle 7" move="Genève"/>
				<event id="93" time="49999999988" vehicle="Vehicle 8" deliver="26"/>
				<event id="94" time="50299999988" vehicle="Vehicle 8" pickup="24"/>
				<event id="95" time="50599999988" vehicle="Vehicle 8" pickup="8"/>
				<event id="96" time="50899999988" vehicle="Vehicle 8" deliver="20"/>
				<event id="97" time="51199999988" vehicle="Vehicle 8" deliver="34"/>
				<event id="98" time="51499999988" vehicle="Vehicle 8" pickup="4"/>
				<event id="99" time="51711111099" vehicle="Vehicle 7" pickup="17"/>
				<event id="100" time="51799999988" vehicle="Vehicle 8" move="Paris"/>
				<event id="101" time="52011111098" vehicle="Vehicle 7" move="Lyon"/>
				<event id="102" time="53666666652" vehicle="Vehicle 7" pickup="2"/>
				<event id="103" time="53966666652" vehicle="Vehicle 7" move="Paris"/>
				<event id="104" time="58366666654" vehicle="Vehicle 8" move="Le Havre"/>
				<event id="105" time="59144444429" vehicle="Vehicle 7" deliver="2"/>
				<event id="106" time="59444444429" vehicle="Vehicle 7" move="Brest"/>
				<event id="107" time="60544444431" vehicle="Vehicle 8" deliver="24"/>
				<event id="108" time="60844444431" vehicle="Vehicle 8" pickup="14"/>
				<event id="109" time="61144444430" vehicle="Vehicle 8" deliver="8"/>
				<event id="110" time="61444444430" vehicle="Vehicle 8" move="Paris"/>
				<event id="111" time="63622222207" vehicle="Vehicle 8" pickup="37"/>
				<event id="112" time="63922222207" vehicle="Vehicle 8" move="Strasbourg"/>
				<event id="113" time="66011111095" vehicle="Vehicle 7" pickup="25"/>
				<event id="114" time="66311111095" vehicle="Vehicle 7" deliver="32"/>
				<event id="115" time="66611111095" vehicle="Vehicle 7" move="Paris"/>
				<event id="116" time="69333333317" vehicle="Vehicle 8" deliver="37"/>
				<event id="117" time="69633333317" vehicle="Vehicle 8" deliver="4"/>
				<event id="118" time="69933333317" vehicle="Vehicle 8" deliver="14"/>
				<event id="119" time="73177777760" vehicle="Vehicle 7" move="Bordeaux"/>
				<event id="120" time="79666666648" vehicle="Vehicle 7" deliver="17"/>
				<event id="121" time="79966666648" vehicle="Vehicle 7" deliver="11"/>
				<event id="122" time="80266666647" vehicle="Vehicle 7" deliver="25"/>
			</events>
		</round>
	</rounds>
	<statistics>
		<stat rank="1" agent="AFK">
			<total-tasks value="0"/>
			<total-distance value="0.0"/>
			<total-cost value="0"/>
			<total-reward value="0"/>
			<total-profit value="0"/>
		</stat>
		<stat rank="2" agent="Margin">
			<total-tasks value="40"/>
			<total-distance value="16590.0"/>
			<total-cost value="82950"/>
			<total-reward value="20568"/>
			<total-profit value="-62382"/>
		</stat>
	</statistics>
</history>
