<?xml version="1.0" encoding="ISO-8859-1"?>

<history configuration="config/rounds/auction1.xml">
	<agents>
		<agent name="Neutral">
			<vehicle name="Vehicle 1"/>
			<vehicle name="Vehicle 2"/>
		</agent>
		<agent name="Zero">
			<vehicle name="Vehicle 3"/>
			<vehicle name="Vehicle 4"/>
		</agent>
	</agents>
	<rounds>
		<round id="1">
			<tasks>
				<task id="0" pickup="Leeds" delivery="Sheffield" weight="6" reward="1281">
					<bid agent="Neutral" bid="226"/>
					<bid agent="Zero" bid="2029"/>
				</task>
				<task id="1" pickup="Liverpool" delivery="Sheffield" weight="7" reward="14258">
					<bid agent="Neutral" bid="345"/>
					<bid agent="Zero" bid="2382"/>
				</task>
				<task id="2" pickup="Manchester" delivery="Cardiff" weight="9" reward="31460">
					<bid agent="Neutral" bid="686"/>
					<bid agent="Zero" bid="2689"/>
				</task>
				<task id="3" pickup="Manchester" delivery="London" weight="6" reward="31997">
					<bid agent="Neutral" bid="668"/>
					<bid agent="Zero" bid="2704"/>
				</task>
				<task id="4" pickup="Plymouth" delivery="Birmingham" weight="8" reward="58829">
					<bid agent="Neutral" bid="1354"/>
					<bid agent="Zero" bid="1814"/>
				</task>
				<task id="5" pickup="Liverpool" delivery="Norwich" weight="5" reward="58793">
					<bid agent="Neutral" bid="803"/>
					<bid agent="Zero" bid="3626"/>
				</task>
				<task id="6" pickup="Birmingham" delivery="Norwich" weight="8" reward="35595">
					<bid agent="Neutral" bid="407"/>
					<bid agent="Zero" bid="2330"/>
				</task>
				<task id="7" pickup="Sheffield" delivery="Manchester" weight="7" reward="20470">
					<bid agent="Neutral" bid="535"/>
					<bid agent="Zero" bid="2358"/>
				</task>
				<task id="8" pickup="Liverpool" delivery="Cardiff" weight="6" reward="37671">
					<bid agent="Neutral" bid="468"/>
					<bid agent="Zero" bid="3036"/>
				</task>
				<task id="9" pickup="Sheffield" delivery="Norwich" weight="7" reward="51741">
					<bid agent="Neutral" bid="646"/>
					<bid agent="Zero" bid="3232"/>
				</task>
				<task id="10" pickup="Portsmouth" delivery="Cardiff" weight="5" reward="48984">
					<bid agent="Neutral" bid="900"/>
					<bid agent="Zero" bid="2389"/>
				</task>
				<task id="11" pickup="Plymouth" delivery="London" weight="7" reward="37707">
					<bid agent="Neutral" bid="530"/>
					<bid agent="Zero" bid="1224"/>
				</task>
				<task id="12" pickup="Sheffield" delivery="Norwich" weight="7" reward="51741">
					<bid agent="Neutral" bid="864"/>
					<bid agent="Zero" bid="3232"/>
				</task>
				<task id="13" pickup="Newcastle" delivery="Liverpool" weight="9" reward="24497">
					<bid agent="Neutral" bid="399"/>
					<bid agent="Zero" bid="3170"/>
				</task>
				<task id="14" pickup="Cardiff" delivery="Newcastle" weight="8" reward="55643">
					<bid agent="Neutral" bid="1865"/>
					<bid agent="Zero" bid="3465"/>
				</task>
				<task id="15" pickup="Birmingham" delivery="Sheffield" weight="6" reward="10034">
					<bid agent="Neutral" bid="225"/>
					<bid agent="Zero" bid="1616"/>
				</task>
				<task id="16" pickup="Newcastle" delivery="Birmingham" weight="5" reward="35058">
					<bid agent="Neutral" bid="575"/>
					<bid agent="Zero" bid="3465"/>
				</task>
				<task id="17" pickup="Birmingham" delivery="Plymouth" weight="6" reward="58829">
					<bid agent="Neutral" bid="1435"/>
					<bid agent="Zero" bid="2979"/>
				</task>
				<task id="18" pickup="Cardiff" delivery="Newcastle" weight="8" reward="55643">
					<bid agent="Neutral" bid="862"/>
					<bid agent="Zero" bid="3465"/>
				</task>
				<task id="19" pickup="Leeds" delivery="Sheffield" weight="6" reward="1281">
					<bid agent="Neutral" bid="103"/>
					<bid agent="Zero" bid="2029"/>
				</task>
			</tasks>
			<events>
				<event id="0" time="0" vehicle="Vehicle 1" pickup="16"/>
				<event id="1" time="0" vehicle="Vehicle 2" move="Birmingham"/>
				<event id="2" time="300000000" vehicle="Vehicle 1" move="Leeds"/>
				<event id="3" time="1311111111" vehicle="Vehicle 2" move="Cardiff"/>
				<event id="4" time="1394444444" vehicle="Vehicle 1" move="Liverpool"/>
				<event id="5" time="2199999999" vehicle="Vehicle 1" pickup="8"/>
				<event id="6" time="2499999999" vehicle="Vehicle 1" move="Manchester"/>
				<event id="7" time="2588888887" vehicle="Vehicle 2" pickup="14"/>
				<event id="8" time="2885555554" vehicle="Vehicle 1" pickup="2"/>
				<event id="9" time="2888888887" vehicle="Vehicle 2" pickup="18"/>
				<event id="10" time="3185555553" vehicle="Vehicle 1" move="Birmingham"/>
				<event id="11" time="3188888886" vehicle="Vehicle 2" move="Birmingham"/>
				<event id="12" time="4239999997" vehicle="Vehicle 1" pickup="17"/>
				<event id="13" time="4466666663" vehicle="Vehicle 2" pickup="15"/>
				<event id="14" time="4539999997" vehicle="Vehicle 1" move="London"/>
				<event id="15" time="4766666663" vehicle="Vehicle 2" move="Sheffield"/>
				<event id="16" time="5768888884" vehicle="Vehicle 2" pickup="7"/>
				<event id="17" time="5851111108" vehicle="Vehicle 1" move="Portsmouth"/>
				<event id="18" time="6068888883" vehicle="Vehicle 2" move="Leeds"/>
				<event id="19" time="6527777771" vehicle="Vehicle 2" move="Newcastle"/>
				<event id="20" time="6682222218" vehicle="Vehicle 1" move="Plymouth"/>
				<event id="21" time="7622222215" vehicle="Vehicle 2" pickup="13"/>
				<event id="22" time="7922222215" vehicle="Vehicle 2" deliver="14"/>
				<event id="23" time="8222222214" vehicle="Vehicle 2" deliver="18"/>
				<event id="24" time="8522222214" vehicle="Vehicle 2" move="Leeds"/>
				<event id="25" time="8571111106" vehicle="Vehicle 1" pickup="4"/>
				<event id="26" time="8871111106" vehicle="Vehicle 1" deliver="17"/>
				<event id="27" time="9171111105" vehicle="Vehicle 1" pickup="11"/>
				<event id="28" time="9471111105" vehicle="Vehicle 1" move="Portsmouth"/>
				<event id="29" time="9616666657" vehicle="Vehicle 2" move="Liverpool"/>
				<event id="30" time="10422222212" vehicle="Vehicle 2" move="Manchester"/>
				<event id="31" time="10807777767" vehicle="Vehicle 2" pickup="3"/>
				<event id="32" time="11107777766" vehicle="Vehicle 2" deliver="7"/>
				<event id="33" time="11359999993" vehicle="Vehicle 1" pickup="10"/>
				<event id="34" time="11407777766" vehicle="Vehicle 2" move="Liverpool"/>
				<event id="35" time="11659999993" vehicle="Vehicle 1" move="London"/>
				<event id="36" time="11793333321" vehicle="Vehicle 2" pickup="5"/>
				<event id="37" time="12093333320" vehicle="Vehicle 2" deliver="13"/>
				<event id="38" time="12393333320" vehicle="Vehicle 2" pickup="1"/>
				<event id="39" time="12491111104" vehicle="Vehicle 1" deliver="11"/>
				<event id="40" time="12693333320" vehicle="Vehicle 2" move="Leeds"/>
				<event id="41" time="12791111104" vehicle="Vehicle 1" move="Birmingham"/>
				<event id="42" time="13498888874" vehicle="Vehicle 2" pickup="0"/>
				<event id="43" time="13798888874" vehicle="Vehicle 2" pickup="19"/>
				<event id="44" time="14098888873" vehicle="Vehicle 2" move="Sheffield"/>
				<event id="45" time="14102222214" vehicle="Vehicle 1" deliver="4"/>
				<event id="46" time="14402222214" vehicle="Vehicle 1" deliver="16"/>
				<event id="47" time="14557777761" vehicle="Vehicle 2" deliver="0"/>
				<event id="48" time="14702222214" vehicle="Vehicle 1" move="Cardiff"/>
				<event id="49" time="14857777761" vehicle="Vehicle 2" pickup="12"/>
				<event id="50" time="15157777760" vehicle="Vehicle 2" deliver="15"/>
				<event id="51" time="15457777760" vehicle="Vehicle 2" pickup="9"/>
				<event id="52" time="15757777760" vehicle="Vehicle 2" deliver="1"/>
				<event id="53" time="15979999991" vehicle="Vehicle 1" deliver="10"/>
				<event id="54" time="16057777759" vehicle="Vehicle 2" deliver="19"/>
				<event id="55" time="16279999991" vehicle="Vehicle 1" deliver="8"/>
				<event id="56" time="16357777759" vehicle="Vehicle 2" move="Birmingham"/>
				<event id="57" time="16579999991" vehicle="Vehicle 1" deliver="2"/>
				<event id="58" time="17359999981" vehicle="Vehicle 2" pickup="6"/>
				<event id="59" time="17659999981" vehicle="Vehicle 2" move="London"/>
				<event id="60" time="18971111092" vehicle="Vehicle 2" deliver="3"/>
				<event id="61" time="19271111091" vehicle="Vehicle 2" move="Norwich"/>
				<event id="62" time="20548888867" vehicle="Vehicle 2" deliver="6"/>
				<event id="63" time="20848888867" vehicle="Vehicle 2" deliver="9"/>
				<event id="64" time="21148888866" vehicle="Vehicle 2" deliver="12"/>
				<event id="65" time="21448888866" vehicle="Vehicle 2" deliver="5"/>
			</events>
		</round>
	</rounds>
	<statistics>
		<stat rank="1" agent="Neutral">
			<total-tasks value="20"/>
			<total-distance value="2396.6"/>
			<total-cost value="11983"/>
			<total-reward value="13896"/>
			<total-profit value="1913"/>
		</stat>
		<stat rank="2" agent="Zero">
			<total-tasks value="0"/>
			<total-distance value="0.0"/>
			<total-cost value="0"/>
			<total-reward value="0"/>
			<total-profit value="0"/>
		</stat>
	</statistics>
</history>
