<?xml version="1.0" encoding="ISO-8859-1"?>

<history configuration="config/rounds/auction3.xml">
	<agents>
		<agent name="Margin">
			<vehicle name="Vehicle 1"/>
			<vehicle name="Vehicle 2"/>
			<vehicle name="Vehicle 3"/>
			<vehicle name="Vehicle 4"/>
		</agent>
		<agent name="AFK">
			<vehicle name="Vehicle 5"/>
			<vehicle name="Vehicle 6"/>
			<vehicle name="Vehicle 7"/>
			<vehicle name="Vehicle 8"/>
		</agent>
	</agents>
	<rounds>
		<round id="1">
			<tasks>
				<task id="0" pickup="Paris" delivery="Monaco" weight="25" reward="40845">
					<bid agent="Margin" bid="2517"/>
				</task>
				<task id="1" pickup="Paris" delivery="Monaco" weight="25" reward="40845">
					<bid agent="Margin" bid="25"/>
				</task>
				<task id="2" pickup="Lyon" delivery="Paris" weight="28" reward="78143">
					<bid agent="Margin" bid="1660"/>
				</task>
				<task id="3" pickup="Brest" delivery="Lyon" weight="13" reward="37398">
					<bid agent="Margin" bid="1632"/>
				</task>
				<task id="4" pickup="Brest" delivery="Strasbourg" weight="25" reward="35950">
					<bid agent="Margin" bid="1979"/>
				</task>
				<task id="5" pickup="Brest" delivery="Monaco" weight="15" reward="100">
					<bid agent="Margin" bid="475"/>
				</task>
				<task id="6" pickup="Lyon" delivery="Monaco" weight="28" reward="72973">
					<bid agent="Margin" bid="1931"/>
				</task>
				<task id="7" pickup="Paris" delivery="Le Havre" weight="26" reward="96758">
					<bid agent="Margin" bid="541"/>
				</task>
				<task id="8" pickup="Brest" delivery="Le Havre" weight="18" reward="56013">
					<bid agent="Margin" bid="602"/>
				</task>
				<task id="9" pickup="Paris" delivery="Monaco" weight="25" reward="40845">
					<bid agent="Margin" bid="441"/>
				</task>
				<task id="10" pickup="Paris" delivery="Monaco" weight="25" reward="40845">
					<bid agent="Margin" bid="25"/>
				</task>
				<task id="11" pickup="Marseille" delivery="Bordeaux" weight="16" reward="65734">
					<bid agent="Margin" bid="1453"/>
				</task>
				<task id="12" pickup="Lyon" delivery="Monaco" weight="28" reward="72973">
					<bid agent="Margin" bid="1767"/>
				</task>
				<task id="13" pickup="Genève" delivery="Marseille" weight="29" reward="78212">
					<bid agent="Margin" bid="400"/>
				</task>
				<task id="14" pickup="Le Havre" delivery="Strasbourg" weight="10" reward="63183">
					<bid agent="Margin" bid="88"/>
				</task>
				<task id="15" pickup="Monaco" delivery="Genève" weight="22" reward="74352">
					<bid agent="Margin" bid="723"/>
				</task>
				<task id="16" pickup="Bordeaux" delivery="Le Havre" weight="23" reward="56495">
					<bid agent="Margin" bid="199"/>
				</task>
				<task id="17" pickup="Genève" delivery="Bordeaux" weight="16" reward="59460">
					<bid agent="Margin" bid="43"/>
				</task>
				<task id="18" pickup="Monaco" delivery="Genève" weight="22" reward="74352">
					<bid agent="Margin" bid="25"/>
				</task>
				<task id="19" pickup="Paris" delivery="Monaco" weight="25" reward="40845">
					<bid agent="Margin" bid="25"/>
				</task>
				<task id="20" pickup="Monaco" delivery="Brest" weight="12" reward="100">
					<bid agent="Margin" bid="25"/>
				</task>
				<task id="21" pickup="Bordeaux" delivery="Marseille" weight="21" reward="65734">
					<bid agent="Margin" bid="25"/>
				</task>
				<task id="22" pickup="Brest" delivery="Marseille" weight="11" reward="15612">
					<bid agent="Margin" bid="25"/>
				</task>
				<task id="23" pickup="Monaco" delivery="Le Havre" weight="23" reward="27332">
					<bid agent="Margin" bid="25"/>
				</task>
				<task id="24" pickup="Brest" delivery="Le Havre" weight="18" reward="56013">
					<bid agent="Margin" bid="25"/>
				</task>
				<task id="25" pickup="Brest" delivery="Bordeaux" weight="21" reward="29263">
					<bid agent="Margin" bid="25"/>
				</task>
				<task id="26" pickup="Strasbourg" delivery="Brest" weight="25" reward="35950">
					<bid agent="Margin" bid="25"/>
				</task>
				<task id="27" pickup="Paris" delivery="Strasbourg" weight="26" reward="76696">
					<bid agent="Margin" bid="25"/>
				</task>
				<task id="28" pickup="Monaco" delivery="Genève" weight="22" reward="74352">
					<bid agent="Margin" bid="25"/>
				</task>
				<task id="29" pickup="Monaco" delivery="Lyon" weight="15" reward="72973">
					<bid agent="Margin" bid="25"/>
				</task>
				<task id="30" pickup="Brest" delivery="Monaco" weight="15" reward="100">
					<bid agent="Margin" bid="25"/>
				</task>
				<task id="31" pickup="Genève" delivery="Le Havre" weight="23" reward="54358">
					<bid agent="Margin" bid="25"/>
				</task>
				<task id="32" pickup="Marseille" delivery="Brest" weight="16" reward="15612">
					<bid agent="Margin" bid="25"/>
				</task>
				<task id="33" pickup="Le Havre" delivery="Bordeaux" weight="22" reward="56495">
					<bid agent="Margin" bid="25"/>
				</task>
				<task id="34" pickup="Monaco" delivery="Brest" weight="12" reward="100">
					<bid agent="Margin" bid="25"/>
				</task>
				<task id="35" pickup="Le Havre" delivery="Marseille" weight="28" reward="42844">
					<bid agent="Margin" bid="25"/>
				</task>
				<task id="36" pickup="Monaco" delivery="Lyon" weight="15" reward="72973">
					<bid agent="Margin" bid="25"/>
				</task>
				<task id="37" pickup="Paris" delivery="Strasbourg" weight="26" reward="76696">
					<bid agent="Margin" bid="25"/>
				</task>
				<task id="38" pickup="Strasbourg" delivery="Paris" weight="26" reward="76696">
					<bid agent="Margin" bid="25"/>
				</task>
				<task id="39" pickup="Bordeaux" delivery="Genève" weight="23" reward="59460">
					<bid agent="Margin" bid="25"/>
				</task>
			</tasks>
			<events>
				<event id="0" time="0" vehicle="Vehicle 1" pickup="10"/>
				<event id="1" time="0" vehicle="Vehicle 2" move="Lyon"/>
				<event id="2" time="0" vehicle="Vehicle 3" pickup="8"/>
				<event id="3" time="0" vehicle="Vehicle 4" pickup="31"/>
				<event id="4" time="300000000" vehicle="Vehicle 1" pickup="0"/>
				<event id="5" time="300000000" vehicle="Vehicle 3" pickup="25"/>
				<event id="6" time="300000000" vehicle="Vehicle 4" pickup="13"/>
				<event id="7" time="600000000" vehicle="Vehicle 1" pickup="7"/>
				<event id="8" time="600000000" vehicle="Vehicle 3" pickup="30"/>
				<event id="9" time="600000000" vehicle="Vehicle 4" move="Lyon"/>
				<event id="10" time="900000000" vehicle="Vehicle 1" move="Le Havre"/>
				<event id="11" time="900000000" vehicle="Vehicle 3" pickup="24"/>
				<event id="12" time="1200000000" vehicle="Vehicle 3" move="Paris"/>
				<event id="13" time="2255555555" vehicle="Vehicle 4" pickup="2"/>
				<event id="14" time="2555555555" vehicle="Vehicle 4" move="Paris"/>
				<event id="15" time="3511111111" vehicle="Vehicle 2" pickup="12"/>
				<event id="16" time="3811111111" vehicle="Vehicle 2" move="Marseille"/>
				<event id="17" time="4166666666" vehicle="Vehicle 1" deliver="7"/>
				<event id="18" time="4466666666" vehicle="Vehicle 1" pickup="35"/>
				<event id="19" time="4766666666" vehicle="Vehicle 1" move="Paris"/>
				<event id="20" time="7322222221" vehicle="Vehicle 2" move="Monaco"/>
				<event id="21" time="7733333332" vehicle="Vehicle 4" deliver="2"/>
				<event id="22" time="7766666666" vehicle="Vehicle 3" move="Le Havre"/>
				<event id="23" time="8033333331" vehicle="Vehicle 4" pickup="9"/>
				<event id="24" time="8033333332" vehicle="Vehicle 1" move="Lyon"/>
				<event id="25" time="8333333331" vehicle="Vehicle 4" move="Le Havre"/>
				<event id="26" time="9822222220" vehicle="Vehicle 2" deliver="12"/>
				<event id="27" time="9944444443" vehicle="Vehicle 3" deliver="8"/>
				<event id="28" time="10244444442" vehicle="Vehicle 3" deliver="24"/>
				<event id="29" time="10511111108" vehicle="Vehicle 4" deliver="31"/>
				<event id="30" time="10544444442" vehicle="Vehicle 3" pickup="33"/>
				<event id="31" time="10811111108" vehicle="Vehicle 4" move="Paris"/>
				<event id="32" time="10844444442" vehicle="Vehicle 3" move="Paris"/>
				<event id="33" time="12988888884" vehicle="Vehicle 4" pickup="19"/>
				<event id="34" time="13022222219" vehicle="Vehicle 3" move="Bordeaux"/>
				<event id="35" time="13288888883" vehicle="Vehicle 4" move="Lyon"/>
				<event id="36" time="15799999998" vehicle="Vehicle 1" move="Marseille"/>
				<event id="37" time="18466666660" vehicle="Vehicle 4" move="Marseille"/>
				<event id="38" time="19511111107" vehicle="Vehicle 3" deliver="33"/>
				<event id="39" time="19811111107" vehicle="Vehicle 3" pickup="21"/>
				<event id="40" time="20111111106" vehicle="Vehicle 3" pickup="39"/>
				<event id="41" time="20411111106" vehicle="Vehicle 3" deliver="25"/>
				<event id="42" time="20711111106" vehicle="Vehicle 3" move="Lyon"/>
				<event id="43" time="21066666664" vehicle="Vehicle 1" deliver="35"/>
				<event id="44" time="21366666664" vehicle="Vehicle 1" move="Monaco"/>
				<event id="45" time="21977777770" vehicle="Vehicle 4" move="Monaco"/>
				<event id="46" time="24477777769" vehicle="Vehicle 4" deliver="9"/>
				<event id="47" time="24777777769" vehicle="Vehicle 4" pickup="36"/>
				<event id="48" time="25077777768" vehicle="Vehicle 4" deliver="19"/>
				<event id="49" time="25116666663" vehicle="Vehicle 1" deliver="0"/>
				<event id="50" time="25377777768" vehicle="Vehicle 4" move="Marseille"/>
				<event id="51" time="25416666663" vehicle="Vehicle 1" deliver="10"/>
				<event id="52" time="27244444438" vehicle="Vehicle 3" move="Genève"/>
				<event id="53" time="27877777767" vehicle="Vehicle 4" pickup="32"/>
				<event id="54" time="28177777766" vehicle="Vehicle 4" deliver="13"/>
				<event id="55" time="28477777766" vehicle="Vehicle 4" move="Monaco"/>
				<event id="56" time="28899999993" vehicle="Vehicle 3" pickup="17"/>
				<event id="57" time="29199999993" vehicle="Vehicle 3" deliver="39"/>
				<event id="58" time="29499999993" vehicle="Vehicle 3" move="Monaco"/>
				<event id="59" time="30977777765" vehicle="Vehicle 4" pickup="29"/>
				<event id="60" time="31277777764" vehicle="Vehicle 4" pickup="18"/>
				<event id="61" time="31577777764" vehicle="Vehicle 4" pickup="20"/>
				<event id="62" time="31877777764" vehicle="Vehicle 4" move="Genève"/>
				<event id="63" time="35288888881" vehicle="Vehicle 3" deliver="30"/>
				<event id="64" time="35588888881" vehicle="Vehicle 3" pickup="23"/>
				<event id="65" time="35888888881" vehicle="Vehicle 3" move="Marseille"/>
				<event id="66" time="37666666652" vehicle="Vehicle 4" deliver="18"/>
				<event id="67" time="37966666652" vehicle="Vehicle 4" move="Lyon"/>
				<event id="68" time="38388888880" vehicle="Vehicle 3" pickup="11"/>
				<event id="69" time="38688888880" vehicle="Vehicle 3" deliver="21"/>
				<event id="70" time="38988888880" vehicle="Vehicle 3" move="Bordeaux"/>
				<event id="71" time="39622222207" vehicle="Vehicle 4" deliver="36"/>
				<event id="72" time="39922222207" vehicle="Vehicle 4" move="Paris"/>
				<event id="73" time="45099999984" vehicle="Vehicle 4" move="Brest"/>
				<event id="74" time="46166666657" vehicle="Vehicle 3" deliver="17"/>
				<event id="75" time="46466666657" vehicle="Vehicle 3" pickup="16"/>
				<event id="76" time="46766666657" vehicle="Vehicle 3" deliver="11"/>
				<event id="77" time="47066666656" vehicle="Vehicle 3" move="Paris"/>
				<event id="78" time="51666666650" vehicle="Vehicle 4" pickup="5"/>
				<event id="79" time="51966666650" vehicle="Vehicle 4" pickup="3"/>
				<event id="80" time="52266666649" vehicle="Vehicle 4" deliver="20"/>
				<event id="81" time="52566666649" vehicle="Vehicle 4" pickup="22"/>
				<event id="82" time="52866666649" vehicle="Vehicle 4" deliver="32"/>
				<event id="83" time="53166666648" vehicle="Vehicle 4" move="Paris"/>
				<event id="84" time="53555555544" vehicle="Vehicle 3" move="Le Havre"/>
				<event id="85" time="55733333321" vehicle="Vehicle 3" deliver="23"/>
				<event id="86" time="56033333320" vehicle="Vehicle 3" deliver="16"/>
				<event id="87" time="59733333314" vehicle="Vehicle 4" pickup="1"/>
				<event id="88" time="60033333313" vehicle="Vehicle 4" move="Lyon"/>
				<event id="89" time="65211111090" vehicle="Vehicle 4" deliver="3"/>
				<event id="90" time="65511111090" vehicle="Vehicle 4" deliver="29"/>
				<event id="91" time="65811111090" vehicle="Vehicle 4" pickup="6"/>
				<event id="92" time="66111111089" vehicle="Vehicle 4" move="Marseille"/>
				<event id="93" time="69622222199" vehicle="Vehicle 4" deliver="22"/>
				<event id="94" time="69922222199" vehicle="Vehicle 4" move="Monaco"/>
				<event id="95" time="72422222198" vehicle="Vehicle 4" deliver="6"/>
				<event id="96" time="72722222198" vehicle="Vehicle 4" deliver="5"/>
				<event id="97" time="73022222197" vehicle="Vehicle 4" pickup="15"/>
				<event id="98" time="73322222197" vehicle="Vehicle 4" pickup="34"/>
				<event id="99" time="73622222197" vehicle="Vehicle 4" deliver="1"/>
				<event id="100" time="73922222197" vehicle="Vehicle 4" pickup="28"/>
				<event id="101" time="74222222196" vehicle="Vehicle 4" move="Genève"/>
				<event id="102" time="80011111084" vehicle="Vehicle 4" deliver="28"/>
				<event id="103" time="80311111084" vehicle="Vehicle 4" deliver="15"/>
				<event id="104" time="80611111084" vehicle="Vehicle 4" move="Lyon"/>
				<event id="105" time="82266666638" vehicle="Vehicle 4" move="Paris"/>
				<event id="106" time="87444444415" vehicle="Vehicle 4" pickup="27"/>
				<event id="107" time="87744444415" vehicle="Vehicle 4" move="Strasbourg"/>
				<event id="108" time="93155555525" vehicle="Vehicle 4" pickup="26"/>
				<event id="109" time="93455555525" vehicle="Vehicle 4" deliver="27"/>
				<event id="110" time="93755555525" vehicle="Vehicle 4" pickup="38"/>
				<event id="111" time="94055555524" vehicle="Vehicle 4" move="Paris"/>
				<event id="112" time="99466666634" vehicle="Vehicle 4" move="Brest"/>
				<event id="113" time="106033333300" vehicle="Vehicle 4" deliver="26"/>
				<event id="114" time="106333333300" vehicle="Vehicle 4" pickup="4"/>
				<event id="115" time="106633333300" vehicle="Vehicle 4" deliver="34"/>
				<event id="116" time="106933333300" vehicle="Vehicle 4" move="Paris"/>
				<event id="117" time="113499999966" vehicle="Vehicle 4" move="Le Havre"/>
				<event id="118" time="115677777743" vehicle="Vehicle 4" pickup="14"/>
				<event id="119" time="115977777743" vehicle="Vehicle 4" move="Paris"/>
				<event id="120" time="118155555520" vehicle="Vehicle 4" deliver="38"/>
				<event id="121" time="118455555520" vehicle="Vehicle 4" pickup="37"/>
				<event id="122" time="118755555520" vehicle="Vehicle 4" move="Strasbourg"/>
				<event id="123" time="124166666630" vehicle="Vehicle 4" deliver="37"/>
				<event id="124" time="124466666630" vehicle="Vehicle 4" deliver="4"/>
				<event id="125" time="124766666630" vehicle="Vehicle 4" deliver="14"/>
			</events>
		</round>
	</rounds>
	<statistics>
		<stat rank="1" agent="AFK">
			<total-tasks value="0"/>
			<total-distance value="0.0"/>
			<total-cost value="0"/>
			<total-reward value="0"/>
			<total-profit value="0"/>
		</stat>
		<stat rank="2" agent="Margin">
			<total-tasks value="40"/>
			<total-distance value="16692.0"/>
			<total-cost value="83460"/>
			<total-reward value="17051"/>
			<total-profit value="-66409"/>
		</stat>
	</statistics>
</history>
