<?xml version="1.0" encoding="ISO-8859-1"?>

<history configuration="config/rounds/auction1.xml">
	<agents>
		<agent name="Neutral">
			<vehicle name="Vehicle 1"/>
			<vehicle name="Vehicle 2"/>
		</agent>
		<agent name="Naive">
			<vehicle name="Vehicle 3"/>
			<vehicle name="Vehicle 4"/>
		</agent>
	</agents>
	<rounds>
		<round id="1">
			<tasks>
				<task id="0" pickup="Leeds" delivery="Sheffield" weight="6" reward="1281">
					<bid agent="Neutral" bid="226"/>
					<bid agent="Naive" bid="2678"/>
				</task>
				<task id="1" pickup="Liverpool" delivery="Sheffield" weight="7" reward="14258">
					<bid agent="Neutral" bid="345"/>
					<bid agent="Naive" bid="3053"/>
				</task>
				<task id="2" pickup="Manchester" delivery="Cardiff" weight="9" reward="31460">
					<bid agent="Neutral" bid="686"/>
					<bid agent="Naive" bid="3554"/>
				</task>
				<task id="3" pickup="Manchester" delivery="London" weight="6" reward="31997">
					<bid agent="Neutral" bid="668"/>
					<bid agent="Naive" bid="3516"/>
				</task>
				<task id="4" pickup="Plymouth" delivery="Birmingham" weight="8" reward="58829">
					<bid agent="Neutral" bid="1354"/>
					<bid agent="Naive" bid="1930"/>
				</task>
				<task id="5" pickup="Liverpool" delivery="Norwich" weight="5" reward="58793">
					<bid agent="Neutral" bid="803"/>
					<bid agent="Naive" bid="4431"/>
				</task>
				<task id="6" pickup="Birmingham" delivery="Norwich" weight="8" reward="35595">
					<bid agent="Neutral" bid="407"/>
					<bid agent="Naive" bid="3522"/>
				</task>
				<task id="7" pickup="Sheffield" delivery="Manchester" weight="7" reward="20470">
					<bid agent="Neutral" bid="535"/>
					<bid agent="Naive" bid="3875"/>
				</task>
				<task id="8" pickup="Liverpool" delivery="Cardiff" weight="6" reward="37671">
					<bid agent="Neutral" bid="468"/>
					<bid agent="Naive" bid="3697"/>
				</task>
				<task id="9" pickup="Sheffield" delivery="Norwich" weight="7" reward="51741">
					<bid agent="Neutral" bid="719"/>
					<bid agent="Naive" bid="4160"/>
				</task>
				<task id="10" pickup="Portsmouth" delivery="Cardiff" weight="5" reward="48984">
					<bid agent="Neutral" bid="891"/>
					<bid agent="Naive" bid="2724"/>
				</task>
				<task id="11" pickup="Plymouth" delivery="London" weight="7" reward="37707">
					<bid agent="Neutral" bid="546"/>
					<bid agent="Naive" bid="1816"/>
				</task>
				<task id="12" pickup="Sheffield" delivery="Norwich" weight="7" reward="51741">
					<bid agent="Neutral" bid="775"/>
					<bid agent="Naive" bid="5932"/>
				</task>
				<task id="13" pickup="Newcastle" delivery="Liverpool" weight="9" reward="24497">
					<bid agent="Neutral" bid="399"/>
					<bid agent="Naive" bid="5475"/>
				</task>
				<task id="14" pickup="Cardiff" delivery="Newcastle" weight="8" reward="55643">
					<bid agent="Neutral" bid="1518"/>
					<bid agent="Naive" bid="4196"/>
				</task>
				<task id="15" pickup="Birmingham" delivery="Sheffield" weight="6" reward="10034">
					<bid agent="Neutral" bid="225"/>
					<bid agent="Naive" bid="3088"/>
				</task>
				<task id="16" pickup="Newcastle" delivery="Birmingham" weight="5" reward="35058">
					<bid agent="Neutral" bid="575"/>
					<bid agent="Naive" bid="6163"/>
				</task>
				<task id="17" pickup="Birmingham" delivery="Plymouth" weight="6" reward="58829">
					<bid agent="Neutral" bid="1497"/>
					<bid agent="Naive" bid="5275"/>
				</task>
				<task id="18" pickup="Cardiff" delivery="Newcastle" weight="8" reward="55643">
					<bid agent="Neutral" bid="1069"/>
					<bid agent="Naive" bid="4248"/>
				</task>
				<task id="19" pickup="Leeds" delivery="Sheffield" weight="6" reward="1281">
					<bid agent="Neutral" bid="103"/>
					<bid agent="Naive" bid="4340"/>
				</task>
			</tasks>
			<events>
				<event id="0" time="0" vehicle="Vehicle 1" pickup="13"/>
				<event id="1" time="0" vehicle="Vehicle 2" move="Birmingham"/>
				<event id="2" time="300000000" vehicle="Vehicle 1" move="Leeds"/>
				<event id="3" time="1311111111" vehicle="Vehicle 2" pickup="17"/>
				<event id="4" time="1394444444" vehicle="Vehicle 1" move="Liverpool"/>
				<event id="5" time="1611111111" vehicle="Vehicle 2" move="London"/>
				<event id="6" time="2199999999" vehicle="Vehicle 1" pickup="8"/>
				<event id="7" time="2499999999" vehicle="Vehicle 1" deliver="13"/>
				<event id="8" time="2799999999" vehicle="Vehicle 1" pickup="1"/>
				<event id="9" time="2922222221" vehicle="Vehicle 2" move="Portsmouth"/>
				<event id="10" time="3099999999" vehicle="Vehicle 1" move="Manchester"/>
				<event id="11" time="3485555554" vehicle="Vehicle 1" pickup="2"/>
				<event id="12" time="3753333331" vehicle="Vehicle 2" move="Plymouth"/>
				<event id="13" time="3785555554" vehicle="Vehicle 1" move="Birmingham"/>
				<event id="14" time="4839999998" vehicle="Vehicle 1" move="Cardiff"/>
				<event id="15" time="5642222219" vehicle="Vehicle 2" pickup="4"/>
				<event id="16" time="5942222219" vehicle="Vehicle 2" pickup="11"/>
				<event id="17" time="6117777775" vehicle="Vehicle 1" pickup="18"/>
				<event id="18" time="6242222218" vehicle="Vehicle 2" deliver="17"/>
				<event id="19" time="6417777775" vehicle="Vehicle 1" pickup="14"/>
				<event id="20" time="6542222218" vehicle="Vehicle 2" move="Portsmouth"/>
				<event id="21" time="6717777775" vehicle="Vehicle 1" deliver="8"/>
				<event id="22" time="7017777774" vehicle="Vehicle 1" deliver="2"/>
				<event id="23" time="7317777774" vehicle="Vehicle 1" move="Birmingham"/>
				<event id="24" time="8431111106" vehicle="Vehicle 2" pickup="10"/>
				<event id="25" time="8595555551" vehicle="Vehicle 1" pickup="15"/>
				<event id="26" time="8731111106" vehicle="Vehicle 2" move="London"/>
				<event id="27" time="8895555551" vehicle="Vehicle 1" move="Sheffield"/>
				<event id="28" time="9562222216" vehicle="Vehicle 2" deliver="11"/>
				<event id="29" time="9862222216" vehicle="Vehicle 2" move="Birmingham"/>
				<event id="30" time="9897777772" vehicle="Vehicle 1" deliver="1"/>
				<event id="31" time="10197777771" vehicle="Vehicle 1" move="Leeds"/>
				<event id="32" time="10656666659" vehicle="Vehicle 1" pickup="19"/>
				<event id="33" time="10956666659" vehicle="Vehicle 1" pickup="0"/>
				<event id="34" time="11173333326" vehicle="Vehicle 2" deliver="4"/>
				<event id="35" time="11256666658" vehicle="Vehicle 1" move="Newcastle"/>
				<event id="36" time="11473333326" vehicle="Vehicle 2" move="Cardiff"/>
				<event id="37" time="12351111102" vehicle="Vehicle 1" deliver="14"/>
				<event id="38" time="12651111102" vehicle="Vehicle 1" pickup="16"/>
				<event id="39" time="12751111103" vehicle="Vehicle 2" deliver="10"/>
				<event id="40" time="12951111102" vehicle="Vehicle 1" deliver="18"/>
				<event id="41" time="13251111101" vehicle="Vehicle 1" move="Leeds"/>
				<event id="42" time="14345555544" vehicle="Vehicle 1" move="Sheffield"/>
				<event id="43" time="14804444432" vehicle="Vehicle 1" pickup="9"/>
				<event id="44" time="15104444431" vehicle="Vehicle 1" pickup="12"/>
				<event id="45" time="15404444431" vehicle="Vehicle 1" deliver="19"/>
				<event id="46" time="15704444431" vehicle="Vehicle 1" pickup="7"/>
				<event id="47" time="16004444430" vehicle="Vehicle 1" deliver="0"/>
				<event id="48" time="16304444430" vehicle="Vehicle 1" deliver="15"/>
				<event id="49" time="16604444430" vehicle="Vehicle 1" move="Leeds"/>
				<event id="50" time="17063333318" vehicle="Vehicle 1" move="Liverpool"/>
				<event id="51" time="17868888873" vehicle="Vehicle 1" pickup="5"/>
				<event id="52" time="18168888872" vehicle="Vehicle 1" move="Manchester"/>
				<event id="53" time="18554444427" vehicle="Vehicle 1" pickup="3"/>
				<event id="54" time="18854444427" vehicle="Vehicle 1" deliver="7"/>
				<event id="55" time="19154444426" vehicle="Vehicle 1" move="Birmingham"/>
				<event id="56" time="20208888869" vehicle="Vehicle 1" pickup="6"/>
				<event id="57" time="20508888869" vehicle="Vehicle 1" deliver="16"/>
				<event id="58" time="20808888869" vehicle="Vehicle 1" move="London"/>
				<event id="59" time="22119999980" vehicle="Vehicle 1" deliver="3"/>
				<event id="60" time="22419999980" vehicle="Vehicle 1" move="Norwich"/>
				<event id="61" time="23697777757" vehicle="Vehicle 1" deliver="5"/>
				<event id="62" time="23997777757" vehicle="Vehicle 1" deliver="12"/>
				<event id="63" time="24297777756" vehicle="Vehicle 1" deliver="6"/>
				<event id="64" time="24597777756" vehicle="Vehicle 1" deliver="9"/>
			</events>
		</round>
	</rounds>
	<statistics>
		<stat rank="1" agent="Neutral">
			<total-tasks value="20"/>
			<total-distance value="2335.4"/>
			<total-cost value="11677"/>
			<total-reward value="13809"/>
			<total-profit value="2132"/>
		</stat>
		<stat rank="2" agent="Naive">
			<total-tasks value="0"/>
			<total-distance value="0.0"/>
			<total-cost value="0"/>
			<total-reward value="0"/>
			<total-profit value="0"/>
		</stat>
	</statistics>
</history>
