<?xml version="1.0" encoding="ISO-8859-1"?>

<history configuration="config/rounds/auction1.xml">
	<agents>
		<agent name="Zero">
			<vehicle name="Vehicle 1"/>
			<vehicle name="Vehicle 2"/>
		</agent>
		<agent name="AFK">
			<vehicle name="Vehicle 3"/>
			<vehicle name="Vehicle 4"/>
		</agent>
	</agents>
	<rounds>
		<round id="1">
			<tasks>
				<task id="0" pickup="Leeds" delivery="Sheffield" weight="6" reward="1281">
					<bid agent="Zero" bid="699"/>
				</task>
				<task id="1" pickup="Liverpool" delivery="Sheffield" weight="7" reward="14258">
					<bid agent="Zero" bid="725"/>
				</task>
				<task id="2" pickup="Manchester" delivery="Cardiff" weight="9" reward="31460">
					<bid agent="Zero" bid="1373"/>
				</task>
				<task id="3" pickup="Manchester" delivery="London" weight="6" reward="31997">
					<bid agent="Zero" bid="1165"/>
				</task>
				<task id="4" pickup="Plymouth" delivery="Birmingham" weight="8" reward="58829">
					<bid agent="Zero" bid="2463"/>
				</task>
				<task id="5" pickup="Liverpool" delivery="Norwich" weight="5" reward="58793">
					<bid agent="Zero" bid="596"/>
				</task>
				<task id="6" pickup="Birmingham" delivery="Norwich" weight="8" reward="35595">
					<bid agent="Zero" bid="0"/>
				</task>
				<task id="7" pickup="Sheffield" delivery="Manchester" weight="7" reward="20470">
					<bid agent="Zero" bid="719"/>
				</task>
				<task id="8" pickup="Liverpool" delivery="Cardiff" weight="6" reward="37671">
					<bid agent="Zero" bid="47"/>
				</task>
				<task id="9" pickup="Sheffield" delivery="Norwich" weight="7" reward="51741">
					<bid agent="Zero" bid="0"/>
				</task>
				<task id="10" pickup="Portsmouth" delivery="Cardiff" weight="5" reward="48984">
					<bid agent="Zero" bid="230"/>
				</task>
				<task id="11" pickup="Plymouth" delivery="London" weight="7" reward="37707">
					<bid agent="Zero" bid="0"/>
				</task>
				<task id="12" pickup="Sheffield" delivery="Norwich" weight="7" reward="51741">
					<bid agent="Zero" bid="719"/>
				</task>
				<task id="13" pickup="Newcastle" delivery="Liverpool" weight="9" reward="24497">
					<bid agent="Zero" bid="57"/>
				</task>
				<task id="14" pickup="Cardiff" delivery="Newcastle" weight="8" reward="55643">
					<bid agent="Zero" bid="1338"/>
				</task>
				<task id="15" pickup="Birmingham" delivery="Sheffield" weight="6" reward="10034">
					<bid agent="Zero" bid="0"/>
				</task>
				<task id="16" pickup="Newcastle" delivery="Birmingham" weight="5" reward="35058">
					<bid agent="Zero" bid="0"/>
				</task>
				<task id="17" pickup="Birmingham" delivery="Plymouth" weight="6" reward="58829">
					<bid agent="Zero" bid="1180"/>
				</task>
				<task id="18" pickup="Cardiff" delivery="Newcastle" weight="8" reward="55643">
					<bid agent="Zero" bid="0"/>
				</task>
				<task id="19" pickup="Leeds" delivery="Sheffield" weight="6" reward="1281">
					<bid agent="Zero" bid="0"/>
				</task>
			</tasks>
			<events>
				<event id="0" time="0" vehicle="Vehicle 1" pickup="16"/>
				<event id="1" time="300000000" vehicle="Vehicle 1" move="Leeds"/>
				<event id="2" time="1394444444" vehicle="Vehicle 1" pickup="0"/>
				<event id="3" time="1694444444" vehicle="Vehicle 1" move="Sheffield"/>
				<event id="4" time="2153333332" vehicle="Vehicle 1" deliver="0"/>
				<event id="5" time="2453333332" vehicle="Vehicle 1" pickup="7"/>
				<event id="6" time="2753333332" vehicle="Vehicle 1" move="Birmingham"/>
				<event id="7" time="3755555553" vehicle="Vehicle 1" pickup="17"/>
				<event id="8" time="4055555552" vehicle="Vehicle 1" move="London"/>
				<event id="9" time="5366666662" vehicle="Vehicle 1" move="Portsmouth"/>
				<event id="10" time="6197777772" vehicle="Vehicle 1" pickup="10"/>
				<event id="11" time="6497777772" vehicle="Vehicle 1" move="Plymouth"/>
				<event id="12" time="8386666660" vehicle="Vehicle 1" pickup="11"/>
				<event id="13" time="8686666660" vehicle="Vehicle 1" deliver="17"/>
				<event id="14" time="8986666660" vehicle="Vehicle 1" pickup="4"/>
				<event id="15" time="9286666659" vehicle="Vehicle 1" move="Portsmouth"/>
				<event id="16" time="11175555547" vehicle="Vehicle 1" move="London"/>
				<event id="17" time="12006666657" vehicle="Vehicle 1" deliver="11"/>
				<event id="18" time="12306666657" vehicle="Vehicle 1" move="Birmingham"/>
				<event id="19" time="13617777767" vehicle="Vehicle 1" move="Manchester"/>
				<event id="20" time="14672222211" vehicle="Vehicle 1" move="Liverpool"/>
				<event id="21" time="15057777765" vehicle="Vehicle 1" pickup="8"/>
				<event id="22" time="15357777765" vehicle="Vehicle 1" move="Manchester"/>
				<event id="23" time="15743333320" vehicle="Vehicle 1" pickup="2"/>
				<event id="24" time="16043333319" vehicle="Vehicle 1" deliver="7"/>
				<event id="25" time="16343333319" vehicle="Vehicle 1" pickup="3"/>
				<event id="26" time="16643333319" vehicle="Vehicle 1" move="Birmingham"/>
				<event id="27" time="17697777762" vehicle="Vehicle 1" move="Cardiff"/>
				<event id="28" time="18975555539" vehicle="Vehicle 1" deliver="2"/>
				<event id="29" time="19275555538" vehicle="Vehicle 1" pickup="14"/>
				<event id="30" time="19575555538" vehicle="Vehicle 1" deliver="8"/>
				<event id="31" time="19875555538" vehicle="Vehicle 1" pickup="18"/>
				<event id="32" time="20175555537" vehicle="Vehicle 1" deliver="10"/>
				<event id="33" time="20475555537" vehicle="Vehicle 1" move="Birmingham"/>
				<event id="34" time="21753333314" vehicle="Vehicle 1" deliver="16"/>
				<event id="35" time="22053333313" vehicle="Vehicle 1" pickup="15"/>
				<event id="36" time="22353333313" vehicle="Vehicle 1" move="Sheffield"/>
				<event id="37" time="23355555534" vehicle="Vehicle 1" move="Leeds"/>
				<event id="38" time="23814444422" vehicle="Vehicle 1" move="Newcastle"/>
				<event id="39" time="24908888865" vehicle="Vehicle 1" deliver="14"/>
				<event id="40" time="25208888864" vehicle="Vehicle 1" deliver="18"/>
				<event id="41" time="25508888864" vehicle="Vehicle 1" pickup="13"/>
				<event id="42" time="25808888864" vehicle="Vehicle 1" move="Leeds"/>
				<event id="43" time="26903333308" vehicle="Vehicle 1" pickup="19"/>
				<event id="44" time="27203333307" vehicle="Vehicle 1" move="Liverpool"/>
				<event id="45" time="28008888861" vehicle="Vehicle 1" deliver="13"/>
				<event id="46" time="28308888861" vehicle="Vehicle 1" pickup="1"/>
				<event id="47" time="28608888861" vehicle="Vehicle 1" pickup="5"/>
				<event id="48" time="28908888861" vehicle="Vehicle 1" move="Leeds"/>
				<event id="49" time="29714444416" vehicle="Vehicle 1" move="Sheffield"/>
				<event id="50" time="30173333304" vehicle="Vehicle 1" deliver="19"/>
				<event id="51" time="30473333304" vehicle="Vehicle 1" pickup="12"/>
				<event id="52" time="30773333304" vehicle="Vehicle 1" deliver="1"/>
				<event id="53" time="31073333303" vehicle="Vehicle 1" pickup="9"/>
				<event id="54" time="31373333303" vehicle="Vehicle 1" deliver="15"/>
				<event id="55" time="31673333303" vehicle="Vehicle 1" move="Birmingham"/>
				<event id="56" time="32675555524" vehicle="Vehicle 1" deliver="4"/>
				<event id="57" time="32975555524" vehicle="Vehicle 1" pickup="6"/>
				<event id="58" time="33275555523" vehicle="Vehicle 1" move="London"/>
				<event id="59" time="34586666633" vehicle="Vehicle 1" deliver="3"/>
				<event id="60" time="34886666633" vehicle="Vehicle 1" move="Norwich"/>
				<event id="61" time="36164444410" vehicle="Vehicle 1" deliver="6"/>
				<event id="62" time="36464444410" vehicle="Vehicle 1" deliver="9"/>
				<event id="63" time="36764444410" vehicle="Vehicle 1" deliver="5"/>
				<event id="64" time="37064444409" vehicle="Vehicle 1" deliver="12"/>
			</events>
		</round>
	</rounds>
	<statistics>
		<stat rank="1" agent="AFK">
			<total-tasks value="0"/>
			<total-distance value="0.0"/>
			<total-cost value="0"/>
			<total-reward value="0"/>
			<total-profit value="0"/>
		</stat>
		<stat rank="2" agent="Zero">
			<total-tasks value="20"/>
			<total-distance value="2282.8"/>
			<total-cost value="11414"/>
			<total-reward value="11311"/>
			<total-profit value="-103"/>
		</stat>
	</statistics>
</history>
