<?xml version="1.0" encoding="ISO-8859-1"?>

<history configuration="config/rounds/auction3.xml">
	<agents>
		<agent name="Margin">
			<vehicle name="Vehicle 1"/>
			<vehicle name="Vehicle 2"/>
			<vehicle name="Vehicle 3"/>
			<vehicle name="Vehicle 4"/>
		</agent>
		<agent name="Zero">
			<vehicle name="Vehicle 5"/>
			<vehicle name="Vehicle 6"/>
			<vehicle name="Vehicle 7"/>
			<vehicle name="Vehicle 8"/>
		</agent>
	</agents>
	<rounds>
		<round id="1">
			<tasks>
				<task id="0" pickup="Paris" delivery="Monaco" weight="25" reward="40845">
					<bid agent="Margin" bid="2517"/>
					<bid agent="Zero" bid="7365"/>
				</task>
				<task id="1" pickup="Paris" delivery="Monaco" weight="25" reward="40845">
					<bid agent="Margin" bid="25"/>
					<bid agent="Zero" bid="7365"/>
				</task>
				<task id="2" pickup="Lyon" delivery="Paris" weight="28" reward="78143">
					<bid agent="Margin" bid="1660"/>
					<bid agent="Zero" bid="2330"/>
				</task>
				<task id="3" pickup="Brest" delivery="Lyon" weight="13" reward="37398">
					<bid agent="Margin" bid="1632"/>
					<bid agent="Zero" bid="10570"/>
				</task>
				<task id="4" pickup="Brest" delivery="Strasbourg" weight="25" reward="35950">
					<bid agent="Margin" bid="1979"/>
					<bid agent="Zero" bid="10675"/>
				</task>
				<task id="5" pickup="Brest" delivery="Monaco" weight="15" reward="100">
					<bid agent="Margin" bid="475"/>
					<bid agent="Zero" bid="13275"/>
				</task>
				<task id="6" pickup="Lyon" delivery="Monaco" weight="28" reward="72973">
					<bid agent="Margin" bid="1931"/>
					<bid agent="Zero" bid="2705"/>
				</task>
				<task id="7" pickup="Paris" delivery="Le Havre" weight="26" reward="96758">
					<bid agent="Margin" bid="541"/>
					<bid agent="Zero" bid="3310"/>
				</task>
				<task id="8" pickup="Brest" delivery="Le Havre" weight="18" reward="56013">
					<bid agent="Margin" bid="529"/>
					<bid agent="Zero" bid="9220"/>
				</task>
				<task id="9" pickup="Paris" delivery="Monaco" weight="25" reward="40845">
					<bid agent="Margin" bid="512"/>
					<bid agent="Zero" bid="7365"/>
				</task>
				<task id="10" pickup="Paris" delivery="Monaco" weight="25" reward="40845">
					<bid agent="Margin" bid="25"/>
					<bid agent="Zero" bid="7365"/>
				</task>
				<task id="11" pickup="Marseille" delivery="Bordeaux" weight="16" reward="65734">
					<bid agent="Margin" bid="1453"/>
					<bid agent="Zero" bid="4355"/>
				</task>
				<task id="12" pickup="Lyon" delivery="Monaco" weight="28" reward="72973">
					<bid agent="Margin" bid="1755"/>
					<bid agent="Zero" bid="2705"/>
				</task>
				<task id="13" pickup="Genève" delivery="Marseille" weight="29" reward="78212">
					<bid agent="Margin" bid="276"/>
					<bid agent="Zero" bid="3070"/>
				</task>
				<task id="14" pickup="Le Havre" delivery="Strasbourg" weight="10" reward="63183">
					<bid agent="Margin" bid="203"/>
					<bid agent="Zero" bid="6725"/>
				</task>
				<task id="15" pickup="Monaco" delivery="Genève" weight="22" reward="74352">
					<bid agent="Margin" bid="651"/>
					<bid agent="Zero" bid="2605"/>
				</task>
				<task id="16" pickup="Bordeaux" delivery="Le Havre" weight="23" reward="56495">
					<bid agent="Margin" bid="25"/>
					<bid agent="Zero" bid="3900"/>
				</task>
				<task id="17" pickup="Genève" delivery="Bordeaux" weight="16" reward="59460">
					<bid agent="Margin" bid="25"/>
					<bid agent="Zero" bid="4430"/>
				</task>
				<task id="18" pickup="Monaco" delivery="Genève" weight="22" reward="74352">
					<bid agent="Margin" bid="25"/>
					<bid agent="Zero" bid="2605"/>
				</task>
				<task id="19" pickup="Paris" delivery="Monaco" weight="25" reward="40845">
					<bid agent="Margin" bid="80"/>
					<bid agent="Zero" bid="7365"/>
				</task>
				<task id="20" pickup="Monaco" delivery="Brest" weight="12" reward="100">
					<bid agent="Margin" bid="25"/>
					<bid agent="Zero" bid="7990"/>
				</task>
				<task id="21" pickup="Bordeaux" delivery="Marseille" weight="21" reward="65734">
					<bid agent="Margin" bid="25"/>
					<bid agent="Zero" bid="3230"/>
				</task>
				<task id="22" pickup="Brest" delivery="Marseille" weight="11" reward="15612">
					<bid agent="Margin" bid="25"/>
					<bid agent="Zero" bid="12150"/>
				</task>
				<task id="23" pickup="Monaco" delivery="Le Havre" weight="23" reward="27332">
					<bid agent="Margin" bid="25"/>
					<bid agent="Zero" bid="6015"/>
				</task>
				<task id="24" pickup="Brest" delivery="Le Havre" weight="18" reward="56013">
					<bid agent="Margin" bid="25"/>
					<bid agent="Zero" bid="9220"/>
				</task>
				<task id="25" pickup="Brest" delivery="Bordeaux" weight="21" reward="29263">
					<bid agent="Margin" bid="25"/>
					<bid agent="Zero" bid="11160"/>
				</task>
				<task id="26" pickup="Strasbourg" delivery="Brest" weight="25" reward="35950">
					<bid agent="Margin" bid="25"/>
					<bid agent="Zero" bid="5390"/>
				</task>
				<task id="27" pickup="Paris" delivery="Strasbourg" weight="26" reward="76696">
					<bid agent="Margin" bid="25"/>
					<bid agent="Zero" bid="4765"/>
				</task>
				<task id="28" pickup="Monaco" delivery="Genève" weight="22" reward="74352">
					<bid agent="Margin" bid="25"/>
					<bid agent="Zero" bid="2605"/>
				</task>
				<task id="29" pickup="Monaco" delivery="Lyon" weight="15" reward="72973">
					<bid agent="Margin" bid="25"/>
					<bid agent="Zero" bid="2705"/>
				</task>
				<task id="30" pickup="Brest" delivery="Monaco" weight="15" reward="100">
					<bid agent="Margin" bid="25"/>
					<bid agent="Zero" bid="13275"/>
				</task>
				<task id="31" pickup="Genève" delivery="Le Havre" weight="23" reward="54358">
					<bid agent="Margin" bid="25"/>
					<bid agent="Zero" bid="4800"/>
				</task>
				<task id="32" pickup="Marseille" delivery="Brest" weight="16" reward="15612">
					<bid agent="Margin" bid="25"/>
					<bid agent="Zero" bid="7990"/>
				</task>
				<task id="33" pickup="Le Havre" delivery="Bordeaux" weight="22" reward="56495">
					<bid agent="Margin" bid="25"/>
					<bid agent="Zero" bid="7210"/>
				</task>
				<task id="34" pickup="Monaco" delivery="Brest" weight="12" reward="100">
					<bid agent="Margin" bid="25"/>
					<bid agent="Zero" bid="7990"/>
				</task>
				<task id="35" pickup="Le Havre" delivery="Marseille" weight="28" reward="42844">
					<bid agent="Margin" bid="25"/>
					<bid agent="Zero" bid="8200"/>
				</task>
				<task id="36" pickup="Monaco" delivery="Lyon" weight="15" reward="72973">
					<bid agent="Margin" bid="25"/>
					<bid agent="Zero" bid="2705"/>
				</task>
				<task id="37" pickup="Paris" delivery="Strasbourg" weight="26" reward="76696">
					<bid agent="Margin" bid="25"/>
					<bid agent="Zero" bid="4765"/>
				</task>
				<task id="38" pickup="Strasbourg" delivery="Paris" weight="26" reward="76696">
					<bid agent="Margin" bid="25"/>
					<bid agent="Zero" bid="2435"/>
				</task>
				<task id="39" pickup="Bordeaux" delivery="Genève" weight="23" reward="59460">
					<bid agent="Margin" bid="25"/>
					<bid agent="Zero" bid="3685"/>
				</task>
			</tasks>
			<events>
				<event id="0" time="0" vehicle="Vehicle 1" pickup="19"/>
				<event id="1" time="0" vehicle="Vehicle 2" move="Monaco"/>
				<event id="2" time="0" vehicle="Vehicle 3" pickup="3"/>
				<event id="3" time="0" vehicle="Vehicle 4" pickup="13"/>
				<event id="4" time="300000000" vehicle="Vehicle 1" pickup="10"/>
				<event id="5" time="300000000" vehicle="Vehicle 3" pickup="4"/>
				<event id="6" time="300000000" vehicle="Vehicle 4" pickup="31"/>
				<event id="7" time="600000000" vehicle="Vehicle 1" pickup="1"/>
				<event id="8" time="600000000" vehicle="Vehicle 3" pickup="30"/>
				<event id="9" time="600000000" vehicle="Vehicle 4" move="Monaco"/>
				<event id="10" time="900000000" vehicle="Vehicle 1" move="Lyon"/>
				<event id="11" time="900000000" vehicle="Vehicle 3" move="Paris"/>
				<event id="12" time="2500000000" vehicle="Vehicle 2" pickup="20"/>
				<event id="13" time="2800000000" vehicle="Vehicle 2" pickup="28"/>
				<event id="14" time="3100000000" vehicle="Vehicle 2" pickup="34"/>
				<event id="15" time="3400000000" vehicle="Vehicle 2" pickup="15"/>
				<event id="16" time="3700000000" vehicle="Vehicle 2" move="Genève"/>
				<event id="17" time="6388888888" vehicle="Vehicle 4" pickup="23"/>
				<event id="18" time="6688888888" vehicle="Vehicle 4" move="Marseille"/>
				<event id="19" time="7466666666" vehicle="Vehicle 3" pickup="37"/>
				<event id="20" time="7766666666" vehicle="Vehicle 3" move="Strasbourg"/>
				<event id="21" time="8666666666" vehicle="Vehicle 1" move="Marseille"/>
				<event id="22" time="9188888887" vehicle="Vehicle 4" deliver="13"/>
				<event id="23" time="9488888887" vehicle="Vehicle 4" move="Lyon"/>
				<event id="24" time="9488888888" vehicle="Vehicle 2" deliver="15"/>
				<event id="25" time="9788888888" vehicle="Vehicle 2" deliver="28"/>
				<event id="26" time="10088888887" vehicle="Vehicle 2" move="Strasbourg"/>
				<event id="27" time="12999999998" vehicle="Vehicle 4" pickup="2"/>
				<event id="28" time="13177777776" vehicle="Vehicle 3" deliver="4"/>
				<event id="29" time="13299999998" vehicle="Vehicle 4" move="Paris"/>
				<event id="30" time="13477777776" vehicle="Vehicle 3" deliver="37"/>
				<event id="31" time="13777777776" vehicle="Vehicle 3" move="Genève"/>
				<event id="32" time="13933333332" vehicle="Vehicle 1" move="Monaco"/>
				<event id="33" time="14411111109" vehicle="Vehicle 2" pickup="38"/>
				<event id="34" time="14711111109" vehicle="Vehicle 2" pickup="26"/>
				<event id="35" time="15011111108" vehicle="Vehicle 2" move="Paris"/>
				<event id="36" time="17683333331" vehicle="Vehicle 1" deliver="19"/>
				<event id="37" time="17983333331" vehicle="Vehicle 1" pickup="36"/>
				<event id="38" time="18099999998" vehicle="Vehicle 3" move="Lyon"/>
				<event id="39" time="18283333330" vehicle="Vehicle 1" pickup="29"/>
				<event id="40" time="18477777775" vehicle="Vehicle 4" deliver="2"/>
				<event id="41" time="18583333330" vehicle="Vehicle 1" deliver="1"/>
				<event id="42" time="18777777775" vehicle="Vehicle 4" pickup="7"/>
				<event id="43" time="18883333330" vehicle="Vehicle 1" deliver="10"/>
				<event id="44" time="19077777774" vehicle="Vehicle 4" move="Le Havre"/>
				<event id="45" time="19183333329" vehicle="Vehicle 1" pickup="18"/>
				<event id="46" time="19483333329" vehicle="Vehicle 1" move="Marseille"/>
				<event id="47" time="19755555553" vehicle="Vehicle 3" pickup="6"/>
				<event id="48" time="20055555552" vehicle="Vehicle 3" deliver="3"/>
				<event id="49" time="20355555552" vehicle="Vehicle 3" pickup="12"/>
				<event id="50" time="20422222218" vehicle="Vehicle 2" deliver="38"/>
				<event id="51" time="20655555552" vehicle="Vehicle 3" move="Marseille"/>
				<event id="52" time="20722222218" vehicle="Vehicle 2" move="Brest"/>
				<event id="53" time="21255555551" vehicle="Vehicle 4" deliver="7"/>
				<event id="54" time="21555555551" vehicle="Vehicle 4" pickup="35"/>
				<event id="55" time="21855555551" vehicle="Vehicle 4" deliver="31"/>
				<event id="56" time="22155555550" vehicle="Vehicle 4" deliver="23"/>
				<event id="57" time="22455555550" vehicle="Vehicle 4" move="Paris"/>
				<event id="58" time="23233333328" vehicle="Vehicle 1" pickup="11"/>
				<event id="59" time="23533333328" vehicle="Vehicle 1" move="Lyon"/>
				<event id="60" time="24166666662" vehicle="Vehicle 3" move="Monaco"/>
				<event id="61" time="24633333327" vehicle="Vehicle 4" pickup="0"/>
				<event id="62" time="24933333327" vehicle="Vehicle 4" pickup="9"/>
				<event id="63" time="25233333326" vehicle="Vehicle 4" move="Lyon"/>
				<event id="64" time="26666666661" vehicle="Vehicle 3" deliver="6"/>
				<event id="65" time="26966666661" vehicle="Vehicle 3" deliver="12"/>
				<event id="66" time="27266666660" vehicle="Vehicle 3" deliver="30"/>
				<event id="67" time="27288888883" vehicle="Vehicle 2" deliver="26"/>
				<event id="68" time="27588888883" vehicle="Vehicle 2" pickup="5"/>
				<event id="69" time="27888888883" vehicle="Vehicle 2" pickup="22"/>
				<event id="70" time="28188888882" vehicle="Vehicle 2" deliver="20"/>
				<event id="71" time="28488888882" vehicle="Vehicle 2" pickup="25"/>
				<event id="72" time="28788888882" vehicle="Vehicle 2" deliver="34"/>
				<event id="73" time="28799999994" vehicle="Vehicle 1" move="Genève"/>
				<event id="74" time="29088888881" vehicle="Vehicle 2" move="Paris"/>
				<event id="75" time="30411111103" vehicle="Vehicle 4" move="Marseille"/>
				<event id="76" time="31283333327" vehicle="Vehicle 1" deliver="18"/>
				<event id="77" time="31583333327" vehicle="Vehicle 1" pickup="17"/>
				<event id="78" time="31883333327" vehicle="Vehicle 1" move="Lyon"/>
				<event id="79" time="33922222213" vehicle="Vehicle 4" deliver="35"/>
				<event id="80" time="34222222212" vehicle="Vehicle 4" move="Monaco"/>
				<event id="81" time="34366666659" vehicle="Vehicle 1" deliver="29"/>
				<event id="82" time="34666666659" vehicle="Vehicle 1" move="Bordeaux"/>
				<event id="83" time="35655555547" vehicle="Vehicle 2" move="Le Havre"/>
				<event id="84" time="36722222211" vehicle="Vehicle 4" deliver="0"/>
				<event id="85" time="37022222210" vehicle="Vehicle 4" deliver="9"/>
				<event id="86" time="37833333324" vehicle="Vehicle 2" pickup="33"/>
				<event id="87" time="38133333323" vehicle="Vehicle 2" move="Paris"/>
				<event id="88" time="40311111100" vehicle="Vehicle 2" move="Bordeaux"/>
				<event id="89" time="44466666658" vehicle="Vehicle 1" deliver="17"/>
				<event id="90" time="44766666658" vehicle="Vehicle 1" deliver="11"/>
				<event id="91" time="45066666657" vehicle="Vehicle 1" pickup="16"/>
				<event id="92" time="45366666657" vehicle="Vehicle 1" pickup="39"/>
				<event id="93" time="45666666657" vehicle="Vehicle 1" move="Marseille"/>
				<event id="94" time="46799999988" vehicle="Vehicle 2" deliver="33"/>
				<event id="95" time="47099999988" vehicle="Vehicle 2" deliver="25"/>
				<event id="96" time="47399999988" vehicle="Vehicle 2" pickup="21"/>
				<event id="97" time="47699999988" vehicle="Vehicle 2" move="Marseille"/>
				<event id="98" time="54877777765" vehicle="Vehicle 2" deliver="21"/>
				<event id="99" time="55177777764" vehicle="Vehicle 2" deliver="22"/>
				<event id="100" time="55477777764" vehicle="Vehicle 2" move="Monaco"/>
				<event id="101" time="56433333323" vehicle="Vehicle 1" pickup="32"/>
				<event id="102" time="56733333323" vehicle="Vehicle 1" move="Lyon"/>
				<event id="103" time="57977777763" vehicle="Vehicle 2" deliver="5"/>
				<event id="104" time="61999999989" vehicle="Vehicle 1" deliver="36"/>
				<event id="105" time="62299999989" vehicle="Vehicle 1" move="Genève"/>
				<event id="106" time="64783333322" vehicle="Vehicle 1" deliver="39"/>
				<event id="107" time="65083333321" vehicle="Vehicle 1" move="Lyon"/>
				<event id="108" time="67566666653" vehicle="Vehicle 1" move="Paris"/>
				<event id="109" time="75333333319" vehicle="Vehicle 1" move="Brest"/>
				<event id="110" time="85183333318" vehicle="Vehicle 1" pickup="24"/>
				<event id="111" time="85483333318" vehicle="Vehicle 1" deliver="32"/>
				<event id="112" time="85783333318" vehicle="Vehicle 1" pickup="8"/>
				<event id="113" time="86083333317" vehicle="Vehicle 1" move="Paris"/>
				<event id="114" time="95933333316" vehicle="Vehicle 1" move="Le Havre"/>
				<event id="115" time="99199999982" vehicle="Vehicle 1" pickup="14"/>
				<event id="116" time="99499999982" vehicle="Vehicle 1" deliver="24"/>
				<event id="117" time="99799999982" vehicle="Vehicle 1" move="Paris"/>
				<event id="118" time="103066666648" vehicle="Vehicle 1" pickup="27"/>
				<event id="119" time="103366666648" vehicle="Vehicle 1" move="Strasbourg"/>
				<event id="120" time="111483333314" vehicle="Vehicle 1" deliver="14"/>
				<event id="121" time="111783333314" vehicle="Vehicle 1" deliver="27"/>
				<event id="122" time="112083333313" vehicle="Vehicle 1" move="Paris"/>
				<event id="123" time="120199999979" vehicle="Vehicle 1" move="Le Havre"/>
				<event id="124" time="123466666645" vehicle="Vehicle 1" deliver="16"/>
				<event id="125" time="123766666645" vehicle="Vehicle 1" deliver="8"/>
			</events>
		</round>
	</rounds>
	<statistics>
		<stat rank="1" agent="Zero">
			<total-tasks value="0"/>
			<total-distance value="0.0"/>
			<total-cost value="0"/>
			<total-reward value="0"/>
			<total-profit value="0"/>
		</stat>
		<stat rank="2" agent="Margin">
			<total-tasks value="40"/>
			<total-distance value="16639.0"/>
			<total-cost value="83195"/>
			<total-reward value="16819"/>
			<total-profit value="-66376"/>
		</stat>
	</statistics>
</history>
