<?xml version="1.0" encoding="ISO-8859-1"?>

<history configuration="config/rounds/auction2.xml">
	<agents>
		<agent name="Neutral">
			<vehicle name="Vehicle 1"/>
			<vehicle name="Vehicle 2"/>
			<vehicle name="Vehicle 3"/>
		</agent>
		<agent name="Zero">
			<vehicle name="Vehicle 4"/>
			<vehicle name="Vehicle 5"/>
			<vehicle name="Vehicle 6"/>
			<vehicle name="Vehicle 7"/>
		</agent>
	</agents>
	<rounds>
		<round id="1">
			<tasks>
				<task id="0" pickup="Breda" delivery="Almere" weight="27" reward="62791">
					<bid agent="Neutral" bid="369"/>
					<bid agent="Zero" bid="827"/>
				</task>
				<task id="1" pickup="Den Haag" delivery="Groningen" weight="19" reward="8119">
					<bid agent="Neutral" bid="612"/>
					<bid agent="Zero" bid="1255"/>
				</task>
				<task id="2" pickup="Apeldoorn" delivery="Den Haag" weight="26" reward="47362">
					<bid agent="Neutral" bid="425"/>
					<bid agent="Zero" bid="773"/>
				</task>
				<task id="3" pickup="Utrecht" delivery="Groningen" weight="12" reward="30020">
					<bid agent="Neutral" bid="295"/>
					<bid agent="Zero" bid="1298"/>
				</task>
				<task id="4" pickup="Utrecht" delivery="Amsterdam" weight="24" reward="91775">
					<bid agent="Neutral" bid="126"/>
					<bid agent="Zero" bid="539"/>
				</task>
				<task id="5" pickup="Nijmegen" delivery="Groningen" weight="26" reward="29695">
					<bid agent="Neutral" bid="552"/>
					<bid agent="Zero" bid="1276"/>
				</task>
				<task id="6" pickup="Almere" delivery="Utrecht" weight="26" reward="92712">
					<bid agent="Neutral" bid="75"/>
					<bid agent="Zero" bid="617"/>
				</task>
				<task id="7" pickup="Den Haag" delivery="Nijmegen" weight="28" reward="54405">
					<bid agent="Neutral" bid="325"/>
					<bid agent="Zero" bid="687"/>
				</task>
				<task id="8" pickup="Apeldoorn" delivery="Almere" weight="21" reward="77731">
					<bid agent="Neutral" bid="195"/>
					<bid agent="Zero" bid="400"/>
				</task>
				<task id="9" pickup="Apeldoorn" delivery="Den Haag" weight="26" reward="47362">
					<bid agent="Neutral" bid="423"/>
					<bid agent="Zero" bid="773"/>
				</task>
				<task id="10" pickup="Almere" delivery="Eindhoven" weight="12" reward="55300">
					<bid agent="Neutral" bid="439"/>
					<bid agent="Zero" bid="1076"/>
				</task>
				<task id="11" pickup="Breda" delivery="Nijmegen" weight="11" reward="71177">
					<bid agent="Neutral" bid="399"/>
					<bid agent="Zero" bid="724"/>
				</task>
				<task id="12" pickup="Rotterdam" delivery="Almere" weight="22" reward="67350">
					<bid agent="Neutral" bid="519"/>
					<bid agent="Zero" bid="528"/>
				</task>
				<task id="13" pickup="Den Haag" delivery="Apeldoorn" weight="17" reward="47362">
					<bid agent="Neutral" bid="385"/>
					<bid agent="Zero" bid="773"/>
				</task>
				<task id="14" pickup="Eindhoven" delivery="Nijmegen" weight="28" reward="81761">
					<bid agent="Neutral" bid="169"/>
					<bid agent="Zero" bid="905"/>
				</task>
				<task id="15" pickup="Rotterdam" delivery="Apeldoorn" weight="16" reward="57702">
					<bid agent="Neutral" bid="694"/>
					<bid agent="Zero" bid="646"/>
				</task>
				<task id="16" pickup="Amsterdam" delivery="Breda" weight="23" reward="61855">
					<bid agent="Neutral" bid="379"/>
					<bid agent="Zero" bid="921"/>
				</task>
				<task id="17" pickup="Apeldoorn" delivery="Den Haag" weight="26" reward="47362">
					<bid agent="Neutral" bid="532"/>
					<bid agent="Zero" bid="773"/>
				</task>
				<task id="18" pickup="Almere" delivery="Rotterdam" weight="25" reward="67350">
					<bid agent="Neutral" bid="338"/>
					<bid agent="Zero" bid="928"/>
				</task>
				<task id="19" pickup="Eindhoven" delivery="Breda" weight="15" reward="85018">
					<bid agent="Neutral" bid="294"/>
					<bid agent="Zero" bid="921"/>
				</task>
				<task id="20" pickup="Amsterdam" delivery="Nijmegen" weight="20" reward="56603">
					<bid agent="Neutral" bid="309"/>
					<bid agent="Zero" bid="543"/>
				</task>
				<task id="21" pickup="Breda" delivery="Nijmegen" weight="11" reward="71177">
					<bid agent="Neutral" bid="367"/>
					<bid agent="Zero" bid="363"/>
				</task>
				<task id="22" pickup="Eindhoven" delivery="Groningen" weight="27" reward="1117">
					<bid agent="Neutral" bid="1148"/>
					<bid agent="Zero" bid="886"/>
				</task>
				<task id="23" pickup="Amsterdam" delivery="Nijmegen" weight="20" reward="56603">
					<bid agent="Neutral" bid="524"/>
					<bid agent="Zero" bid="779"/>
				</task>
				<task id="24" pickup="Groningen" delivery="Amsterdam" weight="15" reward="34661">
					<bid agent="Neutral" bid="1056"/>
					<bid agent="Zero" bid="929"/>
				</task>
				<task id="25" pickup="Den Haag" delivery="Groningen" weight="19" reward="8119">
					<bid agent="Neutral" bid="63"/>
					<bid agent="Zero" bid="127"/>
				</task>
				<task id="26" pickup="Eindhoven" delivery="Rotterdam" weight="15" reward="65233">
					<bid agent="Neutral" bid="503"/>
					<bid agent="Zero" bid="453"/>
				</task>
				<task id="27" pickup="Groningen" delivery="Amsterdam" weight="15" reward="34661">
					<bid agent="Neutral" bid="744"/>
					<bid agent="Zero" bid="0"/>
				</task>
				<task id="28" pickup="Utrecht" delivery="Almere" weight="23" reward="92712">
					<bid agent="Neutral" bid="232"/>
					<bid agent="Zero" bid="433"/>
				</task>
				<task id="29" pickup="Utrecht" delivery="Breda" weight="29" reward="80418">
					<bid agent="Neutral" bid="401"/>
					<bid agent="Zero" bid="329"/>
				</task>
			</tasks>
			<events>
				<event id="0" time="0" vehicle="Vehicle 1" pickup="16"/>
				<event id="1" time="0" vehicle="Vehicle 2" pickup="14"/>
				<event id="2" time="0" vehicle="Vehicle 3" move="Apeldoorn"/>
				<event id="3" time="0" vehicle="Vehicle 7" pickup="15"/>
				<event id="4" time="300000000" vehicle="Vehicle 1" move="Almere"/>
				<event id="5" time="300000000" vehicle="Vehicle 2" move="Utrecht"/>
				<event id="6" time="300000000" vehicle="Vehicle 7" move="Breda"/>
				<event id="7" time="744444444" vehicle="Vehicle 3" pickup="2"/>
				<event id="8" time="831666666" vehicle="Vehicle 1" pickup="10"/>
				<event id="9" time="840000000" vehicle="Vehicle 7" pickup="21"/>
				<event id="10" time="1044444443" vehicle="Vehicle 3" pickup="9"/>
				<event id="11" time="1131666665" vehicle="Vehicle 1" pickup="6"/>
				<event id="12" time="1140000000" vehicle="Vehicle 7" move="Eindhoven"/>
				<event id="13" time="1321111111" vehicle="Vehicle 2" pickup="4"/>
				<event id="14" time="1344444443" vehicle="Vehicle 3" pickup="8"/>
				<event id="15" time="1431666665" vehicle="Vehicle 1" move="Utrecht"/>
				<event id="16" time="1621111111" vehicle="Vehicle 2" move="Amsterdam"/>
				<event id="17" time="1644444443" vehicle="Vehicle 3" move="Almere"/>
				<event id="18" time="1831111111" vehicle="Vehicle 7" pickup="22"/>
				<event id="19" time="2127777776" vehicle="Vehicle 2" pickup="23"/>
				<event id="20" time="2131111110" vehicle="Vehicle 7" pickup="26"/>
				<event id="21" time="2153333331" vehicle="Vehicle 1" move="Eindhoven"/>
				<event id="22" time="2427777776" vehicle="Vehicle 2" deliver="4"/>
				<event id="23" time="2431111110" vehicle="Vehicle 7" move="Nijmegen"/>
				<event id="24" time="2534444442" vehicle="Vehicle 3" deliver="8"/>
				<event id="25" time="2727777776" vehicle="Vehicle 2" pickup="20"/>
				<event id="26" time="2834444442" vehicle="Vehicle 3" pickup="18"/>
				<event id="27" time="3027777775" vehicle="Vehicle 2" move="Utrecht"/>
				<event id="28" time="3134444441" vehicle="Vehicle 3" move="Amsterdam"/>
				<event id="29" time="3211111109" vehicle="Vehicle 7" deliver="21"/>
				<event id="30" time="3488888885" vehicle="Vehicle 3" move="Den Haag"/>
				<event id="31" time="3511111109" vehicle="Vehicle 7" move="Apeldoorn"/>
				<event id="32" time="3534444441" vehicle="Vehicle 2" move="Nijmegen"/>
				<event id="33" time="3684999997" vehicle="Vehicle 1" pickup="19"/>
				<event id="34" time="3984999997" vehicle="Vehicle 1" deliver="10"/>
				<event id="35" time="4145555552" vehicle="Vehicle 7" deliver="15"/>
				<event id="36" time="4213333329" vehicle="Vehicle 3" deliver="9"/>
				<event id="37" time="4284999997" vehicle="Vehicle 1" move="Breda"/>
				<event id="38" time="4445555552" vehicle="Vehicle 7" move="Groningen"/>
				<event id="39" time="4494444440" vehicle="Vehicle 2" deliver="14"/>
				<event id="40" time="4513333329" vehicle="Vehicle 3" pickup="13"/>
				<event id="41" time="4794444440" vehicle="Vehicle 2" deliver="20"/>
				<event id="42" time="4813333329" vehicle="Vehicle 3" deliver="2"/>
				<event id="43" time="5094444439" vehicle="Vehicle 2" deliver="23"/>
				<event id="44" time="5113333328" vehicle="Vehicle 3" pickup="7"/>
				<event id="45" time="5321666663" vehicle="Vehicle 1" deliver="16"/>
				<event id="46" time="5413333328" vehicle="Vehicle 3" move="Rotterdam"/>
				<event id="47" time="5621666663" vehicle="Vehicle 1" pickup="0"/>
				<event id="48" time="5695555550" vehicle="Vehicle 3" deliver="18"/>
				<event id="49" time="5921666663" vehicle="Vehicle 1" deliver="19"/>
				<event id="50" time="5995555550" vehicle="Vehicle 3" pickup="12"/>
				<event id="51" time="6012222218" vehicle="Vehicle 7" pickup="24"/>
				<event id="52" time="6221666662" vehicle="Vehicle 1" move="Utrecht"/>
				<event id="53" time="6295555549" vehicle="Vehicle 3" move="Breda"/>
				<event id="54" time="6312222218" vehicle="Vehicle 7" pickup="27"/>
				<event id="55" time="6612222218" vehicle="Vehicle 7" deliver="22"/>
				<event id="56" time="6835555549" vehicle="Vehicle 3" pickup="11"/>
				<event id="57" time="6912222218" vehicle="Vehicle 7" move="Almere"/>
				<event id="58" time="7135555548" vehicle="Vehicle 3" move="Nijmegen"/>
				<event id="59" time="7446666661" vehicle="Vehicle 1" deliver="6"/>
				<event id="60" time="7746666661" vehicle="Vehicle 1" pickup="28"/>
				<event id="61" time="8046666660" vehicle="Vehicle 1" move="Almere"/>
				<event id="62" time="8204444436" vehicle="Vehicle 3" deliver="11"/>
				<event id="63" time="8504444436" vehicle="Vehicle 3" deliver="7"/>
				<event id="64" time="8623333328" vehicle="Vehicle 7" move="Amsterdam"/>
				<event id="65" time="8768333326" vehicle="Vehicle 1" deliver="0"/>
				<event id="66" time="8804444436" vehicle="Vehicle 3" pickup="5"/>
				<event id="67" time="8977777772" vehicle="Vehicle 7" deliver="24"/>
				<event id="68" time="9068333325" vehicle="Vehicle 1" deliver="28"/>
				<event id="69" time="9104444435" vehicle="Vehicle 3" move="Apeldoorn"/>
				<event id="70" time="9277777771" vehicle="Vehicle 7" deliver="27"/>
				<event id="71" time="9577777771" vehicle="Vehicle 7" move="Utrecht"/>
				<event id="72" time="9738888879" vehicle="Vehicle 3" deliver="13"/>
				<event id="73" time="10038888878" vehicle="Vehicle 3" pickup="17"/>
				<event id="74" time="10084444437" vehicle="Vehicle 7" pickup="29"/>
				<event id="75" time="10338888878" vehicle="Vehicle 3" move="Almere"/>
				<event id="76" time="10384444437" vehicle="Vehicle 7" move="Rotterdam"/>
				<event id="77" time="11076666658" vehicle="Vehicle 7" deliver="26"/>
				<event id="78" time="11228888877" vehicle="Vehicle 3" deliver="12"/>
				<event id="79" time="11376666658" vehicle="Vehicle 7" move="Breda"/>
				<event id="80" time="11528888877" vehicle="Vehicle 3" move="Amsterdam"/>
				<event id="81" time="11883333321" vehicle="Vehicle 3" move="Den Haag"/>
				<event id="82" time="11916666658" vehicle="Vehicle 7" deliver="29"/>
				<event id="83" time="12607777764" vehicle="Vehicle 3" pickup="25"/>
				<event id="84" time="12907777764" vehicle="Vehicle 3" deliver="17"/>
				<event id="85" time="13207777763" vehicle="Vehicle 3" pickup="1"/>
				<event id="86" time="13507777763" vehicle="Vehicle 3" move="Rotterdam"/>
				<event id="87" time="13789999985" vehicle="Vehicle 3" move="Utrecht"/>
				<event id="88" time="14482222207" vehicle="Vehicle 3" pickup="3"/>
				<event id="89" time="14782222207" vehicle="Vehicle 3" move="Almere"/>
				<event id="90" time="15263333317" vehicle="Vehicle 3" move="Groningen"/>
				<event id="91" time="16974444427" vehicle="Vehicle 3" deliver="3"/>
				<event id="92" time="17274444426" vehicle="Vehicle 3" deliver="25"/>
				<event id="93" time="17574444426" vehicle="Vehicle 3" deliver="5"/>
				<event id="94" time="17874444426" vehicle="Vehicle 3" deliver="1"/>
			</events>
		</round>
	</rounds>
	<statistics>
		<stat rank="1" agent="Neutral">
			<total-tasks value="23"/>
			<total-distance value="1549.3"/>
			<total-cost value="7747"/>
			<total-reward value="7979"/>
			<total-profit value="232"/>
		</stat>
		<stat rank="2" agent="Zero">
			<total-tasks value="7"/>
			<total-distance value="721.5"/>
			<total-cost value="3608"/>
			<total-reward value="3606"/>
			<total-profit value="-2"/>
		</stat>
	</statistics>
</history>
