<?xml version="1.0" encoding="ISO-8859-1"?>

<history configuration="config/rounds/auction2.xml">
	<agents>
		<agent name="Neutral">
			<vehicle name="Vehicle 1"/>
			<vehicle name="Vehicle 2"/>
			<vehicle name="Vehicle 3"/>
		</agent>
		<agent name="Naive">
			<vehicle name="Vehicle 4"/>
			<vehicle name="Vehicle 5"/>
			<vehicle name="Vehicle 6"/>
			<vehicle name="Vehicle 7"/>
		</agent>
	</agents>
	<rounds>
		<round id="1">
			<tasks>
				<task id="0" pickup="Breda" delivery="Almere" weight="27" reward="62791">
					<bid agent="Neutral" bid="369"/>
					<bid agent="Naive" bid="954"/>
				</task>
				<task id="1" pickup="Den Haag" delivery="Groningen" weight="19" reward="8119">
					<bid agent="Neutral" bid="612"/>
					<bid agent="Naive" bid="1265"/>
				</task>
				<task id="2" pickup="Apeldoorn" delivery="Den Haag" weight="26" reward="47362">
					<bid agent="Neutral" bid="425"/>
					<bid agent="Naive" bid="1647"/>
				</task>
				<task id="3" pickup="Utrecht" delivery="Groningen" weight="12" reward="30020">
					<bid agent="Neutral" bid="295"/>
					<bid agent="Naive" bid="1494"/>
				</task>
				<task id="4" pickup="Utrecht" delivery="Amsterdam" weight="24" reward="91775">
					<bid agent="Neutral" bid="126"/>
					<bid agent="Naive" bid="709"/>
				</task>
				<task id="5" pickup="Nijmegen" delivery="Groningen" weight="26" reward="29695">
					<bid agent="Neutral" bid="552"/>
					<bid agent="Naive" bid="1739"/>
				</task>
				<task id="6" pickup="Almere" delivery="Utrecht" weight="26" reward="92712">
					<bid agent="Neutral" bid="75"/>
					<bid agent="Naive" bid="830"/>
				</task>
				<task id="7" pickup="Den Haag" delivery="Nijmegen" weight="28" reward="54405">
					<bid agent="Neutral" bid="345"/>
					<bid agent="Naive" bid="885"/>
				</task>
				<task id="8" pickup="Apeldoorn" delivery="Almere" weight="21" reward="77731">
					<bid agent="Neutral" bid="192"/>
					<bid agent="Naive" bid="1178"/>
				</task>
				<task id="9" pickup="Apeldoorn" delivery="Den Haag" weight="26" reward="47362">
					<bid agent="Neutral" bid="479"/>
					<bid agent="Naive" bid="1658"/>
				</task>
				<task id="10" pickup="Almere" delivery="Eindhoven" weight="12" reward="55300">
					<bid agent="Neutral" bid="439"/>
					<bid agent="Naive" bid="1325"/>
				</task>
				<task id="11" pickup="Breda" delivery="Nijmegen" weight="11" reward="71177">
					<bid agent="Neutral" bid="395"/>
					<bid agent="Naive" bid="1262"/>
				</task>
				<task id="12" pickup="Rotterdam" delivery="Almere" weight="22" reward="67350">
					<bid agent="Neutral" bid="384"/>
					<bid agent="Naive" bid="1001"/>
				</task>
				<task id="13" pickup="Den Haag" delivery="Apeldoorn" weight="17" reward="47362">
					<bid agent="Neutral" bid="405"/>
					<bid agent="Naive" bid="1109"/>
				</task>
				<task id="14" pickup="Eindhoven" delivery="Nijmegen" weight="28" reward="81761">
					<bid agent="Neutral" bid="169"/>
					<bid agent="Naive" bid="1053"/>
				</task>
				<task id="15" pickup="Rotterdam" delivery="Apeldoorn" weight="16" reward="57702">
					<bid agent="Neutral" bid="323"/>
					<bid agent="Naive" bid="1055"/>
				</task>
				<task id="16" pickup="Amsterdam" delivery="Breda" weight="23" reward="61855">
					<bid agent="Neutral" bid="480"/>
					<bid agent="Naive" bid="1381"/>
				</task>
				<task id="17" pickup="Apeldoorn" delivery="Den Haag" weight="26" reward="47362">
					<bid agent="Neutral" bid="386"/>
					<bid agent="Naive" bid="2249"/>
				</task>
				<task id="18" pickup="Almere" delivery="Rotterdam" weight="25" reward="67350">
					<bid agent="Neutral" bid="338"/>
					<bid agent="Naive" bid="1046"/>
				</task>
				<task id="19" pickup="Eindhoven" delivery="Breda" weight="15" reward="85018">
					<bid agent="Neutral" bid="376"/>
					<bid agent="Naive" bid="1608"/>
				</task>
				<task id="20" pickup="Amsterdam" delivery="Nijmegen" weight="20" reward="56603">
					<bid agent="Neutral" bid="415"/>
					<bid agent="Naive" bid="1037"/>
				</task>
				<task id="21" pickup="Breda" delivery="Nijmegen" weight="11" reward="71177">
					<bid agent="Neutral" bid="402"/>
					<bid agent="Naive" bid="1621"/>
				</task>
				<task id="22" pickup="Eindhoven" delivery="Groningen" weight="27" reward="1117">
					<bid agent="Neutral" bid="1363"/>
					<bid agent="Naive" bid="3705"/>
				</task>
				<task id="23" pickup="Amsterdam" delivery="Nijmegen" weight="20" reward="56603">
					<bid agent="Neutral" bid="342"/>
					<bid agent="Naive" bid="1167"/>
				</task>
				<task id="24" pickup="Groningen" delivery="Amsterdam" weight="15" reward="34661">
					<bid agent="Neutral" bid="839"/>
					<bid agent="Naive" bid="3002"/>
				</task>
				<task id="25" pickup="Den Haag" delivery="Groningen" weight="19" reward="8119">
					<bid agent="Neutral" bid="1103"/>
					<bid agent="Naive" bid="2373"/>
				</task>
				<task id="26" pickup="Eindhoven" delivery="Rotterdam" weight="15" reward="65233">
					<bid agent="Neutral" bid="277"/>
					<bid agent="Naive" bid="2409"/>
				</task>
				<task id="27" pickup="Groningen" delivery="Amsterdam" weight="15" reward="34661">
					<bid agent="Neutral" bid="702"/>
					<bid agent="Naive" bid="2368"/>
				</task>
				<task id="28" pickup="Utrecht" delivery="Almere" weight="23" reward="92712">
					<bid agent="Neutral" bid="108"/>
					<bid agent="Naive" bid="1126"/>
				</task>
				<task id="29" pickup="Utrecht" delivery="Breda" weight="29" reward="80418">
					<bid agent="Neutral" bid="413"/>
					<bid agent="Naive" bid="1595"/>
				</task>
			</tasks>
			<events>
				<event id="0" time="0" vehicle="Vehicle 1" pickup="16"/>
				<event id="1" time="0" vehicle="Vehicle 2" pickup="19"/>
				<event id="2" time="0" vehicle="Vehicle 3" pickup="4"/>
				<event id="3" time="300000000" vehicle="Vehicle 1" move="Utrecht"/>
				<event id="4" time="300000000" vehicle="Vehicle 2" pickup="26"/>
				<event id="5" time="300000000" vehicle="Vehicle 3" pickup="28"/>
				<event id="6" time="600000000" vehicle="Vehicle 2" pickup="14"/>
				<event id="7" time="600000000" vehicle="Vehicle 3" move="Amsterdam"/>
				<event id="8" time="900000000" vehicle="Vehicle 2" move="Nijmegen"/>
				<event id="9" time="1060000000" vehicle="Vehicle 1" pickup="3"/>
				<event id="10" time="1106666666" vehicle="Vehicle 3" pickup="23"/>
				<event id="11" time="1360000000" vehicle="Vehicle 1" pickup="29"/>
				<event id="12" time="1406666666" vehicle="Vehicle 3" deliver="4"/>
				<event id="13" time="1660000000" vehicle="Vehicle 1" move="Breda"/>
				<event id="14" time="1680000000" vehicle="Vehicle 2" deliver="14"/>
				<event id="15" time="1706666666" vehicle="Vehicle 3" pickup="20"/>
				<event id="16" time="1980000000" vehicle="Vehicle 2" move="Apeldoorn"/>
				<event id="17" time="2006666665" vehicle="Vehicle 3" move="Almere"/>
				<event id="18" time="2361111109" vehicle="Vehicle 3" deliver="28"/>
				<event id="19" time="2614444444" vehicle="Vehicle 2" pickup="8"/>
				<event id="20" time="2661111109" vehicle="Vehicle 3" pickup="6"/>
				<event id="21" time="2885000000" vehicle="Vehicle 1" deliver="29"/>
				<event id="22" time="2914444444" vehicle="Vehicle 2" pickup="2"/>
				<event id="23" time="2961111109" vehicle="Vehicle 3" pickup="10"/>
				<event id="24" time="3185000000" vehicle="Vehicle 1" deliver="16"/>
				<event id="25" time="3214444443" vehicle="Vehicle 2" move="Almere"/>
				<event id="26" time="3261111108" vehicle="Vehicle 3" move="Utrecht"/>
				<event id="27" time="3485000000" vehicle="Vehicle 1" pickup="0"/>
				<event id="28" time="3742222219" vehicle="Vehicle 3" deliver="6"/>
				<event id="29" time="3785000000" vehicle="Vehicle 1" move="Rotterdam"/>
				<event id="30" time="4042222218" vehicle="Vehicle 3" move="Eindhoven"/>
				<event id="31" time="4104444442" vehicle="Vehicle 2" deliver="8"/>
				<event id="32" time="4404444442" vehicle="Vehicle 2" move="Utrecht"/>
				<event id="33" time="4595000000" vehicle="Vehicle 1" move="Den Haag"/>
				<event id="34" time="4885555553" vehicle="Vehicle 2" move="Breda"/>
				<event id="35" time="5018333333" vehicle="Vehicle 1" pickup="25"/>
				<event id="36" time="5063333328" vehicle="Vehicle 3" pickup="22"/>
				<event id="37" time="5318333333" vehicle="Vehicle 1" pickup="1"/>
				<event id="38" time="5363333328" vehicle="Vehicle 3" deliver="10"/>
				<event id="39" time="5618333333" vehicle="Vehicle 1" move="Amsterdam"/>
				<event id="40" time="5663333328" vehicle="Vehicle 3" move="Nijmegen"/>
				<event id="41" time="5702222219" vehicle="Vehicle 2" pickup="11"/>
				<event id="42" time="6002222218" vehicle="Vehicle 2" pickup="21"/>
				<event id="43" time="6302222218" vehicle="Vehicle 2" deliver="19"/>
				<event id="44" time="6443333327" vehicle="Vehicle 3" deliver="20"/>
				<event id="45" time="6602222218" vehicle="Vehicle 2" move="Rotterdam"/>
				<event id="46" time="6704999999" vehicle="Vehicle 1" move="Almere"/>
				<event id="47" time="6743333327" vehicle="Vehicle 3" pickup="5"/>
				<event id="48" time="7043333326" vehicle="Vehicle 3" deliver="23"/>
				<event id="49" time="7142222217" vehicle="Vehicle 2" deliver="26"/>
				<event id="50" time="7236666665" vehicle="Vehicle 1" move="Groningen"/>
				<event id="51" time="7343333326" vehicle="Vehicle 3" move="Apeldoorn"/>
				<event id="52" time="7442222217" vehicle="Vehicle 2" move="Den Haag"/>
				<event id="53" time="7724444439" vehicle="Vehicle 2" pickup="7"/>
				<event id="54" time="7977777770" vehicle="Vehicle 3" move="Groningen"/>
				<event id="55" time="8024444438" vehicle="Vehicle 2" deliver="2"/>
				<event id="56" time="8324444438" vehicle="Vehicle 2" move="Rotterdam"/>
				<event id="57" time="8606666660" vehicle="Vehicle 2" move="Nijmegen"/>
				<event id="58" time="9544444436" vehicle="Vehicle 3" deliver="5"/>
				<event id="59" time="9803333331" vehicle="Vehicle 1" deliver="1"/>
				<event id="60" time="9844444436" vehicle="Vehicle 3" deliver="22"/>
				<event id="61" time="9851111104" vehicle="Vehicle 2" deliver="21"/>
				<event id="62" time="10103333330" vehicle="Vehicle 1" deliver="25"/>
				<event id="63" time="10151111103" vehicle="Vehicle 2" deliver="11"/>
				<event id="64" time="10403333330" vehicle="Vehicle 1" pickup="27"/>
				<event id="65" time="10451111103" vehicle="Vehicle 2" deliver="7"/>
				<event id="66" time="10703333330" vehicle="Vehicle 1" pickup="24"/>
				<event id="67" time="11003333329" vehicle="Vehicle 1" deliver="3"/>
				<event id="68" time="11303333329" vehicle="Vehicle 1" move="Almere"/>
				<event id="69" time="13869999995" vehicle="Vehicle 1" deliver="0"/>
				<event id="70" time="14169999995" vehicle="Vehicle 1" pickup="18"/>
				<event id="71" time="14469999995" vehicle="Vehicle 1" move="Amsterdam"/>
				<event id="72" time="15001666661" vehicle="Vehicle 1" deliver="27"/>
				<event id="73" time="15301666661" vehicle="Vehicle 1" deliver="24"/>
				<event id="74" time="15601666661" vehicle="Vehicle 1" move="Den Haag"/>
				<event id="75" time="16688333327" vehicle="Vehicle 1" pickup="13"/>
				<event id="76" time="16988333327" vehicle="Vehicle 1" move="Rotterdam"/>
				<event id="77" time="17411666659" vehicle="Vehicle 1" pickup="15"/>
				<event id="78" time="17711666659" vehicle="Vehicle 1" pickup="12"/>
				<event id="79" time="18011666658" vehicle="Vehicle 1" deliver="18"/>
				<event id="80" time="18311666658" vehicle="Vehicle 1" move="Utrecht"/>
				<event id="81" time="19349999991" vehicle="Vehicle 1" move="Apeldoorn"/>
				<event id="82" time="20466666657" vehicle="Vehicle 1" deliver="13"/>
				<event id="83" time="20766666657" vehicle="Vehicle 1" deliver="15"/>
				<event id="84" time="21066666656" vehicle="Vehicle 1" pickup="9"/>
				<event id="85" time="21366666656" vehicle="Vehicle 1" pickup="17"/>
				<event id="86" time="21666666656" vehicle="Vehicle 1" move="Almere"/>
				<event id="87" time="23001666655" vehicle="Vehicle 1" deliver="12"/>
				<event id="88" time="23301666655" vehicle="Vehicle 1" move="Amsterdam"/>
				<event id="89" time="23833333321" vehicle="Vehicle 1" move="Den Haag"/>
				<event id="90" time="24919999987" vehicle="Vehicle 1" deliver="17"/>
				<event id="91" time="25219999987" vehicle="Vehicle 1" deliver="9"/>
			</events>
		</round>
	</rounds>
	<statistics>
		<stat rank="1" agent="Neutral">
			<total-tasks value="30"/>
			<total-distance value="2043.8"/>
			<total-cost value="10219"/>
			<total-reward value="13129"/>
			<total-profit value="2910"/>
		</stat>
		<stat rank="2" agent="Naive">
			<total-tasks value="0"/>
			<total-distance value="0.0"/>
			<total-cost value="0"/>
			<total-reward value="0"/>
			<total-profit value="0"/>
		</stat>
	</statistics>
</history>
