<?xml version="1.0" encoding="ISO-8859-1"?>

<history configuration="config/rounds/auction2.xml">
	<agents>
		<agent name="Zero">
			<vehicle name="Vehicle 1"/>
			<vehicle name="Vehicle 2"/>
			<vehicle name="Vehicle 3"/>
		</agent>
		<agent name="Naive">
			<vehicle name="Vehicle 4"/>
			<vehicle name="Vehicle 5"/>
			<vehicle name="Vehicle 6"/>
			<vehicle name="Vehicle 7"/>
		</agent>
	</agents>
	<rounds>
		<round id="1">
			<tasks>
				<task id="0" pickup="Breda" delivery="Almere" weight="27" reward="62791">
					<bid agent="Zero" bid="895"/>
					<bid agent="Naive" bid="954"/>
				</task>
				<task id="1" pickup="Den Haag" delivery="Groningen" weight="19" reward="8119">
					<bid agent="Zero" bid="1041"/>
					<bid agent="Naive" bid="1265"/>
				</task>
				<task id="2" pickup="Apeldoorn" delivery="Den Haag" weight="26" reward="47362">
					<bid agent="Zero" bid="726"/>
					<bid agent="Naive" bid="1647"/>
				</task>
				<task id="3" pickup="Utrecht" delivery="Groningen" weight="12" reward="30020">
					<bid agent="Zero" bid="0"/>
					<bid agent="Naive" bid="1494"/>
				</task>
				<task id="4" pickup="Utrecht" delivery="Amsterdam" weight="24" reward="91775">
					<bid agent="Zero" bid="173"/>
					<bid agent="Naive" bid="709"/>
				</task>
				<task id="5" pickup="Nijmegen" delivery="Groningen" weight="26" reward="29695">
					<bid agent="Zero" bid="668"/>
					<bid agent="Naive" bid="1739"/>
				</task>
				<task id="6" pickup="Almere" delivery="Utrecht" weight="26" reward="92712">
					<bid agent="Zero" bid="0"/>
					<bid agent="Naive" bid="830"/>
				</task>
				<task id="7" pickup="Den Haag" delivery="Nijmegen" weight="28" reward="54405">
					<bid agent="Zero" bid="256"/>
					<bid agent="Naive" bid="885"/>
				</task>
				<task id="8" pickup="Apeldoorn" delivery="Almere" weight="21" reward="77731">
					<bid agent="Zero" bid="101"/>
					<bid agent="Naive" bid="1178"/>
				</task>
				<task id="9" pickup="Apeldoorn" delivery="Den Haag" weight="26" reward="47362">
					<bid agent="Zero" bid="462"/>
					<bid agent="Naive" bid="1658"/>
				</task>
				<task id="10" pickup="Almere" delivery="Eindhoven" weight="12" reward="55300">
					<bid agent="Zero" bid="479"/>
					<bid agent="Naive" bid="1325"/>
				</task>
				<task id="11" pickup="Breda" delivery="Nijmegen" weight="11" reward="71177">
					<bid agent="Zero" bid="150"/>
					<bid agent="Naive" bid="1262"/>
				</task>
				<task id="12" pickup="Rotterdam" delivery="Almere" weight="22" reward="67350">
					<bid agent="Zero" bid="297"/>
					<bid agent="Naive" bid="1001"/>
				</task>
				<task id="13" pickup="Den Haag" delivery="Apeldoorn" weight="17" reward="47362">
					<bid agent="Zero" bid="0"/>
					<bid agent="Naive" bid="1109"/>
				</task>
				<task id="14" pickup="Eindhoven" delivery="Nijmegen" weight="28" reward="81761">
					<bid agent="Zero" bid="491"/>
					<bid agent="Naive" bid="1053"/>
				</task>
				<task id="15" pickup="Rotterdam" delivery="Apeldoorn" weight="16" reward="57702">
					<bid agent="Zero" bid="189"/>
					<bid agent="Naive" bid="1055"/>
				</task>
				<task id="16" pickup="Amsterdam" delivery="Breda" weight="23" reward="61855">
					<bid agent="Zero" bid="279"/>
					<bid agent="Naive" bid="1381"/>
				</task>
				<task id="17" pickup="Apeldoorn" delivery="Den Haag" weight="26" reward="47362">
					<bid agent="Zero" bid="0"/>
					<bid agent="Naive" bid="2249"/>
				</task>
				<task id="18" pickup="Almere" delivery="Rotterdam" weight="25" reward="67350">
					<bid agent="Zero" bid="148"/>
					<bid agent="Naive" bid="1046"/>
				</task>
				<task id="19" pickup="Eindhoven" delivery="Breda" weight="15" reward="85018">
					<bid agent="Zero" bid="311"/>
					<bid agent="Naive" bid="1608"/>
				</task>
				<task id="20" pickup="Amsterdam" delivery="Nijmegen" weight="20" reward="56603">
					<bid agent="Zero" bid="171"/>
					<bid agent="Naive" bid="1037"/>
				</task>
				<task id="21" pickup="Breda" delivery="Nijmegen" weight="11" reward="71177">
					<bid agent="Zero" bid="130"/>
					<bid agent="Naive" bid="1621"/>
				</task>
				<task id="22" pickup="Eindhoven" delivery="Groningen" weight="27" reward="1117">
					<bid agent="Zero" bid="1231"/>
					<bid agent="Naive" bid="3705"/>
				</task>
				<task id="23" pickup="Amsterdam" delivery="Nijmegen" weight="20" reward="56603">
					<bid agent="Zero" bid="0"/>
					<bid agent="Naive" bid="1167"/>
				</task>
				<task id="24" pickup="Groningen" delivery="Amsterdam" weight="15" reward="34661">
					<bid agent="Zero" bid="963"/>
					<bid agent="Naive" bid="3002"/>
				</task>
				<task id="25" pickup="Den Haag" delivery="Groningen" weight="19" reward="8119">
					<bid agent="Zero" bid="308"/>
					<bid agent="Naive" bid="2373"/>
				</task>
				<task id="26" pickup="Eindhoven" delivery="Rotterdam" weight="15" reward="65233">
					<bid agent="Zero" bid="0"/>
					<bid agent="Naive" bid="2409"/>
				</task>
				<task id="27" pickup="Groningen" delivery="Amsterdam" weight="15" reward="34661">
					<bid agent="Zero" bid="0"/>
					<bid agent="Naive" bid="2368"/>
				</task>
				<task id="28" pickup="Utrecht" delivery="Almere" weight="23" reward="92712">
					<bid agent="Zero" bid="212"/>
					<bid agent="Naive" bid="1126"/>
				</task>
				<task id="29" pickup="Utrecht" delivery="Breda" weight="29" reward="80418">
					<bid agent="Zero" bid="0"/>
					<bid agent="Naive" bid="1595"/>
				</task>
			</tasks>
			<events>
				<event id="0" time="0" vehicle="Vehicle 1" move="Den Haag"/>
				<event id="1" time="0" vehicle="Vehicle 2" pickup="14"/>
				<event id="2" time="0" vehicle="Vehicle 3" pickup="29"/>
				<event id="3" time="300000000" vehicle="Vehicle 2" move="Nijmegen"/>
				<event id="4" time="300000000" vehicle="Vehicle 3" move="Breda"/>
				<event id="5" time="1080000000" vehicle="Vehicle 2" deliver="14"/>
				<event id="6" time="1086666666" vehicle="Vehicle 1" pickup="25"/>
				<event id="7" time="1116666666" vehicle="Vehicle 3" pickup="21"/>
				<event id="8" time="1380000000" vehicle="Vehicle 2" move="Apeldoorn"/>
				<event id="9" time="1386666666" vehicle="Vehicle 1" pickup="13"/>
				<event id="10" time="1416666666" vehicle="Vehicle 3" pickup="0"/>
				<event id="11" time="1686666666" vehicle="Vehicle 1" pickup="7"/>
				<event id="12" time="1716666666" vehicle="Vehicle 3" pickup="11"/>
				<event id="13" time="1986666666" vehicle="Vehicle 1" move="Rotterdam"/>
				<event id="14" time="2014444444" vehicle="Vehicle 2" pickup="9"/>
				<event id="15" time="2016666665" vehicle="Vehicle 3" deliver="29"/>
				<event id="16" time="2314444444" vehicle="Vehicle 2" pickup="17"/>
				<event id="17" time="2316666665" vehicle="Vehicle 3" move="Nijmegen"/>
				<event id="18" time="2409999999" vehicle="Vehicle 1" pickup="15"/>
				<event id="19" time="2614444444" vehicle="Vehicle 2" pickup="2"/>
				<event id="20" time="2709999999" vehicle="Vehicle 1" move="Nijmegen"/>
				<event id="21" time="2914444444" vehicle="Vehicle 2" move="Utrecht"/>
				<event id="22" time="3385555553" vehicle="Vehicle 3" deliver="21"/>
				<event id="23" time="3658888887" vehicle="Vehicle 2" move="Rotterdam"/>
				<event id="24" time="3685555553" vehicle="Vehicle 3" deliver="11"/>
				<event id="25" time="3985555553" vehicle="Vehicle 3" move="Utrecht"/>
				<event id="26" time="4351111109" vehicle="Vehicle 2" move="Den Haag"/>
				<event id="27" time="4576666665" vehicle="Vehicle 1" deliver="7"/>
				<event id="28" time="4633333331" vehicle="Vehicle 2" deliver="9"/>
				<event id="29" time="4876666665" vehicle="Vehicle 1" pickup="5"/>
				<event id="30" time="4933333331" vehicle="Vehicle 2" deliver="2"/>
				<event id="31" time="4945555552" vehicle="Vehicle 3" pickup="4"/>
				<event id="32" time="5176666664" vehicle="Vehicle 1" move="Apeldoorn"/>
				<event id="33" time="5233333330" vehicle="Vehicle 2" deliver="17"/>
				<event id="34" time="5245555551" vehicle="Vehicle 3" pickup="28"/>
				<event id="35" time="5545555551" vehicle="Vehicle 3" move="Almere"/>
				<event id="36" time="6026666661" vehicle="Vehicle 3" deliver="28"/>
				<event id="37" time="6128333330" vehicle="Vehicle 1" deliver="13"/>
				<event id="38" time="6326666661" vehicle="Vehicle 3" pickup="10"/>
				<event id="39" time="6428333330" vehicle="Vehicle 1" deliver="15"/>
				<event id="40" time="6626666661" vehicle="Vehicle 3" deliver="0"/>
				<event id="41" time="6728333330" vehicle="Vehicle 1" pickup="8"/>
				<event id="42" time="6926666661" vehicle="Vehicle 3" pickup="18"/>
				<event id="43" time="7028333329" vehicle="Vehicle 1" move="Groningen"/>
				<event id="44" time="7226666660" vehicle="Vehicle 3" move="Amsterdam"/>
				<event id="45" time="7581111104" vehicle="Vehicle 3" deliver="4"/>
				<event id="46" time="7881111104" vehicle="Vehicle 3" pickup="16"/>
				<event id="47" time="8181111103" vehicle="Vehicle 3" move="Utrecht"/>
				<event id="48" time="8687777769" vehicle="Vehicle 3" pickup="3"/>
				<event id="49" time="8987777769" vehicle="Vehicle 3" move="Rotterdam"/>
				<event id="50" time="9378333328" vehicle="Vehicle 1" deliver="5"/>
				<event id="51" time="9678333328" vehicle="Vehicle 1" pickup="24"/>
				<event id="52" time="9679999991" vehicle="Vehicle 3" deliver="18"/>
				<event id="53" time="9978333328" vehicle="Vehicle 1" pickup="27"/>
				<event id="54" time="9979999991" vehicle="Vehicle 3" move="Breda"/>
				<event id="55" time="10278333327" vehicle="Vehicle 1" deliver="25"/>
				<event id="56" time="10519999991" vehicle="Vehicle 3" deliver="16"/>
				<event id="57" time="10578333327" vehicle="Vehicle 1" move="Almere"/>
				<event id="58" time="10819999991" vehicle="Vehicle 3" move="Eindhoven"/>
				<event id="59" time="11511111102" vehicle="Vehicle 3" deliver="10"/>
				<event id="60" time="11811111102" vehicle="Vehicle 3" pickup="26"/>
				<event id="61" time="12111111101" vehicle="Vehicle 3" pickup="19"/>
				<event id="62" time="12411111101" vehicle="Vehicle 3" pickup="22"/>
				<event id="63" time="12711111101" vehicle="Vehicle 3" move="Breda"/>
				<event id="64" time="13144999993" vehicle="Vehicle 1" pickup="6"/>
				<event id="65" time="13402222211" vehicle="Vehicle 3" deliver="19"/>
				<event id="66" time="13444999993" vehicle="Vehicle 1" deliver="8"/>
				<event id="67" time="13702222211" vehicle="Vehicle 3" move="Rotterdam"/>
				<event id="68" time="13744999993" vehicle="Vehicle 1" move="Amsterdam"/>
				<event id="69" time="14242222210" vehicle="Vehicle 3" deliver="26"/>
				<event id="70" time="14276666659" vehicle="Vehicle 1" pickup="23"/>
				<event id="71" time="14542222210" vehicle="Vehicle 3" pickup="12"/>
				<event id="72" time="14576666659" vehicle="Vehicle 1" deliver="24"/>
				<event id="73" time="14842222210" vehicle="Vehicle 3" move="Den Haag"/>
				<event id="74" time="14876666659" vehicle="Vehicle 1" deliver="27"/>
				<event id="75" time="15124444431" vehicle="Vehicle 3" pickup="1"/>
				<event id="76" time="15176666658" vehicle="Vehicle 1" pickup="20"/>
				<event id="77" time="15424444431" vehicle="Vehicle 3" move="Amsterdam"/>
				<event id="78" time="15476666658" vehicle="Vehicle 1" move="Utrecht"/>
				<event id="79" time="16148888874" vehicle="Vehicle 3" move="Almere"/>
				<event id="80" time="16236666657" vehicle="Vehicle 1" deliver="6"/>
				<event id="81" time="16503333318" vehicle="Vehicle 3" deliver="12"/>
				<event id="82" time="16536666657" vehicle="Vehicle 1" move="Nijmegen"/>
				<event id="83" time="16803333318" vehicle="Vehicle 3" move="Groningen"/>
				<event id="84" time="17976666656" vehicle="Vehicle 1" deliver="23"/>
				<event id="85" time="18276666655" vehicle="Vehicle 1" deliver="20"/>
				<event id="86" time="18514444428" vehicle="Vehicle 3" deliver="3"/>
				<event id="87" time="18814444428" vehicle="Vehicle 3" deliver="22"/>
				<event id="88" time="19114444427" vehicle="Vehicle 3" deliver="1"/>
			</events>
		</round>
	</rounds>
	<statistics>
		<stat rank="1" agent="Naive">
			<total-tasks value="0"/>
			<total-distance value="0.0"/>
			<total-cost value="0"/>
			<total-reward value="0"/>
			<total-profit value="0"/>
		</stat>
		<stat rank="2" agent="Zero">
			<total-tasks value="30"/>
			<total-distance value="1937.9"/>
			<total-cost value="9690"/>
			<total-reward value="9681"/>
			<total-profit value="-9"/>
		</stat>
	</statistics>
</history>
