<?xml version="1.0" encoding="ISO-8859-1"?>

<history configuration="config/rounds/auction2.xml">
	<agents>
		<agent name="Opponent">
			<vehicle name="Vehicle 1"/>
			<vehicle name="Vehicle 2"/>
			<vehicle name="Vehicle 3"/>
		</agent>
		<agent name="Neutral">
			<vehicle name="Vehicle 4"/>
			<vehicle name="Vehicle 5"/>
			<vehicle name="Vehicle 6"/>
			<vehicle name="Vehicle 7"/>
		</agent>
	</agents>
	<rounds>
		<round id="1">
			<tasks>
				<task id="0" pickup="Breda" delivery="Almere" weight="27" reward="62791">
					<bid agent="Opponent" bid="532"/>
					<bid agent="Neutral" bid="352"/>
				</task>
				<task id="1" pickup="Den Haag" delivery="Groningen" weight="19" reward="8119">
					<bid agent="Opponent" bid="1066"/>
					<bid agent="Neutral" bid="574"/>
				</task>
				<task id="2" pickup="Apeldoorn" delivery="Den Haag" weight="26" reward="47362">
					<bid agent="Opponent" bid="659"/>
					<bid agent="Neutral" bid="390"/>
				</task>
				<task id="3" pickup="Utrecht" delivery="Groningen" weight="12" reward="30020">
					<bid agent="Opponent" bid="784"/>
					<bid agent="Neutral" bid="295"/>
				</task>
				<task id="4" pickup="Utrecht" delivery="Amsterdam" weight="24" reward="91775">
					<bid agent="Opponent" bid="213"/>
					<bid agent="Neutral" bid="162"/>
				</task>
				<task id="5" pickup="Nijmegen" delivery="Groningen" weight="26" reward="29695">
					<bid agent="Opponent" bid="828"/>
					<bid agent="Neutral" bid="524"/>
				</task>
				<task id="6" pickup="Almere" delivery="Utrecht" weight="26" reward="92712">
					<bid agent="Opponent" bid="192"/>
					<bid agent="Neutral" bid="75"/>
				</task>
				<task id="7" pickup="Den Haag" delivery="Nijmegen" weight="28" reward="54405">
					<bid agent="Opponent" bid="581"/>
					<bid agent="Neutral" bid="396"/>
				</task>
				<task id="8" pickup="Apeldoorn" delivery="Almere" weight="21" reward="77731">
					<bid agent="Opponent" bid="424"/>
					<bid agent="Neutral" bid="210"/>
				</task>
				<task id="9" pickup="Apeldoorn" delivery="Den Haag" weight="26" reward="47362">
					<bid agent="Opponent" bid="646"/>
					<bid agent="Neutral" bid="352"/>
				</task>
				<task id="10" pickup="Almere" delivery="Eindhoven" weight="12" reward="55300">
					<bid agent="Opponent" bid="548"/>
					<bid agent="Neutral" bid="482"/>
				</task>
				<task id="11" pickup="Breda" delivery="Nijmegen" weight="11" reward="71177">
					<bid agent="Opponent" bid="411"/>
					<bid agent="Neutral" bid="399"/>
				</task>
				<task id="12" pickup="Rotterdam" delivery="Almere" weight="22" reward="67350">
					<bid agent="Opponent" bid="447"/>
					<bid agent="Neutral" bid="237"/>
				</task>
				<task id="13" pickup="Den Haag" delivery="Apeldoorn" weight="17" reward="47362">
					<bid agent="Opponent" bid="638"/>
					<bid agent="Neutral" bid="822"/>
				</task>
				<task id="14" pickup="Eindhoven" delivery="Nijmegen" weight="28" reward="81761">
					<bid agent="Opponent" bid="327"/>
					<bid agent="Neutral" bid="424"/>
				</task>
				<task id="15" pickup="Rotterdam" delivery="Apeldoorn" weight="16" reward="57702">
					<bid agent="Opponent" bid="518"/>
					<bid agent="Neutral" bid="143"/>
				</task>
				<task id="16" pickup="Amsterdam" delivery="Breda" weight="23" reward="61855">
					<bid agent="Opponent" bid="504"/>
					<bid agent="Neutral" bid="534"/>
				</task>
				<task id="17" pickup="Apeldoorn" delivery="Den Haag" weight="26" reward="47362">
					<bid agent="Opponent" bid="614"/>
					<bid agent="Neutral" bid="525"/>
				</task>
				<task id="18" pickup="Almere" delivery="Rotterdam" weight="25" reward="67350">
					<bid agent="Opponent" bid="422"/>
					<bid agent="Neutral" bid="140"/>
				</task>
				<task id="19" pickup="Eindhoven" delivery="Breda" weight="15" reward="85018">
					<bid agent="Opponent" bid="277"/>
					<bid agent="Neutral" bid="155"/>
				</task>
				<task id="20" pickup="Amsterdam" delivery="Nijmegen" weight="20" reward="56603">
					<bid agent="Opponent" bid="528"/>
					<bid agent="Neutral" bid="226"/>
				</task>
				<task id="21" pickup="Breda" delivery="Nijmegen" weight="11" reward="71177">
					<bid agent="Opponent" bid="405"/>
					<bid agent="Neutral" bid="82"/>
				</task>
				<task id="22" pickup="Eindhoven" delivery="Groningen" weight="27" reward="1117">
					<bid agent="Opponent" bid="992"/>
					<bid agent="Neutral" bid="1079"/>
				</task>
				<task id="23" pickup="Amsterdam" delivery="Nijmegen" weight="20" reward="56603">
					<bid agent="Opponent" bid="483"/>
					<bid agent="Neutral" bid="491"/>
				</task>
				<task id="24" pickup="Groningen" delivery="Amsterdam" weight="15" reward="34661">
					<bid agent="Opponent" bid="753"/>
					<bid agent="Neutral" bid="1007"/>
				</task>
				<task id="25" pickup="Den Haag" delivery="Groningen" weight="19" reward="8119">
					<bid agent="Opponent" bid="935"/>
					<bid agent="Neutral" bid="334"/>
				</task>
				<task id="26" pickup="Eindhoven" delivery="Rotterdam" weight="15" reward="65233">
					<bid agent="Opponent" bid="481"/>
					<bid agent="Neutral" bid="236"/>
				</task>
				<task id="27" pickup="Groningen" delivery="Amsterdam" weight="15" reward="34661">
					<bid agent="Opponent" bid="630"/>
					<bid agent="Neutral" bid="428"/>
				</task>
				<task id="28" pickup="Utrecht" delivery="Almere" weight="23" reward="92712">
					<bid agent="Opponent" bid="324"/>
					<bid agent="Neutral" bid="252"/>
				</task>
				<task id="29" pickup="Utrecht" delivery="Breda" weight="29" reward="80418">
					<bid agent="Opponent" bid="335"/>
					<bid agent="Neutral" bid="192"/>
				</task>
			</tasks>
			<events>
				<event id="0" time="0" vehicle="Vehicle 1" pickup="23"/>
				<event id="1" time="0" vehicle="Vehicle 2" pickup="14"/>
				<event id="2" time="0" vehicle="Vehicle 4" move="Rotterdam"/>
				<event id="3" time="0" vehicle="Vehicle 5" pickup="2"/>
				<event id="4" time="0" vehicle="Vehicle 6" pickup="27"/>
				<event id="5" time="282222222" vehicle="Vehicle 4" pickup="15"/>
				<event id="6" time="300000000" vehicle="Vehicle 1" pickup="16"/>
				<event id="7" time="300000000" vehicle="Vehicle 2" move="Nijmegen"/>
				<event id="8" time="300000000" vehicle="Vehicle 5" pickup="17"/>
				<event id="9" time="300000000" vehicle="Vehicle 6" move="Almere"/>
				<event id="10" time="582222222" vehicle="Vehicle 4" pickup="12"/>
				<event id="11" time="600000000" vehicle="Vehicle 1" move="Den Haag"/>
				<event id="12" time="600000000" vehicle="Vehicle 5" move="Utrecht"/>
				<event id="13" time="882222222" vehicle="Vehicle 4" move="Utrecht"/>
				<event id="14" time="1080000000" vehicle="Vehicle 2" deliver="14"/>
				<event id="15" time="1344444444" vehicle="Vehicle 5" pickup="3"/>
				<event id="16" time="1574444443" vehicle="Vehicle 4" move="Apeldoorn"/>
				<event id="17" time="1644444444" vehicle="Vehicle 5" move="Rotterdam"/>
				<event id="18" time="1686666666" vehicle="Vehicle 1" pickup="13"/>
				<event id="19" time="1986666666" vehicle="Vehicle 1" move="Rotterdam"/>
				<event id="20" time="2011111111" vehicle="Vehicle 6" pickup="10"/>
				<event id="21" time="2311111111" vehicle="Vehicle 6" pickup="6"/>
				<event id="22" time="2318888886" vehicle="Vehicle 4" deliver="15"/>
				<event id="23" time="2336666665" vehicle="Vehicle 5" move="Den Haag"/>
				<event id="24" time="2409999999" vehicle="Vehicle 1" move="Breda"/>
				<event id="25" time="2611111111" vehicle="Vehicle 6" move="Utrecht"/>
				<event id="26" time="2618888886" vehicle="Vehicle 4" pickup="9"/>
				<event id="27" time="2618888887" vehicle="Vehicle 5" deliver="17"/>
				<event id="28" time="2918888886" vehicle="Vehicle 4" pickup="8"/>
				<event id="29" time="2918888887" vehicle="Vehicle 5" pickup="1"/>
				<event id="30" time="3092222221" vehicle="Vehicle 6" deliver="6"/>
				<event id="31" time="3218888885" vehicle="Vehicle 4" move="Almere"/>
				<event id="32" time="3218888886" vehicle="Vehicle 5" deliver="2"/>
				<event id="33" time="3219999999" vehicle="Vehicle 1" deliver="16"/>
				<event id="34" time="3392222221" vehicle="Vehicle 6" pickup="29"/>
				<event id="35" time="3518888886" vehicle="Vehicle 5" pickup="25"/>
				<event id="36" time="3519999999" vehicle="Vehicle 1" move="Eindhoven"/>
				<event id="37" time="3692222221" vehicle="Vehicle 6" move="Eindhoven"/>
				<event id="38" time="3818888886" vehicle="Vehicle 5" move="Rotterdam"/>
				<event id="39" time="4101111108" vehicle="Vehicle 5" move="Nijmegen"/>
				<event id="40" time="4108888884" vehicle="Vehicle 4" deliver="12"/>
				<event id="41" time="4408888884" vehicle="Vehicle 4" pickup="18"/>
				<event id="42" time="4556666665" vehicle="Vehicle 1" pickup="22"/>
				<event id="43" time="4708888884" vehicle="Vehicle 4" deliver="8"/>
				<event id="44" time="4713333331" vehicle="Vehicle 6" pickup="19"/>
				<event id="45" time="4856666665" vehicle="Vehicle 1" move="Nijmegen"/>
				<event id="46" time="5008888883" vehicle="Vehicle 4" move="Amsterdam"/>
				<event id="47" time="5013333330" vehicle="Vehicle 6" deliver="10"/>
				<event id="48" time="5313333330" vehicle="Vehicle 6" pickup="26"/>
				<event id="49" time="5345555551" vehicle="Vehicle 5" pickup="5"/>
				<event id="50" time="5363333327" vehicle="Vehicle 4" pickup="20"/>
				<event id="51" time="5613333330" vehicle="Vehicle 6" move="Breda"/>
				<event id="52" time="5645555551" vehicle="Vehicle 5" move="Apeldoorn"/>
				<event id="53" time="5663333327" vehicle="Vehicle 4" move="Den Haag"/>
				<event id="54" time="6026666664" vehicle="Vehicle 1" deliver="23"/>
				<event id="55" time="6279999995" vehicle="Vehicle 5" move="Groningen"/>
				<event id="56" time="6304444440" vehicle="Vehicle 6" deliver="29"/>
				<event id="57" time="6326666664" vehicle="Vehicle 1" move="Apeldoorn"/>
				<event id="58" time="6387777770" vehicle="Vehicle 4" deliver="9"/>
				<event id="59" time="6604444440" vehicle="Vehicle 6" deliver="19"/>
				<event id="60" time="6687777770" vehicle="Vehicle 4" pickup="7"/>
				<event id="61" time="6904444440" vehicle="Vehicle 6" pickup="0"/>
				<event id="62" time="6987777770" vehicle="Vehicle 4" move="Rotterdam"/>
				<event id="63" time="7204444439" vehicle="Vehicle 6" move="Rotterdam"/>
				<event id="64" time="7269999992" vehicle="Vehicle 4" deliver="18"/>
				<event id="65" time="7278333330" vehicle="Vehicle 1" deliver="13"/>
				<event id="66" time="7569999992" vehicle="Vehicle 4" move="Breda"/>
				<event id="67" time="7578333330" vehicle="Vehicle 1" move="Groningen"/>
				<event id="68" time="7744444439" vehicle="Vehicle 6" deliver="26"/>
				<event id="69" time="7846666661" vehicle="Vehicle 5" deliver="1"/>
				<event id="70" time="8044444438" vehicle="Vehicle 6" move="Utrecht"/>
				<event id="71" time="8109999992" vehicle="Vehicle 4" pickup="21"/>
				<event id="72" time="8146666660" vehicle="Vehicle 5" deliver="3"/>
				<event id="73" time="8409999992" vehicle="Vehicle 4" pickup="11"/>
				<event id="74" time="8446666660" vehicle="Vehicle 5" deliver="5"/>
				<event id="75" time="8709999992" vehicle="Vehicle 4" move="Nijmegen"/>
				<event id="76" time="8736666660" vehicle="Vehicle 6" pickup="28"/>
				<event id="77" time="8746666660" vehicle="Vehicle 5" deliver="25"/>
				<event id="78" time="9036666659" vehicle="Vehicle 6" move="Almere"/>
				<event id="79" time="9517777770" vehicle="Vehicle 6" deliver="0"/>
				<event id="80" time="9778888880" vehicle="Vehicle 4" deliver="20"/>
				<event id="81" time="9817777770" vehicle="Vehicle 6" deliver="28"/>
				<event id="82" time="9928333329" vehicle="Vehicle 1" deliver="22"/>
				<event id="83" time="10078888879" vehicle="Vehicle 4" deliver="11"/>
				<event id="84" time="10117777769" vehicle="Vehicle 6" move="Utrecht"/>
				<event id="85" time="10228333328" vehicle="Vehicle 1" pickup="24"/>
				<event id="86" time="10378888879" vehicle="Vehicle 4" deliver="7"/>
				<event id="87" time="10528333328" vehicle="Vehicle 1" move="Almere"/>
				<event id="88" time="10598888880" vehicle="Vehicle 6" pickup="4"/>
				<event id="89" time="10678888879" vehicle="Vehicle 4" deliver="21"/>
				<event id="90" time="10898888880" vehicle="Vehicle 6" move="Amsterdam"/>
				<event id="91" time="11405555546" vehicle="Vehicle 6" deliver="4"/>
				<event id="92" time="11705555546" vehicle="Vehicle 6" deliver="27"/>
				<event id="93" time="13094999994" vehicle="Vehicle 1" move="Amsterdam"/>
				<event id="94" time="13626666660" vehicle="Vehicle 1" deliver="24"/>
			</events>
		</round>
	</rounds>
	<statistics>
		<stat rank="1" agent="Opponent">
			<total-tasks value="6"/>
			<total-distance value="725.8"/>
			<total-cost value="3629"/>
			<total-reward value="3697"/>
			<total-profit value="68"/>
		</stat>
		<stat rank="2" agent="Neutral">
			<total-tasks value="24"/>
			<total-distance value="1586.8"/>
			<total-cost value="7934"/>
			<total-reward value="7161"/>
			<total-profit value="-773"/>
		</stat>
	</statistics>
</history>
