<?xml version="1.0" encoding="ISO-8859-1"?>

<history configuration="config/rounds/auction2.xml">
	<agents>
		<agent name="Neutral">
			<vehicle name="Vehicle 1"/>
			<vehicle name="Vehicle 2"/>
			<vehicle name="Vehicle 3"/>
		</agent>
		<agent name="AFK">
			<vehicle name="Vehicle 4"/>
			<vehicle name="Vehicle 5"/>
			<vehicle name="Vehicle 6"/>
			<vehicle name="Vehicle 7"/>
		</agent>
	</agents>
	<rounds>
		<round id="1">
			<tasks>
				<task id="0" pickup="Breda" delivery="Almere" weight="27" reward="62791">
					<bid agent="Neutral" bid="369"/>
				</task>
				<task id="1" pickup="Den Haag" delivery="Groningen" weight="19" reward="8119">
					<bid agent="Neutral" bid="612"/>
				</task>
				<task id="2" pickup="Apeldoorn" delivery="Den Haag" weight="26" reward="47362">
					<bid agent="Neutral" bid="425"/>
				</task>
				<task id="3" pickup="Utrecht" delivery="Groningen" weight="12" reward="30020">
					<bid agent="Neutral" bid="295"/>
				</task>
				<task id="4" pickup="Utrecht" delivery="Amsterdam" weight="24" reward="91775">
					<bid agent="Neutral" bid="126"/>
				</task>
				<task id="5" pickup="Nijmegen" delivery="Groningen" weight="26" reward="29695">
					<bid agent="Neutral" bid="552"/>
				</task>
				<task id="6" pickup="Almere" delivery="Utrecht" weight="26" reward="92712">
					<bid agent="Neutral" bid="75"/>
				</task>
				<task id="7" pickup="Den Haag" delivery="Nijmegen" weight="28" reward="54405">
					<bid agent="Neutral" bid="345"/>
				</task>
				<task id="8" pickup="Apeldoorn" delivery="Almere" weight="21" reward="77731">
					<bid agent="Neutral" bid="174"/>
				</task>
				<task id="9" pickup="Apeldoorn" delivery="Den Haag" weight="26" reward="47362">
					<bid agent="Neutral" bid="423"/>
				</task>
				<task id="10" pickup="Almere" delivery="Eindhoven" weight="12" reward="55300">
					<bid agent="Neutral" bid="439"/>
				</task>
				<task id="11" pickup="Breda" delivery="Nijmegen" weight="11" reward="71177">
					<bid agent="Neutral" bid="399"/>
				</task>
				<task id="12" pickup="Rotterdam" delivery="Almere" weight="22" reward="67350">
					<bid agent="Neutral" bid="401"/>
				</task>
				<task id="13" pickup="Den Haag" delivery="Apeldoorn" weight="17" reward="47362">
					<bid agent="Neutral" bid="381"/>
				</task>
				<task id="14" pickup="Eindhoven" delivery="Nijmegen" weight="28" reward="81761">
					<bid agent="Neutral" bid="365"/>
				</task>
				<task id="15" pickup="Rotterdam" delivery="Apeldoorn" weight="16" reward="57702">
					<bid agent="Neutral" bid="390"/>
				</task>
				<task id="16" pickup="Amsterdam" delivery="Breda" weight="23" reward="61855">
					<bid agent="Neutral" bid="297"/>
				</task>
				<task id="17" pickup="Apeldoorn" delivery="Den Haag" weight="26" reward="47362">
					<bid agent="Neutral" bid="503"/>
				</task>
				<task id="18" pickup="Almere" delivery="Rotterdam" weight="25" reward="67350">
					<bid agent="Neutral" bid="508"/>
				</task>
				<task id="19" pickup="Eindhoven" delivery="Breda" weight="15" reward="85018">
					<bid agent="Neutral" bid="266"/>
				</task>
				<task id="20" pickup="Amsterdam" delivery="Nijmegen" weight="20" reward="56603">
					<bid agent="Neutral" bid="330"/>
				</task>
				<task id="21" pickup="Breda" delivery="Nijmegen" weight="11" reward="71177">
					<bid agent="Neutral" bid="361"/>
				</task>
				<task id="22" pickup="Eindhoven" delivery="Groningen" weight="27" reward="1117">
					<bid agent="Neutral" bid="1375"/>
				</task>
				<task id="23" pickup="Amsterdam" delivery="Nijmegen" weight="20" reward="56603">
					<bid agent="Neutral" bid="330"/>
				</task>
				<task id="24" pickup="Groningen" delivery="Amsterdam" weight="15" reward="34661">
					<bid agent="Neutral" bid="737"/>
				</task>
				<task id="25" pickup="Den Haag" delivery="Groningen" weight="19" reward="8119">
					<bid agent="Neutral" bid="1176"/>
				</task>
				<task id="26" pickup="Eindhoven" delivery="Rotterdam" weight="15" reward="65233">
					<bid agent="Neutral" bid="379"/>
				</task>
				<task id="27" pickup="Groningen" delivery="Amsterdam" weight="15" reward="34661">
					<bid agent="Neutral" bid="464"/>
				</task>
				<task id="28" pickup="Utrecht" delivery="Almere" weight="23" reward="92712">
					<bid agent="Neutral" bid="597"/>
				</task>
				<task id="29" pickup="Utrecht" delivery="Breda" weight="29" reward="80418">
					<bid agent="Neutral" bid="183"/>
				</task>
			</tasks>
			<events>
				<event id="0" time="0" vehicle="Vehicle 1" move="Apeldoorn"/>
				<event id="1" time="0" vehicle="Vehicle 2" pickup="19"/>
				<event id="2" time="0" vehicle="Vehicle 3" pickup="4"/>
				<event id="3" time="300000000" vehicle="Vehicle 2" pickup="26"/>
				<event id="4" time="300000000" vehicle="Vehicle 3" pickup="28"/>
				<event id="5" time="600000000" vehicle="Vehicle 2" move="Breda"/>
				<event id="6" time="600000000" vehicle="Vehicle 3" move="Amsterdam"/>
				<event id="7" time="1106666666" vehicle="Vehicle 3" pickup="16"/>
				<event id="8" time="1291111111" vehicle="Vehicle 2" pickup="0"/>
				<event id="9" time="1406666666" vehicle="Vehicle 3" deliver="4"/>
				<event id="10" time="1503333333" vehicle="Vehicle 1" pickup="2"/>
				<event id="11" time="1591111111" vehicle="Vehicle 2" deliver="19"/>
				<event id="12" time="1706666666" vehicle="Vehicle 3" move="Almere"/>
				<event id="13" time="1803333333" vehicle="Vehicle 1" pickup="9"/>
				<event id="14" time="1891111111" vehicle="Vehicle 2" move="Utrecht"/>
				<event id="15" time="2061111110" vehicle="Vehicle 3" pickup="6"/>
				<event id="16" time="2103333332" vehicle="Vehicle 1" pickup="17"/>
				<event id="17" time="2361111110" vehicle="Vehicle 3" deliver="28"/>
				<event id="18" time="2403333332" vehicle="Vehicle 1" move="Utrecht"/>
				<event id="19" time="2661111110" vehicle="Vehicle 3" pickup="10"/>
				<event id="20" time="2707777776" vehicle="Vehicle 2" move="Almere"/>
				<event id="21" time="2961111110" vehicle="Vehicle 3" move="Utrecht"/>
				<event id="22" time="3188888886" vehicle="Vehicle 2" pickup="18"/>
				<event id="23" time="3442222220" vehicle="Vehicle 3" deliver="6"/>
				<event id="24" time="3488888886" vehicle="Vehicle 2" deliver="0"/>
				<event id="25" time="3519999998" vehicle="Vehicle 1" move="Rotterdam"/>
				<event id="26" time="3742222220" vehicle="Vehicle 3" pickup="29"/>
				<event id="27" time="3788888886" vehicle="Vehicle 2" move="Utrecht"/>
				<event id="28" time="4042222219" vehicle="Vehicle 3" move="Breda"/>
				<event id="29" time="4269999997" vehicle="Vehicle 2" move="Rotterdam"/>
				<event id="30" time="4558333331" vehicle="Vehicle 1" move="Den Haag"/>
				<event id="31" time="4858888885" vehicle="Vehicle 3" pickup="21"/>
				<event id="32" time="4962222219" vehicle="Vehicle 2" pickup="12"/>
				<event id="33" time="4981666664" vehicle="Vehicle 1" deliver="2"/>
				<event id="34" time="5158888884" vehicle="Vehicle 3" deliver="29"/>
				<event id="35" time="5262222218" vehicle="Vehicle 2" deliver="18"/>
				<event id="36" time="5281666663" vehicle="Vehicle 1" deliver="9"/>
				<event id="37" time="5458888884" vehicle="Vehicle 3" pickup="11"/>
				<event id="38" time="5562222218" vehicle="Vehicle 2" move="Den Haag"/>
				<event id="39" time="5581666663" vehicle="Vehicle 1" pickup="7"/>
				<event id="40" time="5758888884" vehicle="Vehicle 3" deliver="16"/>
				<event id="41" time="5844444440" vehicle="Vehicle 2" pickup="1"/>
				<event id="42" time="5881666663" vehicle="Vehicle 1" pickup="13"/>
				<event id="43" time="6058888883" vehicle="Vehicle 3" move="Eindhoven"/>
				<event id="44" time="6144444439" vehicle="Vehicle 2" pickup="25"/>
				<event id="45" time="6181666662" vehicle="Vehicle 1" deliver="17"/>
				<event id="46" time="6444444439" vehicle="Vehicle 2" move="Rotterdam"/>
				<event id="47" time="6481666662" vehicle="Vehicle 1" move="Rotterdam"/>
				<event id="48" time="6726666661" vehicle="Vehicle 2" deliver="26"/>
				<event id="49" time="6749999994" vehicle="Vehicle 3" pickup="14"/>
				<event id="50" time="6904999995" vehicle="Vehicle 1" pickup="15"/>
				<event id="51" time="7026666660" vehicle="Vehicle 2" move="Utrecht"/>
				<event id="52" time="7049999994" vehicle="Vehicle 3" deliver="10"/>
				<event id="53" time="7204999995" vehicle="Vehicle 1" move="Nijmegen"/>
				<event id="54" time="7349999994" vehicle="Vehicle 3" pickup="22"/>
				<event id="55" time="7649999994" vehicle="Vehicle 3" move="Nijmegen"/>
				<event id="56" time="7718888882" vehicle="Vehicle 2" pickup="3"/>
				<event id="57" time="8018888881" vehicle="Vehicle 2" move="Almere"/>
				<event id="58" time="8429999994" vehicle="Vehicle 3" deliver="14"/>
				<event id="59" time="8499999992" vehicle="Vehicle 2" deliver="12"/>
				<event id="60" time="8729999994" vehicle="Vehicle 3" pickup="5"/>
				<event id="61" time="8799999992" vehicle="Vehicle 2" move="Groningen"/>
				<event id="62" time="9029999994" vehicle="Vehicle 3" deliver="11"/>
				<event id="63" time="9071666661" vehicle="Vehicle 1" deliver="7"/>
				<event id="64" time="9329999994" vehicle="Vehicle 3" deliver="21"/>
				<event id="65" time="9371666661" vehicle="Vehicle 1" move="Apeldoorn"/>
				<event id="66" time="9629999994" vehicle="Vehicle 3" move="Apeldoorn"/>
				<event id="67" time="10264444438" vehicle="Vehicle 3" pickup="8"/>
				<event id="68" time="10323333327" vehicle="Vehicle 1" deliver="15"/>
				<event id="69" time="10511111103" vehicle="Vehicle 2" deliver="3"/>
				<event id="70" time="10564444438" vehicle="Vehicle 3" move="Groningen"/>
				<event id="71" time="10623333327" vehicle="Vehicle 1" deliver="13"/>
				<event id="72" time="10811111103" vehicle="Vehicle 2" deliver="25"/>
				<event id="73" time="11111111102" vehicle="Vehicle 2" deliver="1"/>
				<event id="74" time="12131111104" vehicle="Vehicle 3" deliver="22"/>
				<event id="75" time="12431111104" vehicle="Vehicle 3" deliver="5"/>
				<event id="76" time="12731111104" vehicle="Vehicle 3" pickup="24"/>
				<event id="77" time="13031111103" vehicle="Vehicle 3" pickup="27"/>
				<event id="78" time="13331111103" vehicle="Vehicle 3" move="Almere"/>
				<event id="79" time="15042222213" vehicle="Vehicle 3" deliver="8"/>
				<event id="80" time="15342222213" vehicle="Vehicle 3" move="Amsterdam"/>
				<event id="81" time="15696666657" vehicle="Vehicle 3" pickup="23"/>
				<event id="82" time="15996666657" vehicle="Vehicle 3" deliver="24"/>
				<event id="83" time="16296666656" vehicle="Vehicle 3" deliver="27"/>
				<event id="84" time="16596666656" vehicle="Vehicle 3" pickup="20"/>
				<event id="85" time="16896666656" vehicle="Vehicle 3" move="Utrecht"/>
				<event id="86" time="17403333322" vehicle="Vehicle 3" move="Nijmegen"/>
				<event id="87" time="18363333321" vehicle="Vehicle 3" deliver="20"/>
				<event id="88" time="18663333321" vehicle="Vehicle 3" deliver="23"/>
			</events>
		</round>
	</rounds>
	<statistics>
		<stat rank="1" agent="Neutral">
			<total-tasks value="30"/>
			<total-distance value="1877.1"/>
			<total-cost value="9386"/>
			<total-reward value="13277"/>
			<total-profit value="3891"/>
		</stat>
		<stat rank="2" agent="AFK">
			<total-tasks value="0"/>
			<total-distance value="0.0"/>
			<total-cost value="0"/>
			<total-reward value="0"/>
			<total-profit value="0"/>
		</stat>
	</statistics>
</history>
