<?xml version="1.0" encoding="ISO-8859-1"?>

<history configuration="config/rounds/auction2.xml">
	<agents>
		<agent name="AFK">
			<vehicle name="Vehicle 1"/>
			<vehicle name="Vehicle 2"/>
			<vehicle name="Vehicle 3"/>
		</agent>
		<agent name="Margin">
			<vehicle name="Vehicle 4"/>
			<vehicle name="Vehicle 5"/>
			<vehicle name="Vehicle 6"/>
			<vehicle name="Vehicle 7"/>
		</agent>
	</agents>
	<rounds>
		<round id="1">
			<tasks>
				<task id="0" pickup="Breda" delivery="Almere" weight="27" reward="62791">
					<bid agent="Margin" bid="413"/>
				</task>
				<task id="1" pickup="Den Haag" delivery="Groningen" weight="19" reward="8119">
					<bid agent="Margin" bid="468"/>
				</task>
				<task id="2" pickup="Apeldoorn" delivery="Den Haag" weight="26" reward="47362">
					<bid agent="Margin" bid="326"/>
				</task>
				<task id="3" pickup="Utrecht" delivery="Groningen" weight="12" reward="30020">
					<bid agent="Margin" bid="25"/>
				</task>
				<task id="4" pickup="Utrecht" delivery="Amsterdam" weight="24" reward="91775">
					<bid agent="Margin" bid="159"/>
				</task>
				<task id="5" pickup="Nijmegen" delivery="Groningen" weight="26" reward="29695">
					<bid agent="Margin" bid="328"/>
				</task>
				<task id="6" pickup="Almere" delivery="Utrecht" weight="26" reward="92712">
					<bid agent="Margin" bid="25"/>
				</task>
				<task id="7" pickup="Den Haag" delivery="Nijmegen" weight="28" reward="54405">
					<bid agent="Margin" bid="157"/>
				</task>
				<task id="8" pickup="Apeldoorn" delivery="Almere" weight="21" reward="77731">
					<bid agent="Margin" bid="79"/>
				</task>
				<task id="9" pickup="Apeldoorn" delivery="Den Haag" weight="26" reward="47362">
					<bid agent="Margin" bid="70"/>
				</task>
				<task id="10" pickup="Almere" delivery="Eindhoven" weight="12" reward="55300">
					<bid agent="Margin" bid="188"/>
				</task>
				<task id="11" pickup="Breda" delivery="Nijmegen" weight="11" reward="71177">
					<bid agent="Margin" bid="198"/>
				</task>
				<task id="12" pickup="Rotterdam" delivery="Almere" weight="22" reward="67350">
					<bid agent="Margin" bid="237"/>
				</task>
				<task id="13" pickup="Den Haag" delivery="Apeldoorn" weight="17" reward="47362">
					<bid agent="Margin" bid="25"/>
				</task>
				<task id="14" pickup="Eindhoven" delivery="Nijmegen" weight="28" reward="81761">
					<bid agent="Margin" bid="25"/>
				</task>
				<task id="15" pickup="Rotterdam" delivery="Apeldoorn" weight="16" reward="57702">
					<bid agent="Margin" bid="37"/>
				</task>
				<task id="16" pickup="Amsterdam" delivery="Breda" weight="23" reward="61855">
					<bid agent="Margin" bid="54"/>
				</task>
				<task id="17" pickup="Apeldoorn" delivery="Den Haag" weight="26" reward="47362">
					<bid agent="Margin" bid="25"/>
				</task>
				<task id="18" pickup="Almere" delivery="Rotterdam" weight="25" reward="67350">
					<bid agent="Margin" bid="61"/>
				</task>
				<task id="19" pickup="Eindhoven" delivery="Breda" weight="15" reward="85018">
					<bid agent="Margin" bid="25"/>
				</task>
				<task id="20" pickup="Amsterdam" delivery="Nijmegen" weight="20" reward="56603">
					<bid agent="Margin" bid="25"/>
				</task>
				<task id="21" pickup="Breda" delivery="Nijmegen" weight="11" reward="71177">
					<bid agent="Margin" bid="25"/>
				</task>
				<task id="22" pickup="Eindhoven" delivery="Groningen" weight="27" reward="1117">
					<bid agent="Margin" bid="25"/>
				</task>
				<task id="23" pickup="Amsterdam" delivery="Nijmegen" weight="20" reward="56603">
					<bid agent="Margin" bid="25"/>
				</task>
				<task id="24" pickup="Groningen" delivery="Amsterdam" weight="15" reward="34661">
					<bid agent="Margin" bid="25"/>
				</task>
				<task id="25" pickup="Den Haag" delivery="Groningen" weight="19" reward="8119">
					<bid agent="Margin" bid="25"/>
				</task>
				<task id="26" pickup="Eindhoven" delivery="Rotterdam" weight="15" reward="65233">
					<bid agent="Margin" bid="25"/>
				</task>
				<task id="27" pickup="Groningen" delivery="Amsterdam" weight="15" reward="34661">
					<bid agent="Margin" bid="25"/>
				</task>
				<task id="28" pickup="Utrecht" delivery="Almere" weight="23" reward="92712">
					<bid agent="Margin" bid="25"/>
				</task>
				<task id="29" pickup="Utrecht" delivery="Breda" weight="29" reward="80418">
					<bid agent="Margin" bid="25"/>
				</task>
			</tasks>
			<events>
				<event id="0" time="0" vehicle="Vehicle 4" pickup="13"/>
				<event id="1" time="0" vehicle="Vehicle 6" pickup="24"/>
				<event id="2" time="0" vehicle="Vehicle 7" pickup="15"/>
				<event id="3" time="300000000" vehicle="Vehicle 4" pickup="7"/>
				<event id="4" time="300000000" vehicle="Vehicle 6" pickup="27"/>
				<event id="5" time="300000000" vehicle="Vehicle 7" move="Utrecht"/>
				<event id="6" time="600000000" vehicle="Vehicle 4" move="Rotterdam"/>
				<event id="7" time="600000000" vehicle="Vehicle 6" move="Almere"/>
				<event id="8" time="882222222" vehicle="Vehicle 4" pickup="12"/>
				<event id="9" time="992222222" vehicle="Vehicle 7" move="Apeldoorn"/>
				<event id="10" time="1182222221" vehicle="Vehicle 4" move="Nijmegen"/>
				<event id="11" time="1736666665" vehicle="Vehicle 7" pickup="17"/>
				<event id="12" time="2036666664" vehicle="Vehicle 7" pickup="9"/>
				<event id="13" time="2311111111" vehicle="Vehicle 6" pickup="18"/>
				<event id="14" time="2336666664" vehicle="Vehicle 7" deliver="15"/>
				<event id="15" time="2426666664" vehicle="Vehicle 4" deliver="7"/>
				<event id="16" time="2611111111" vehicle="Vehicle 6" move="Amsterdam"/>
				<event id="17" time="2636666664" vehicle="Vehicle 7" pickup="2"/>
				<event id="18" time="2726666664" vehicle="Vehicle 4" move="Apeldoorn"/>
				<event id="19" time="2936666664" vehicle="Vehicle 7" move="Utrecht"/>
				<event id="20" time="2965555555" vehicle="Vehicle 6" pickup="23"/>
				<event id="21" time="3265555554" vehicle="Vehicle 6" deliver="27"/>
				<event id="22" time="3361111108" vehicle="Vehicle 4" deliver="13"/>
				<event id="23" time="3565555554" vehicle="Vehicle 6" pickup="20"/>
				<event id="24" time="3661111108" vehicle="Vehicle 4" pickup="8"/>
				<event id="25" time="3681111108" vehicle="Vehicle 7" move="Rotterdam"/>
				<event id="26" time="3865555554" vehicle="Vehicle 6" deliver="24"/>
				<event id="27" time="3961111108" vehicle="Vehicle 4" move="Almere"/>
				<event id="28" time="4165555553" vehicle="Vehicle 6" move="Utrecht"/>
				<event id="29" time="4373333329" vehicle="Vehicle 7" move="Den Haag"/>
				<event id="30" time="4655555551" vehicle="Vehicle 7" deliver="2"/>
				<event id="31" time="4672222219" vehicle="Vehicle 6" pickup="3"/>
				<event id="32" time="4851111107" vehicle="Vehicle 4" deliver="8"/>
				<event id="33" time="4955555551" vehicle="Vehicle 7" deliver="9"/>
				<event id="34" time="4972222219" vehicle="Vehicle 6" move="Nijmegen"/>
				<event id="35" time="5151111106" vehicle="Vehicle 4" move="Utrecht"/>
				<event id="36" time="5255555550" vehicle="Vehicle 7" deliver="17"/>
				<event id="37" time="5632222217" vehicle="Vehicle 4" pickup="4"/>
				<event id="38" time="5932222217" vehicle="Vehicle 4" pickup="28"/>
				<event id="39" time="5932222218" vehicle="Vehicle 6" deliver="23"/>
				<event id="40" time="6232222216" vehicle="Vehicle 4" move="Amsterdam"/>
				<event id="41" time="6232222217" vehicle="Vehicle 6" deliver="20"/>
				<event id="42" time="6532222217" vehicle="Vehicle 6" move="Eindhoven"/>
				<event id="43" time="6738888882" vehicle="Vehicle 4" deliver="4"/>
				<event id="44" time="7038888881" vehicle="Vehicle 4" pickup="16"/>
				<event id="45" time="7312222216" vehicle="Vehicle 6" pickup="19"/>
				<event id="46" time="7338888881" vehicle="Vehicle 4" move="Almere"/>
				<event id="47" time="7612222216" vehicle="Vehicle 6" pickup="26"/>
				<event id="48" time="7693333325" vehicle="Vehicle 4" deliver="12"/>
				<event id="49" time="7912222216" vehicle="Vehicle 6" move="Breda"/>
				<event id="50" time="7993333325" vehicle="Vehicle 4" pickup="10"/>
				<event id="51" time="8293333324" vehicle="Vehicle 4" deliver="28"/>
				<event id="52" time="8593333324" vehicle="Vehicle 4" pickup="6"/>
				<event id="53" time="8603333326" vehicle="Vehicle 6" deliver="19"/>
				<event id="54" time="8893333324" vehicle="Vehicle 4" move="Utrecht"/>
				<event id="55" time="8903333326" vehicle="Vehicle 6" pickup="0"/>
				<event id="56" time="9203333325" vehicle="Vehicle 6" move="Rotterdam"/>
				<event id="57" time="9374444434" vehicle="Vehicle 4" deliver="6"/>
				<event id="58" time="9674444434" vehicle="Vehicle 4" pickup="29"/>
				<event id="59" time="9743333325" vehicle="Vehicle 6" deliver="18"/>
				<event id="60" time="9974444434" vehicle="Vehicle 4" move="Breda"/>
				<event id="61" time="10043333324" vehicle="Vehicle 6" deliver="26"/>
				<event id="62" time="10343333324" vehicle="Vehicle 6" move="Den Haag"/>
				<event id="63" time="10625555546" vehicle="Vehicle 6" pickup="25"/>
				<event id="64" time="10791111100" vehicle="Vehicle 4" pickup="21"/>
				<event id="65" time="10925555546" vehicle="Vehicle 6" pickup="1"/>
				<event id="66" time="11091111099" vehicle="Vehicle 4" deliver="16"/>
				<event id="67" time="11225555545" vehicle="Vehicle 6" move="Amsterdam"/>
				<event id="68" time="11391111099" vehicle="Vehicle 4" pickup="11"/>
				<event id="69" time="11691111099" vehicle="Vehicle 4" deliver="29"/>
				<event id="70" time="11949999989" vehicle="Vehicle 6" move="Almere"/>
				<event id="71" time="11991111099" vehicle="Vehicle 4" move="Eindhoven"/>
				<event id="72" time="12304444433" vehicle="Vehicle 6" deliver="0"/>
				<event id="73" time="12604444433" vehicle="Vehicle 6" move="Groningen"/>
				<event id="74" time="12682222209" vehicle="Vehicle 4" pickup="22"/>
				<event id="75" time="12982222209" vehicle="Vehicle 4" deliver="10"/>
				<event id="76" time="13282222208" vehicle="Vehicle 4" pickup="14"/>
				<event id="77" time="13582222208" vehicle="Vehicle 4" move="Nijmegen"/>
				<event id="78" time="14315555543" vehicle="Vehicle 6" deliver="1"/>
				<event id="79" time="14362222207" vehicle="Vehicle 4" deliver="11"/>
				<event id="80" time="14615555543" vehicle="Vehicle 6" deliver="3"/>
				<event id="81" time="14662222207" vehicle="Vehicle 4" deliver="14"/>
				<event id="82" time="14915555543" vehicle="Vehicle 6" deliver="25"/>
				<event id="83" time="14962222207" vehicle="Vehicle 4" pickup="5"/>
				<event id="84" time="15262222206" vehicle="Vehicle 4" deliver="21"/>
				<event id="85" time="15562222206" vehicle="Vehicle 4" move="Apeldoorn"/>
				<event id="86" time="16196666649" vehicle="Vehicle 4" move="Groningen"/>
				<event id="87" time="17763333315" vehicle="Vehicle 4" deliver="5"/>
				<event id="88" time="18063333314" vehicle="Vehicle 4" deliver="22"/>
			</events>
		</round>
	</rounds>
	<statistics>
		<stat rank="1" agent="AFK">
			<total-tasks value="0"/>
			<total-distance value="0.0"/>
			<total-cost value="0"/>
			<total-reward value="0"/>
			<total-profit value="0"/>
		</stat>
		<stat rank="2" agent="Margin">
			<total-tasks value="30"/>
			<total-distance value="1902.1"/>
			<total-cost value="9511"/>
			<total-reward value="3175"/>
			<total-profit value="-6336"/>
		</stat>
	</statistics>
</history>
