<?xml version="1.0" encoding="ISO-8859-1"?>

<history configuration="config/rounds/auction2.xml">
	<agents>
		<agent name="AFK">
			<vehicle name="Vehicle 1"/>
			<vehicle name="Vehicle 2"/>
			<vehicle name="Vehicle 3"/>
		</agent>
		<agent name="Zero">
			<vehicle name="Vehicle 4"/>
			<vehicle name="Vehicle 5"/>
			<vehicle name="Vehicle 6"/>
			<vehicle name="Vehicle 7"/>
		</agent>
	</agents>
	<rounds>
		<round id="1">
			<tasks>
				<task id="0" pickup="Breda" delivery="Almere" weight="27" reward="62791">
					<bid agent="Zero" bid="827"/>
				</task>
				<task id="1" pickup="Den Haag" delivery="Groningen" weight="19" reward="8119">
					<bid agent="Zero" bid="897"/>
				</task>
				<task id="2" pickup="Apeldoorn" delivery="Den Haag" weight="26" reward="47362">
					<bid agent="Zero" bid="604"/>
				</task>
				<task id="3" pickup="Utrecht" delivery="Groningen" weight="12" reward="30020">
					<bid agent="Zero" bid="0"/>
				</task>
				<task id="4" pickup="Utrecht" delivery="Amsterdam" weight="24" reward="91775">
					<bid agent="Zero" bid="285"/>
				</task>
				<task id="5" pickup="Nijmegen" delivery="Groningen" weight="26" reward="29695">
					<bid agent="Zero" bid="584"/>
				</task>
				<task id="6" pickup="Almere" delivery="Utrecht" weight="26" reward="92712">
					<bid agent="Zero" bid="0"/>
				</task>
				<task id="7" pickup="Den Haag" delivery="Nijmegen" weight="28" reward="54405">
					<bid agent="Zero" bid="285"/>
				</task>
				<task id="8" pickup="Apeldoorn" delivery="Almere" weight="21" reward="77731">
					<bid agent="Zero" bid="148"/>
				</task>
				<task id="9" pickup="Apeldoorn" delivery="Den Haag" weight="26" reward="47362">
					<bid agent="Zero" bid="89"/>
				</task>
				<task id="10" pickup="Almere" delivery="Eindhoven" weight="12" reward="55300">
					<bid agent="Zero" bid="423"/>
				</task>
				<task id="11" pickup="Breda" delivery="Nijmegen" weight="11" reward="71177">
					<bid agent="Zero" bid="428"/>
				</task>
				<task id="12" pickup="Rotterdam" delivery="Almere" weight="22" reward="67350">
					<bid agent="Zero" bid="0"/>
				</task>
				<task id="13" pickup="Den Haag" delivery="Apeldoorn" weight="17" reward="47362">
					<bid agent="Zero" bid="676"/>
				</task>
				<task id="14" pickup="Eindhoven" delivery="Nijmegen" weight="28" reward="81761">
					<bid agent="Zero" bid="0"/>
				</task>
				<task id="15" pickup="Rotterdam" delivery="Apeldoorn" weight="16" reward="57702">
					<bid agent="Zero" bid="379"/>
				</task>
				<task id="16" pickup="Amsterdam" delivery="Breda" weight="23" reward="61855">
					<bid agent="Zero" bid="312"/>
				</task>
				<task id="17" pickup="Apeldoorn" delivery="Den Haag" weight="26" reward="47362">
					<bid agent="Zero" bid="604"/>
				</task>
				<task id="18" pickup="Almere" delivery="Rotterdam" weight="25" reward="67350">
					<bid agent="Zero" bid="0"/>
				</task>
				<task id="19" pickup="Eindhoven" delivery="Breda" weight="15" reward="85018">
					<bid agent="Zero" bid="558"/>
				</task>
				<task id="20" pickup="Amsterdam" delivery="Nijmegen" weight="20" reward="56603">
					<bid agent="Zero" bid="542"/>
				</task>
				<task id="21" pickup="Breda" delivery="Nijmegen" weight="11" reward="71177">
					<bid agent="Zero" bid="99"/>
				</task>
				<task id="22" pickup="Eindhoven" delivery="Groningen" weight="27" reward="1117">
					<bid agent="Zero" bid="831"/>
				</task>
				<task id="23" pickup="Amsterdam" delivery="Nijmegen" weight="20" reward="56603">
					<bid agent="Zero" bid="5"/>
				</task>
				<task id="24" pickup="Groningen" delivery="Amsterdam" weight="15" reward="34661">
					<bid agent="Zero" bid="833"/>
				</task>
				<task id="25" pickup="Den Haag" delivery="Groningen" weight="19" reward="8119">
					<bid agent="Zero" bid="0"/>
				</task>
				<task id="26" pickup="Eindhoven" delivery="Rotterdam" weight="15" reward="65233">
					<bid agent="Zero" bid="590"/>
				</task>
				<task id="27" pickup="Groningen" delivery="Amsterdam" weight="15" reward="34661">
					<bid agent="Zero" bid="334"/>
				</task>
				<task id="28" pickup="Utrecht" delivery="Almere" weight="23" reward="92712">
					<bid agent="Zero" bid="223"/>
				</task>
				<task id="29" pickup="Utrecht" delivery="Breda" weight="29" reward="80418">
					<bid agent="Zero" bid="68"/>
				</task>
			</tasks>
			<events>
				<event id="0" time="0" vehicle="Vehicle 4" move="Rotterdam"/>
				<event id="1" time="0" vehicle="Vehicle 5" pickup="2"/>
				<event id="2" time="0" vehicle="Vehicle 7" move="Den Haag"/>
				<event id="3" time="282222222" vehicle="Vehicle 4" pickup="15"/>
				<event id="4" time="282222222" vehicle="Vehicle 7" pickup="7"/>
				<event id="5" time="300000000" vehicle="Vehicle 5" pickup="9"/>
				<event id="6" time="582222222" vehicle="Vehicle 4" move="Breda"/>
				<event id="7" time="582222222" vehicle="Vehicle 7" move="Rotterdam"/>
				<event id="8" time="600000000" vehicle="Vehicle 5" pickup="17"/>
				<event id="9" time="864444444" vehicle="Vehicle 7" pickup="12"/>
				<event id="10" time="900000000" vehicle="Vehicle 5" move="Utrecht"/>
				<event id="11" time="1122222221" vehicle="Vehicle 4" move="Eindhoven"/>
				<event id="12" time="1164444443" vehicle="Vehicle 7" move="Breda"/>
				<event id="13" time="1644444444" vehicle="Vehicle 5" move="Rotterdam"/>
				<event id="14" time="1704444443" vehicle="Vehicle 7" pickup="0"/>
				<event id="15" time="1813333332" vehicle="Vehicle 4" pickup="14"/>
				<event id="16" time="2004444442" vehicle="Vehicle 7" move="Utrecht"/>
				<event id="17" time="2113333331" vehicle="Vehicle 4" pickup="22"/>
				<event id="18" time="2336666665" vehicle="Vehicle 5" move="Den Haag"/>
				<event id="19" time="2413333331" vehicle="Vehicle 4" move="Nijmegen"/>
				<event id="20" time="2618888887" vehicle="Vehicle 5" deliver="2"/>
				<event id="21" time="2821111108" vehicle="Vehicle 7" move="Almere"/>
				<event id="22" time="2918888887" vehicle="Vehicle 5" deliver="17"/>
				<event id="23" time="3193333330" vehicle="Vehicle 4" deliver="14"/>
				<event id="24" time="3218888886" vehicle="Vehicle 5" pickup="1"/>
				<event id="25" time="3302222218" vehicle="Vehicle 7" deliver="0"/>
				<event id="26" time="3493333330" vehicle="Vehicle 4" pickup="5"/>
				<event id="27" time="3518888886" vehicle="Vehicle 5" deliver="9"/>
				<event id="28" time="3602222218" vehicle="Vehicle 7" deliver="12"/>
				<event id="29" time="3793333330" vehicle="Vehicle 4" move="Apeldoorn"/>
				<event id="30" time="3818888886" vehicle="Vehicle 5" pickup="25"/>
				<event id="31" time="3902222218" vehicle="Vehicle 7" move="Amsterdam"/>
				<event id="32" time="4118888885" vehicle="Vehicle 5" pickup="13"/>
				<event id="33" time="4256666661" vehicle="Vehicle 7" pickup="23"/>
				<event id="34" time="4418888885" vehicle="Vehicle 5" move="Rotterdam"/>
				<event id="35" time="4427777773" vehicle="Vehicle 4" deliver="15"/>
				<event id="36" time="4556666661" vehicle="Vehicle 7" move="Utrecht"/>
				<event id="37" time="4701111107" vehicle="Vehicle 5" move="Utrecht"/>
				<event id="38" time="4727777773" vehicle="Vehicle 4" move="Groningen"/>
				<event id="39" time="5063333327" vehicle="Vehicle 7" move="Nijmegen"/>
				<event id="40" time="5393333328" vehicle="Vehicle 5" pickup="3"/>
				<event id="41" time="5693333328" vehicle="Vehicle 5" move="Apeldoorn"/>
				<event id="42" time="6023333326" vehicle="Vehicle 7" deliver="7"/>
				<event id="43" time="6294444439" vehicle="Vehicle 4" pickup="24"/>
				<event id="44" time="6323333326" vehicle="Vehicle 7" deliver="23"/>
				<event id="45" time="6437777771" vehicle="Vehicle 5" deliver="13"/>
				<event id="46" time="6594444439" vehicle="Vehicle 4" deliver="5"/>
				<event id="47" time="6737777771" vehicle="Vehicle 5" pickup="8"/>
				<event id="48" time="6894444439" vehicle="Vehicle 4" pickup="27"/>
				<event id="49" time="7037777770" vehicle="Vehicle 5" move="Groningen"/>
				<event id="50" time="7194444438" vehicle="Vehicle 4" deliver="22"/>
				<event id="51" time="7494444438" vehicle="Vehicle 4" move="Almere"/>
				<event id="52" time="8604444436" vehicle="Vehicle 5" deliver="1"/>
				<event id="53" time="8904444436" vehicle="Vehicle 5" deliver="3"/>
				<event id="54" time="9204444435" vehicle="Vehicle 5" deliver="25"/>
				<event id="55" time="9205555548" vehicle="Vehicle 4" pickup="6"/>
				<event id="56" time="9504444435" vehicle="Vehicle 5" move="Almere"/>
				<event id="57" time="9505555548" vehicle="Vehicle 4" move="Amsterdam"/>
				<event id="58" time="9859999992" vehicle="Vehicle 4" pickup="20"/>
				<event id="59" time="10159999992" vehicle="Vehicle 4" deliver="27"/>
				<event id="60" time="10459999992" vehicle="Vehicle 4" deliver="24"/>
				<event id="61" time="10759999992" vehicle="Vehicle 4" pickup="16"/>
				<event id="62" time="11059999992" vehicle="Vehicle 4" move="Utrecht"/>
				<event id="63" time="11215555545" vehicle="Vehicle 5" move="Utrecht"/>
				<event id="64" time="11566666658" vehicle="Vehicle 4" deliver="6"/>
				<event id="65" time="11696666656" vehicle="Vehicle 5" pickup="28"/>
				<event id="66" time="11866666658" vehicle="Vehicle 4" pickup="29"/>
				<event id="67" time="11996666656" vehicle="Vehicle 5" pickup="4"/>
				<event id="68" time="12166666657" vehicle="Vehicle 4" move="Breda"/>
				<event id="69" time="12296666655" vehicle="Vehicle 5" move="Amsterdam"/>
				<event id="70" time="12803333321" vehicle="Vehicle 5" deliver="4"/>
				<event id="71" time="12983333323" vehicle="Vehicle 4" deliver="29"/>
				<event id="72" time="13103333320" vehicle="Vehicle 5" move="Almere"/>
				<event id="73" time="13283333322" vehicle="Vehicle 4" pickup="11"/>
				<event id="74" time="13457777764" vehicle="Vehicle 5" pickup="18"/>
				<event id="75" time="13583333322" vehicle="Vehicle 4" pickup="21"/>
				<event id="76" time="13757777764" vehicle="Vehicle 5" deliver="28"/>
				<event id="77" time="13883333322" vehicle="Vehicle 4" deliver="16"/>
				<event id="78" time="14057777763" vehicle="Vehicle 5" pickup="10"/>
				<event id="79" time="14183333321" vehicle="Vehicle 4" move="Nijmegen"/>
				<event id="80" time="14357777763" vehicle="Vehicle 5" deliver="8"/>
				<event id="81" time="14657777763" vehicle="Vehicle 5" move="Utrecht"/>
				<event id="82" time="15138888873" vehicle="Vehicle 5" move="Eindhoven"/>
				<event id="83" time="15252222209" vehicle="Vehicle 4" deliver="20"/>
				<event id="84" time="15552222209" vehicle="Vehicle 4" deliver="11"/>
				<event id="85" time="15852222209" vehicle="Vehicle 4" deliver="21"/>
				<event id="86" time="16159999984" vehicle="Vehicle 5" deliver="10"/>
				<event id="87" time="16459999984" vehicle="Vehicle 5" pickup="26"/>
				<event id="88" time="16759999984" vehicle="Vehicle 5" pickup="19"/>
				<event id="89" time="17059999984" vehicle="Vehicle 5" move="Breda"/>
				<event id="90" time="17751111095" vehicle="Vehicle 5" deliver="19"/>
				<event id="91" time="18051111094" vehicle="Vehicle 5" move="Rotterdam"/>
				<event id="92" time="18591111094" vehicle="Vehicle 5" deliver="26"/>
				<event id="93" time="18891111094" vehicle="Vehicle 5" deliver="18"/>
			</events>
		</round>
	</rounds>
	<statistics>
		<stat rank="1" agent="AFK">
			<total-tasks value="0"/>
			<total-distance value="0.0"/>
			<total-cost value="0"/>
			<total-reward value="0"/>
			<total-profit value="0"/>
		</stat>
		<stat rank="2" agent="Zero">
			<total-tasks value="30"/>
			<total-distance value="2157.0"/>
			<total-cost value="10785"/>
			<total-reward value="10624"/>
			<total-profit value="-161"/>
		</stat>
	</statistics>
</history>
