<?xml version="1.0" encoding="ISO-8859-1"?>

<history configuration="config/rounds/auction2.xml">
	<agents>
		<agent name="Naive">
			<vehicle name="Vehicle 1"/>
			<vehicle name="Vehicle 2"/>
			<vehicle name="Vehicle 3"/>
		</agent>
		<agent name="AFK">
			<vehicle name="Vehicle 4"/>
			<vehicle name="Vehicle 5"/>
			<vehicle name="Vehicle 6"/>
			<vehicle name="Vehicle 7"/>
		</agent>
	</agents>
	<rounds>
		<round id="1">
			<tasks>
				<task id="0" pickup="Breda" delivery="Almere" weight="27" reward="62791">
					<bid agent="Naive" bid="1180"/>
				</task>
				<task id="1" pickup="Den Haag" delivery="Groningen" weight="19" reward="8119">
					<bid agent="Naive" bid="1762"/>
				</task>
				<task id="2" pickup="Apeldoorn" delivery="Den Haag" weight="26" reward="47362">
					<bid agent="Naive" bid="1573"/>
				</task>
				<task id="3" pickup="Utrecht" delivery="Groningen" weight="12" reward="30020">
					<bid agent="Naive" bid="1543"/>
				</task>
				<task id="4" pickup="Utrecht" delivery="Amsterdam" weight="24" reward="91775">
					<bid agent="Naive" bid="1360"/>
				</task>
				<task id="5" pickup="Nijmegen" delivery="Groningen" weight="26" reward="29695">
					<bid agent="Naive" bid="1788"/>
				</task>
				<task id="6" pickup="Almere" delivery="Utrecht" weight="26" reward="92712">
					<bid agent="Naive" bid="1100"/>
				</task>
				<task id="7" pickup="Den Haag" delivery="Nijmegen" weight="28" reward="54405">
					<bid agent="Naive" bid="1513"/>
				</task>
				<task id="8" pickup="Apeldoorn" delivery="Almere" weight="21" reward="77731">
					<bid agent="Naive" bid="927"/>
				</task>
				<task id="9" pickup="Apeldoorn" delivery="Den Haag" weight="26" reward="47362">
					<bid agent="Naive" bid="1671"/>
				</task>
				<task id="10" pickup="Almere" delivery="Eindhoven" weight="12" reward="55300">
					<bid agent="Naive" bid="1321"/>
				</task>
				<task id="11" pickup="Breda" delivery="Nijmegen" weight="11" reward="71177">
					<bid agent="Naive" bid="848"/>
				</task>
				<task id="12" pickup="Rotterdam" delivery="Almere" weight="22" reward="67350">
					<bid agent="Naive" bid="1184"/>
				</task>
				<task id="13" pickup="Den Haag" delivery="Apeldoorn" weight="17" reward="47362">
					<bid agent="Naive" bid="1278"/>
				</task>
				<task id="14" pickup="Eindhoven" delivery="Nijmegen" weight="28" reward="81761">
					<bid agent="Naive" bid="1365"/>
				</task>
				<task id="15" pickup="Rotterdam" delivery="Apeldoorn" weight="16" reward="57702">
					<bid agent="Naive" bid="2079"/>
				</task>
				<task id="16" pickup="Amsterdam" delivery="Breda" weight="23" reward="61855">
					<bid agent="Naive" bid="1134"/>
				</task>
				<task id="17" pickup="Apeldoorn" delivery="Den Haag" weight="26" reward="47362">
					<bid agent="Naive" bid="2260"/>
				</task>
				<task id="18" pickup="Almere" delivery="Rotterdam" weight="25" reward="67350">
					<bid agent="Naive" bid="1388"/>
				</task>
				<task id="19" pickup="Eindhoven" delivery="Breda" weight="15" reward="85018">
					<bid agent="Naive" bid="1503"/>
				</task>
				<task id="20" pickup="Amsterdam" delivery="Nijmegen" weight="20" reward="56603">
					<bid agent="Naive" bid="2499"/>
				</task>
				<task id="21" pickup="Breda" delivery="Nijmegen" weight="11" reward="71177">
					<bid agent="Naive" bid="1454"/>
				</task>
				<task id="22" pickup="Eindhoven" delivery="Groningen" weight="27" reward="1117">
					<bid agent="Naive" bid="3082"/>
				</task>
				<task id="23" pickup="Amsterdam" delivery="Nijmegen" weight="20" reward="56603">
					<bid agent="Naive" bid="2930"/>
				</task>
				<task id="24" pickup="Groningen" delivery="Amsterdam" weight="15" reward="34661">
					<bid agent="Naive" bid="3803"/>
				</task>
				<task id="25" pickup="Den Haag" delivery="Groningen" weight="19" reward="8119">
					<bid agent="Naive" bid="3240"/>
				</task>
				<task id="26" pickup="Eindhoven" delivery="Rotterdam" weight="15" reward="65233">
					<bid agent="Naive" bid="3193"/>
				</task>
				<task id="27" pickup="Groningen" delivery="Amsterdam" weight="15" reward="34661">
					<bid agent="Naive" bid="4932"/>
				</task>
				<task id="28" pickup="Utrecht" delivery="Almere" weight="23" reward="92712">
					<bid agent="Naive" bid="528"/>
				</task>
				<task id="29" pickup="Utrecht" delivery="Breda" weight="29" reward="80418">
					<bid agent="Naive" bid="654"/>
				</task>
			</tasks>
			<events>
				<event id="0" time="0" vehicle="Vehicle 1" move="Utrecht"/>
				<event id="1" time="760000000" vehicle="Vehicle 1" move="Breda"/>
				<event id="2" time="1985000000" vehicle="Vehicle 1" pickup="0"/>
				<event id="3" time="2285000000" vehicle="Vehicle 1" move="Utrecht"/>
				<event id="4" time="3510000000" vehicle="Vehicle 1" move="Almere"/>
				<event id="5" time="4231666666" vehicle="Vehicle 1" deliver="0"/>
				<event id="6" time="4531666666" vehicle="Vehicle 1" move="Amsterdam"/>
				<event id="7" time="5063333332" vehicle="Vehicle 1" move="Den Haag"/>
				<event id="8" time="6149999998" vehicle="Vehicle 1" pickup="1"/>
				<event id="9" time="6449999998" vehicle="Vehicle 1" move="Amsterdam"/>
				<event id="10" time="7536666664" vehicle="Vehicle 1" move="Almere"/>
				<event id="11" time="8068333330" vehicle="Vehicle 1" move="Groningen"/>
				<event id="12" time="10634999996" vehicle="Vehicle 1" deliver="1"/>
				<event id="13" time="10934999996" vehicle="Vehicle 1" move="Apeldoorn"/>
				<event id="14" time="13284999996" vehicle="Vehicle 1" pickup="2"/>
				<event id="15" time="13584999996" vehicle="Vehicle 1" move="Utrecht"/>
				<event id="16" time="14701666662" vehicle="Vehicle 1" move="Rotterdam"/>
				<event id="17" time="15739999995" vehicle="Vehicle 1" move="Den Haag"/>
				<event id="18" time="16163333328" vehicle="Vehicle 1" deliver="2"/>
				<event id="19" time="16463333328" vehicle="Vehicle 1" move="Rotterdam"/>
				<event id="20" time="16886666661" vehicle="Vehicle 1" move="Utrecht"/>
				<event id="21" time="17924999994" vehicle="Vehicle 1" pickup="3"/>
				<event id="22" time="18224999994" vehicle="Vehicle 1" move="Almere"/>
				<event id="23" time="18946666660" vehicle="Vehicle 1" move="Groningen"/>
				<event id="24" time="21513333326" vehicle="Vehicle 1" deliver="3"/>
				<event id="25" time="21813333326" vehicle="Vehicle 1" move="Almere"/>
				<event id="26" time="24379999992" vehicle="Vehicle 1" move="Utrecht"/>
				<event id="27" time="25101666658" vehicle="Vehicle 1" pickup="4"/>
				<event id="28" time="25401666658" vehicle="Vehicle 1" move="Amsterdam"/>
				<event id="29" time="26161666657" vehicle="Vehicle 1" deliver="4"/>
				<event id="30" time="26461666657" vehicle="Vehicle 1" move="Utrecht"/>
				<event id="31" time="27221666656" vehicle="Vehicle 1" move="Nijmegen"/>
				<event id="32" time="28661666655" vehicle="Vehicle 1" pickup="5"/>
				<event id="33" time="28961666655" vehicle="Vehicle 1" move="Apeldoorn"/>
				<event id="34" time="29913333321" vehicle="Vehicle 1" move="Groningen"/>
				<event id="35" time="32263333320" vehicle="Vehicle 1" deliver="5"/>
				<event id="36" time="32563333320" vehicle="Vehicle 1" move="Almere"/>
				<event id="37" time="35129999986" vehicle="Vehicle 1" pickup="6"/>
				<event id="38" time="35429999986" vehicle="Vehicle 1" move="Utrecht"/>
				<event id="39" time="36151666652" vehicle="Vehicle 1" deliver="6"/>
				<event id="40" time="36451666652" vehicle="Vehicle 1" move="Rotterdam"/>
				<event id="41" time="37489999985" vehicle="Vehicle 1" move="Den Haag"/>
				<event id="42" time="37913333318" vehicle="Vehicle 1" pickup="7"/>
				<event id="43" time="38213333317" vehicle="Vehicle 1" move="Rotterdam"/>
				<event id="44" time="38636666650" vehicle="Vehicle 1" move="Nijmegen"/>
				<event id="45" time="40503333316" vehicle="Vehicle 1" deliver="7"/>
				<event id="46" time="40803333316" vehicle="Vehicle 1" move="Apeldoorn"/>
				<event id="47" time="41754999982" vehicle="Vehicle 1" pickup="8"/>
				<event id="48" time="42054999982" vehicle="Vehicle 1" move="Almere"/>
				<event id="49" time="43389999982" vehicle="Vehicle 1" deliver="8"/>
				<event id="50" time="43689999982" vehicle="Vehicle 1" move="Apeldoorn"/>
				<event id="51" time="45024999982" vehicle="Vehicle 1" pickup="9"/>
				<event id="52" time="45324999982" vehicle="Vehicle 1" move="Utrecht"/>
				<event id="53" time="46441666648" vehicle="Vehicle 1" move="Rotterdam"/>
				<event id="54" time="47479999981" vehicle="Vehicle 1" move="Den Haag"/>
				<event id="55" time="47903333314" vehicle="Vehicle 1" deliver="9"/>
				<event id="56" time="48203333313" vehicle="Vehicle 1" move="Amsterdam"/>
				<event id="57" time="49289999979" vehicle="Vehicle 1" move="Almere"/>
				<event id="58" time="49821666645" vehicle="Vehicle 1" pickup="10"/>
				<event id="59" time="50121666644" vehicle="Vehicle 1" move="Utrecht"/>
				<event id="60" time="50843333310" vehicle="Vehicle 1" move="Eindhoven"/>
				<event id="61" time="52374999976" vehicle="Vehicle 1" deliver="10"/>
				<event id="62" time="52674999976" vehicle="Vehicle 1" move="Breda"/>
				<event id="63" time="53711666642" vehicle="Vehicle 1" pickup="11"/>
				<event id="64" time="54011666641" vehicle="Vehicle 1" move="Nijmegen"/>
				<event id="65" time="55614999974" vehicle="Vehicle 1" deliver="11"/>
				<event id="66" time="55914999974" vehicle="Vehicle 1" move="Rotterdam"/>
				<event id="67" time="57781666640" vehicle="Vehicle 1" pickup="12"/>
				<event id="68" time="58081666639" vehicle="Vehicle 1" move="Utrecht"/>
				<event id="69" time="59119999972" vehicle="Vehicle 1" move="Almere"/>
				<event id="70" time="59841666638" vehicle="Vehicle 1" deliver="12"/>
				<event id="71" time="60141666637" vehicle="Vehicle 1" move="Amsterdam"/>
				<event id="72" time="60673333303" vehicle="Vehicle 1" move="Den Haag"/>
				<event id="73" time="61759999969" vehicle="Vehicle 1" pickup="13"/>
				<event id="74" time="62059999969" vehicle="Vehicle 1" move="Rotterdam"/>
				<event id="75" time="62483333302" vehicle="Vehicle 1" move="Utrecht"/>
				<event id="76" time="63521666634" vehicle="Vehicle 1" move="Apeldoorn"/>
				<event id="77" time="64638333300" vehicle="Vehicle 1" deliver="13"/>
				<event id="78" time="64938333300" vehicle="Vehicle 1" move="Nijmegen"/>
				<event id="79" time="65889999966" vehicle="Vehicle 1" move="Eindhoven"/>
				<event id="80" time="67059999966" vehicle="Vehicle 1" pickup="14"/>
				<event id="81" time="67359999966" vehicle="Vehicle 1" move="Nijmegen"/>
				<event id="82" time="68529999966" vehicle="Vehicle 1" deliver="14"/>
				<event id="83" time="68829999966" vehicle="Vehicle 1" move="Rotterdam"/>
				<event id="84" time="70696666632" vehicle="Vehicle 1" pickup="15"/>
				<event id="85" time="70996666632" vehicle="Vehicle 1" move="Utrecht"/>
				<event id="86" time="72034999965" vehicle="Vehicle 1" move="Apeldoorn"/>
				<event id="87" time="73151666631" vehicle="Vehicle 1" deliver="15"/>
				<event id="88" time="73451666631" vehicle="Vehicle 1" move="Amsterdam"/>
				<event id="89" time="74954999964" vehicle="Vehicle 1" pickup="16"/>
				<event id="90" time="75254999964" vehicle="Vehicle 1" move="Utrecht"/>
				<event id="91" time="76014999964" vehicle="Vehicle 1" move="Breda"/>
				<event id="92" time="77239999964" vehicle="Vehicle 1" deliver="16"/>
				<event id="93" time="77539999964" vehicle="Vehicle 1" move="Utrecht"/>
				<event id="94" time="78764999964" vehicle="Vehicle 1" move="Apeldoorn"/>
				<event id="95" time="79881666630" vehicle="Vehicle 1" pickup="17"/>
				<event id="96" time="80181666629" vehicle="Vehicle 1" move="Utrecht"/>
				<event id="97" time="81298333295" vehicle="Vehicle 1" move="Rotterdam"/>
				<event id="98" time="82336666627" vehicle="Vehicle 1" move="Den Haag"/>
				<event id="99" time="82759999960" vehicle="Vehicle 1" deliver="17"/>
				<event id="100" time="83059999960" vehicle="Vehicle 1" move="Amsterdam"/>
				<event id="101" time="84146666626" vehicle="Vehicle 1" move="Almere"/>
				<event id="102" time="84678333292" vehicle="Vehicle 1" pickup="18"/>
				<event id="103" time="84978333292" vehicle="Vehicle 1" move="Utrecht"/>
				<event id="104" time="85699999958" vehicle="Vehicle 1" move="Rotterdam"/>
				<event id="105" time="86738333291" vehicle="Vehicle 1" deliver="18"/>
				<event id="106" time="87038333290" vehicle="Vehicle 1" move="Breda"/>
				<event id="107" time="87848333290" vehicle="Vehicle 1" move="Eindhoven"/>
				<event id="108" time="88884999956" vehicle="Vehicle 1" pickup="19"/>
				<event id="109" time="89184999956" vehicle="Vehicle 1" move="Breda"/>
				<event id="110" time="90221666622" vehicle="Vehicle 1" deliver="19"/>
				<event id="111" time="90521666622" vehicle="Vehicle 1" move="Utrecht"/>
				<event id="112" time="91746666621" vehicle="Vehicle 1" move="Amsterdam"/>
				<event id="113" time="92506666620" vehicle="Vehicle 1" pickup="20"/>
				<event id="114" time="92806666620" vehicle="Vehicle 1" move="Utrecht"/>
				<event id="115" time="93566666619" vehicle="Vehicle 1" move="Nijmegen"/>
				<event id="116" time="95006666618" vehicle="Vehicle 1" deliver="20"/>
				<event id="117" time="95306666618" vehicle="Vehicle 1" move="Breda"/>
				<event id="118" time="96909999951" vehicle="Vehicle 1" pickup="21"/>
				<event id="119" time="97209999951" vehicle="Vehicle 1" move="Nijmegen"/>
				<event id="120" time="98813333284" vehicle="Vehicle 1" deliver="21"/>
				<event id="121" time="99113333283" vehicle="Vehicle 1" move="Eindhoven"/>
				<event id="122" time="100283333282" vehicle="Vehicle 1" pickup="22"/>
				<event id="123" time="100583333282" vehicle="Vehicle 1" move="Nijmegen"/>
				<event id="124" time="101753333281" vehicle="Vehicle 1" move="Apeldoorn"/>
				<event id="125" time="102704999947" vehicle="Vehicle 1" move="Groningen"/>
				<event id="126" time="105054999947" vehicle="Vehicle 1" deliver="22"/>
				<event id="127" time="105354999947" vehicle="Vehicle 1" move="Almere"/>
				<event id="128" time="107921666613" vehicle="Vehicle 1" move="Amsterdam"/>
				<event id="129" time="108453333279" vehicle="Vehicle 1" pickup="23"/>
				<event id="130" time="108753333279" vehicle="Vehicle 1" move="Utrecht"/>
				<event id="131" time="109513333278" vehicle="Vehicle 1" move="Nijmegen"/>
				<event id="132" time="110953333277" vehicle="Vehicle 1" deliver="23"/>
				<event id="133" time="111253333276" vehicle="Vehicle 1" move="Apeldoorn"/>
				<event id="134" time="112204999942" vehicle="Vehicle 1" move="Groningen"/>
				<event id="135" time="114554999942" vehicle="Vehicle 1" pickup="24"/>
				<event id="136" time="114854999942" vehicle="Vehicle 1" move="Almere"/>
				<event id="137" time="117421666608" vehicle="Vehicle 1" move="Amsterdam"/>
				<event id="138" time="117953333274" vehicle="Vehicle 1" deliver="24"/>
				<event id="139" time="118253333273" vehicle="Vehicle 1" move="Den Haag"/>
				<event id="140" time="119339999939" vehicle="Vehicle 1" pickup="25"/>
				<event id="141" time="119639999939" vehicle="Vehicle 1" move="Amsterdam"/>
				<event id="142" time="120726666605" vehicle="Vehicle 1" move="Almere"/>
				<event id="143" time="121258333271" vehicle="Vehicle 1" move="Groningen"/>
				<event id="144" time="123824999937" vehicle="Vehicle 1" deliver="25"/>
				<event id="145" time="124124999937" vehicle="Vehicle 1" move="Apeldoorn"/>
				<event id="146" time="126474999937" vehicle="Vehicle 1" move="Nijmegen"/>
				<event id="147" time="127426666603" vehicle="Vehicle 1" move="Eindhoven"/>
				<event id="148" time="128596666602" vehicle="Vehicle 1" pickup="26"/>
				<event id="149" time="128896666602" vehicle="Vehicle 1" move="Breda"/>
				<event id="150" time="129933333268" vehicle="Vehicle 1" move="Rotterdam"/>
				<event id="151" time="130743333267" vehicle="Vehicle 1" deliver="26"/>
				<event id="152" time="131043333266" vehicle="Vehicle 1" move="Utrecht"/>
				<event id="153" time="132081666598" vehicle="Vehicle 1" move="Almere"/>
				<event id="154" time="132803333264" vehicle="Vehicle 1" move="Groningen"/>
				<event id="155" time="135369999930" vehicle="Vehicle 1" pickup="27"/>
				<event id="156" time="135669999930" vehicle="Vehicle 1" move="Almere"/>
				<event id="157" time="138236666596" vehicle="Vehicle 1" move="Amsterdam"/>
				<event id="158" time="138768333262" vehicle="Vehicle 1" deliver="27"/>
				<event id="159" time="139068333261" vehicle="Vehicle 1" move="Utrecht"/>
				<event id="160" time="139828333261" vehicle="Vehicle 1" pickup="28"/>
				<event id="161" time="140128333260" vehicle="Vehicle 1" move="Almere"/>
				<event id="162" time="140849999926" vehicle="Vehicle 1" deliver="28"/>
				<event id="163" time="141149999926" vehicle="Vehicle 1" move="Utrecht"/>
				<event id="164" time="141871666592" vehicle="Vehicle 1" pickup="29"/>
				<event id="165" time="142171666591" vehicle="Vehicle 1" move="Breda"/>
				<event id="166" time="143396666590" vehicle="Vehicle 1" deliver="29"/>
			</events>
		</round>
	</rounds>
	<statistics>
		<stat rank="1" agent="Naive">
			<total-tasks value="30"/>
			<total-distance value="7541.8"/>
			<total-cost value="37709"/>
			<total-reward value="55092"/>
			<total-profit value="17383"/>
		</stat>
		<stat rank="2" agent="AFK">
			<total-tasks value="0"/>
			<total-distance value="0.0"/>
			<total-cost value="0"/>
			<total-reward value="0"/>
			<total-profit value="0"/>
		</stat>
	</statistics>
</history>
