<?xml version="1.0" encoding="ISO-8859-1"?>

<history configuration="config/rounds/auction1.xml">
	<agents>
		<agent name="AFK">
			<vehicle name="Vehicle 1"/>
			<vehicle name="Vehicle 2"/>
		</agent>
		<agent name="Neutral">
			<vehicle name="Vehicle 3"/>
			<vehicle name="Vehicle 4"/>
		</agent>
	</agents>
	<rounds>
		<round id="1">
			<tasks>
				<task id="0" pickup="Leeds" delivery="Sheffield" weight="6" reward="1281">
					<bid agent="Neutral" bid="558"/>
				</task>
				<task id="1" pickup="Liverpool" delivery="Sheffield" weight="7" reward="14258">
					<bid agent="Neutral" bid="245"/>
				</task>
				<task id="2" pickup="Manchester" delivery="Cardiff" weight="9" reward="31460">
					<bid agent="Neutral" bid="588"/>
				</task>
				<task id="3" pickup="Manchester" delivery="London" weight="6" reward="31997">
					<bid agent="Neutral" bid="668"/>
				</task>
				<task id="4" pickup="Plymouth" delivery="Birmingham" weight="8" reward="58829">
					<bid agent="Neutral" bid="1022"/>
				</task>
				<task id="5" pickup="Liverpool" delivery="Norwich" weight="5" reward="58793">
					<bid agent="Neutral" bid="796"/>
				</task>
				<task id="6" pickup="Birmingham" delivery="Norwich" weight="8" reward="35595">
					<bid agent="Neutral" bid="407"/>
				</task>
				<task id="7" pickup="Sheffield" delivery="Manchester" weight="7" reward="20470">
					<bid agent="Neutral" bid="272"/>
				</task>
				<task id="8" pickup="Liverpool" delivery="Cardiff" weight="6" reward="37671">
					<bid agent="Neutral" bid="832"/>
				</task>
				<task id="9" pickup="Sheffield" delivery="Norwich" weight="7" reward="51741">
					<bid agent="Neutral" bid="714"/>
				</task>
				<task id="10" pickup="Portsmouth" delivery="Cardiff" weight="5" reward="48984">
					<bid agent="Neutral" bid="905"/>
				</task>
				<task id="11" pickup="Plymouth" delivery="London" weight="7" reward="37707">
					<bid agent="Neutral" bid="530"/>
				</task>
				<task id="12" pickup="Sheffield" delivery="Norwich" weight="7" reward="51741">
					<bid agent="Neutral" bid="727"/>
				</task>
				<task id="13" pickup="Newcastle" delivery="Liverpool" weight="9" reward="24497">
					<bid agent="Neutral" bid="1042"/>
				</task>
				<task id="14" pickup="Cardiff" delivery="Newcastle" weight="8" reward="55643">
					<bid agent="Neutral" bid="1218"/>
				</task>
				<task id="15" pickup="Birmingham" delivery="Sheffield" weight="6" reward="10034">
					<bid agent="Neutral" bid="225"/>
				</task>
				<task id="16" pickup="Newcastle" delivery="Birmingham" weight="5" reward="35058">
					<bid agent="Neutral" bid="575"/>
				</task>
				<task id="17" pickup="Birmingham" delivery="Plymouth" weight="6" reward="58829">
					<bid agent="Neutral" bid="1806"/>
				</task>
				<task id="18" pickup="Cardiff" delivery="Newcastle" weight="8" reward="55643">
					<bid agent="Neutral" bid="862"/>
				</task>
				<task id="19" pickup="Leeds" delivery="Sheffield" weight="6" reward="1281">
					<bid agent="Neutral" bid="103"/>
				</task>
			</tasks>
			<events>
				<event id="0" time="0" vehicle="Vehicle 4" move="London"/>
				<event id="1" time="1277777777" vehicle="Vehicle 4" move="Portsmouth"/>
				<event id="2" time="2108888887" vehicle="Vehicle 4" pickup="10"/>
				<event id="3" time="2408888887" vehicle="Vehicle 4" move="London"/>
				<event id="4" time="3239999998" vehicle="Vehicle 4" move="Birmingham"/>
				<event id="5" time="4551111109" vehicle="Vehicle 4" pickup="15"/>
				<event id="6" time="4851111109" vehicle="Vehicle 4" move="Cardiff"/>
				<event id="7" time="6128888885" vehicle="Vehicle 4" pickup="18"/>
				<event id="8" time="6428888885" vehicle="Vehicle 4" pickup="14"/>
				<event id="9" time="6728888885" vehicle="Vehicle 4" move="Birmingham"/>
				<event id="10" time="8006666662" vehicle="Vehicle 4" move="Sheffield"/>
				<event id="11" time="9008888883" vehicle="Vehicle 4" move="Leeds"/>
				<event id="12" time="9467777771" vehicle="Vehicle 4" pickup="19"/>
				<event id="13" time="9767777771" vehicle="Vehicle 4" pickup="0"/>
				<event id="14" time="10067777770" vehicle="Vehicle 4" move="Newcastle"/>
				<event id="15" time="11162222214" vehicle="Vehicle 4" pickup="13"/>
				<event id="16" time="11462222214" vehicle="Vehicle 4" deliver="14"/>
				<event id="17" time="11762222214" vehicle="Vehicle 4" deliver="18"/>
				<event id="18" time="12062222213" vehicle="Vehicle 4" pickup="16"/>
				<event id="19" time="12362222213" vehicle="Vehicle 4" move="Leeds"/>
				<event id="20" time="13456666656" vehicle="Vehicle 4" move="Sheffield"/>
				<event id="21" time="13915555544" vehicle="Vehicle 4" deliver="19"/>
				<event id="22" time="14215555543" vehicle="Vehicle 4" move="Leeds"/>
				<event id="23" time="14674444431" vehicle="Vehicle 4" move="Liverpool"/>
				<event id="24" time="15479999986" vehicle="Vehicle 4" pickup="5"/>
				<event id="25" time="15779999986" vehicle="Vehicle 4" pickup="8"/>
				<event id="26" time="16079999986" vehicle="Vehicle 4" pickup="1"/>
				<event id="27" time="16379999986" vehicle="Vehicle 4" move="Manchester"/>
				<event id="28" time="16765555541" vehicle="Vehicle 4" pickup="2"/>
				<event id="29" time="17065555540" vehicle="Vehicle 4" move="Birmingham"/>
				<event id="30" time="18119999984" vehicle="Vehicle 4" move="Cardiff"/>
				<event id="31" time="19397777761" vehicle="Vehicle 4" deliver="8"/>
				<event id="32" time="19697777761" vehicle="Vehicle 4" deliver="2"/>
				<event id="33" time="19997777761" vehicle="Vehicle 4" deliver="10"/>
				<event id="34" time="20297777760" vehicle="Vehicle 4" move="Birmingham"/>
				<event id="35" time="21575555537" vehicle="Vehicle 4" pickup="17"/>
				<event id="36" time="21875555537" vehicle="Vehicle 4" move="London"/>
				<event id="37" time="23186666647" vehicle="Vehicle 4" move="Portsmouth"/>
				<event id="38" time="24017777757" vehicle="Vehicle 4" move="Plymouth"/>
				<event id="39" time="25906666645" vehicle="Vehicle 4" deliver="17"/>
				<event id="40" time="26206666644" vehicle="Vehicle 4" pickup="4"/>
				<event id="41" time="26506666644" vehicle="Vehicle 4" pickup="11"/>
				<event id="42" time="26806666644" vehicle="Vehicle 4" move="Portsmouth"/>
				<event id="43" time="28695555532" vehicle="Vehicle 4" move="London"/>
				<event id="44" time="29526666642" vehicle="Vehicle 4" deliver="11"/>
				<event id="45" time="29826666642" vehicle="Vehicle 4" move="Birmingham"/>
				<event id="46" time="31137777752" vehicle="Vehicle 4" move="Sheffield"/>
				<event id="47" time="32139999974" vehicle="Vehicle 4" pickup="7"/>
				<event id="48" time="32439999974" vehicle="Vehicle 4" pickup="12"/>
				<event id="49" time="32739999974" vehicle="Vehicle 4" deliver="1"/>
				<event id="50" time="33039999974" vehicle="Vehicle 4" pickup="9"/>
				<event id="51" time="33339999974" vehicle="Vehicle 4" deliver="0"/>
				<event id="52" time="33639999974" vehicle="Vehicle 4" deliver="15"/>
				<event id="53" time="33939999974" vehicle="Vehicle 4" move="Leeds"/>
				<event id="54" time="34398888862" vehicle="Vehicle 4" move="Liverpool"/>
				<event id="55" time="35204444417" vehicle="Vehicle 4" deliver="13"/>
				<event id="56" time="35504444417" vehicle="Vehicle 4" move="Manchester"/>
				<event id="57" time="35889999972" vehicle="Vehicle 4" deliver="7"/>
				<event id="58" time="36189999972" vehicle="Vehicle 4" pickup="3"/>
				<event id="59" time="36489999972" vehicle="Vehicle 4" move="Birmingham"/>
				<event id="60" time="37544444416" vehicle="Vehicle 4" pickup="6"/>
				<event id="61" time="37844444416" vehicle="Vehicle 4" deliver="16"/>
				<event id="62" time="38144444415" vehicle="Vehicle 4" deliver="4"/>
				<event id="63" time="38444444415" vehicle="Vehicle 4" move="London"/>
				<event id="64" time="39755555525" vehicle="Vehicle 4" deliver="3"/>
				<event id="65" time="40055555524" vehicle="Vehicle 4" move="Norwich"/>
				<event id="66" time="41333333301" vehicle="Vehicle 4" deliver="6"/>
				<event id="67" time="41633333301" vehicle="Vehicle 4" deliver="12"/>
				<event id="68" time="41933333301" vehicle="Vehicle 4" deliver="9"/>
				<event id="69" time="42233333300" vehicle="Vehicle 4" deliver="5"/>
			</events>
		</round>
	</rounds>
	<statistics>
		<stat rank="1" agent="Neutral">
			<total-tasks value="20"/>
			<total-distance value="2748.0"/>
			<total-cost value="13740"/>
			<total-reward value="14095"/>
			<total-profit value="355"/>
		</stat>
		<stat rank="2" agent="AFK">
			<total-tasks value="0"/>
			<total-distance value="0.0"/>
			<total-cost value="0"/>
			<total-reward value="0"/>
			<total-profit value="0"/>
		</stat>
	</statistics>
</history>
