<?xml version="1.0" encoding="ISO-8859-1"?>

<history configuration="config/rounds/auction2.xml">
	<agents>
		<agent name="Opponent">
			<vehicle name="Vehicle 1"/>
			<vehicle name="Vehicle 2"/>
			<vehicle name="Vehicle 3"/>
		</agent>
		<agent name="Zero">
			<vehicle name="Vehicle 4"/>
			<vehicle name="Vehicle 5"/>
			<vehicle name="Vehicle 6"/>
			<vehicle name="Vehicle 7"/>
		</agent>
	</agents>
	<rounds>
		<round id="1">
			<tasks>
				<task id="0" pickup="Breda" delivery="Almere" weight="27" reward="62791">
					<bid agent="Opponent" bid="532"/>
					<bid agent="Zero" bid="827"/>
				</task>
				<task id="1" pickup="Den Haag" delivery="Groningen" weight="19" reward="8119">
					<bid agent="Opponent" bid="1025"/>
					<bid agent="Zero" bid="1255"/>
				</task>
				<task id="2" pickup="Apeldoorn" delivery="Den Haag" weight="26" reward="47362">
					<bid agent="Opponent" bid="707"/>
					<bid agent="Zero" bid="773"/>
				</task>
				<task id="3" pickup="Utrecht" delivery="Groningen" weight="12" reward="30020">
					<bid agent="Opponent" bid="878"/>
					<bid agent="Zero" bid="1298"/>
				</task>
				<task id="4" pickup="Utrecht" delivery="Amsterdam" weight="24" reward="91775">
					<bid agent="Opponent" bid="570"/>
					<bid agent="Zero" bid="539"/>
				</task>
				<task id="5" pickup="Nijmegen" delivery="Groningen" weight="26" reward="29695">
					<bid agent="Opponent" bid="869"/>
					<bid agent="Zero" bid="1276"/>
				</task>
				<task id="6" pickup="Almere" delivery="Utrecht" weight="26" reward="92712">
					<bid agent="Opponent" bid="484"/>
					<bid agent="Zero" bid="305"/>
				</task>
				<task id="7" pickup="Den Haag" delivery="Nijmegen" weight="28" reward="54405">
					<bid agent="Opponent" bid="621"/>
					<bid agent="Zero" bid="629"/>
				</task>
				<task id="8" pickup="Apeldoorn" delivery="Almere" weight="21" reward="77731">
					<bid agent="Opponent" bid="385"/>
					<bid agent="Zero" bid="0"/>
				</task>
				<task id="9" pickup="Apeldoorn" delivery="Den Haag" weight="26" reward="47362">
					<bid agent="Opponent" bid="632"/>
					<bid agent="Zero" bid="326"/>
				</task>
				<task id="10" pickup="Almere" delivery="Eindhoven" weight="12" reward="55300">
					<bid agent="Opponent" bid="604"/>
					<bid agent="Zero" bid="681"/>
				</task>
				<task id="11" pickup="Breda" delivery="Nijmegen" weight="11" reward="71177">
					<bid agent="Opponent" bid="451"/>
					<bid agent="Zero" bid="724"/>
				</task>
				<task id="12" pickup="Rotterdam" delivery="Almere" weight="22" reward="67350">
					<bid agent="Opponent" bid="691"/>
					<bid agent="Zero" bid="370"/>
				</task>
				<task id="13" pickup="Den Haag" delivery="Apeldoorn" weight="17" reward="47362">
					<bid agent="Opponent" bid="612"/>
					<bid agent="Zero" bid="400"/>
				</task>
				<task id="14" pickup="Eindhoven" delivery="Nijmegen" weight="28" reward="81761">
					<bid agent="Opponent" bid="691"/>
					<bid agent="Zero" bid="547"/>
				</task>
				<task id="15" pickup="Rotterdam" delivery="Apeldoorn" weight="16" reward="57702">
					<bid agent="Opponent" bid="506"/>
					<bid agent="Zero" bid="361"/>
				</task>
				<task id="16" pickup="Amsterdam" delivery="Breda" weight="23" reward="61855">
					<bid agent="Opponent" bid="590"/>
					<bid agent="Zero" bid="167"/>
				</task>
				<task id="17" pickup="Apeldoorn" delivery="Den Haag" weight="26" reward="47362">
					<bid agent="Opponent" bid="606"/>
					<bid agent="Zero" bid="0"/>
				</task>
				<task id="18" pickup="Almere" delivery="Rotterdam" weight="25" reward="67350">
					<bid agent="Opponent" bid="428"/>
					<bid agent="Zero" bid="370"/>
				</task>
				<task id="19" pickup="Eindhoven" delivery="Breda" weight="15" reward="85018">
					<bid agent="Opponent" bid="742"/>
					<bid agent="Zero" bid="440"/>
				</task>
				<task id="20" pickup="Amsterdam" delivery="Nijmegen" weight="20" reward="56603">
					<bid agent="Opponent" bid="653"/>
					<bid agent="Zero" bid="221"/>
				</task>
				<task id="21" pickup="Breda" delivery="Nijmegen" weight="11" reward="71177">
					<bid agent="Opponent" bid="632"/>
					<bid agent="Zero" bid="129"/>
				</task>
				<task id="22" pickup="Eindhoven" delivery="Groningen" weight="27" reward="1117">
					<bid agent="Opponent" bid="1183"/>
					<bid agent="Zero" bid="1144"/>
				</task>
				<task id="23" pickup="Amsterdam" delivery="Nijmegen" weight="20" reward="56603">
					<bid agent="Opponent" bid="596"/>
					<bid agent="Zero" bid="662"/>
				</task>
				<task id="24" pickup="Groningen" delivery="Amsterdam" weight="15" reward="34661">
					<bid agent="Opponent" bid="782"/>
					<bid agent="Zero" bid="892"/>
				</task>
				<task id="25" pickup="Den Haag" delivery="Groningen" weight="19" reward="8119">
					<bid agent="Opponent" bid="995"/>
					<bid agent="Zero" bid="517"/>
				</task>
				<task id="26" pickup="Eindhoven" delivery="Rotterdam" weight="15" reward="65233">
					<bid agent="Opponent" bid="441"/>
					<bid agent="Zero" bid="0"/>
				</task>
				<task id="27" pickup="Groningen" delivery="Amsterdam" weight="15" reward="34661">
					<bid agent="Opponent" bid="716"/>
					<bid agent="Zero" bid="1081"/>
				</task>
				<task id="28" pickup="Utrecht" delivery="Almere" weight="23" reward="92712">
					<bid agent="Opponent" bid="208"/>
					<bid agent="Zero" bid="0"/>
				</task>
				<task id="29" pickup="Utrecht" delivery="Breda" weight="29" reward="80418">
					<bid agent="Opponent" bid="384"/>
					<bid agent="Zero" bid="416"/>
				</task>
			</tasks>
			<events>
				<event id="0" time="0" vehicle="Vehicle 1" move="Utrecht"/>
				<event id="1" time="0" vehicle="Vehicle 6" move="Apeldoorn"/>
				<event id="2" time="0" vehicle="Vehicle 7" pickup="12"/>
				<event id="3" time="300000000" vehicle="Vehicle 7" move="Utrecht"/>
				<event id="4" time="760000000" vehicle="Vehicle 1" pickup="3"/>
				<event id="5" time="992222222" vehicle="Vehicle 7" pickup="4"/>
				<event id="6" time="1060000000" vehicle="Vehicle 1" move="Apeldoorn"/>
				<event id="7" time="1292222221" vehicle="Vehicle 7" pickup="28"/>
				<event id="8" time="1566666666" vehicle="Vehicle 6" pickup="9"/>
				<event id="9" time="1592222221" vehicle="Vehicle 7" move="Almere"/>
				<event id="10" time="1866666666" vehicle="Vehicle 6" pickup="17"/>
				<event id="11" time="2073333331" vehicle="Vehicle 7" deliver="28"/>
				<event id="12" time="2166666665" vehicle="Vehicle 6" pickup="8"/>
				<event id="13" time="2176666666" vehicle="Vehicle 1" pickup="2"/>
				<event id="14" time="2373333331" vehicle="Vehicle 7" pickup="6"/>
				<event id="15" time="2466666665" vehicle="Vehicle 6" move="Almere"/>
				<event id="16" time="2476666666" vehicle="Vehicle 1" move="Nijmegen"/>
				<event id="17" time="2673333331" vehicle="Vehicle 7" deliver="12"/>
				<event id="18" time="2973333331" vehicle="Vehicle 7" move="Amsterdam"/>
				<event id="19" time="3327777774" vehicle="Vehicle 7" deliver="4"/>
				<event id="20" time="3356666664" vehicle="Vehicle 6" deliver="8"/>
				<event id="21" time="3428333332" vehicle="Vehicle 1" pickup="5"/>
				<event id="22" time="3627777774" vehicle="Vehicle 7" pickup="20"/>
				<event id="23" time="3656666664" vehicle="Vehicle 6" pickup="18"/>
				<event id="24" time="3728333332" vehicle="Vehicle 1" move="Rotterdam"/>
				<event id="25" time="3927777774" vehicle="Vehicle 7" pickup="16"/>
				<event id="26" time="3956666664" vehicle="Vehicle 6" move="Amsterdam"/>
				<event id="27" time="4227777773" vehicle="Vehicle 7" move="Utrecht"/>
				<event id="28" time="4311111108" vehicle="Vehicle 6" move="Den Haag"/>
				<event id="29" time="4734444439" vehicle="Vehicle 7" deliver="6"/>
				<event id="30" time="5034444438" vehicle="Vehicle 7" move="Breda"/>
				<event id="31" time="5035555551" vehicle="Vehicle 6" deliver="9"/>
				<event id="32" time="5335555551" vehicle="Vehicle 6" pickup="25"/>
				<event id="33" time="5594999998" vehicle="Vehicle 1" move="Den Haag"/>
				<event id="34" time="5635555551" vehicle="Vehicle 6" deliver="17"/>
				<event id="35" time="5851111104" vehicle="Vehicle 7" pickup="21"/>
				<event id="36" time="5935555551" vehicle="Vehicle 6" move="Rotterdam"/>
				<event id="37" time="6018333331" vehicle="Vehicle 1" deliver="2"/>
				<event id="38" time="6151111103" vehicle="Vehicle 7" deliver="16"/>
				<event id="39" time="6217777772" vehicle="Vehicle 6" deliver="18"/>
				<event id="40" time="6318333331" vehicle="Vehicle 1" pickup="1"/>
				<event id="41" time="6451111103" vehicle="Vehicle 7" move="Eindhoven"/>
				<event id="42" time="6517777772" vehicle="Vehicle 6" move="Breda"/>
				<event id="43" time="6618333331" vehicle="Vehicle 1" move="Amsterdam"/>
				<event id="44" time="7057777771" vehicle="Vehicle 6" move="Eindhoven"/>
				<event id="45" time="7142222213" vehicle="Vehicle 7" pickup="14"/>
				<event id="46" time="7442222213" vehicle="Vehicle 7" move="Nijmegen"/>
				<event id="47" time="7704999997" vehicle="Vehicle 1" pickup="23"/>
				<event id="48" time="7748888882" vehicle="Vehicle 6" pickup="19"/>
				<event id="49" time="8004999997" vehicle="Vehicle 1" move="Almere"/>
				<event id="50" time="8048888881" vehicle="Vehicle 6" pickup="26"/>
				<event id="51" time="8222222212" vehicle="Vehicle 7" deliver="14"/>
				<event id="52" time="8348888881" vehicle="Vehicle 6" pickup="22"/>
				<event id="53" time="8522222212" vehicle="Vehicle 7" deliver="20"/>
				<event id="54" time="8536666663" vehicle="Vehicle 1" move="Groningen"/>
				<event id="55" time="8648888881" vehicle="Vehicle 6" move="Breda"/>
				<event id="56" time="8822222212" vehicle="Vehicle 7" deliver="21"/>
				<event id="57" time="9339999992" vehicle="Vehicle 6" deliver="19"/>
				<event id="58" time="9639999992" vehicle="Vehicle 6" move="Rotterdam"/>
				<event id="59" time="10179999992" vehicle="Vehicle 6" deliver="26"/>
				<event id="60" time="10479999992" vehicle="Vehicle 6" move="Den Haag"/>
				<event id="61" time="10762222214" vehicle="Vehicle 6" pickup="13"/>
				<event id="62" time="11062222213" vehicle="Vehicle 6" move="Rotterdam"/>
				<event id="63" time="11103333329" vehicle="Vehicle 1" deliver="1"/>
				<event id="64" time="11344444435" vehicle="Vehicle 6" pickup="15"/>
				<event id="65" time="11403333329" vehicle="Vehicle 1" deliver="3"/>
				<event id="66" time="11644444435" vehicle="Vehicle 6" move="Utrecht"/>
				<event id="67" time="11703333329" vehicle="Vehicle 1" deliver="5"/>
				<event id="68" time="12003333328" vehicle="Vehicle 1" move="Almere"/>
				<event id="69" time="12336666656" vehicle="Vehicle 6" move="Apeldoorn"/>
				<event id="70" time="13081111100" vehicle="Vehicle 6" deliver="15"/>
				<event id="71" time="13381111100" vehicle="Vehicle 6" deliver="13"/>
				<event id="72" time="13681111100" vehicle="Vehicle 6" move="Groningen"/>
				<event id="73" time="14569999994" vehicle="Vehicle 1" pickup="10"/>
				<event id="74" time="14869999994" vehicle="Vehicle 1" move="Amsterdam"/>
				<event id="75" time="15247777765" vehicle="Vehicle 6" deliver="22"/>
				<event id="76" time="15401666660" vehicle="Vehicle 1" move="Den Haag"/>
				<event id="77" time="15547777765" vehicle="Vehicle 6" deliver="25"/>
				<event id="78" time="16488333326" vehicle="Vehicle 1" pickup="7"/>
				<event id="79" time="16788333326" vehicle="Vehicle 1" move="Rotterdam"/>
				<event id="80" time="17211666658" vehicle="Vehicle 1" move="Breda"/>
				<event id="81" time="18021666657" vehicle="Vehicle 1" pickup="11"/>
				<event id="82" time="18321666657" vehicle="Vehicle 1" move="Eindhoven"/>
				<event id="83" time="19358333323" vehicle="Vehicle 1" deliver="10"/>
				<event id="84" time="19658333323" vehicle="Vehicle 1" move="Nijmegen"/>
				<event id="85" time="20828333322" vehicle="Vehicle 1" deliver="7"/>
				<event id="86" time="21128333321" vehicle="Vehicle 1" deliver="23"/>
				<event id="87" time="21428333321" vehicle="Vehicle 1" deliver="11"/>
				<event id="88" time="21728333321" vehicle="Vehicle 1" move="Apeldoorn"/>
				<event id="89" time="22679999987" vehicle="Vehicle 1" move="Groningen"/>
				<event id="90" time="25029999987" vehicle="Vehicle 1" pickup="24"/>
				<event id="91" time="25329999987" vehicle="Vehicle 1" pickup="27"/>
				<event id="92" time="25629999987" vehicle="Vehicle 1" move="Almere"/>
				<event id="93" time="28196666653" vehicle="Vehicle 1" move="Amsterdam"/>
				<event id="94" time="28728333319" vehicle="Vehicle 1" deliver="24"/>
				<event id="95" time="29028333318" vehicle="Vehicle 1" deliver="27"/>
				<event id="96" time="29328333318" vehicle="Vehicle 1" move="Utrecht"/>
				<event id="97" time="30088333317" vehicle="Vehicle 1" pickup="29"/>
				<event id="98" time="30388333317" vehicle="Vehicle 1" move="Breda"/>
				<event id="99" time="31613333316" vehicle="Vehicle 1" deliver="29"/>
				<event id="100" time="31913333316" vehicle="Vehicle 1" pickup="0"/>
				<event id="101" time="32213333315" vehicle="Vehicle 1" move="Utrecht"/>
				<event id="102" time="33438333314" vehicle="Vehicle 1" move="Almere"/>
				<event id="103" time="34159999980" vehicle="Vehicle 1" deliver="0"/>
			</events>
		</round>
	</rounds>
	<statistics>
		<stat rank="1" agent="Opponent">
			<total-tasks value="12"/>
			<total-distance value="1635.6"/>
			<total-cost value="8178"/>
			<total-reward value="8165"/>
			<total-profit value="-13"/>
		</stat>
		<stat rank="2" agent="Zero">
			<total-tasks value="18"/>
			<total-distance value="1275.3"/>
			<total-cost value="6377"/>
			<total-reward value="5836"/>
			<total-profit value="-541"/>
		</stat>
	</statistics>
</history>
