<?xml version="1.0" encoding="ISO-8859-1"?>

<history configuration="config/rounds/auction1.xml">
	<agents>
		<agent name="Naive">
			<vehicle name="Vehicle 1"/>
			<vehicle name="Vehicle 2"/>
		</agent>
		<agent name="Margin">
			<vehicle name="Vehicle 3"/>
			<vehicle name="Vehicle 4"/>
		</agent>
	</agents>
	<rounds>
		<round id="1">
			<tasks>
				<task id="0" pickup="Leeds" delivery="Sheffield" weight="6" reward="1281">
					<bid agent="Naive" bid="699"/>
					<bid agent="Margin" bid="1014"/>
				</task>
				<task id="1" pickup="Liverpool" delivery="Sheffield" weight="7" reward="14258">
					<bid agent="Naive" bid="1152"/>
					<bid agent="Margin" bid="1375"/>
				</task>
				<task id="2" pickup="Manchester" delivery="Cardiff" weight="9" reward="31460">
					<bid agent="Naive" bid="1906"/>
					<bid agent="Margin" bid="1774"/>
				</task>
				<task id="3" pickup="Manchester" delivery="London" weight="6" reward="31997">
					<bid agent="Naive" bid="1956"/>
					<bid agent="Margin" bid="795"/>
				</task>
				<task id="4" pickup="Plymouth" delivery="Birmingham" weight="8" reward="58829">
					<bid agent="Naive" bid="4566"/>
					<bid agent="Margin" bid="454"/>
				</task>
				<task id="5" pickup="Liverpool" delivery="Norwich" weight="5" reward="58793">
					<bid agent="Naive" bid="2580"/>
					<bid agent="Margin" bid="656"/>
				</task>
				<task id="6" pickup="Birmingham" delivery="Norwich" weight="8" reward="35595">
					<bid agent="Naive" bid="1803"/>
					<bid agent="Margin" bid="25"/>
				</task>
				<task id="7" pickup="Sheffield" delivery="Manchester" weight="7" reward="20470">
					<bid agent="Naive" bid="998"/>
					<bid agent="Margin" bid="268"/>
				</task>
				<task id="8" pickup="Liverpool" delivery="Cardiff" weight="6" reward="37671">
					<bid agent="Naive" bid="2422"/>
					<bid agent="Margin" bid="683"/>
				</task>
				<task id="9" pickup="Sheffield" delivery="Norwich" weight="7" reward="51741">
					<bid agent="Naive" bid="2300"/>
					<bid agent="Margin" bid="153"/>
				</task>
				<task id="10" pickup="Portsmouth" delivery="Cardiff" weight="5" reward="48984">
					<bid agent="Naive" bid="3360"/>
					<bid agent="Margin" bid="402"/>
				</task>
				<task id="11" pickup="Plymouth" delivery="London" weight="7" reward="37707">
					<bid agent="Naive" bid="3736"/>
					<bid agent="Margin" bid="25"/>
				</task>
				<task id="12" pickup="Sheffield" delivery="Norwich" weight="7" reward="51741">
					<bid agent="Naive" bid="1758"/>
					<bid agent="Margin" bid="25"/>
				</task>
				<task id="13" pickup="Newcastle" delivery="Liverpool" weight="9" reward="24497">
					<bid agent="Naive" bid="1577"/>
					<bid agent="Margin" bid="541"/>
				</task>
				<task id="14" pickup="Cardiff" delivery="Newcastle" weight="8" reward="55643">
					<bid agent="Naive" bid="3804"/>
					<bid agent="Margin" bid="647"/>
				</task>
				<task id="15" pickup="Birmingham" delivery="Sheffield" weight="6" reward="10034">
					<bid agent="Naive" bid="1554"/>
					<bid agent="Margin" bid="25"/>
				</task>
				<task id="16" pickup="Newcastle" delivery="Birmingham" weight="5" reward="35058">
					<bid agent="Naive" bid="2004"/>
					<bid agent="Margin" bid="25"/>
				</task>
				<task id="17" pickup="Birmingham" delivery="Plymouth" weight="6" reward="58829">
					<bid agent="Naive" bid="3469"/>
					<bid agent="Margin" bid="680"/>
				</task>
				<task id="18" pickup="Cardiff" delivery="Newcastle" weight="8" reward="55643">
					<bid agent="Naive" bid="3768"/>
					<bid agent="Margin" bid="25"/>
				</task>
				<task id="19" pickup="Leeds" delivery="Sheffield" weight="6" reward="1281">
					<bid agent="Naive" bid="718"/>
					<bid agent="Margin" bid="103"/>
				</task>
			</tasks>
			<events>
				<event id="0" time="0" vehicle="Vehicle 1" move="Leeds"/>
				<event id="1" time="0" vehicle="Vehicle 4" move="London"/>
				<event id="2" time="1094444444" vehicle="Vehicle 1" pickup="0"/>
				<event id="3" time="1277777777" vehicle="Vehicle 4" move="Birmingham"/>
				<event id="4" time="1394444444" vehicle="Vehicle 1" move="Sheffield"/>
				<event id="5" time="1853333332" vehicle="Vehicle 1" deliver="0"/>
				<event id="6" time="2153333331" vehicle="Vehicle 1" move="Leeds"/>
				<event id="7" time="2588888887" vehicle="Vehicle 4" pickup="15"/>
				<event id="8" time="2612222219" vehicle="Vehicle 1" move="Liverpool"/>
				<event id="9" time="2888888887" vehicle="Vehicle 4" move="Cardiff"/>
				<event id="10" time="3417777773" vehicle="Vehicle 1" pickup="1"/>
				<event id="11" time="3717777773" vehicle="Vehicle 1" move="Leeds"/>
				<event id="12" time="4166666664" vehicle="Vehicle 4" pickup="14"/>
				<event id="13" time="4466666664" vehicle="Vehicle 4" pickup="18"/>
				<event id="14" time="4523333328" vehicle="Vehicle 1" move="Sheffield"/>
				<event id="15" time="4766666664" vehicle="Vehicle 4" move="Birmingham"/>
				<event id="16" time="4982222216" vehicle="Vehicle 1" deliver="1"/>
				<event id="17" time="6044444441" vehicle="Vehicle 4" pickup="17"/>
				<event id="18" time="6344444441" vehicle="Vehicle 4" move="Sheffield"/>
				<event id="19" time="7346666662" vehicle="Vehicle 4" pickup="7"/>
				<event id="20" time="7646666662" vehicle="Vehicle 4" move="Leeds"/>
				<event id="21" time="8105555550" vehicle="Vehicle 4" pickup="19"/>
				<event id="22" time="8405555550" vehicle="Vehicle 4" move="Newcastle"/>
				<event id="23" time="9499999994" vehicle="Vehicle 4" pickup="13"/>
				<event id="24" time="9799999994" vehicle="Vehicle 4" pickup="16"/>
				<event id="25" time="10099999994" vehicle="Vehicle 4" deliver="14"/>
				<event id="26" time="10399999994" vehicle="Vehicle 4" deliver="18"/>
				<event id="27" time="10699999994" vehicle="Vehicle 4" move="Leeds"/>
				<event id="28" time="11794444438" vehicle="Vehicle 4" move="Liverpool"/>
				<event id="29" time="12599999993" vehicle="Vehicle 4" pickup="5"/>
				<event id="30" time="12899999993" vehicle="Vehicle 4" pickup="8"/>
				<event id="31" time="13199999993" vehicle="Vehicle 4" deliver="13"/>
				<event id="32" time="13499999993" vehicle="Vehicle 4" move="Manchester"/>
				<event id="33" time="13885555548" vehicle="Vehicle 4" pickup="3"/>
				<event id="34" time="14185555547" vehicle="Vehicle 4" pickup="2"/>
				<event id="35" time="14485555547" vehicle="Vehicle 4" deliver="7"/>
				<event id="36" time="14785555547" vehicle="Vehicle 4" move="Liverpool"/>
				<event id="37" time="15171111102" vehicle="Vehicle 4" move="Leeds"/>
				<event id="38" time="15976666657" vehicle="Vehicle 4" move="Sheffield"/>
				<event id="39" time="16435555545" vehicle="Vehicle 4" pickup="12"/>
				<event id="40" time="16735555545" vehicle="Vehicle 4" deliver="19"/>
				<event id="41" time="17035555544" vehicle="Vehicle 4" pickup="9"/>
				<event id="42" time="17335555544" vehicle="Vehicle 4" deliver="15"/>
				<event id="43" time="17635555544" vehicle="Vehicle 4" move="Birmingham"/>
				<event id="44" time="18637777765" vehicle="Vehicle 4" pickup="6"/>
				<event id="45" time="18937777765" vehicle="Vehicle 4" move="London"/>
				<event id="46" time="20248888875" vehicle="Vehicle 4" move="Norwich"/>
				<event id="47" time="21526666652" vehicle="Vehicle 4" deliver="9"/>
				<event id="48" time="21826666652" vehicle="Vehicle 4" deliver="6"/>
				<event id="49" time="22126666651" vehicle="Vehicle 4" deliver="5"/>
				<event id="50" time="22426666651" vehicle="Vehicle 4" deliver="12"/>
				<event id="51" time="22726666651" vehicle="Vehicle 4" move="London"/>
				<event id="52" time="24004444428" vehicle="Vehicle 4" move="Portsmouth"/>
				<event id="53" time="24835555539" vehicle="Vehicle 4" pickup="10"/>
				<event id="54" time="25135555538" vehicle="Vehicle 4" move="Plymouth"/>
				<event id="55" time="27024444426" vehicle="Vehicle 4" pickup="11"/>
				<event id="56" time="27324444426" vehicle="Vehicle 4" deliver="17"/>
				<event id="57" time="27624444426" vehicle="Vehicle 4" pickup="4"/>
				<event id="58" time="27924444426" vehicle="Vehicle 4" move="Portsmouth"/>
				<event id="59" time="29813333314" vehicle="Vehicle 4" move="London"/>
				<event id="60" time="30644444424" vehicle="Vehicle 4" deliver="11"/>
				<event id="61" time="30944444424" vehicle="Vehicle 4" deliver="3"/>
				<event id="62" time="31244444423" vehicle="Vehicle 4" move="Birmingham"/>
				<event id="63" time="32555555533" vehicle="Vehicle 4" deliver="16"/>
				<event id="64" time="32855555533" vehicle="Vehicle 4" deliver="4"/>
				<event id="65" time="33155555532" vehicle="Vehicle 4" move="Cardiff"/>
				<event id="66" time="34433333309" vehicle="Vehicle 4" deliver="2"/>
				<event id="67" time="34733333309" vehicle="Vehicle 4" deliver="10"/>
				<event id="68" time="35033333308" vehicle="Vehicle 4" deliver="8"/>
			</events>
		</round>
	</rounds>
	<statistics>
		<stat rank="1" agent="Naive">
			<total-tasks value="2"/>
			<total-distance value="367.4"/>
			<total-cost value="1837"/>
			<total-reward value="1851"/>
			<total-profit value="14"/>
		</stat>
		<stat rank="2" agent="Margin">
			<total-tasks value="18"/>
			<total-distance value="2208.0"/>
			<total-cost value="11040"/>
			<total-reward value="7306"/>
			<total-profit value="-3734"/>
		</stat>
	</statistics>
</history>
