<?xml version="1.0" encoding="ISO-8859-1"?>

<history configuration="config/rounds/auction3.xml">
	<agents>
		<agent name="Margin">
			<vehicle name="Vehicle 1"/>
			<vehicle name="Vehicle 2"/>
			<vehicle name="Vehicle 3"/>
			<vehicle name="Vehicle 4"/>
		</agent>
		<agent name="Opponent">
			<vehicle name="Vehicle 5"/>
			<vehicle name="Vehicle 6"/>
			<vehicle name="Vehicle 7"/>
			<vehicle name="Vehicle 8"/>
		</agent>
	</agents>
	<rounds>
		<round id="1">
			<tasks>
				<task id="0" pickup="Paris" delivery="Monaco" weight="25" reward="40845">
					<bid agent="Margin" bid="2517"/>
					<bid agent="Opponent" bid="3100"/>
				</task>
				<task id="1" pickup="Paris" delivery="Monaco" weight="25" reward="40845">
					<bid agent="Margin" bid="25"/>
					<bid agent="Opponent" bid="1964"/>
				</task>
				<task id="2" pickup="Lyon" delivery="Paris" weight="28" reward="78143">
					<bid agent="Margin" bid="1660"/>
					<bid agent="Opponent" bid="1320"/>
				</task>
				<task id="3" pickup="Brest" delivery="Lyon" weight="13" reward="37398">
					<bid agent="Margin" bid="1824"/>
					<bid agent="Opponent" bid="3358"/>
				</task>
				<task id="4" pickup="Brest" delivery="Strasbourg" weight="25" reward="35950">
					<bid agent="Margin" bid="3068"/>
					<bid agent="Opponent" bid="4184"/>
				</task>
				<task id="5" pickup="Brest" delivery="Monaco" weight="15" reward="100">
					<bid agent="Margin" bid="25"/>
					<bid agent="Opponent" bid="3648"/>
				</task>
				<task id="6" pickup="Lyon" delivery="Monaco" weight="28" reward="72973">
					<bid agent="Margin" bid="1894"/>
					<bid agent="Opponent" bid="2709"/>
				</task>
				<task id="7" pickup="Paris" delivery="Le Havre" weight="26" reward="96758">
					<bid agent="Margin" bid="937"/>
					<bid agent="Opponent" bid="1078"/>
				</task>
				<task id="8" pickup="Brest" delivery="Le Havre" weight="18" reward="56013">
					<bid agent="Margin" bid="617"/>
					<bid agent="Opponent" bid="2641"/>
				</task>
				<task id="9" pickup="Paris" delivery="Monaco" weight="25" reward="40845">
					<bid agent="Margin" bid="907"/>
					<bid agent="Opponent" bid="2900"/>
				</task>
				<task id="10" pickup="Paris" delivery="Monaco" weight="25" reward="40845">
					<bid agent="Margin" bid="25"/>
					<bid agent="Opponent" bid="2145"/>
				</task>
				<task id="11" pickup="Marseille" delivery="Bordeaux" weight="16" reward="65734">
					<bid agent="Margin" bid="1776"/>
					<bid agent="Opponent" bid="3724"/>
				</task>
				<task id="12" pickup="Lyon" delivery="Monaco" weight="28" reward="72973">
					<bid agent="Margin" bid="2282"/>
					<bid agent="Opponent" bid="4320"/>
				</task>
				<task id="13" pickup="Genève" delivery="Marseille" weight="29" reward="78212">
					<bid agent="Margin" bid="25"/>
					<bid agent="Opponent" bid="3077"/>
				</task>
				<task id="14" pickup="Le Havre" delivery="Strasbourg" weight="10" reward="63183">
					<bid agent="Margin" bid="783"/>
					<bid agent="Opponent" bid="3289"/>
				</task>
				<task id="15" pickup="Monaco" delivery="Genève" weight="22" reward="74352">
					<bid agent="Margin" bid="1464"/>
					<bid agent="Opponent" bid="1442"/>
				</task>
				<task id="16" pickup="Bordeaux" delivery="Le Havre" weight="23" reward="56495">
					<bid agent="Margin" bid="971"/>
					<bid agent="Opponent" bid="1950"/>
				</task>
				<task id="17" pickup="Genève" delivery="Bordeaux" weight="16" reward="59460">
					<bid agent="Margin" bid="972"/>
					<bid agent="Opponent" bid="1832"/>
				</task>
				<task id="18" pickup="Monaco" delivery="Genève" weight="22" reward="74352">
					<bid agent="Margin" bid="25"/>
					<bid agent="Opponent" bid="1580"/>
				</task>
				<task id="19" pickup="Paris" delivery="Monaco" weight="25" reward="40845">
					<bid agent="Margin" bid="451"/>
					<bid agent="Opponent" bid="2517"/>
				</task>
				<task id="20" pickup="Monaco" delivery="Brest" weight="12" reward="100">
					<bid agent="Margin" bid="1184"/>
					<bid agent="Opponent" bid="3432"/>
				</task>
				<task id="21" pickup="Bordeaux" delivery="Marseille" weight="21" reward="65734">
					<bid agent="Margin" bid="755"/>
					<bid agent="Opponent" bid="3247"/>
				</task>
				<task id="22" pickup="Brest" delivery="Marseille" weight="11" reward="15612">
					<bid agent="Margin" bid="84"/>
					<bid agent="Opponent" bid="7590"/>
				</task>
				<task id="23" pickup="Monaco" delivery="Le Havre" weight="23" reward="27332">
					<bid agent="Margin" bid="41"/>
					<bid agent="Opponent" bid="1842"/>
				</task>
				<task id="24" pickup="Brest" delivery="Le Havre" weight="18" reward="56013">
					<bid agent="Margin" bid="25"/>
					<bid agent="Opponent" bid="4527"/>
				</task>
				<task id="25" pickup="Brest" delivery="Bordeaux" weight="21" reward="29263">
					<bid agent="Margin" bid="25"/>
					<bid agent="Opponent" bid="5600"/>
				</task>
				<task id="26" pickup="Strasbourg" delivery="Brest" weight="25" reward="35950">
					<bid agent="Margin" bid="25"/>
					<bid agent="Opponent" bid="3670"/>
				</task>
				<task id="27" pickup="Paris" delivery="Strasbourg" weight="26" reward="76696">
					<bid agent="Margin" bid="25"/>
					<bid agent="Opponent" bid="1217"/>
				</task>
				<task id="28" pickup="Monaco" delivery="Genève" weight="22" reward="74352">
					<bid agent="Margin" bid="25"/>
					<bid agent="Opponent" bid="23"/>
				</task>
				<task id="29" pickup="Monaco" delivery="Lyon" weight="15" reward="72973">
					<bid agent="Margin" bid="25"/>
					<bid agent="Opponent" bid="3582"/>
				</task>
				<task id="30" pickup="Brest" delivery="Monaco" weight="15" reward="100">
					<bid agent="Margin" bid="25"/>
					<bid agent="Opponent" bid="6540"/>
				</task>
				<task id="31" pickup="Genève" delivery="Le Havre" weight="23" reward="54358">
					<bid agent="Margin" bid="25"/>
					<bid agent="Opponent" bid="862"/>
				</task>
				<task id="32" pickup="Marseille" delivery="Brest" weight="16" reward="15612">
					<bid agent="Margin" bid="25"/>
					<bid agent="Opponent" bid="4042"/>
				</task>
				<task id="33" pickup="Le Havre" delivery="Bordeaux" weight="22" reward="56495">
					<bid agent="Margin" bid="25"/>
					<bid agent="Opponent" bid="4995"/>
				</task>
				<task id="34" pickup="Monaco" delivery="Brest" weight="12" reward="100">
					<bid agent="Margin" bid="25"/>
					<bid agent="Opponent" bid="2217"/>
				</task>
				<task id="35" pickup="Le Havre" delivery="Marseille" weight="28" reward="42844">
					<bid agent="Margin" bid="25"/>
					<bid agent="Opponent" bid="2935"/>
				</task>
				<task id="36" pickup="Monaco" delivery="Lyon" weight="15" reward="72973">
					<bid agent="Margin" bid="25"/>
					<bid agent="Opponent" bid="372"/>
				</task>
				<task id="37" pickup="Paris" delivery="Strasbourg" weight="26" reward="76696">
					<bid agent="Margin" bid="25"/>
					<bid agent="Opponent" bid="2665"/>
				</task>
				<task id="38" pickup="Strasbourg" delivery="Paris" weight="26" reward="76696">
					<bid agent="Margin" bid="25"/>
					<bid agent="Opponent" bid="2255"/>
				</task>
				<task id="39" pickup="Bordeaux" delivery="Genève" weight="23" reward="59460">
					<bid agent="Margin" bid="25"/>
					<bid agent="Opponent" bid="2452"/>
				</task>
			</tasks>
			<events>
				<event id="0" time="0" vehicle="Vehicle 1" move="Brest"/>
				<event id="1" time="0" vehicle="Vehicle 2" pickup="32"/>
				<event id="2" time="0" vehicle="Vehicle 3" pickup="24"/>
				<event id="3" time="0" vehicle="Vehicle 5" pickup="2"/>
				<event id="4" time="0" vehicle="Vehicle 7" pickup="15"/>
				<event id="5" time="300000000" vehicle="Vehicle 2" move="Lyon"/>
				<event id="6" time="300000000" vehicle="Vehicle 3" pickup="25"/>
				<event id="7" time="300000000" vehicle="Vehicle 5" move="Paris"/>
				<event id="8" time="300000000" vehicle="Vehicle 7" pickup="28"/>
				<event id="9" time="600000000" vehicle="Vehicle 3" move="Paris"/>
				<event id="10" time="600000000" vehicle="Vehicle 7" move="Genève"/>
				<event id="11" time="3811111111" vehicle="Vehicle 2" move="Paris"/>
				<event id="12" time="5477777777" vehicle="Vehicle 5" deliver="2"/>
				<event id="13" time="6388888888" vehicle="Vehicle 7" deliver="15"/>
				<event id="14" time="6688888888" vehicle="Vehicle 7" deliver="28"/>
				<event id="15" time="7166666666" vehicle="Vehicle 3" pickup="7"/>
				<event id="16" time="7466666666" vehicle="Vehicle 3" move="Le Havre"/>
				<event id="17" time="8988888887" vehicle="Vehicle 2" pickup="37"/>
				<event id="18" time="9288888886" vehicle="Vehicle 2" move="Brest"/>
				<event id="19" time="9644444443" vehicle="Vehicle 3" deliver="7"/>
				<event id="20" time="9850000000" vehicle="Vehicle 1" pickup="30"/>
				<event id="21" time="9944444443" vehicle="Vehicle 3" pickup="33"/>
				<event id="22" time="10150000000" vehicle="Vehicle 1" pickup="22"/>
				<event id="23" time="10244444442" vehicle="Vehicle 3" deliver="24"/>
				<event id="24" time="10450000000" vehicle="Vehicle 1" pickup="3"/>
				<event id="25" time="10544444442" vehicle="Vehicle 3" pickup="35"/>
				<event id="26" time="10750000000" vehicle="Vehicle 1" pickup="5"/>
				<event id="27" time="10844444442" vehicle="Vehicle 3" move="Paris"/>
				<event id="28" time="11050000000" vehicle="Vehicle 1" move="Paris"/>
				<event id="29" time="13022222219" vehicle="Vehicle 3" move="Lyon"/>
				<event id="30" time="15855555552" vehicle="Vehicle 2" pickup="8"/>
				<event id="31" time="16155555551" vehicle="Vehicle 2" deliver="32"/>
				<event id="32" time="16455555551" vehicle="Vehicle 2" pickup="4"/>
				<event id="33" time="16755555551" vehicle="Vehicle 2" move="Paris"/>
				<event id="34" time="18199999996" vehicle="Vehicle 3" move="Marseille"/>
				<event id="35" time="20900000000" vehicle="Vehicle 1" pickup="27"/>
				<event id="36" time="21200000000" vehicle="Vehicle 1" move="Lyon"/>
				<event id="37" time="21711111107" vehicle="Vehicle 3" deliver="35"/>
				<event id="38" time="22011111106" vehicle="Vehicle 3" pickup="11"/>
				<event id="39" time="22311111106" vehicle="Vehicle 3" move="Bordeaux"/>
				<event id="40" time="23322222217" vehicle="Vehicle 2" move="Le Havre"/>
				<event id="41" time="25499999994" vehicle="Vehicle 2" pickup="14"/>
				<event id="42" time="25799999994" vehicle="Vehicle 2" deliver="8"/>
				<event id="43" time="26099999994" vehicle="Vehicle 2" move="Paris"/>
				<event id="44" time="28277777771" vehicle="Vehicle 2" move="Strasbourg"/>
				<event id="45" time="28966666666" vehicle="Vehicle 1" deliver="3"/>
				<event id="46" time="29266666665" vehicle="Vehicle 1" move="Marseille"/>
				<event id="47" time="29488888882" vehicle="Vehicle 3" deliver="11"/>
				<event id="48" time="29788888882" vehicle="Vehicle 3" deliver="25"/>
				<event id="49" time="30088888881" vehicle="Vehicle 3" pickup="39"/>
				<event id="50" time="30388888881" vehicle="Vehicle 3" pickup="21"/>
				<event id="51" time="30688888881" vehicle="Vehicle 3" deliver="33"/>
				<event id="52" time="30988888881" vehicle="Vehicle 3" move="Lyon"/>
				<event id="53" time="33688888881" vehicle="Vehicle 2" deliver="37"/>
				<event id="54" time="33988888881" vehicle="Vehicle 2" deliver="4"/>
				<event id="55" time="34288888880" vehicle="Vehicle 2" deliver="14"/>
				<event id="56" time="34533333331" vehicle="Vehicle 1" deliver="22"/>
				<event id="57" time="34588888880" vehicle="Vehicle 2" move="Paris"/>
				<event id="58" time="34833333331" vehicle="Vehicle 1" move="Monaco"/>
				<event id="59" time="37522222214" vehicle="Vehicle 3" pickup="12"/>
				<event id="60" time="37822222214" vehicle="Vehicle 3" move="Genève"/>
				<event id="61" time="38583333330" vehicle="Vehicle 1" deliver="30"/>
				<event id="62" time="38883333330" vehicle="Vehicle 1" pickup="34"/>
				<event id="63" time="39183333329" vehicle="Vehicle 1" deliver="5"/>
				<event id="64" time="39477777768" vehicle="Vehicle 3" deliver="39"/>
				<event id="65" time="39483333329" vehicle="Vehicle 1" pickup="20"/>
				<event id="66" time="39777777768" vehicle="Vehicle 3" pickup="13"/>
				<event id="67" time="39783333329" vehicle="Vehicle 1" move="Genève"/>
				<event id="68" time="39999999991" vehicle="Vehicle 2" pickup="10"/>
				<event id="69" time="40077777767" vehicle="Vehicle 3" move="Lyon"/>
				<event id="70" time="40299999991" vehicle="Vehicle 2" pickup="9"/>
				<event id="71" time="40599999991" vehicle="Vehicle 2" move="Lyon"/>
				<event id="72" time="41733333322" vehicle="Vehicle 3" move="Marseille"/>
				<event id="73" time="45244444432" vehicle="Vehicle 3" deliver="13"/>
				<event id="74" time="45544444432" vehicle="Vehicle 3" deliver="21"/>
				<event id="75" time="45777777768" vehicle="Vehicle 2" pickup="6"/>
				<event id="76" time="45844444432" vehicle="Vehicle 3" move="Monaco"/>
				<event id="77" time="46077777767" vehicle="Vehicle 2" move="Marseille"/>
				<event id="78" time="48344444431" vehicle="Vehicle 3" deliver="12"/>
				<event id="79" time="48466666661" vehicle="Vehicle 1" move="Strasbourg"/>
				<event id="80" time="49588888877" vehicle="Vehicle 2" move="Monaco"/>
				<event id="81" time="52088888876" vehicle="Vehicle 2" deliver="10"/>
				<event id="82" time="52388888876" vehicle="Vehicle 2" pickup="36"/>
				<event id="83" time="52688888876" vehicle="Vehicle 2" deliver="9"/>
				<event id="84" time="52988888876" vehicle="Vehicle 2" deliver="6"/>
				<event id="85" time="53288888875" vehicle="Vehicle 2" pickup="23"/>
				<event id="86" time="53588888875" vehicle="Vehicle 2" pickup="29"/>
				<event id="87" time="53888888875" vehicle="Vehicle 2" pickup="18"/>
				<event id="88" time="54188888874" vehicle="Vehicle 2" move="Marseille"/>
				<event id="89" time="54949999994" vehicle="Vehicle 1" deliver="27"/>
				<event id="90" time="55249999994" vehicle="Vehicle 1" pickup="26"/>
				<event id="91" time="55549999994" vehicle="Vehicle 1" pickup="38"/>
				<event id="92" time="55849999994" vehicle="Vehicle 1" move="Paris"/>
				<event id="93" time="56688888873" vehicle="Vehicle 2" move="Lyon"/>
				<event id="94" time="60199999984" vehicle="Vehicle 2" deliver="36"/>
				<event id="95" time="60499999984" vehicle="Vehicle 2" move="Genève"/>
				<event id="96" time="62155555539" vehicle="Vehicle 2" pickup="17"/>
				<event id="97" time="62455555539" vehicle="Vehicle 2" deliver="18"/>
				<event id="98" time="62755555539" vehicle="Vehicle 2" pickup="31"/>
				<event id="99" time="63055555538" vehicle="Vehicle 2" move="Lyon"/>
				<event id="100" time="63966666660" vehicle="Vehicle 1" deliver="38"/>
				<event id="101" time="64266666659" vehicle="Vehicle 1" move="Brest"/>
				<event id="102" time="64711111093" vehicle="Vehicle 2" deliver="29"/>
				<event id="103" time="65011111092" vehicle="Vehicle 2" move="Bordeaux"/>
				<event id="104" time="71544444424" vehicle="Vehicle 2" deliver="17"/>
				<event id="105" time="71844444424" vehicle="Vehicle 2" pickup="16"/>
				<event id="106" time="72144444423" vehicle="Vehicle 2" move="Paris"/>
				<event id="107" time="74116666658" vehicle="Vehicle 1" deliver="26"/>
				<event id="108" time="74416666658" vehicle="Vehicle 1" deliver="20"/>
				<event id="109" time="74716666658" vehicle="Vehicle 1" deliver="34"/>
				<event id="110" time="78633333311" vehicle="Vehicle 2" move="Le Havre"/>
				<event id="111" time="80811111088" vehicle="Vehicle 2" deliver="16"/>
				<event id="112" time="81111111087" vehicle="Vehicle 2" deliver="23"/>
				<event id="113" time="81411111087" vehicle="Vehicle 2" deliver="31"/>
				<event id="114" time="81711111087" vehicle="Vehicle 2" move="Paris"/>
				<event id="115" time="83888888863" vehicle="Vehicle 2" pickup="0"/>
				<event id="116" time="84188888862" vehicle="Vehicle 2" pickup="1"/>
				<event id="117" time="84488888862" vehicle="Vehicle 2" pickup="19"/>
				<event id="118" time="84788888862" vehicle="Vehicle 2" move="Lyon"/>
				<event id="119" time="89966666639" vehicle="Vehicle 2" move="Marseille"/>
				<event id="120" time="93477777749" vehicle="Vehicle 2" move="Monaco"/>
				<event id="121" time="95977777748" vehicle="Vehicle 2" deliver="19"/>
				<event id="122" time="96277777747" vehicle="Vehicle 2" deliver="0"/>
				<event id="123" time="96577777747" vehicle="Vehicle 2" deliver="1"/>
			</events>
		</round>
	</rounds>
	<statistics>
		<stat rank="1" agent="Opponent">
			<total-tasks value="3"/>
			<total-distance value="987.0"/>
			<total-cost value="4935"/>
			<total-reward value="2785"/>
			<total-profit value="-2150"/>
		</stat>
		<stat rank="2" agent="Margin">
			<total-tasks value="37"/>
			<total-distance value="15762.0"/>
			<total-cost value="78810"/>
			<total-reward value="21563"/>
			<total-profit value="-57247"/>
		</stat>
	</statistics>
</history>
