<?xml version="1.0" encoding="ISO-8859-1"?>

<history configuration="config/rounds/auction1.xml">
	<agents>
		<agent name="Neutral">
			<vehicle name="Vehicle 1"/>
			<vehicle name="Vehicle 2"/>
		</agent>
		<agent name="Opponent">
			<vehicle name="Vehicle 3"/>
			<vehicle name="Vehicle 4"/>
		</agent>
	</agents>
	<rounds>
		<round id="1">
			<tasks>
				<task id="0" pickup="Leeds" delivery="Sheffield" weight="6" reward="1281">
					<bid agent="Neutral" bid="226"/>
					<bid agent="Opponent" bid="973"/>
				</task>
				<task id="1" pickup="Liverpool" delivery="Sheffield" weight="7" reward="14258">
					<bid agent="Neutral" bid="345"/>
					<bid agent="Opponent" bid="1034"/>
				</task>
				<task id="2" pickup="Manchester" delivery="Cardiff" weight="9" reward="31460">
					<bid agent="Neutral" bid="686"/>
					<bid agent="Opponent" bid="1049"/>
				</task>
				<task id="3" pickup="Manchester" delivery="London" weight="6" reward="31997">
					<bid agent="Neutral" bid="668"/>
					<bid agent="Opponent" bid="1056"/>
				</task>
				<task id="4" pickup="Plymouth" delivery="Birmingham" weight="8" reward="58829">
					<bid agent="Neutral" bid="1354"/>
					<bid agent="Opponent" bid="1439"/>
				</task>
				<task id="5" pickup="Liverpool" delivery="Norwich" weight="5" reward="58793">
					<bid agent="Neutral" bid="803"/>
					<bid agent="Opponent" bid="1661"/>
				</task>
				<task id="6" pickup="Birmingham" delivery="Norwich" weight="8" reward="35595">
					<bid agent="Neutral" bid="407"/>
					<bid agent="Opponent" bid="1064"/>
				</task>
				<task id="7" pickup="Sheffield" delivery="Manchester" weight="7" reward="20470">
					<bid agent="Neutral" bid="535"/>
					<bid agent="Opponent" bid="860"/>
				</task>
				<task id="8" pickup="Liverpool" delivery="Cardiff" weight="6" reward="37671">
					<bid agent="Neutral" bid="486"/>
					<bid agent="Opponent" bid="1179"/>
				</task>
				<task id="9" pickup="Sheffield" delivery="Norwich" weight="7" reward="51741">
					<bid agent="Neutral" bid="646"/>
					<bid agent="Opponent" bid="1459"/>
				</task>
				<task id="10" pickup="Portsmouth" delivery="Cardiff" weight="5" reward="48984">
					<bid agent="Neutral" bid="934"/>
					<bid agent="Opponent" bid="1304"/>
				</task>
				<task id="11" pickup="Plymouth" delivery="London" weight="7" reward="37707">
					<bid agent="Neutral" bid="530"/>
					<bid agent="Opponent" bid="971"/>
				</task>
				<task id="12" pickup="Sheffield" delivery="Norwich" weight="7" reward="51741">
					<bid agent="Neutral" bid="727"/>
					<bid agent="Opponent" bid="1443"/>
				</task>
				<task id="13" pickup="Newcastle" delivery="Liverpool" weight="9" reward="24497">
					<bid agent="Neutral" bid="553"/>
					<bid agent="Opponent" bid="1061"/>
				</task>
				<task id="14" pickup="Cardiff" delivery="Newcastle" weight="8" reward="55643">
					<bid agent="Neutral" bid="1518"/>
					<bid agent="Opponent" bid="1531"/>
				</task>
				<task id="15" pickup="Birmingham" delivery="Sheffield" weight="6" reward="10034">
					<bid agent="Neutral" bid="225"/>
					<bid agent="Opponent" bid="525"/>
				</task>
				<task id="16" pickup="Newcastle" delivery="Birmingham" weight="5" reward="35058">
					<bid agent="Neutral" bid="575"/>
					<bid agent="Opponent" bid="1136"/>
				</task>
				<task id="17" pickup="Birmingham" delivery="Plymouth" weight="6" reward="58829">
					<bid agent="Neutral" bid="1386"/>
					<bid agent="Opponent" bid="1522"/>
				</task>
				<task id="18" pickup="Cardiff" delivery="Newcastle" weight="8" reward="55643">
					<bid agent="Neutral" bid="1069"/>
					<bid agent="Opponent" bid="1508"/>
				</task>
				<task id="19" pickup="Leeds" delivery="Sheffield" weight="6" reward="1281">
					<bid agent="Neutral" bid="103"/>
					<bid agent="Opponent" bid="618"/>
				</task>
			</tasks>
			<events>
				<event id="0" time="0" vehicle="Vehicle 1" pickup="16"/>
				<event id="1" time="300000000" vehicle="Vehicle 1" pickup="13"/>
				<event id="2" time="600000000" vehicle="Vehicle 1" move="Leeds"/>
				<event id="3" time="1694444444" vehicle="Vehicle 1" move="Liverpool"/>
				<event id="4" time="2499999999" vehicle="Vehicle 1" deliver="13"/>
				<event id="5" time="2799999999" vehicle="Vehicle 1" move="Manchester"/>
				<event id="6" time="3185555554" vehicle="Vehicle 1" pickup="3"/>
				<event id="7" time="3485555554" vehicle="Vehicle 1" move="Birmingham"/>
				<event id="8" time="4539999998" vehicle="Vehicle 1" pickup="15"/>
				<event id="9" time="4839999998" vehicle="Vehicle 1" deliver="16"/>
				<event id="10" time="5139999998" vehicle="Vehicle 1" pickup="17"/>
				<event id="11" time="5439999998" vehicle="Vehicle 1" move="London"/>
				<event id="12" time="6751111109" vehicle="Vehicle 1" move="Portsmouth"/>
				<event id="13" time="7582222219" vehicle="Vehicle 1" move="Plymouth"/>
				<event id="14" time="9471111107" vehicle="Vehicle 1" pickup="11"/>
				<event id="15" time="9771111107" vehicle="Vehicle 1" pickup="4"/>
				<event id="16" time="10071111106" vehicle="Vehicle 1" deliver="17"/>
				<event id="17" time="10371111106" vehicle="Vehicle 1" move="Portsmouth"/>
				<event id="18" time="12259999994" vehicle="Vehicle 1" pickup="10"/>
				<event id="19" time="12559999994" vehicle="Vehicle 1" move="London"/>
				<event id="20" time="13391111105" vehicle="Vehicle 1" deliver="3"/>
				<event id="21" time="13691111105" vehicle="Vehicle 1" deliver="11"/>
				<event id="22" time="13991111105" vehicle="Vehicle 1" move="Birmingham"/>
				<event id="23" time="15302222215" vehicle="Vehicle 1" deliver="4"/>
				<event id="24" time="15602222215" vehicle="Vehicle 1" move="Sheffield"/>
				<event id="25" time="16604444436" vehicle="Vehicle 1" pickup="7"/>
				<event id="26" time="16904444436" vehicle="Vehicle 1" deliver="15"/>
				<event id="27" time="17204444435" vehicle="Vehicle 1" move="Leeds"/>
				<event id="28" time="17663333323" vehicle="Vehicle 1" move="Liverpool"/>
				<event id="29" time="18468888877" vehicle="Vehicle 1" pickup="1"/>
				<event id="30" time="18768888877" vehicle="Vehicle 1" pickup="5"/>
				<event id="31" time="19068888876" vehicle="Vehicle 1" pickup="8"/>
				<event id="32" time="19368888876" vehicle="Vehicle 1" move="Manchester"/>
				<event id="33" time="19754444431" vehicle="Vehicle 1" pickup="2"/>
				<event id="34" time="20054444430" vehicle="Vehicle 1" deliver="7"/>
				<event id="35" time="20354444430" vehicle="Vehicle 1" move="Birmingham"/>
				<event id="36" time="21408888873" vehicle="Vehicle 1" move="Cardiff"/>
				<event id="37" time="22686666650" vehicle="Vehicle 1" pickup="14"/>
				<event id="38" time="22986666650" vehicle="Vehicle 1" deliver="2"/>
				<event id="39" time="23286666649" vehicle="Vehicle 1" pickup="18"/>
				<event id="40" time="23586666649" vehicle="Vehicle 1" deliver="8"/>
				<event id="41" time="23886666649" vehicle="Vehicle 1" deliver="10"/>
				<event id="42" time="24186666648" vehicle="Vehicle 1" move="Birmingham"/>
				<event id="43" time="25464444425" vehicle="Vehicle 1" move="Sheffield"/>
				<event id="44" time="26466666646" vehicle="Vehicle 1" move="Leeds"/>
				<event id="45" time="26925555534" vehicle="Vehicle 1" pickup="19"/>
				<event id="46" time="27225555533" vehicle="Vehicle 1" move="Newcastle"/>
				<event id="47" time="28319999977" vehicle="Vehicle 1" deliver="14"/>
				<event id="48" time="28619999977" vehicle="Vehicle 1" deliver="18"/>
				<event id="49" time="28919999977" vehicle="Vehicle 1" move="Leeds"/>
				<event id="50" time="30014444421" vehicle="Vehicle 1" pickup="0"/>
				<event id="51" time="30314444421" vehicle="Vehicle 1" move="Sheffield"/>
				<event id="52" time="30773333309" vehicle="Vehicle 1" pickup="12"/>
				<event id="53" time="31073333308" vehicle="Vehicle 1" deliver="0"/>
				<event id="54" time="31373333308" vehicle="Vehicle 1" pickup="9"/>
				<event id="55" time="31673333308" vehicle="Vehicle 1" deliver="19"/>
				<event id="56" time="31973333308" vehicle="Vehicle 1" deliver="1"/>
				<event id="57" time="32273333307" vehicle="Vehicle 1" move="Birmingham"/>
				<event id="58" time="33275555528" vehicle="Vehicle 1" pickup="6"/>
				<event id="59" time="33575555528" vehicle="Vehicle 1" move="London"/>
				<event id="60" time="34886666638" vehicle="Vehicle 1" move="Norwich"/>
				<event id="61" time="36164444415" vehicle="Vehicle 1" deliver="6"/>
				<event id="62" time="36464444415" vehicle="Vehicle 1" deliver="5"/>
				<event id="63" time="36764444415" vehicle="Vehicle 1" deliver="9"/>
				<event id="64" time="37064444414" vehicle="Vehicle 1" deliver="12"/>
			</events>
		</round>
	</rounds>
	<statistics>
		<stat rank="1" agent="Neutral">
			<total-tasks value="20"/>
			<total-distance value="2282.8"/>
			<total-cost value="11414"/>
			<total-reward value="13776"/>
			<total-profit value="2362"/>
		</stat>
		<stat rank="2" agent="Opponent">
			<total-tasks value="0"/>
			<total-distance value="0.0"/>
			<total-cost value="0"/>
			<total-reward value="0"/>
			<total-profit value="0"/>
		</stat>
	</statistics>
</history>
