<?xml version="1.0" encoding="ISO-8859-1"?>

<history configuration="config/rounds/auction2.xml">
	<agents>
		<agent name="Margin">
			<vehicle name="Vehicle 1"/>
			<vehicle name="Vehicle 2"/>
			<vehicle name="Vehicle 3"/>
		</agent>
		<agent name="AFK">
			<vehicle name="Vehicle 4"/>
			<vehicle name="Vehicle 5"/>
			<vehicle name="Vehicle 6"/>
			<vehicle name="Vehicle 7"/>
		</agent>
	</agents>
	<rounds>
		<round id="1">
			<tasks>
				<task id="0" pickup="Breda" delivery="Almere" weight="27" reward="62791">
					<bid agent="Margin" bid="447"/>
				</task>
				<task id="1" pickup="Den Haag" delivery="Groningen" weight="19" reward="8119">
					<bid agent="Margin" bid="543"/>
				</task>
				<task id="2" pickup="Apeldoorn" delivery="Den Haag" weight="26" reward="47362">
					<bid agent="Margin" bid="392"/>
				</task>
				<task id="3" pickup="Utrecht" delivery="Groningen" weight="12" reward="30020">
					<bid agent="Margin" bid="25"/>
				</task>
				<task id="4" pickup="Utrecht" delivery="Amsterdam" weight="24" reward="91775">
					<bid agent="Margin" bid="96"/>
				</task>
				<task id="5" pickup="Nijmegen" delivery="Groningen" weight="26" reward="29695">
					<bid agent="Margin" bid="375"/>
				</task>
				<task id="6" pickup="Almere" delivery="Utrecht" weight="26" reward="92712">
					<bid agent="Margin" bid="25"/>
				</task>
				<task id="7" pickup="Den Haag" delivery="Nijmegen" weight="28" reward="54405">
					<bid agent="Margin" bid="111"/>
				</task>
				<task id="8" pickup="Apeldoorn" delivery="Almere" weight="21" reward="77731">
					<bid agent="Margin" bid="58"/>
				</task>
				<task id="9" pickup="Apeldoorn" delivery="Den Haag" weight="26" reward="47362">
					<bid agent="Margin" bid="186"/>
				</task>
				<task id="10" pickup="Almere" delivery="Eindhoven" weight="12" reward="55300">
					<bid agent="Margin" bid="311"/>
				</task>
				<task id="11" pickup="Breda" delivery="Nijmegen" weight="11" reward="71177">
					<bid agent="Margin" bid="156"/>
				</task>
				<task id="12" pickup="Rotterdam" delivery="Almere" weight="22" reward="67350">
					<bid agent="Margin" bid="74"/>
				</task>
				<task id="13" pickup="Den Haag" delivery="Apeldoorn" weight="17" reward="47362">
					<bid agent="Margin" bid="25"/>
				</task>
				<task id="14" pickup="Eindhoven" delivery="Nijmegen" weight="28" reward="81761">
					<bid agent="Margin" bid="96"/>
				</task>
				<task id="15" pickup="Rotterdam" delivery="Apeldoorn" weight="16" reward="57702">
					<bid agent="Margin" bid="45"/>
				</task>
				<task id="16" pickup="Amsterdam" delivery="Breda" weight="23" reward="61855">
					<bid agent="Margin" bid="57"/>
				</task>
				<task id="17" pickup="Apeldoorn" delivery="Den Haag" weight="26" reward="47362">
					<bid agent="Margin" bid="25"/>
				</task>
				<task id="18" pickup="Almere" delivery="Rotterdam" weight="25" reward="67350">
					<bid agent="Margin" bid="38"/>
				</task>
				<task id="19" pickup="Eindhoven" delivery="Breda" weight="15" reward="85018">
					<bid agent="Margin" bid="25"/>
				</task>
				<task id="20" pickup="Amsterdam" delivery="Nijmegen" weight="20" reward="56603">
					<bid agent="Margin" bid="25"/>
				</task>
				<task id="21" pickup="Breda" delivery="Nijmegen" weight="11" reward="71177">
					<bid agent="Margin" bid="25"/>
				</task>
				<task id="22" pickup="Eindhoven" delivery="Groningen" weight="27" reward="1117">
					<bid agent="Margin" bid="25"/>
				</task>
				<task id="23" pickup="Amsterdam" delivery="Nijmegen" weight="20" reward="56603">
					<bid agent="Margin" bid="25"/>
				</task>
				<task id="24" pickup="Groningen" delivery="Amsterdam" weight="15" reward="34661">
					<bid agent="Margin" bid="25"/>
				</task>
				<task id="25" pickup="Den Haag" delivery="Groningen" weight="19" reward="8119">
					<bid agent="Margin" bid="25"/>
				</task>
				<task id="26" pickup="Eindhoven" delivery="Rotterdam" weight="15" reward="65233">
					<bid agent="Margin" bid="25"/>
				</task>
				<task id="27" pickup="Groningen" delivery="Amsterdam" weight="15" reward="34661">
					<bid agent="Margin" bid="25"/>
				</task>
				<task id="28" pickup="Utrecht" delivery="Almere" weight="23" reward="92712">
					<bid agent="Margin" bid="25"/>
				</task>
				<task id="29" pickup="Utrecht" delivery="Breda" weight="29" reward="80418">
					<bid agent="Margin" bid="25"/>
				</task>
			</tasks>
			<events>
				<event id="0" time="0" vehicle="Vehicle 1" pickup="16"/>
				<event id="1" time="0" vehicle="Vehicle 2" pickup="26"/>
				<event id="2" time="0" vehicle="Vehicle 3" pickup="28"/>
				<event id="3" time="300000000" vehicle="Vehicle 1" move="Den Haag"/>
				<event id="4" time="300000000" vehicle="Vehicle 2" pickup="19"/>
				<event id="5" time="300000000" vehicle="Vehicle 3" pickup="4"/>
				<event id="6" time="600000000" vehicle="Vehicle 2" move="Breda"/>
				<event id="7" time="600000000" vehicle="Vehicle 3" move="Amsterdam"/>
				<event id="8" time="1106666666" vehicle="Vehicle 3" deliver="4"/>
				<event id="9" time="1291111111" vehicle="Vehicle 2" deliver="19"/>
				<event id="10" time="1386666666" vehicle="Vehicle 1" pickup="1"/>
				<event id="11" time="1406666666" vehicle="Vehicle 3" move="Almere"/>
				<event id="12" time="1591111111" vehicle="Vehicle 2" move="Rotterdam"/>
				<event id="13" time="1686666666" vehicle="Vehicle 1" pickup="25"/>
				<event id="14" time="1761111110" vehicle="Vehicle 3" pickup="6"/>
				<event id="15" time="1986666666" vehicle="Vehicle 1" move="Rotterdam"/>
				<event id="16" time="2061111109" vehicle="Vehicle 3" deliver="28"/>
				<event id="17" time="2131111110" vehicle="Vehicle 2" pickup="15"/>
				<event id="18" time="2361111109" vehicle="Vehicle 3" pickup="18"/>
				<event id="19" time="2409999999" vehicle="Vehicle 1" move="Breda"/>
				<event id="20" time="2431111110" vehicle="Vehicle 2" pickup="12"/>
				<event id="21" time="2661111109" vehicle="Vehicle 3" pickup="10"/>
				<event id="22" time="2731111110" vehicle="Vehicle 2" deliver="26"/>
				<event id="23" time="2961111109" vehicle="Vehicle 3" move="Utrecht"/>
				<event id="24" time="3031111109" vehicle="Vehicle 2" move="Den Haag"/>
				<event id="25" time="3219999999" vehicle="Vehicle 1" deliver="16"/>
				<event id="26" time="3313333331" vehicle="Vehicle 2" pickup="13"/>
				<event id="27" time="3442222219" vehicle="Vehicle 3" deliver="6"/>
				<event id="28" time="3519999999" vehicle="Vehicle 1" pickup="0"/>
				<event id="29" time="3613333331" vehicle="Vehicle 2" move="Amsterdam"/>
				<event id="30" time="3742222219" vehicle="Vehicle 3" pickup="29"/>
				<event id="31" time="3819999999" vehicle="Vehicle 1" move="Utrecht"/>
				<event id="32" time="4042222218" vehicle="Vehicle 3" move="Rotterdam"/>
				<event id="33" time="4337777774" vehicle="Vehicle 2" move="Almere"/>
				<event id="34" time="4692222218" vehicle="Vehicle 2" deliver="12"/>
				<event id="35" time="4734444440" vehicle="Vehicle 3" deliver="18"/>
				<event id="36" time="4992222218" vehicle="Vehicle 2" move="Apeldoorn"/>
				<event id="37" time="5034444439" vehicle="Vehicle 3" move="Breda"/>
				<event id="38" time="5044999999" vehicle="Vehicle 1" pickup="3"/>
				<event id="39" time="5344999999" vehicle="Vehicle 1" move="Almere"/>
				<event id="40" time="5574444439" vehicle="Vehicle 3" pickup="21"/>
				<event id="41" time="5874444439" vehicle="Vehicle 3" pickup="11"/>
				<event id="42" time="5882222217" vehicle="Vehicle 2" pickup="9"/>
				<event id="43" time="6066666665" vehicle="Vehicle 1" move="Groningen"/>
				<event id="44" time="6174444438" vehicle="Vehicle 3" deliver="29"/>
				<event id="45" time="6182222216" vehicle="Vehicle 2" deliver="13"/>
				<event id="46" time="6474444438" vehicle="Vehicle 3" move="Eindhoven"/>
				<event id="47" time="6482222216" vehicle="Vehicle 2" deliver="15"/>
				<event id="48" time="6782222216" vehicle="Vehicle 2" pickup="17"/>
				<event id="49" time="7082222215" vehicle="Vehicle 2" pickup="2"/>
				<event id="50" time="7165555548" vehicle="Vehicle 3" pickup="22"/>
				<event id="51" time="7382222215" vehicle="Vehicle 2" move="Utrecht"/>
				<event id="52" time="7465555548" vehicle="Vehicle 3" deliver="10"/>
				<event id="53" time="7765555548" vehicle="Vehicle 3" pickup="14"/>
				<event id="54" time="8065555547" vehicle="Vehicle 3" move="Nijmegen"/>
				<event id="55" time="8126666658" vehicle="Vehicle 2" move="Rotterdam"/>
				<event id="56" time="8633333331" vehicle="Vehicle 1" deliver="1"/>
				<event id="57" time="8818888880" vehicle="Vehicle 2" move="Den Haag"/>
				<event id="58" time="8845555547" vehicle="Vehicle 3" deliver="14"/>
				<event id="59" time="8933333331" vehicle="Vehicle 1" pickup="27"/>
				<event id="60" time="9101111102" vehicle="Vehicle 2" deliver="2"/>
				<event id="61" time="9145555546" vehicle="Vehicle 3" pickup="5"/>
				<event id="62" time="9233333330" vehicle="Vehicle 1" deliver="25"/>
				<event id="63" time="9401111102" vehicle="Vehicle 2" deliver="9"/>
				<event id="64" time="9445555546" vehicle="Vehicle 3" deliver="21"/>
				<event id="65" time="9533333330" vehicle="Vehicle 1" pickup="24"/>
				<event id="66" time="9701111102" vehicle="Vehicle 2" deliver="17"/>
				<event id="67" time="9745555546" vehicle="Vehicle 3" deliver="11"/>
				<event id="68" time="9833333330" vehicle="Vehicle 1" deliver="3"/>
				<event id="69" time="10045555545" vehicle="Vehicle 3" move="Apeldoorn"/>
				<event id="70" time="10133333329" vehicle="Vehicle 1" move="Apeldoorn"/>
				<event id="71" time="10679999989" vehicle="Vehicle 3" move="Groningen"/>
				<event id="72" time="12246666655" vehicle="Vehicle 3" deliver="5"/>
				<event id="73" time="12483333328" vehicle="Vehicle 1" pickup="8"/>
				<event id="74" time="12546666655" vehicle="Vehicle 3" deliver="22"/>
				<event id="75" time="12783333328" vehicle="Vehicle 1" move="Almere"/>
				<event id="76" time="14118333327" vehicle="Vehicle 1" deliver="0"/>
				<event id="77" time="14418333327" vehicle="Vehicle 1" deliver="8"/>
				<event id="78" time="14718333327" vehicle="Vehicle 1" move="Amsterdam"/>
				<event id="79" time="15249999993" vehicle="Vehicle 1" deliver="24"/>
				<event id="80" time="15549999993" vehicle="Vehicle 1" pickup="23"/>
				<event id="81" time="15849999993" vehicle="Vehicle 1" pickup="20"/>
				<event id="82" time="16149999993" vehicle="Vehicle 1" deliver="27"/>
				<event id="83" time="16449999993" vehicle="Vehicle 1" move="Den Haag"/>
				<event id="84" time="17536666659" vehicle="Vehicle 1" pickup="7"/>
				<event id="85" time="17836666659" vehicle="Vehicle 1" move="Rotterdam"/>
				<event id="86" time="18259999992" vehicle="Vehicle 1" move="Nijmegen"/>
				<event id="87" time="20126666658" vehicle="Vehicle 1" deliver="20"/>
				<event id="88" time="20426666658" vehicle="Vehicle 1" deliver="23"/>
				<event id="89" time="20726666658" vehicle="Vehicle 1" deliver="7"/>
			</events>
		</round>
	</rounds>
	<statistics>
		<stat rank="1" agent="AFK">
			<total-tasks value="0"/>
			<total-distance value="0.0"/>
			<total-cost value="0"/>
			<total-reward value="0"/>
			<total-profit value="0"/>
		</stat>
		<stat rank="2" agent="Margin">
			<total-tasks value="30"/>
			<total-distance value="1895.9"/>
			<total-cost value="9480"/>
			<total-reward value="3360"/>
			<total-profit value="-6120"/>
		</stat>
	</statistics>
</history>
