<?xml version="1.0" encoding="ISO-8859-1"?>

<history configuration="config/rounds/auction2.xml">
	<agents>
		<agent name="AFK">
			<vehicle name="Vehicle 1"/>
			<vehicle name="Vehicle 2"/>
			<vehicle name="Vehicle 3"/>
		</agent>
		<agent name="Neutral">
			<vehicle name="Vehicle 4"/>
			<vehicle name="Vehicle 5"/>
			<vehicle name="Vehicle 6"/>
			<vehicle name="Vehicle 7"/>
		</agent>
	</agents>
	<rounds>
		<round id="1">
			<tasks>
				<task id="0" pickup="Breda" delivery="Almere" weight="27" reward="62791">
					<bid agent="Neutral" bid="352"/>
				</task>
				<task id="1" pickup="Den Haag" delivery="Groningen" weight="19" reward="8119">
					<bid agent="Neutral" bid="574"/>
				</task>
				<task id="2" pickup="Apeldoorn" delivery="Den Haag" weight="26" reward="47362">
					<bid agent="Neutral" bid="390"/>
				</task>
				<task id="3" pickup="Utrecht" delivery="Groningen" weight="12" reward="30020">
					<bid agent="Neutral" bid="295"/>
				</task>
				<task id="4" pickup="Utrecht" delivery="Amsterdam" weight="24" reward="91775">
					<bid agent="Neutral" bid="162"/>
				</task>
				<task id="5" pickup="Nijmegen" delivery="Groningen" weight="26" reward="29695">
					<bid agent="Neutral" bid="524"/>
				</task>
				<task id="6" pickup="Almere" delivery="Utrecht" weight="26" reward="92712">
					<bid agent="Neutral" bid="75"/>
				</task>
				<task id="7" pickup="Den Haag" delivery="Nijmegen" weight="28" reward="54405">
					<bid agent="Neutral" bid="356"/>
				</task>
				<task id="8" pickup="Apeldoorn" delivery="Almere" weight="21" reward="77731">
					<bid agent="Neutral" bid="210"/>
				</task>
				<task id="9" pickup="Apeldoorn" delivery="Den Haag" weight="26" reward="47362">
					<bid agent="Neutral" bid="345"/>
				</task>
				<task id="10" pickup="Almere" delivery="Eindhoven" weight="12" reward="55300">
					<bid agent="Neutral" bid="520"/>
				</task>
				<task id="11" pickup="Breda" delivery="Nijmegen" weight="11" reward="71177">
					<bid agent="Neutral" bid="329"/>
				</task>
				<task id="12" pickup="Rotterdam" delivery="Almere" weight="22" reward="67350">
					<bid agent="Neutral" bid="237"/>
				</task>
				<task id="13" pickup="Den Haag" delivery="Apeldoorn" weight="17" reward="47362">
					<bid agent="Neutral" bid="603"/>
				</task>
				<task id="14" pickup="Eindhoven" delivery="Nijmegen" weight="28" reward="81761">
					<bid agent="Neutral" bid="243"/>
				</task>
				<task id="15" pickup="Rotterdam" delivery="Apeldoorn" weight="16" reward="57702">
					<bid agent="Neutral" bid="323"/>
				</task>
				<task id="16" pickup="Amsterdam" delivery="Breda" weight="23" reward="61855">
					<bid agent="Neutral" bid="416"/>
				</task>
				<task id="17" pickup="Apeldoorn" delivery="Den Haag" weight="26" reward="47362">
					<bid agent="Neutral" bid="570"/>
				</task>
				<task id="18" pickup="Almere" delivery="Rotterdam" weight="25" reward="67350">
					<bid agent="Neutral" bid="795"/>
				</task>
				<task id="19" pickup="Eindhoven" delivery="Breda" weight="15" reward="85018">
					<bid agent="Neutral" bid="155"/>
				</task>
				<task id="20" pickup="Amsterdam" delivery="Nijmegen" weight="20" reward="56603">
					<bid agent="Neutral" bid="478"/>
				</task>
				<task id="21" pickup="Breda" delivery="Nijmegen" weight="11" reward="71177">
					<bid agent="Neutral" bid="240"/>
				</task>
				<task id="22" pickup="Eindhoven" delivery="Groningen" weight="27" reward="1117">
					<bid agent="Neutral" bid="1252"/>
				</task>
				<task id="23" pickup="Amsterdam" delivery="Nijmegen" weight="20" reward="56603">
					<bid agent="Neutral" bid="458"/>
				</task>
				<task id="24" pickup="Groningen" delivery="Amsterdam" weight="15" reward="34661">
					<bid agent="Neutral" bid="508"/>
				</task>
				<task id="25" pickup="Den Haag" delivery="Groningen" weight="19" reward="8119">
					<bid agent="Neutral" bid="1020"/>
				</task>
				<task id="26" pickup="Eindhoven" delivery="Rotterdam" weight="15" reward="65233">
					<bid agent="Neutral" bid="668"/>
				</task>
				<task id="27" pickup="Groningen" delivery="Amsterdam" weight="15" reward="34661">
					<bid agent="Neutral" bid="464"/>
				</task>
				<task id="28" pickup="Utrecht" delivery="Almere" weight="23" reward="92712">
					<bid agent="Neutral" bid="108"/>
				</task>
				<task id="29" pickup="Utrecht" delivery="Breda" weight="29" reward="80418">
					<bid agent="Neutral" bid="293"/>
				</task>
			</tasks>
			<events>
				<event id="0" time="0" vehicle="Vehicle 5" pickup="2"/>
				<event id="1" time="0" vehicle="Vehicle 6" move="Apeldoorn"/>
				<event id="2" time="0" vehicle="Vehicle 7" pickup="12"/>
				<event id="3" time="300000000" vehicle="Vehicle 5" pickup="9"/>
				<event id="4" time="300000000" vehicle="Vehicle 7" move="Utrecht"/>
				<event id="5" time="600000000" vehicle="Vehicle 5" pickup="17"/>
				<event id="6" time="900000000" vehicle="Vehicle 5" move="Utrecht"/>
				<event id="7" time="992222222" vehicle="Vehicle 7" pickup="28"/>
				<event id="8" time="1292222221" vehicle="Vehicle 7" pickup="4"/>
				<event id="9" time="1566666666" vehicle="Vehicle 6" pickup="8"/>
				<event id="10" time="1592222221" vehicle="Vehicle 7" move="Almere"/>
				<event id="11" time="1644444444" vehicle="Vehicle 5" move="Rotterdam"/>
				<event id="12" time="1866666666" vehicle="Vehicle 6" move="Almere"/>
				<event id="13" time="2073333331" vehicle="Vehicle 7" deliver="28"/>
				<event id="14" time="2336666665" vehicle="Vehicle 5" move="Den Haag"/>
				<event id="15" time="2373333331" vehicle="Vehicle 7" pickup="18"/>
				<event id="16" time="2618888887" vehicle="Vehicle 5" deliver="9"/>
				<event id="17" time="2673333331" vehicle="Vehicle 7" deliver="12"/>
				<event id="18" time="2756666665" vehicle="Vehicle 6" deliver="8"/>
				<event id="19" time="2918888887" vehicle="Vehicle 5" pickup="25"/>
				<event id="20" time="2973333331" vehicle="Vehicle 7" move="Amsterdam"/>
				<event id="21" time="3056666664" vehicle="Vehicle 6" move="Amsterdam"/>
				<event id="22" time="3218888886" vehicle="Vehicle 5" deliver="2"/>
				<event id="23" time="3327777774" vehicle="Vehicle 7" deliver="4"/>
				<event id="24" time="3411111108" vehicle="Vehicle 6" pickup="16"/>
				<event id="25" time="3518888886" vehicle="Vehicle 5" pickup="1"/>
				<event id="26" time="3627777774" vehicle="Vehicle 7" move="Den Haag"/>
				<event id="27" time="3711111108" vehicle="Vehicle 6" move="Utrecht"/>
				<event id="28" time="3818888886" vehicle="Vehicle 5" deliver="17"/>
				<event id="29" time="4118888885" vehicle="Vehicle 5" move="Rotterdam"/>
				<event id="30" time="4217777773" vehicle="Vehicle 6" pickup="29"/>
				<event id="31" time="4352222218" vehicle="Vehicle 7" pickup="13"/>
				<event id="32" time="4401111107" vehicle="Vehicle 5" move="Breda"/>
				<event id="33" time="4517777773" vehicle="Vehicle 6" move="Breda"/>
				<event id="34" time="4652222218" vehicle="Vehicle 7" pickup="7"/>
				<event id="35" time="4941111107" vehicle="Vehicle 5" pickup="0"/>
				<event id="36" time="4952222218" vehicle="Vehicle 7" move="Rotterdam"/>
				<event id="37" time="5234444439" vehicle="Vehicle 7" deliver="18"/>
				<event id="38" time="5241111106" vehicle="Vehicle 5" move="Utrecht"/>
				<event id="39" time="5334444439" vehicle="Vehicle 6" deliver="29"/>
				<event id="40" time="5534444439" vehicle="Vehicle 7" pickup="15"/>
				<event id="41" time="5634444439" vehicle="Vehicle 6" pickup="11"/>
				<event id="42" time="5834444439" vehicle="Vehicle 7" move="Nijmegen"/>
				<event id="43" time="5934444439" vehicle="Vehicle 6" deliver="16"/>
				<event id="44" time="6057777771" vehicle="Vehicle 5" pickup="3"/>
				<event id="45" time="6234444438" vehicle="Vehicle 6" move="Eindhoven"/>
				<event id="46" time="6357777771" vehicle="Vehicle 5" move="Almere"/>
				<event id="47" time="6838888882" vehicle="Vehicle 5" move="Groningen"/>
				<event id="48" time="6925555549" vehicle="Vehicle 6" pickup="14"/>
				<event id="49" time="7078888882" vehicle="Vehicle 7" deliver="7"/>
				<event id="50" time="7225555548" vehicle="Vehicle 6" pickup="19"/>
				<event id="51" time="7378888882" vehicle="Vehicle 7" move="Apeldoorn"/>
				<event id="52" time="7525555548" vehicle="Vehicle 6" pickup="26"/>
				<event id="53" time="7825555548" vehicle="Vehicle 6" move="Breda"/>
				<event id="54" time="8013333326" vehicle="Vehicle 7" deliver="15"/>
				<event id="55" time="8313333326" vehicle="Vehicle 7" deliver="13"/>
				<event id="56" time="8516666658" vehicle="Vehicle 6" pickup="21"/>
				<event id="57" time="8549999993" vehicle="Vehicle 5" deliver="3"/>
				<event id="58" time="8816666658" vehicle="Vehicle 6" deliver="19"/>
				<event id="59" time="8849999993" vehicle="Vehicle 5" pickup="27"/>
				<event id="60" time="9116666657" vehicle="Vehicle 6" move="Rotterdam"/>
				<event id="61" time="9149999993" vehicle="Vehicle 5" deliver="1"/>
				<event id="62" time="9449999993" vehicle="Vehicle 5" pickup="24"/>
				<event id="63" time="9656666657" vehicle="Vehicle 6" deliver="26"/>
				<event id="64" time="9749999993" vehicle="Vehicle 5" deliver="25"/>
				<event id="65" time="9956666657" vehicle="Vehicle 6" move="Nijmegen"/>
				<event id="66" time="10049999993" vehicle="Vehicle 5" move="Almere"/>
				<event id="67" time="11201111101" vehicle="Vehicle 6" deliver="11"/>
				<event id="68" time="11501111101" vehicle="Vehicle 6" deliver="21"/>
				<event id="69" time="11761111104" vehicle="Vehicle 5" pickup="10"/>
				<event id="70" time="11801111101" vehicle="Vehicle 6" deliver="14"/>
				<event id="71" time="12061111103" vehicle="Vehicle 5" deliver="0"/>
				<event id="72" time="12361111103" vehicle="Vehicle 5" pickup="6"/>
				<event id="73" time="12661111103" vehicle="Vehicle 5" move="Amsterdam"/>
				<event id="74" time="13015555546" vehicle="Vehicle 5" deliver="27"/>
				<event id="75" time="13315555546" vehicle="Vehicle 5" pickup="23"/>
				<event id="76" time="13615555546" vehicle="Vehicle 5" deliver="24"/>
				<event id="77" time="13915555546" vehicle="Vehicle 5" pickup="20"/>
				<event id="78" time="14215555545" vehicle="Vehicle 5" move="Utrecht"/>
				<event id="79" time="14722222211" vehicle="Vehicle 5" deliver="6"/>
				<event id="80" time="15022222210" vehicle="Vehicle 5" move="Eindhoven"/>
				<event id="81" time="16043333320" vehicle="Vehicle 5" pickup="22"/>
				<event id="82" time="16343333320" vehicle="Vehicle 5" deliver="10"/>
				<event id="83" time="16643333320" vehicle="Vehicle 5" move="Nijmegen"/>
				<event id="84" time="17423333319" vehicle="Vehicle 5" deliver="23"/>
				<event id="85" time="17723333319" vehicle="Vehicle 5" pickup="5"/>
				<event id="86" time="18023333318" vehicle="Vehicle 5" deliver="20"/>
				<event id="87" time="18323333318" vehicle="Vehicle 5" move="Apeldoorn"/>
				<event id="88" time="18957777762" vehicle="Vehicle 5" move="Groningen"/>
				<event id="89" time="20524444428" vehicle="Vehicle 5" deliver="5"/>
				<event id="90" time="20824444428" vehicle="Vehicle 5" deliver="22"/>
			</events>
		</round>
	</rounds>
	<statistics>
		<stat rank="1" agent="Neutral">
			<total-tasks value="30"/>
			<total-distance value="2145.5"/>
			<total-cost value="10728"/>
			<total-reward value="12963"/>
			<total-profit value="2235"/>
		</stat>
		<stat rank="2" agent="AFK">
			<total-tasks value="0"/>
			<total-distance value="0.0"/>
			<total-cost value="0"/>
			<total-reward value="0"/>
			<total-profit value="0"/>
		</stat>
	</statistics>
</history>
