<?xml version="1.0" encoding="ISO-8859-1"?>

<history configuration="config/rounds/auction1.xml">
	<agents>
		<agent name="Neutral">
			<vehicle name="Vehicle 1"/>
			<vehicle name="Vehicle 2"/>
		</agent>
		<agent name="Margin">
			<vehicle name="Vehicle 3"/>
			<vehicle name="Vehicle 4"/>
		</agent>
	</agents>
	<rounds>
		<round id="1">
			<tasks>
				<task id="0" pickup="Leeds" delivery="Sheffield" weight="6" reward="1281">
					<bid agent="Neutral" bid="226"/>
					<bid agent="Margin" bid="1014"/>
				</task>
				<task id="1" pickup="Liverpool" delivery="Sheffield" weight="7" reward="14258">
					<bid agent="Neutral" bid="345"/>
					<bid agent="Margin" bid="1375"/>
				</task>
				<task id="2" pickup="Manchester" delivery="Cardiff" weight="9" reward="31460">
					<bid agent="Neutral" bid="686"/>
					<bid agent="Margin" bid="1774"/>
				</task>
				<task id="3" pickup="Manchester" delivery="London" weight="6" reward="31997">
					<bid agent="Neutral" bid="668"/>
					<bid agent="Margin" bid="2021"/>
				</task>
				<task id="4" pickup="Plymouth" delivery="Birmingham" weight="8" reward="58829">
					<bid agent="Neutral" bid="1354"/>
					<bid agent="Margin" bid="1523"/>
				</task>
				<task id="5" pickup="Liverpool" delivery="Norwich" weight="5" reward="58793">
					<bid agent="Neutral" bid="803"/>
					<bid agent="Margin" bid="3399"/>
				</task>
				<task id="6" pickup="Birmingham" delivery="Norwich" weight="8" reward="35595">
					<bid agent="Neutral" bid="407"/>
					<bid agent="Margin" bid="2423"/>
				</task>
				<task id="7" pickup="Sheffield" delivery="Manchester" weight="7" reward="20470">
					<bid agent="Neutral" bid="535"/>
					<bid agent="Margin" bid="2705"/>
				</task>
				<task id="8" pickup="Liverpool" delivery="Cardiff" weight="6" reward="37671">
					<bid agent="Neutral" bid="468"/>
					<bid agent="Margin" bid="3825"/>
				</task>
				<task id="9" pickup="Sheffield" delivery="Norwich" weight="7" reward="51741">
					<bid agent="Neutral" bid="646"/>
					<bid agent="Margin" bid="4452"/>
				</task>
				<task id="10" pickup="Portsmouth" delivery="Cardiff" weight="5" reward="48984">
					<bid agent="Neutral" bid="1036"/>
					<bid agent="Margin" bid="3583"/>
				</task>
				<task id="11" pickup="Plymouth" delivery="London" weight="7" reward="37707">
					<bid agent="Neutral" bid="530"/>
					<bid agent="Margin" bid="1897"/>
				</task>
				<task id="12" pickup="Sheffield" delivery="Norwich" weight="7" reward="51741">
					<bid agent="Neutral" bid="727"/>
					<bid agent="Margin" bid="5171"/>
				</task>
				<task id="13" pickup="Newcastle" delivery="Liverpool" weight="9" reward="24497">
					<bid agent="Neutral" bid="648"/>
					<bid agent="Margin" bid="5230"/>
				</task>
				<task id="14" pickup="Cardiff" delivery="Newcastle" weight="8" reward="55643">
					<bid agent="Neutral" bid="1619"/>
					<bid agent="Margin" bid="5890"/>
				</task>
				<task id="15" pickup="Birmingham" delivery="Sheffield" weight="6" reward="10034">
					<bid agent="Neutral" bid="225"/>
					<bid agent="Margin" bid="2828"/>
				</task>
				<task id="16" pickup="Newcastle" delivery="Birmingham" weight="5" reward="35058">
					<bid agent="Neutral" bid="575"/>
					<bid agent="Margin" bid="6237"/>
				</task>
				<task id="17" pickup="Birmingham" delivery="Plymouth" weight="6" reward="58829">
					<bid agent="Neutral" bid="1497"/>
					<bid agent="Margin" bid="5511"/>
				</task>
				<task id="18" pickup="Cardiff" delivery="Newcastle" weight="8" reward="55643">
					<bid agent="Neutral" bid="862"/>
					<bid agent="Margin" bid="6583"/>
				</task>
				<task id="19" pickup="Leeds" delivery="Sheffield" weight="6" reward="1281">
					<bid agent="Neutral" bid="103"/>
					<bid agent="Margin" bid="3956"/>
				</task>
			</tasks>
			<events>
				<event id="0" time="0" vehicle="Vehicle 2" move="Birmingham"/>
				<event id="1" time="1311111111" vehicle="Vehicle 2" pickup="15"/>
				<event id="2" time="1611111111" vehicle="Vehicle 2" pickup="17"/>
				<event id="3" time="1911111111" vehicle="Vehicle 2" move="London"/>
				<event id="4" time="3222222221" vehicle="Vehicle 2" move="Portsmouth"/>
				<event id="5" time="4053333331" vehicle="Vehicle 2" pickup="10"/>
				<event id="6" time="4353333331" vehicle="Vehicle 2" move="Plymouth"/>
				<event id="7" time="6242222219" vehicle="Vehicle 2" pickup="11"/>
				<event id="8" time="6542222219" vehicle="Vehicle 2" pickup="4"/>
				<event id="9" time="6842222219" vehicle="Vehicle 2" deliver="17"/>
				<event id="10" time="7142222218" vehicle="Vehicle 2" move="Portsmouth"/>
				<event id="11" time="9031111106" vehicle="Vehicle 2" move="London"/>
				<event id="12" time="9862222217" vehicle="Vehicle 2" deliver="11"/>
				<event id="13" time="10162222216" vehicle="Vehicle 2" move="Birmingham"/>
				<event id="14" time="11473333326" vehicle="Vehicle 2" move="Manchester"/>
				<event id="15" time="12527777769" vehicle="Vehicle 2" move="Liverpool"/>
				<event id="16" time="12913333324" vehicle="Vehicle 2" pickup="8"/>
				<event id="17" time="13213333323" vehicle="Vehicle 2" move="Manchester"/>
				<event id="18" time="13598888878" vehicle="Vehicle 2" pickup="2"/>
				<event id="19" time="13898888878" vehicle="Vehicle 2" move="Birmingham"/>
				<event id="20" time="14953333322" vehicle="Vehicle 2" move="Cardiff"/>
				<event id="21" time="16231111099" vehicle="Vehicle 2" deliver="8"/>
				<event id="22" time="16531111099" vehicle="Vehicle 2" pickup="14"/>
				<event id="23" time="16831111099" vehicle="Vehicle 2" deliver="10"/>
				<event id="24" time="17131111098" vehicle="Vehicle 2" pickup="18"/>
				<event id="25" time="17431111098" vehicle="Vehicle 2" deliver="2"/>
				<event id="26" time="17731111098" vehicle="Vehicle 2" move="Birmingham"/>
				<event id="27" time="19008888874" vehicle="Vehicle 2" move="Sheffield"/>
				<event id="28" time="20011111096" vehicle="Vehicle 2" deliver="15"/>
				<event id="29" time="20311111096" vehicle="Vehicle 2" move="Leeds"/>
				<event id="30" time="20769999984" vehicle="Vehicle 2" move="Newcastle"/>
				<event id="31" time="21864444428" vehicle="Vehicle 2" pickup="16"/>
				<event id="32" time="22164444427" vehicle="Vehicle 2" pickup="13"/>
				<event id="33" time="22464444427" vehicle="Vehicle 2" deliver="14"/>
				<event id="34" time="22764444427" vehicle="Vehicle 2" deliver="18"/>
				<event id="35" time="23064444426" vehicle="Vehicle 2" move="Leeds"/>
				<event id="36" time="24158888869" vehicle="Vehicle 2" move="Liverpool"/>
				<event id="37" time="24964444424" vehicle="Vehicle 2" deliver="13"/>
				<event id="38" time="25264444423" vehicle="Vehicle 2" pickup="1"/>
				<event id="39" time="25564444423" vehicle="Vehicle 2" move="Leeds"/>
				<event id="40" time="26369999978" vehicle="Vehicle 2" pickup="0"/>
				<event id="41" time="26669999978" vehicle="Vehicle 2" pickup="19"/>
				<event id="42" time="26969999978" vehicle="Vehicle 2" move="Sheffield"/>
				<event id="43" time="27428888866" vehicle="Vehicle 2" pickup="12"/>
				<event id="44" time="27728888866" vehicle="Vehicle 2" deliver="19"/>
				<event id="45" time="28028888865" vehicle="Vehicle 2" pickup="9"/>
				<event id="46" time="28328888865" vehicle="Vehicle 2" deliver="0"/>
				<event id="47" time="28628888865" vehicle="Vehicle 2" deliver="1"/>
				<event id="48" time="28928888865" vehicle="Vehicle 2" pickup="7"/>
				<event id="49" time="29228888864" vehicle="Vehicle 2" move="Leeds"/>
				<event id="50" time="29687777752" vehicle="Vehicle 2" move="Liverpool"/>
				<event id="51" time="30493333307" vehicle="Vehicle 2" pickup="5"/>
				<event id="52" time="30793333307" vehicle="Vehicle 2" move="Manchester"/>
				<event id="53" time="31178888861" vehicle="Vehicle 2" deliver="7"/>
				<event id="54" time="31478888861" vehicle="Vehicle 2" pickup="3"/>
				<event id="55" time="31778888861" vehicle="Vehicle 2" move="Birmingham"/>
				<event id="56" time="32833333305" vehicle="Vehicle 2" deliver="4"/>
				<event id="57" time="33133333304" vehicle="Vehicle 2" pickup="6"/>
				<event id="58" time="33433333304" vehicle="Vehicle 2" deliver="16"/>
				<event id="59" time="33733333304" vehicle="Vehicle 2" move="London"/>
				<event id="60" time="35044444414" vehicle="Vehicle 2" deliver="3"/>
				<event id="61" time="35344444414" vehicle="Vehicle 2" move="Norwich"/>
				<event id="62" time="36622222191" vehicle="Vehicle 2" deliver="9"/>
				<event id="63" time="36922222191" vehicle="Vehicle 2" deliver="12"/>
				<event id="64" time="37222222190" vehicle="Vehicle 2" deliver="6"/>
				<event id="65" time="37522222190" vehicle="Vehicle 2" deliver="5"/>
			</events>
		</round>
	</rounds>
	<statistics>
		<stat rank="1" agent="Neutral">
			<total-tasks value="20"/>
			<total-distance value="2324.0"/>
			<total-cost value="11620"/>
			<total-reward value="13960"/>
			<total-profit value="2340"/>
		</stat>
		<stat rank="2" agent="Margin">
			<total-tasks value="0"/>
			<total-distance value="0.0"/>
			<total-cost value="0"/>
			<total-reward value="0"/>
			<total-profit value="0"/>
		</stat>
	</statistics>
</history>
