<?xml version="1.0" encoding="ISO-8859-1"?>

<history configuration="config/rounds/auction3.xml">
	<agents>
		<agent name="Zero">
			<vehicle name="Vehicle 1"/>
			<vehicle name="Vehicle 2"/>
			<vehicle name="Vehicle 3"/>
			<vehicle name="Vehicle 4"/>
		</agent>
		<agent name="Naive">
			<vehicle name="Vehicle 5"/>
			<vehicle name="Vehicle 6"/>
			<vehicle name="Vehicle 7"/>
			<vehicle name="Vehicle 8"/>
		</agent>
	</agents>
	<rounds>
		<round id="1">
			<tasks>
				<task id="0" pickup="Paris" delivery="Monaco" weight="25" reward="40845">
					<bid agent="Zero" bid="5035"/>
					<bid agent="Naive" bid="7365"/>
				</task>
				<task id="1" pickup="Paris" delivery="Monaco" weight="25" reward="40845">
					<bid agent="Zero" bid="0"/>
					<bid agent="Naive" bid="7419"/>
				</task>
				<task id="2" pickup="Lyon" delivery="Paris" weight="28" reward="78143">
					<bid agent="Zero" bid="3075"/>
					<bid agent="Naive" bid="2481"/>
				</task>
				<task id="3" pickup="Brest" delivery="Lyon" weight="13" reward="37398">
					<bid agent="Zero" bid="2955"/>
					<bid agent="Naive" bid="8641"/>
				</task>
				<task id="4" pickup="Brest" delivery="Strasbourg" weight="25" reward="35950">
					<bid agent="Zero" bid="4870"/>
					<bid agent="Naive" bid="8879"/>
				</task>
				<task id="5" pickup="Brest" delivery="Monaco" weight="15" reward="100">
					<bid agent="Zero" bid="0"/>
					<bid agent="Naive" bid="11344"/>
				</task>
				<task id="6" pickup="Lyon" delivery="Monaco" weight="28" reward="72973">
					<bid agent="Zero" bid="2960"/>
					<bid agent="Naive" bid="5953"/>
				</task>
				<task id="7" pickup="Paris" delivery="Le Havre" weight="26" reward="96758">
					<bid agent="Zero" bid="1470"/>
					<bid agent="Naive" bid="1263"/>
				</task>
				<task id="8" pickup="Brest" delivery="Le Havre" weight="18" reward="56013">
					<bid agent="Zero" bid="1960"/>
					<bid agent="Naive" bid="7896"/>
				</task>
				<task id="9" pickup="Paris" delivery="Monaco" weight="25" reward="40845">
					<bid agent="Zero" bid="0"/>
					<bid agent="Naive" bid="6447"/>
				</task>
				<task id="10" pickup="Paris" delivery="Monaco" weight="25" reward="40845">
					<bid agent="Zero" bid="0"/>
					<bid agent="Naive" bid="6859"/>
				</task>
				<task id="11" pickup="Marseille" delivery="Bordeaux" weight="16" reward="65734">
					<bid agent="Zero" bid="3230"/>
					<bid agent="Naive" bid="12046"/>
				</task>
				<task id="12" pickup="Lyon" delivery="Monaco" weight="28" reward="72973">
					<bid agent="Zero" bid="3450"/>
					<bid agent="Naive" bid="9194"/>
				</task>
				<task id="13" pickup="Genève" delivery="Marseille" weight="29" reward="78212">
					<bid agent="Zero" bid="1125"/>
					<bid agent="Naive" bid="9146"/>
				</task>
				<task id="14" pickup="Le Havre" delivery="Strasbourg" weight="10" reward="63183">
					<bid agent="Zero" bid="950"/>
					<bid agent="Naive" bid="3483"/>
				</task>
				<task id="15" pickup="Monaco" delivery="Genève" weight="22" reward="74352">
					<bid agent="Zero" bid="3060"/>
					<bid agent="Naive" bid="11753"/>
				</task>
				<task id="16" pickup="Bordeaux" delivery="Le Havre" weight="23" reward="56495">
					<bid agent="Zero" bid="3445"/>
					<bid agent="Naive" bid="11686"/>
				</task>
				<task id="17" pickup="Genève" delivery="Bordeaux" weight="16" reward="59460">
					<bid agent="Zero" bid="1125"/>
					<bid agent="Naive" bid="11255"/>
				</task>
				<task id="18" pickup="Monaco" delivery="Genève" weight="22" reward="74352">
					<bid agent="Zero" bid="0"/>
					<bid agent="Naive" bid="8901"/>
				</task>
				<task id="19" pickup="Paris" delivery="Monaco" weight="25" reward="40845">
					<bid agent="Zero" bid="1690"/>
					<bid agent="Naive" bid="9748"/>
				</task>
				<task id="20" pickup="Monaco" delivery="Brest" weight="12" reward="100">
					<bid agent="Zero" bid="7235"/>
					<bid agent="Naive" bid="14726"/>
				</task>
				<task id="21" pickup="Bordeaux" delivery="Marseille" weight="21" reward="65734">
					<bid agent="Zero" bid="0"/>
					<bid agent="Naive" bid="13579"/>
				</task>
				<task id="22" pickup="Brest" delivery="Marseille" weight="11" reward="15612">
					<bid agent="Zero" bid="3765"/>
					<bid agent="Naive" bid="19786"/>
				</task>
				<task id="23" pickup="Monaco" delivery="Le Havre" weight="23" reward="27332">
					<bid agent="Zero" bid="0"/>
					<bid agent="Naive" bid="14238"/>
				</task>
				<task id="24" pickup="Brest" delivery="Le Havre" weight="18" reward="56013">
					<bid agent="Zero" bid="0"/>
					<bid agent="Naive" bid="10813"/>
				</task>
				<task id="25" pickup="Brest" delivery="Bordeaux" weight="21" reward="29263">
					<bid agent="Zero" bid="4480"/>
					<bid agent="Naive" bid="18543"/>
				</task>
				<task id="26" pickup="Strasbourg" delivery="Brest" weight="25" reward="35950">
					<bid agent="Zero" bid="3810"/>
					<bid agent="Naive" bid="17174"/>
				</task>
				<task id="27" pickup="Paris" delivery="Strasbourg" weight="26" reward="76696">
					<bid agent="Zero" bid="0"/>
					<bid agent="Naive" bid="3701"/>
				</task>
				<task id="28" pickup="Monaco" delivery="Genève" weight="22" reward="74352">
					<bid agent="Zero" bid="0"/>
					<bid agent="Naive" bid="14817"/>
				</task>
				<task id="29" pickup="Monaco" delivery="Lyon" weight="15" reward="72973">
					<bid agent="Zero" bid="2135"/>
					<bid agent="Naive" bid="17257"/>
				</task>
				<task id="30" pickup="Brest" delivery="Monaco" weight="15" reward="100">
					<bid agent="Zero" bid="1045"/>
					<bid agent="Naive" bid="19193"/>
				</task>
				<task id="31" pickup="Genève" delivery="Le Havre" weight="23" reward="54358">
					<bid agent="Zero" bid="610"/>
					<bid agent="Naive" bid="15774"/>
				</task>
				<task id="32" pickup="Marseille" delivery="Brest" weight="16" reward="15612">
					<bid agent="Zero" bid="0"/>
					<bid agent="Naive" bid="16599"/>
				</task>
				<task id="33" pickup="Le Havre" delivery="Bordeaux" weight="22" reward="56495">
					<bid agent="Zero" bid="8860"/>
					<bid agent="Naive" bid="7149"/>
				</task>
				<task id="34" pickup="Monaco" delivery="Brest" weight="12" reward="100">
					<bid agent="Zero" bid="12785"/>
					<bid agent="Naive" bid="27881"/>
				</task>
				<task id="35" pickup="Le Havre" delivery="Marseille" weight="28" reward="42844">
					<bid agent="Zero" bid="0"/>
					<bid agent="Naive" bid="9133"/>
				</task>
				<task id="36" pickup="Monaco" delivery="Lyon" weight="15" reward="72973">
					<bid agent="Zero" bid="10230"/>
					<bid agent="Naive" bid="11746"/>
				</task>
				<task id="37" pickup="Paris" delivery="Strasbourg" weight="26" reward="76696">
					<bid agent="Zero" bid="3380"/>
					<bid agent="Naive" bid="13261"/>
				</task>
				<task id="38" pickup="Strasbourg" delivery="Paris" weight="26" reward="76696">
					<bid agent="Zero" bid="0"/>
					<bid agent="Naive" bid="11479"/>
				</task>
				<task id="39" pickup="Bordeaux" delivery="Genève" weight="23" reward="59460">
					<bid agent="Zero" bid="0"/>
					<bid agent="Naive" bid="6688"/>
				</task>
			</tasks>
			<events>
				<event id="0" time="0" vehicle="Vehicle 1" pickup="10"/>
				<event id="1" time="0" vehicle="Vehicle 3" pickup="4"/>
				<event id="2" time="0" vehicle="Vehicle 4" pickup="13"/>
				<event id="3" time="0" vehicle="Vehicle 5" pickup="2"/>
				<event id="4" time="300000000" vehicle="Vehicle 1" pickup="9"/>
				<event id="5" time="300000000" vehicle="Vehicle 3" move="Paris"/>
				<event id="6" time="300000000" vehicle="Vehicle 4" move="Monaco"/>
				<event id="7" time="300000000" vehicle="Vehicle 5" move="Paris"/>
				<event id="8" time="600000000" vehicle="Vehicle 1" move="Lyon"/>
				<event id="9" time="5477777777" vehicle="Vehicle 5" deliver="2"/>
				<event id="10" time="5777777777" vehicle="Vehicle 5" pickup="7"/>
				<event id="11" time="6077777776" vehicle="Vehicle 5" move="Le Havre"/>
				<event id="12" time="6088888888" vehicle="Vehicle 4" pickup="23"/>
				<event id="13" time="6388888888" vehicle="Vehicle 4" pickup="18"/>
				<event id="14" time="6688888888" vehicle="Vehicle 4" move="Marseille"/>
				<event id="15" time="6866666666" vehicle="Vehicle 3" pickup="27"/>
				<event id="16" time="7166666665" vehicle="Vehicle 3" pickup="37"/>
				<event id="17" time="7466666665" vehicle="Vehicle 3" move="Strasbourg"/>
				<event id="18" time="8255555553" vehicle="Vehicle 5" deliver="7"/>
				<event id="19" time="8366666666" vehicle="Vehicle 1" pickup="12"/>
				<event id="20" time="8555555553" vehicle="Vehicle 5" pickup="33"/>
				<event id="21" time="8666666666" vehicle="Vehicle 1" move="Marseille"/>
				<event id="22" time="8855555553" vehicle="Vehicle 5" move="Paris"/>
				<event id="23" time="9188888887" vehicle="Vehicle 4" deliver="13"/>
				<event id="24" time="9488888887" vehicle="Vehicle 4" move="Lyon"/>
				<event id="25" time="11033333330" vehicle="Vehicle 5" move="Bordeaux"/>
				<event id="26" time="12877777775" vehicle="Vehicle 3" deliver="37"/>
				<event id="27" time="12999999998" vehicle="Vehicle 4" move="Genève"/>
				<event id="28" time="13177777774" vehicle="Vehicle 3" pickup="38"/>
				<event id="29" time="13477777774" vehicle="Vehicle 3" deliver="4"/>
				<event id="30" time="13777777774" vehicle="Vehicle 3" deliver="27"/>
				<event id="31" time="13933333332" vehicle="Vehicle 1" move="Monaco"/>
				<event id="32" time="14077777773" vehicle="Vehicle 3" move="Paris"/>
				<event id="33" time="14655555553" vehicle="Vehicle 4" pickup="31"/>
				<event id="34" time="14955555553" vehicle="Vehicle 4" deliver="18"/>
				<event id="35" time="15255555552" vehicle="Vehicle 4" pickup="17"/>
				<event id="36" time="15555555552" vehicle="Vehicle 4" move="Lyon"/>
				<event id="37" time="17211111107" vehicle="Vehicle 4" move="Paris"/>
				<event id="38" time="17522222218" vehicle="Vehicle 5" deliver="33"/>
				<event id="39" time="17683333331" vehicle="Vehicle 1" deliver="12"/>
				<event id="40" time="17983333331" vehicle="Vehicle 1" pickup="36"/>
				<event id="41" time="18283333330" vehicle="Vehicle 1" pickup="20"/>
				<event id="42" time="18583333330" vehicle="Vehicle 1" deliver="9"/>
				<event id="43" time="18883333330" vehicle="Vehicle 1" pickup="29"/>
				<event id="44" time="19183333329" vehicle="Vehicle 1" pickup="34"/>
				<event id="45" time="19483333329" vehicle="Vehicle 1" deliver="10"/>
				<event id="46" time="19488888883" vehicle="Vehicle 3" pickup="0"/>
				<event id="47" time="19783333329" vehicle="Vehicle 1" move="Marseille"/>
				<event id="48" time="19788888883" vehicle="Vehicle 3" pickup="1"/>
				<event id="49" time="20088888882" vehicle="Vehicle 3" deliver="38"/>
				<event id="50" time="20388888882" vehicle="Vehicle 3" pickup="19"/>
				<event id="51" time="20688888882" vehicle="Vehicle 3" move="Lyon"/>
				<event id="52" time="22388888883" vehicle="Vehicle 4" move="Le Havre"/>
				<event id="53" time="23533333328" vehicle="Vehicle 1" move="Lyon"/>
				<event id="54" time="24566666660" vehicle="Vehicle 4" pickup="14"/>
				<event id="55" time="24866666660" vehicle="Vehicle 4" deliver="23"/>
				<event id="56" time="25166666659" vehicle="Vehicle 4" pickup="35"/>
				<event id="57" time="25466666659" vehicle="Vehicle 4" deliver="31"/>
				<event id="58" time="25766666659" vehicle="Vehicle 4" move="Paris"/>
				<event id="59" time="25866666659" vehicle="Vehicle 3" move="Marseille"/>
				<event id="60" time="27944444436" vehicle="Vehicle 4" move="Lyon"/>
				<event id="61" time="28799999994" vehicle="Vehicle 1" deliver="29"/>
				<event id="62" time="29099999994" vehicle="Vehicle 1" deliver="36"/>
				<event id="63" time="29377777769" vehicle="Vehicle 3" move="Monaco"/>
				<event id="64" time="29399999994" vehicle="Vehicle 1" move="Paris"/>
				<event id="65" time="31877777768" vehicle="Vehicle 3" deliver="19"/>
				<event id="66" time="32177777767" vehicle="Vehicle 3" pickup="28"/>
				<event id="67" time="32477777767" vehicle="Vehicle 3" deliver="0"/>
				<event id="68" time="32777777767" vehicle="Vehicle 3" pickup="15"/>
				<event id="69" time="33077777766" vehicle="Vehicle 3" deliver="1"/>
				<event id="70" time="33122222213" vehicle="Vehicle 4" move="Marseille"/>
				<event id="71" time="33377777766" vehicle="Vehicle 3" move="Genève"/>
				<event id="72" time="36633333323" vehicle="Vehicle 4" deliver="35"/>
				<event id="73" time="36933333323" vehicle="Vehicle 4" pickup="11"/>
				<event id="74" time="37166666660" vehicle="Vehicle 1" move="Brest"/>
				<event id="75" time="37233333322" vehicle="Vehicle 4" move="Bordeaux"/>
				<event id="76" time="39166666654" vehicle="Vehicle 3" deliver="28"/>
				<event id="77" time="39466666654" vehicle="Vehicle 3" deliver="15"/>
				<event id="78" time="44411111099" vehicle="Vehicle 4" pickup="21"/>
				<event id="79" time="44711111099" vehicle="Vehicle 4" deliver="17"/>
				<event id="80" time="45011111098" vehicle="Vehicle 4" pickup="16"/>
				<event id="81" time="45311111098" vehicle="Vehicle 4" deliver="11"/>
				<event id="82" time="45611111098" vehicle="Vehicle 4" move="Marseille"/>
				<event id="83" time="47016666659" vehicle="Vehicle 1" pickup="5"/>
				<event id="84" time="47316666659" vehicle="Vehicle 1" pickup="25"/>
				<event id="85" time="47616666659" vehicle="Vehicle 1" deliver="20"/>
				<event id="86" time="47916666659" vehicle="Vehicle 1" pickup="3"/>
				<event id="87" time="48216666658" vehicle="Vehicle 1" pickup="30"/>
				<event id="88" time="48516666658" vehicle="Vehicle 1" deliver="34"/>
				<event id="89" time="48816666658" vehicle="Vehicle 1" pickup="22"/>
				<event id="90" time="49116666657" vehicle="Vehicle 1" move="Paris"/>
				<event id="91" time="52788888874" vehicle="Vehicle 4" pickup="32"/>
				<event id="92" time="53088888873" vehicle="Vehicle 4" deliver="21"/>
				<event id="93" time="53388888873" vehicle="Vehicle 4" move="Lyon"/>
				<event id="94" time="56899999984" vehicle="Vehicle 4" move="Genève"/>
				<event id="95" time="58555555539" vehicle="Vehicle 4" move="Strasbourg"/>
				<event id="96" time="58966666656" vehicle="Vehicle 1" move="Bordeaux"/>
				<event id="97" time="62877777760" vehicle="Vehicle 4" pickup="26"/>
				<event id="98" time="63177777759" vehicle="Vehicle 4" deliver="14"/>
				<event id="99" time="63477777759" vehicle="Vehicle 4" move="Paris"/>
				<event id="100" time="68699999989" vehicle="Vehicle 1" deliver="25"/>
				<event id="101" time="68888888869" vehicle="Vehicle 4" move="Brest"/>
				<event id="102" time="68999999989" vehicle="Vehicle 1" pickup="39"/>
				<event id="103" time="69299999989" vehicle="Vehicle 1" move="Lyon"/>
				<event id="104" time="75455555535" vehicle="Vehicle 4" deliver="32"/>
				<event id="105" time="75755555535" vehicle="Vehicle 4" pickup="8"/>
				<event id="106" time="76055555534" vehicle="Vehicle 4" deliver="26"/>
				<event id="107" time="76355555534" vehicle="Vehicle 4" pickup="24"/>
				<event id="108" time="76655555534" vehicle="Vehicle 4" move="Paris"/>
				<event id="109" time="79099999989" vehicle="Vehicle 1" move="Genève"/>
				<event id="110" time="81583333322" vehicle="Vehicle 1" deliver="39"/>
				<event id="111" time="81883333322" vehicle="Vehicle 1" move="Lyon"/>
				<event id="112" time="83222222200" vehicle="Vehicle 4" move="Le Havre"/>
				<event id="113" time="84366666654" vehicle="Vehicle 1" deliver="3"/>
				<event id="114" time="84666666654" vehicle="Vehicle 1" pickup="6"/>
				<event id="115" time="84966666654" vehicle="Vehicle 1" move="Marseille"/>
				<event id="116" time="85399999977" vehicle="Vehicle 4" deliver="24"/>
				<event id="117" time="85699999977" vehicle="Vehicle 4" deliver="16"/>
				<event id="118" time="85999999977" vehicle="Vehicle 4" deliver="8"/>
				<event id="119" time="90233333320" vehicle="Vehicle 1" deliver="22"/>
				<event id="120" time="90533333320" vehicle="Vehicle 1" move="Monaco"/>
				<event id="121" time="94283333319" vehicle="Vehicle 1" deliver="5"/>
				<event id="122" time="94583333319" vehicle="Vehicle 1" deliver="6"/>
				<event id="123" time="94883333319" vehicle="Vehicle 1" deliver="30"/>
			</events>
		</round>
	</rounds>
	<statistics>
		<stat rank="1" agent="Zero">
			<total-tasks value="37"/>
			<total-distance value="15311.0"/>
			<total-cost value="76555"/>
			<total-reward value="85330"/>
			<total-profit value="8775"/>
		</stat>
		<stat rank="2" agent="Naive">
			<total-tasks value="3"/>
			<total-distance value="1442.0"/>
			<total-cost value="7210"/>
			<total-reward value="10893"/>
			<total-profit value="3683"/>
		</stat>
	</statistics>
</history>
