<?xml version="1.0" encoding="ISO-8859-1"?>

<history configuration="config/rounds/auction3.xml">
	<agents>
		<agent name="Naive">
			<vehicle name="Vehicle 1"/>
			<vehicle name="Vehicle 2"/>
			<vehicle name="Vehicle 3"/>
			<vehicle name="Vehicle 4"/>
		</agent>
		<agent name="Opponent">
			<vehicle name="Vehicle 5"/>
			<vehicle name="Vehicle 6"/>
			<vehicle name="Vehicle 7"/>
			<vehicle name="Vehicle 8"/>
		</agent>
	</agents>
	<rounds>
		<round id="1">
			<tasks>
				<task id="0" pickup="Paris" delivery="Monaco" weight="25" reward="40845">
					<bid agent="Naive" bid="5035"/>
					<bid agent="Opponent" bid="4535"/>
				</task>
				<task id="1" pickup="Paris" delivery="Monaco" weight="25" reward="40845">
					<bid agent="Naive" bid="5096"/>
					<bid agent="Opponent" bid="4304"/>
				</task>
				<task id="2" pickup="Lyon" delivery="Paris" weight="28" reward="78143">
					<bid agent="Naive" bid="4957"/>
					<bid agent="Opponent" bid="2469"/>
				</task>
				<task id="3" pickup="Brest" delivery="Lyon" weight="13" reward="37398">
					<bid agent="Naive" bid="8920"/>
					<bid agent="Opponent" bid="4710"/>
				</task>
				<task id="4" pickup="Brest" delivery="Strasbourg" weight="25" reward="35950">
					<bid agent="Naive" bid="9342"/>
					<bid agent="Opponent" bid="4985"/>
				</task>
				<task id="5" pickup="Brest" delivery="Monaco" weight="15" reward="100">
					<bid agent="Naive" bid="11857"/>
					<bid agent="Opponent" bid="7065"/>
				</task>
				<task id="6" pickup="Lyon" delivery="Monaco" weight="28" reward="72973">
					<bid agent="Naive" bid="5617"/>
					<bid agent="Opponent" bid="3964"/>
				</task>
				<task id="7" pickup="Paris" delivery="Le Havre" weight="26" reward="96758">
					<bid agent="Naive" bid="1318"/>
					<bid agent="Opponent" bid="3497"/>
				</task>
				<task id="8" pickup="Brest" delivery="Le Havre" weight="18" reward="56013">
					<bid agent="Naive" bid="10638"/>
					<bid agent="Opponent" bid="4024"/>
				</task>
				<task id="9" pickup="Paris" delivery="Monaco" weight="25" reward="40845">
					<bid agent="Naive" bid="8563"/>
					<bid agent="Opponent" bid="4725"/>
				</task>
				<task id="10" pickup="Paris" delivery="Monaco" weight="25" reward="40845">
					<bid agent="Naive" bid="6842"/>
					<bid agent="Opponent" bid="7126"/>
				</task>
				<task id="11" pickup="Marseille" delivery="Bordeaux" weight="16" reward="65734">
					<bid agent="Naive" bid="4664"/>
					<bid agent="Opponent" bid="3830"/>
				</task>
				<task id="12" pickup="Lyon" delivery="Monaco" weight="28" reward="72973">
					<bid agent="Naive" bid="5886"/>
					<bid agent="Opponent" bid="7314"/>
				</task>
				<task id="13" pickup="Genève" delivery="Marseille" weight="29" reward="78212">
					<bid agent="Naive" bid="5004"/>
					<bid agent="Opponent" bid="6747"/>
				</task>
				<task id="14" pickup="Le Havre" delivery="Strasbourg" weight="10" reward="63183">
					<bid agent="Naive" bid="11483"/>
					<bid agent="Opponent" bid="3287"/>
				</task>
				<task id="15" pickup="Monaco" delivery="Genève" weight="22" reward="74352">
					<bid agent="Naive" bid="6428"/>
					<bid agent="Opponent" bid="3846"/>
				</task>
				<task id="16" pickup="Bordeaux" delivery="Le Havre" weight="23" reward="56495">
					<bid agent="Naive" bid="7726"/>
					<bid agent="Opponent" bid="3869"/>
				</task>
				<task id="17" pickup="Genève" delivery="Bordeaux" weight="16" reward="59460">
					<bid agent="Naive" bid="9204"/>
					<bid agent="Opponent" bid="3592"/>
				</task>
				<task id="18" pickup="Monaco" delivery="Genève" weight="22" reward="74352">
					<bid agent="Naive" bid="5109"/>
					<bid agent="Opponent" bid="3228"/>
				</task>
				<task id="19" pickup="Paris" delivery="Monaco" weight="25" reward="40845">
					<bid agent="Naive" bid="15542"/>
					<bid agent="Opponent" bid="13915"/>
				</task>
				<task id="20" pickup="Monaco" delivery="Brest" weight="12" reward="100">
					<bid agent="Naive" bid="18145"/>
					<bid agent="Opponent" bid="6995"/>
				</task>
				<task id="21" pickup="Bordeaux" delivery="Marseille" weight="21" reward="65734">
					<bid agent="Naive" bid="9765"/>
					<bid agent="Opponent" bid="6835"/>
				</task>
				<task id="22" pickup="Brest" delivery="Marseille" weight="11" reward="15612">
					<bid agent="Naive" bid="25000"/>
					<bid agent="Opponent" bid="6245"/>
				</task>
				<task id="23" pickup="Monaco" delivery="Le Havre" weight="23" reward="27332">
					<bid agent="Naive" bid="13160"/>
					<bid agent="Opponent" bid="5756"/>
				</task>
				<task id="24" pickup="Brest" delivery="Le Havre" weight="18" reward="56013">
					<bid agent="Naive" bid="21392"/>
					<bid agent="Opponent" bid="5651"/>
				</task>
				<task id="25" pickup="Brest" delivery="Bordeaux" weight="21" reward="29263">
					<bid agent="Naive" bid="26099"/>
					<bid agent="Opponent" bid="7039"/>
				</task>
				<task id="26" pickup="Strasbourg" delivery="Brest" weight="25" reward="35950">
					<bid agent="Naive" bid="16274"/>
					<bid agent="Opponent" bid="14268"/>
				</task>
				<task id="27" pickup="Paris" delivery="Strasbourg" weight="26" reward="76696">
					<bid agent="Naive" bid="14048"/>
					<bid agent="Opponent" bid="5614"/>
				</task>
				<task id="28" pickup="Monaco" delivery="Genève" weight="22" reward="74352">
					<bid agent="Naive" bid="4429"/>
					<bid agent="Opponent" bid="5590"/>
				</task>
				<task id="29" pickup="Monaco" delivery="Lyon" weight="15" reward="72973">
					<bid agent="Naive" bid="5950"/>
					<bid agent="Opponent" bid="4611"/>
				</task>
				<task id="30" pickup="Brest" delivery="Monaco" weight="15" reward="100">
					<bid agent="Naive" bid="34599"/>
					<bid agent="Opponent" bid="7803"/>
				</task>
				<task id="31" pickup="Genève" delivery="Le Havre" weight="23" reward="54358">
					<bid agent="Naive" bid="8595"/>
					<bid agent="Opponent" bid="6206"/>
				</task>
				<task id="32" pickup="Marseille" delivery="Brest" weight="16" reward="15612">
					<bid agent="Naive" bid="19704"/>
					<bid agent="Opponent" bid="7310"/>
				</task>
				<task id="33" pickup="Le Havre" delivery="Bordeaux" weight="22" reward="56495">
					<bid agent="Naive" bid="9835"/>
					<bid agent="Opponent" bid="6654"/>
				</task>
				<task id="34" pickup="Monaco" delivery="Brest" weight="12" reward="100">
					<bid agent="Naive" bid="18934"/>
					<bid agent="Opponent" bid="18508"/>
				</task>
				<task id="35" pickup="Le Havre" delivery="Marseille" weight="28" reward="42844">
					<bid agent="Naive" bid="9015"/>
					<bid agent="Opponent" bid="6454"/>
				</task>
				<task id="36" pickup="Monaco" delivery="Lyon" weight="15" reward="72973">
					<bid agent="Naive" bid="5993"/>
					<bid agent="Opponent" bid="8455"/>
				</task>
				<task id="37" pickup="Paris" delivery="Strasbourg" weight="26" reward="76696">
					<bid agent="Naive" bid="7836"/>
					<bid agent="Opponent" bid="6347"/>
				</task>
				<task id="38" pickup="Strasbourg" delivery="Paris" weight="26" reward="76696">
					<bid agent="Naive" bid="8424"/>
					<bid agent="Opponent" bid="7526"/>
				</task>
				<task id="39" pickup="Bordeaux" delivery="Genève" weight="23" reward="59460">
					<bid agent="Naive" bid="17727"/>
					<bid agent="Opponent" bid="14837"/>
				</task>
			</tasks>
			<events>
				<event id="0" time="0" vehicle="Vehicle 1" pickup="7"/>
				<event id="1" time="0" vehicle="Vehicle 5" move="Paris"/>
				<event id="2" time="300000000" vehicle="Vehicle 1" move="Le Havre"/>
				<event id="3" time="3566666666" vehicle="Vehicle 1" deliver="7"/>
				<event id="4" time="3866666666" vehicle="Vehicle 1" move="Paris"/>
				<event id="5" time="5177777777" vehicle="Vehicle 5" pickup="0"/>
				<event id="6" time="5477777777" vehicle="Vehicle 5" pickup="1"/>
				<event id="7" time="5777777777" vehicle="Vehicle 5" move="Lyon"/>
				<event id="8" time="7133333332" vehicle="Vehicle 1" pickup="10"/>
				<event id="9" time="7433333332" vehicle="Vehicle 1" move="Lyon"/>
				<event id="10" time="10955555554" vehicle="Vehicle 5" pickup="2"/>
				<event id="11" time="11255555553" vehicle="Vehicle 5" move="Marseille"/>
				<event id="12" time="14766666663" vehicle="Vehicle 5" move="Monaco"/>
				<event id="13" time="15199999998" vehicle="Vehicle 1" move="Marseille"/>
				<event id="14" time="17266666662" vehicle="Vehicle 5" deliver="0"/>
				<event id="15" time="17566666662" vehicle="Vehicle 5" deliver="1"/>
				<event id="16" time="17866666662" vehicle="Vehicle 5" move="Marseille"/>
				<event id="17" time="20366666661" vehicle="Vehicle 5" move="Lyon"/>
				<event id="18" time="20466666664" vehicle="Vehicle 1" move="Monaco"/>
				<event id="19" time="23877777771" vehicle="Vehicle 5" move="Paris"/>
				<event id="20" time="24216666663" vehicle="Vehicle 1" deliver="10"/>
				<event id="21" time="24516666663" vehicle="Vehicle 1" move="Marseille"/>
				<event id="22" time="28266666662" vehicle="Vehicle 1" move="Lyon"/>
				<event id="23" time="29055555548" vehicle="Vehicle 5" deliver="2"/>
				<event id="24" time="29355555548" vehicle="Vehicle 5" move="Brest"/>
				<event id="25" time="33533333328" vehicle="Vehicle 1" pickup="12"/>
				<event id="26" time="33833333328" vehicle="Vehicle 1" move="Marseille"/>
				<event id="27" time="35922222214" vehicle="Vehicle 5" pickup="4"/>
				<event id="28" time="36222222213" vehicle="Vehicle 5" pickup="30"/>
				<event id="29" time="36522222213" vehicle="Vehicle 5" pickup="8"/>
				<event id="30" time="36822222213" vehicle="Vehicle 5" pickup="22"/>
				<event id="31" time="37122222212" vehicle="Vehicle 5" move="Paris"/>
				<event id="32" time="39099999994" vehicle="Vehicle 1" move="Monaco"/>
				<event id="33" time="42849999994" vehicle="Vehicle 1" deliver="12"/>
				<event id="34" time="43149999994" vehicle="Vehicle 1" move="Genève"/>
				<event id="35" time="43688888877" vehicle="Vehicle 5" move="Le Havre"/>
				<event id="36" time="45866666654" vehicle="Vehicle 5" deliver="8"/>
				<event id="37" time="46166666653" vehicle="Vehicle 5" move="Paris"/>
				<event id="38" time="48344444430" vehicle="Vehicle 5" move="Lyon"/>
				<event id="39" time="51833333327" vehicle="Vehicle 1" pickup="13"/>
				<event id="40" time="52133333326" vehicle="Vehicle 1" move="Lyon"/>
				<event id="41" time="53522222207" vehicle="Vehicle 5" pickup="6"/>
				<event id="42" time="53822222207" vehicle="Vehicle 5" move="Marseille"/>
				<event id="43" time="54616666658" vehicle="Vehicle 1" move="Marseille"/>
				<event id="44" time="57333333317" vehicle="Vehicle 5" move="Monaco"/>
				<event id="45" time="59833333316" vehicle="Vehicle 5" deliver="6"/>
				<event id="46" time="59883333324" vehicle="Vehicle 1" deliver="13"/>
				<event id="47" time="60133333315" vehicle="Vehicle 5" move="Genève"/>
				<event id="48" time="60183333323" vehicle="Vehicle 1" move="Monaco"/>
				<event id="49" time="63933333322" vehicle="Vehicle 1" pickup="28"/>
				<event id="50" time="64233333321" vehicle="Vehicle 1" move="Genève"/>
				<event id="51" time="65922222203" vehicle="Vehicle 5" move="Strasbourg"/>
				<event id="52" time="70244444424" vehicle="Vehicle 5" deliver="4"/>
				<event id="53" time="70544444424" vehicle="Vehicle 5" move="Paris"/>
				<event id="54" time="72916666653" vehicle="Vehicle 1" deliver="28"/>
				<event id="55" time="73216666652" vehicle="Vehicle 1" move="Monaco"/>
				<event id="56" time="75955555534" vehicle="Vehicle 5" pickup="9"/>
				<event id="57" time="76255555533" vehicle="Vehicle 5" move="Brest"/>
				<event id="58" time="81899999985" vehicle="Vehicle 1" pickup="36"/>
				<event id="59" time="82199999985" vehicle="Vehicle 1" move="Marseille"/>
				<event id="60" time="82822222199" vehicle="Vehicle 5" pickup="5"/>
				<event id="61" time="83122222198" vehicle="Vehicle 5" pickup="3"/>
				<event id="62" time="83422222198" vehicle="Vehicle 5" move="Paris"/>
				<event id="63" time="85949999985" vehicle="Vehicle 1" move="Lyon"/>
				<event id="64" time="89988888863" vehicle="Vehicle 5" move="Lyon"/>
				<event id="65" time="91216666651" vehicle="Vehicle 1" deliver="36"/>
				<event id="66" time="95166666640" vehicle="Vehicle 5" move="Marseille"/>
				<event id="67" time="98677777750" vehicle="Vehicle 5" move="Monaco"/>
				<event id="68" time="101177777749" vehicle="Vehicle 5" deliver="9"/>
				<event id="69" time="101477777749" vehicle="Vehicle 5" pickup="15"/>
				<event id="70" time="101777777749" vehicle="Vehicle 5" deliver="5"/>
				<event id="71" time="102077777748" vehicle="Vehicle 5" move="Genève"/>
				<event id="72" time="107866666636" vehicle="Vehicle 5" deliver="15"/>
				<event id="73" time="108166666635" vehicle="Vehicle 5" pickup="17"/>
				<event id="74" time="108466666635" vehicle="Vehicle 5" move="Lyon"/>
				<event id="75" time="110122222190" vehicle="Vehicle 5" deliver="3"/>
				<event id="76" time="110422222190" vehicle="Vehicle 5" move="Bordeaux"/>
				<event id="77" time="116955555522" vehicle="Vehicle 5" deliver="17"/>
				<event id="78" time="117255555521" vehicle="Vehicle 5" pickup="16"/>
				<event id="79" time="117555555521" vehicle="Vehicle 5" move="Paris"/>
				<event id="80" time="124044444409" vehicle="Vehicle 5" move="Le Havre"/>
				<event id="81" time="126222222186" vehicle="Vehicle 5" pickup="14"/>
				<event id="82" time="126522222186" vehicle="Vehicle 5" deliver="16"/>
				<event id="83" time="126822222186" vehicle="Vehicle 5" move="Paris"/>
				<event id="84" time="128999999963" vehicle="Vehicle 5" pickup="19"/>
				<event id="85" time="129299999963" vehicle="Vehicle 5" move="Lyon"/>
				<event id="86" time="134477777740" vehicle="Vehicle 5" move="Marseille"/>
				<event id="87" time="137988888850" vehicle="Vehicle 5" pickup="11"/>
				<event id="88" time="138288888849" vehicle="Vehicle 5" move="Monaco"/>
				<event id="89" time="140788888848" vehicle="Vehicle 5" deliver="30"/>
				<event id="90" time="141088888847" vehicle="Vehicle 5" deliver="19"/>
				<event id="91" time="141388888847" vehicle="Vehicle 5" pickup="34"/>
				<event id="92" time="141688888847" vehicle="Vehicle 5" pickup="18"/>
				<event id="93" time="141988888847" vehicle="Vehicle 5" move="Marseille"/>
				<event id="94" time="144488888846" vehicle="Vehicle 5" deliver="22"/>
				<event id="95" time="144788888846" vehicle="Vehicle 5" move="Bordeaux"/>
				<event id="96" time="151966666623" vehicle="Vehicle 5" deliver="11"/>
				<event id="97" time="152266666622" vehicle="Vehicle 5" pickup="21"/>
				<event id="98" time="152566666622" vehicle="Vehicle 5" move="Marseille"/>
				<event id="99" time="159744444399" vehicle="Vehicle 5" deliver="21"/>
				<event id="100" time="160044444398" vehicle="Vehicle 5" move="Monaco"/>
				<event id="101" time="162544444397" vehicle="Vehicle 5" pickup="23"/>
				<event id="102" time="162844444397" vehicle="Vehicle 5" move="Genève"/>
				<event id="103" time="168633333285" vehicle="Vehicle 5" deliver="18"/>
				<event id="104" time="168933333285" vehicle="Vehicle 5" move="Lyon"/>
				<event id="105" time="170588888839" vehicle="Vehicle 5" move="Paris"/>
				<event id="106" time="175766666616" vehicle="Vehicle 5" pickup="27"/>
				<event id="107" time="176066666615" vehicle="Vehicle 5" move="Le Havre"/>
				<event id="108" time="178244444392" vehicle="Vehicle 5" deliver="23"/>
				<event id="109" time="178544444392" vehicle="Vehicle 5" move="Paris"/>
				<event id="110" time="180722222169" vehicle="Vehicle 5" move="Strasbourg"/>
				<event id="111" time="186133333279" vehicle="Vehicle 5" pickup="26"/>
				<event id="112" time="186433333279" vehicle="Vehicle 5" deliver="27"/>
				<event id="113" time="186733333279" vehicle="Vehicle 5" move="Paris"/>
				<event id="114" time="192144444389" vehicle="Vehicle 5" move="Brest"/>
				<event id="115" time="198711111055" vehicle="Vehicle 5" deliver="34"/>
				<event id="116" time="199011111054" vehicle="Vehicle 5" pickup="25"/>
				<event id="117" time="199311111054" vehicle="Vehicle 5" pickup="24"/>
				<event id="118" time="199611111054" vehicle="Vehicle 5" deliver="26"/>
				<event id="119" time="199911111054" vehicle="Vehicle 5" move="Paris"/>
				<event id="120" time="206477777719" vehicle="Vehicle 5" move="Bordeaux"/>
				<event id="121" time="212966666607" vehicle="Vehicle 5" deliver="25"/>
				<event id="122" time="213266666606" vehicle="Vehicle 5" move="Marseille"/>
				<event id="123" time="220444444383" vehicle="Vehicle 5" move="Monaco"/>
				<event id="124" time="222944444382" vehicle="Vehicle 5" pickup="20"/>
				<event id="125" time="223244444381" vehicle="Vehicle 5" pickup="29"/>
				<event id="126" time="223544444381" vehicle="Vehicle 5" move="Marseille"/>
				<event id="127" time="226044444380" vehicle="Vehicle 5" pickup="32"/>
				<event id="128" time="226344444380" vehicle="Vehicle 5" move="Lyon"/>
				<event id="129" time="229855555490" vehicle="Vehicle 5" deliver="29"/>
				<event id="130" time="230155555489" vehicle="Vehicle 5" move="Genève"/>
				<event id="131" time="231811111044" vehicle="Vehicle 5" pickup="31"/>
				<event id="132" time="232111111043" vehicle="Vehicle 5" move="Strasbourg"/>
				<event id="133" time="236433333264" vehicle="Vehicle 5" deliver="14"/>
				<event id="134" time="236733333264" vehicle="Vehicle 5" move="Paris"/>
				<event id="135" time="242144444374" vehicle="Vehicle 5" move="Le Havre"/>
				<event id="136" time="244322222151" vehicle="Vehicle 5" deliver="31"/>
				<event id="137" time="244622222151" vehicle="Vehicle 5" pickup="35"/>
				<event id="138" time="244922222151" vehicle="Vehicle 5" deliver="24"/>
				<event id="139" time="245222222150" vehicle="Vehicle 5" pickup="33"/>
				<event id="140" time="245522222150" vehicle="Vehicle 5" move="Paris"/>
				<event id="141" time="247699999927" vehicle="Vehicle 5" move="Brest"/>
				<event id="142" time="254266666593" vehicle="Vehicle 5" deliver="32"/>
				<event id="143" time="254566666593" vehicle="Vehicle 5" deliver="20"/>
				<event id="144" time="254866666593" vehicle="Vehicle 5" move="Paris"/>
				<event id="145" time="261433333259" vehicle="Vehicle 5" pickup="37"/>
				<event id="146" time="261733333259" vehicle="Vehicle 5" move="Bordeaux"/>
				<event id="147" time="268222222147" vehicle="Vehicle 5" deliver="33"/>
				<event id="148" time="268522222147" vehicle="Vehicle 5" pickup="39"/>
				<event id="149" time="268822222147" vehicle="Vehicle 5" move="Paris"/>
				<event id="150" time="275311111035" vehicle="Vehicle 5" move="Strasbourg"/>
				<event id="151" time="280722222145" vehicle="Vehicle 5" deliver="37"/>
				<event id="152" time="281022222144" vehicle="Vehicle 5" pickup="38"/>
				<event id="153" time="281322222144" vehicle="Vehicle 5" move="Paris"/>
				<event id="154" time="286733333254" vehicle="Vehicle 5" deliver="38"/>
				<event id="155" time="287033333253" vehicle="Vehicle 5" move="Lyon"/>
				<event id="156" time="292211111030" vehicle="Vehicle 5" move="Genève"/>
				<event id="157" time="293866666584" vehicle="Vehicle 5" deliver="39"/>
				<event id="158" time="294166666583" vehicle="Vehicle 5" move="Lyon"/>
				<event id="159" time="295822222138" vehicle="Vehicle 5" move="Marseille"/>
				<event id="160" time="299333333248" vehicle="Vehicle 5" deliver="35"/>
			</events>
		</round>
	</rounds>
	<statistics>
		<stat rank="1" agent="Opponent">
			<total-tasks value="34"/>
			<total-distance value="25131.0"/>
			<total-cost value="125655"/>
			<total-reward value="221007"/>
			<total-profit value="95352"/>
		</stat>
		<stat rank="2" agent="Naive">
			<total-tasks value="6"/>
			<total-distance value="5275.0"/>
			<total-cost value="26375"/>
			<total-reward value="29472"/>
			<total-profit value="3097"/>
		</stat>
	</statistics>
</history>
