<?xml version="1.0" encoding="ISO-8859-1"?>

<history configuration="config/rounds/auction2.xml">
	<agents>
		<agent name="Naive">
			<vehicle name="Vehicle 1"/>
			<vehicle name="Vehicle 2"/>
			<vehicle name="Vehicle 3"/>
		</agent>
		<agent name="Opponent">
			<vehicle name="Vehicle 4"/>
			<vehicle name="Vehicle 5"/>
			<vehicle name="Vehicle 6"/>
			<vehicle name="Vehicle 7"/>
		</agent>
	</agents>
	<rounds>
		<round id="1">
			<tasks>
				<task id="0" pickup="Breda" delivery="Almere" weight="27" reward="62791">
					<bid agent="Naive" bid="1180"/>
					<bid agent="Opponent" bid="529"/>
				</task>
				<task id="1" pickup="Den Haag" delivery="Groningen" weight="19" reward="8119">
					<bid agent="Naive" bid="1601"/>
					<bid agent="Opponent" bid="1042"/>
				</task>
				<task id="2" pickup="Apeldoorn" delivery="Den Haag" weight="26" reward="47362">
					<bid agent="Naive" bid="1303"/>
					<bid agent="Opponent" bid="750"/>
				</task>
				<task id="3" pickup="Utrecht" delivery="Groningen" weight="12" reward="30020">
					<bid agent="Naive" bid="1315"/>
					<bid agent="Opponent" bid="893"/>
				</task>
				<task id="4" pickup="Utrecht" delivery="Amsterdam" weight="24" reward="91775">
					<bid agent="Naive" bid="510"/>
					<bid agent="Opponent" bid="573"/>
				</task>
				<task id="5" pickup="Nijmegen" delivery="Groningen" weight="26" reward="29695">
					<bid agent="Naive" bid="1788"/>
					<bid agent="Opponent" bid="899"/>
				</task>
				<task id="6" pickup="Almere" delivery="Utrecht" weight="26" reward="92712">
					<bid agent="Naive" bid="419"/>
					<bid agent="Opponent" bid="558"/>
				</task>
				<task id="7" pickup="Den Haag" delivery="Nijmegen" weight="28" reward="54405">
					<bid agent="Naive" bid="1513"/>
					<bid agent="Opponent" bid="635"/>
				</task>
				<task id="8" pickup="Apeldoorn" delivery="Almere" weight="21" reward="77731">
					<bid agent="Naive" bid="994"/>
					<bid agent="Opponent" bid="526"/>
				</task>
				<task id="9" pickup="Apeldoorn" delivery="Den Haag" weight="26" reward="47362">
					<bid agent="Naive" bid="1578"/>
					<bid agent="Opponent" bid="716"/>
				</task>
				<task id="10" pickup="Almere" delivery="Eindhoven" weight="12" reward="55300">
					<bid agent="Naive" bid="1015"/>
					<bid agent="Opponent" bid="1181"/>
				</task>
				<task id="11" pickup="Breda" delivery="Nijmegen" weight="11" reward="71177">
					<bid agent="Naive" bid="848"/>
					<bid agent="Opponent" bid="865"/>
				</task>
				<task id="12" pickup="Rotterdam" delivery="Almere" weight="22" reward="67350">
					<bid agent="Naive" bid="1184"/>
					<bid agent="Opponent" bid="912"/>
				</task>
				<task id="13" pickup="Den Haag" delivery="Apeldoorn" weight="17" reward="47362">
					<bid agent="Naive" bid="1483"/>
					<bid agent="Opponent" bid="681"/>
				</task>
				<task id="14" pickup="Eindhoven" delivery="Nijmegen" weight="28" reward="81761">
					<bid agent="Naive" bid="971"/>
					<bid agent="Opponent" bid="574"/>
				</task>
				<task id="15" pickup="Rotterdam" delivery="Apeldoorn" weight="16" reward="57702">
					<bid agent="Naive" bid="2079"/>
					<bid agent="Opponent" bid="597"/>
				</task>
				<task id="16" pickup="Amsterdam" delivery="Breda" weight="23" reward="61855">
					<bid agent="Naive" bid="1360"/>
					<bid agent="Opponent" bid="644"/>
				</task>
				<task id="17" pickup="Apeldoorn" delivery="Den Haag" weight="26" reward="47362">
					<bid agent="Naive" bid="1622"/>
					<bid agent="Opponent" bid="725"/>
				</task>
				<task id="18" pickup="Almere" delivery="Rotterdam" weight="25" reward="67350">
					<bid agent="Naive" bid="1611"/>
					<bid agent="Opponent" bid="520"/>
				</task>
				<task id="19" pickup="Eindhoven" delivery="Breda" weight="15" reward="85018">
					<bid agent="Naive" bid="1150"/>
					<bid agent="Opponent" bid="529"/>
				</task>
				<task id="20" pickup="Amsterdam" delivery="Nijmegen" weight="20" reward="56603">
					<bid agent="Naive" bid="2628"/>
					<bid agent="Opponent" bid="661"/>
				</task>
				<task id="21" pickup="Breda" delivery="Nijmegen" weight="11" reward="71177">
					<bid agent="Naive" bid="1454"/>
					<bid agent="Opponent" bid="509"/>
				</task>
				<task id="22" pickup="Eindhoven" delivery="Groningen" weight="27" reward="1117">
					<bid agent="Naive" bid="3082"/>
					<bid agent="Opponent" bid="1206"/>
				</task>
				<task id="23" pickup="Amsterdam" delivery="Nijmegen" weight="20" reward="56603">
					<bid agent="Naive" bid="2433"/>
					<bid agent="Opponent" bid="627"/>
				</task>
				<task id="24" pickup="Groningen" delivery="Amsterdam" weight="15" reward="34661">
					<bid agent="Naive" bid="3803"/>
					<bid agent="Opponent" bid="1294"/>
				</task>
				<task id="25" pickup="Den Haag" delivery="Groningen" weight="19" reward="8119">
					<bid agent="Naive" bid="3979"/>
					<bid agent="Opponent" bid="1183"/>
				</task>
				<task id="26" pickup="Eindhoven" delivery="Rotterdam" weight="15" reward="65233">
					<bid agent="Naive" bid="1525"/>
					<bid agent="Opponent" bid="878"/>
				</task>
				<task id="27" pickup="Groningen" delivery="Amsterdam" weight="15" reward="34661">
					<bid agent="Naive" bid="4251"/>
					<bid agent="Opponent" bid="1238"/>
				</task>
				<task id="28" pickup="Utrecht" delivery="Almere" weight="23" reward="92712">
					<bid agent="Naive" bid="770"/>
					<bid agent="Opponent" bid="2904"/>
				</task>
				<task id="29" pickup="Utrecht" delivery="Breda" weight="29" reward="80418">
					<bid agent="Naive" bid="654"/>
					<bid agent="Opponent" bid="2677"/>
				</task>
			</tasks>
			<events>
				<event id="0" time="0" vehicle="Vehicle 1" move="Utrecht"/>
				<event id="1" time="0" vehicle="Vehicle 4" move="Rotterdam"/>
				<event id="2" time="282222222" vehicle="Vehicle 4" move="Breda"/>
				<event id="3" time="760000000" vehicle="Vehicle 1" pickup="4"/>
				<event id="4" time="822222222" vehicle="Vehicle 4" pickup="0"/>
				<event id="5" time="1060000000" vehicle="Vehicle 1" move="Amsterdam"/>
				<event id="6" time="1122222221" vehicle="Vehicle 4" move="Nijmegen"/>
				<event id="7" time="1820000000" vehicle="Vehicle 1" deliver="4"/>
				<event id="8" time="2120000000" vehicle="Vehicle 1" move="Almere"/>
				<event id="9" time="2191111109" vehicle="Vehicle 4" pickup="5"/>
				<event id="10" time="2491111109" vehicle="Vehicle 4" move="Apeldoorn"/>
				<event id="11" time="2651666666" vehicle="Vehicle 1" pickup="6"/>
				<event id="12" time="2951666666" vehicle="Vehicle 1" move="Utrecht"/>
				<event id="13" time="3125555552" vehicle="Vehicle 4" pickup="2"/>
				<event id="14" time="3425555552" vehicle="Vehicle 4" move="Almere"/>
				<event id="15" time="3673333332" vehicle="Vehicle 1" deliver="6"/>
				<event id="16" time="3973333332" vehicle="Vehicle 1" move="Almere"/>
				<event id="17" time="4315555551" vehicle="Vehicle 4" deliver="0"/>
				<event id="18" time="4615555551" vehicle="Vehicle 4" move="Utrecht"/>
				<event id="19" time="4694999998" vehicle="Vehicle 1" pickup="10"/>
				<event id="20" time="4994999998" vehicle="Vehicle 1" move="Utrecht"/>
				<event id="21" time="5096666661" vehicle="Vehicle 4" pickup="3"/>
				<event id="22" time="5396666661" vehicle="Vehicle 4" move="Rotterdam"/>
				<event id="23" time="5716666664" vehicle="Vehicle 1" move="Eindhoven"/>
				<event id="24" time="6088888882" vehicle="Vehicle 4" move="Den Haag"/>
				<event id="25" time="6371111104" vehicle="Vehicle 4" deliver="2"/>
				<event id="26" time="6671111104" vehicle="Vehicle 4" pickup="1"/>
				<event id="27" time="6971111104" vehicle="Vehicle 4" move="Amsterdam"/>
				<event id="28" time="7248333330" vehicle="Vehicle 1" deliver="10"/>
				<event id="29" time="7548333330" vehicle="Vehicle 1" move="Breda"/>
				<event id="30" time="7695555547" vehicle="Vehicle 4" move="Almere"/>
				<event id="31" time="8049999991" vehicle="Vehicle 4" move="Groningen"/>
				<event id="32" time="8584999996" vehicle="Vehicle 1" pickup="11"/>
				<event id="33" time="8884999996" vehicle="Vehicle 1" move="Nijmegen"/>
				<event id="34" time="9761111102" vehicle="Vehicle 4" deliver="5"/>
				<event id="35" time="10061111101" vehicle="Vehicle 4" deliver="3"/>
				<event id="36" time="10361111101" vehicle="Vehicle 4" deliver="1"/>
				<event id="37" time="10488333329" vehicle="Vehicle 1" deliver="11"/>
				<event id="38" time="10661111101" vehicle="Vehicle 4" move="Apeldoorn"/>
				<event id="39" time="10788333329" vehicle="Vehicle 1" move="Utrecht"/>
				<event id="40" time="12227777766" vehicle="Vehicle 4" pickup="9"/>
				<event id="41" time="12228333328" vehicle="Vehicle 1" pickup="28"/>
				<event id="42" time="12527777766" vehicle="Vehicle 4" pickup="8"/>
				<event id="43" time="12528333328" vehicle="Vehicle 1" move="Almere"/>
				<event id="44" time="12827777766" vehicle="Vehicle 4" move="Utrecht"/>
				<event id="45" time="13249999994" vehicle="Vehicle 1" deliver="28"/>
				<event id="46" time="13549999994" vehicle="Vehicle 1" move="Utrecht"/>
				<event id="47" time="13572222210" vehicle="Vehicle 4" move="Rotterdam"/>
				<event id="48" time="14264444431" vehicle="Vehicle 4" move="Den Haag"/>
				<event id="49" time="14271666660" vehicle="Vehicle 1" pickup="29"/>
				<event id="50" time="14546666653" vehicle="Vehicle 4" pickup="7"/>
				<event id="51" time="14571666660" vehicle="Vehicle 1" move="Breda"/>
				<event id="52" time="14846666653" vehicle="Vehicle 4" deliver="9"/>
				<event id="53" time="15146666652" vehicle="Vehicle 4" pickup="13"/>
				<event id="54" time="15446666652" vehicle="Vehicle 4" move="Rotterdam"/>
				<event id="55" time="15728888874" vehicle="Vehicle 4" move="Nijmegen"/>
				<event id="56" time="15796666659" vehicle="Vehicle 1" deliver="29"/>
				<event id="57" time="16973333318" vehicle="Vehicle 4" deliver="7"/>
				<event id="58" time="17273333317" vehicle="Vehicle 4" move="Rotterdam"/>
				<event id="59" time="18517777760" vehicle="Vehicle 4" pickup="15"/>
				<event id="60" time="18817777760" vehicle="Vehicle 4" pickup="12"/>
				<event id="61" time="19117777759" vehicle="Vehicle 4" move="Utrecht"/>
				<event id="62" time="19809999981" vehicle="Vehicle 4" move="Almere"/>
				<event id="63" time="20291111092" vehicle="Vehicle 4" deliver="8"/>
				<event id="64" time="20591111092" vehicle="Vehicle 4" deliver="12"/>
				<event id="65" time="20891111092" vehicle="Vehicle 4" move="Utrecht"/>
				<event id="66" time="21372222202" vehicle="Vehicle 4" move="Eindhoven"/>
				<event id="67" time="22393333312" vehicle="Vehicle 4" pickup="14"/>
				<event id="68" time="22693333312" vehicle="Vehicle 4" move="Nijmegen"/>
				<event id="69" time="23473333311" vehicle="Vehicle 4" deliver="14"/>
				<event id="70" time="23773333311" vehicle="Vehicle 4" move="Apeldoorn"/>
				<event id="71" time="24407777754" vehicle="Vehicle 4" deliver="13"/>
				<event id="72" time="24707777754" vehicle="Vehicle 4" deliver="15"/>
				<event id="73" time="25007777753" vehicle="Vehicle 4" pickup="17"/>
				<event id="74" time="25307777753" vehicle="Vehicle 4" move="Almere"/>
				<event id="75" time="26197777752" vehicle="Vehicle 4" pickup="18"/>
				<event id="76" time="26497777752" vehicle="Vehicle 4" move="Amsterdam"/>
				<event id="77" time="26852222196" vehicle="Vehicle 4" pickup="16"/>
				<event id="78" time="27152222195" vehicle="Vehicle 4" move="Den Haag"/>
				<event id="79" time="27876666639" vehicle="Vehicle 4" deliver="17"/>
				<event id="80" time="28176666638" vehicle="Vehicle 4" pickup="25"/>
				<event id="81" time="28476666638" vehicle="Vehicle 4" move="Rotterdam"/>
				<event id="82" time="28758888860" vehicle="Vehicle 4" deliver="18"/>
				<event id="83" time="29058888859" vehicle="Vehicle 4" move="Breda"/>
				<event id="84" time="29598888859" vehicle="Vehicle 4" deliver="16"/>
				<event id="85" time="29898888859" vehicle="Vehicle 4" move="Eindhoven"/>
				<event id="86" time="30589999970" vehicle="Vehicle 4" pickup="22"/>
				<event id="87" time="30889999970" vehicle="Vehicle 4" pickup="19"/>
				<event id="88" time="31189999970" vehicle="Vehicle 4" pickup="26"/>
				<event id="89" time="31489999970" vehicle="Vehicle 4" move="Breda"/>
				<event id="90" time="32181111081" vehicle="Vehicle 4" deliver="19"/>
				<event id="91" time="32481111081" vehicle="Vehicle 4" pickup="21"/>
				<event id="92" time="32781111081" vehicle="Vehicle 4" move="Utrecht"/>
				<event id="93" time="33597777746" vehicle="Vehicle 4" move="Almere"/>
				<event id="94" time="34078888856" vehicle="Vehicle 4" move="Groningen"/>
				<event id="95" time="35789999967" vehicle="Vehicle 4" deliver="22"/>
				<event id="96" time="36089999967" vehicle="Vehicle 4" deliver="25"/>
				<event id="97" time="36389999967" vehicle="Vehicle 4" pickup="27"/>
				<event id="98" time="36689999967" vehicle="Vehicle 4" pickup="24"/>
				<event id="99" time="36989999967" vehicle="Vehicle 4" move="Almere"/>
				<event id="100" time="38701111078" vehicle="Vehicle 4" move="Amsterdam"/>
				<event id="101" time="39055555521" vehicle="Vehicle 4" pickup="23"/>
				<event id="102" time="39355555521" vehicle="Vehicle 4" deliver="24"/>
				<event id="103" time="39655555521" vehicle="Vehicle 4" deliver="27"/>
				<event id="104" time="39955555521" vehicle="Vehicle 4" pickup="20"/>
				<event id="105" time="40255555520" vehicle="Vehicle 4" move="Den Haag"/>
				<event id="106" time="40979999964" vehicle="Vehicle 4" move="Rotterdam"/>
				<event id="107" time="41262222186" vehicle="Vehicle 4" deliver="26"/>
				<event id="108" time="41562222186" vehicle="Vehicle 4" move="Nijmegen"/>
				<event id="109" time="42806666629" vehicle="Vehicle 4" deliver="21"/>
				<event id="110" time="43106666628" vehicle="Vehicle 4" deliver="20"/>
				<event id="111" time="43406666628" vehicle="Vehicle 4" deliver="23"/>
			</events>
		</round>
	</rounds>
	<statistics>
		<stat rank="1" agent="Opponent">
			<total-tasks value="24"/>
			<total-distance value="2637.6"/>
			<total-cost value="13188"/>
			<total-reward value="18768"/>
			<total-profit value="5580"/>
		</stat>
		<stat rank="2" agent="Naive">
			<total-tasks value="6"/>
			<total-distance value="749.8"/>
			<total-cost value="3749"/>
			<total-reward value="4216"/>
			<total-profit value="467"/>
		</stat>
	</statistics>
</history>
