<?xml version="1.0" encoding="ISO-8859-1"?>

<history configuration="config/rounds/auction3.xml">
	<agents>
		<agent name="Neutral">
			<vehicle name="Vehicle 1"/>
			<vehicle name="Vehicle 2"/>
			<vehicle name="Vehicle 3"/>
			<vehicle name="Vehicle 4"/>
		</agent>
		<agent name="Opponent">
			<vehicle name="Vehicle 5"/>
			<vehicle name="Vehicle 6"/>
			<vehicle name="Vehicle 7"/>
			<vehicle name="Vehicle 8"/>
		</agent>
	</agents>
	<rounds>
		<round id="1">
			<tasks>
				<task id="0" pickup="Paris" delivery="Monaco" weight="25" reward="40845">
					<bid agent="Neutral" bid="2517"/>
					<bid agent="Opponent" bid="4535"/>
				</task>
				<task id="1" pickup="Paris" delivery="Monaco" weight="25" reward="40845">
					<bid agent="Neutral" bid="1342"/>
					<bid agent="Opponent" bid="4423"/>
				</task>
				<task id="2" pickup="Lyon" delivery="Paris" weight="28" reward="78143">
					<bid agent="Neutral" bid="1531"/>
					<bid agent="Opponent" bid="1994"/>
				</task>
				<task id="3" pickup="Brest" delivery="Lyon" weight="13" reward="37398">
					<bid agent="Neutral" bid="2472"/>
					<bid agent="Opponent" bid="4879"/>
				</task>
				<task id="4" pickup="Brest" delivery="Strasbourg" weight="25" reward="35950">
					<bid agent="Neutral" bid="2826"/>
					<bid agent="Opponent" bid="4945"/>
				</task>
				<task id="5" pickup="Brest" delivery="Monaco" weight="15" reward="100">
					<bid agent="Neutral" bid="2945"/>
					<bid agent="Opponent" bid="6986"/>
				</task>
				<task id="6" pickup="Lyon" delivery="Monaco" weight="28" reward="72973">
					<bid agent="Neutral" bid="2154"/>
					<bid agent="Opponent" bid="2271"/>
				</task>
				<task id="7" pickup="Paris" delivery="Le Havre" weight="26" reward="96758">
					<bid agent="Neutral" bid="718"/>
					<bid agent="Opponent" bid="1208"/>
				</task>
				<task id="8" pickup="Brest" delivery="Le Havre" weight="18" reward="56013">
					<bid agent="Neutral" bid="2204"/>
					<bid agent="Opponent" bid="3729"/>
				</task>
				<task id="9" pickup="Paris" delivery="Monaco" weight="25" reward="40845">
					<bid agent="Neutral" bid="2406"/>
					<bid agent="Opponent" bid="4228"/>
				</task>
				<task id="10" pickup="Paris" delivery="Monaco" weight="25" reward="40845">
					<bid agent="Neutral" bid="2097"/>
					<bid agent="Opponent" bid="4215"/>
				</task>
				<task id="11" pickup="Marseille" delivery="Bordeaux" weight="16" reward="65734">
					<bid agent="Neutral" bid="2537"/>
					<bid agent="Opponent" bid="2654"/>
				</task>
				<task id="12" pickup="Lyon" delivery="Monaco" weight="28" reward="72973">
					<bid agent="Neutral" bid="3206"/>
					<bid agent="Opponent" bid="2109"/>
				</task>
				<task id="13" pickup="Genève" delivery="Marseille" weight="29" reward="78212">
					<bid agent="Neutral" bid="1817"/>
					<bid agent="Opponent" bid="1972"/>
				</task>
				<task id="14" pickup="Le Havre" delivery="Strasbourg" weight="10" reward="63183">
					<bid agent="Neutral" bid="3057"/>
					<bid agent="Opponent" bid="3119"/>
				</task>
				<task id="15" pickup="Monaco" delivery="Genève" weight="22" reward="74352">
					<bid agent="Neutral" bid="2945"/>
					<bid agent="Opponent" bid="2276"/>
				</task>
				<task id="16" pickup="Bordeaux" delivery="Le Havre" weight="23" reward="56495">
					<bid agent="Neutral" bid="1950"/>
					<bid agent="Opponent" bid="3087"/>
				</task>
				<task id="17" pickup="Genève" delivery="Bordeaux" weight="16" reward="59460">
					<bid agent="Neutral" bid="1842"/>
					<bid agent="Opponent" bid="2911"/>
				</task>
				<task id="18" pickup="Monaco" delivery="Genève" weight="22" reward="74352">
					<bid agent="Neutral" bid="1302"/>
					<bid agent="Opponent" bid="2521"/>
				</task>
				<task id="19" pickup="Paris" delivery="Monaco" weight="25" reward="40845">
					<bid agent="Neutral" bid="2762"/>
					<bid agent="Opponent" bid="3915"/>
				</task>
				<task id="20" pickup="Monaco" delivery="Brest" weight="12" reward="100">
					<bid agent="Neutral" bid="5162"/>
					<bid agent="Opponent" bid="6433"/>
				</task>
				<task id="21" pickup="Bordeaux" delivery="Marseille" weight="21" reward="65734">
					<bid agent="Neutral" bid="4817"/>
					<bid agent="Opponent" bid="2496"/>
				</task>
				<task id="22" pickup="Brest" delivery="Marseille" weight="11" reward="15612">
					<bid agent="Neutral" bid="3745"/>
					<bid agent="Opponent" bid="5604"/>
				</task>
				<task id="23" pickup="Monaco" delivery="Le Havre" weight="23" reward="27332">
					<bid agent="Neutral" bid="3167"/>
					<bid agent="Opponent" bid="4510"/>
				</task>
				<task id="24" pickup="Brest" delivery="Le Havre" weight="18" reward="56013">
					<bid agent="Neutral" bid="1967"/>
					<bid agent="Opponent" bid="3745"/>
				</task>
				<task id="25" pickup="Brest" delivery="Bordeaux" weight="21" reward="29263">
					<bid agent="Neutral" bid="5857"/>
					<bid agent="Opponent" bid="5101"/>
				</task>
				<task id="26" pickup="Strasbourg" delivery="Brest" weight="25" reward="35950">
					<bid agent="Neutral" bid="3770"/>
					<bid agent="Opponent" bid="4077"/>
				</task>
				<task id="27" pickup="Paris" delivery="Strasbourg" weight="26" reward="76696">
					<bid agent="Neutral" bid="972"/>
					<bid agent="Opponent" bid="2223"/>
				</task>
				<task id="28" pickup="Monaco" delivery="Genève" weight="22" reward="74352">
					<bid agent="Neutral" bid="1390"/>
					<bid agent="Opponent" bid="1983"/>
				</task>
				<task id="29" pickup="Monaco" delivery="Lyon" weight="15" reward="72973">
					<bid agent="Neutral" bid="372"/>
					<bid agent="Opponent" bid="3251"/>
				</task>
				<task id="30" pickup="Brest" delivery="Monaco" weight="15" reward="100">
					<bid agent="Neutral" bid="225"/>
					<bid agent="Opponent" bid="5326"/>
				</task>
				<task id="31" pickup="Genève" delivery="Le Havre" weight="23" reward="54358">
					<bid agent="Neutral" bid="3735"/>
					<bid agent="Opponent" bid="3018"/>
				</task>
				<task id="32" pickup="Marseille" delivery="Brest" weight="16" reward="15612">
					<bid agent="Neutral" bid="2597"/>
					<bid agent="Opponent" bid="4815"/>
				</task>
				<task id="33" pickup="Le Havre" delivery="Bordeaux" weight="22" reward="56495">
					<bid agent="Neutral" bid="2425"/>
					<bid agent="Opponent" bid="3235"/>
				</task>
				<task id="34" pickup="Monaco" delivery="Brest" weight="12" reward="100">
					<bid agent="Neutral" bid="2290"/>
					<bid agent="Opponent" bid="6212"/>
				</task>
				<task id="35" pickup="Le Havre" delivery="Marseille" weight="28" reward="42844">
					<bid agent="Neutral" bid="2382"/>
					<bid agent="Opponent" bid="3562"/>
				</task>
				<task id="36" pickup="Monaco" delivery="Lyon" weight="15" reward="72973">
					<bid agent="Neutral" bid="1637"/>
					<bid agent="Opponent" bid="2157"/>
				</task>
				<task id="37" pickup="Paris" delivery="Strasbourg" weight="26" reward="76696">
					<bid agent="Neutral" bid="2112"/>
					<bid agent="Opponent" bid="2179"/>
				</task>
				<task id="38" pickup="Strasbourg" delivery="Paris" weight="26" reward="76696">
					<bid agent="Neutral" bid="652"/>
					<bid agent="Opponent" bid="2022"/>
				</task>
				<task id="39" pickup="Bordeaux" delivery="Genève" weight="23" reward="59460">
					<bid agent="Neutral" bid="1937"/>
					<bid agent="Opponent" bid="2731"/>
				</task>
			</tasks>
			<events>
				<event id="0" time="0" vehicle="Vehicle 1" move="Brest"/>
				<event id="1" time="0" vehicle="Vehicle 2" pickup="11"/>
				<event id="2" time="0" vehicle="Vehicle 3" pickup="5"/>
				<event id="3" time="0" vehicle="Vehicle 4" pickup="13"/>
				<event id="4" time="0" vehicle="Vehicle 7" pickup="15"/>
				<event id="5" time="300000000" vehicle="Vehicle 2" move="Monaco"/>
				<event id="6" time="300000000" vehicle="Vehicle 3" pickup="30"/>
				<event id="7" time="300000000" vehicle="Vehicle 4" move="Lyon"/>
				<event id="8" time="300000000" vehicle="Vehicle 7" move="Genève"/>
				<event id="9" time="600000000" vehicle="Vehicle 3" move="Paris"/>
				<event id="10" time="1955555555" vehicle="Vehicle 4" pickup="6"/>
				<event id="11" time="2255555554" vehicle="Vehicle 4" move="Marseille"/>
				<event id="12" time="2800000000" vehicle="Vehicle 2" pickup="28"/>
				<event id="13" time="3100000000" vehicle="Vehicle 2" pickup="29"/>
				<event id="14" time="3400000000" vehicle="Vehicle 2" pickup="18"/>
				<event id="15" time="3700000000" vehicle="Vehicle 2" move="Genève"/>
				<event id="16" time="5766666664" vehicle="Vehicle 4" deliver="13"/>
				<event id="17" time="6066666663" vehicle="Vehicle 4" move="Monaco"/>
				<event id="18" time="6088888888" vehicle="Vehicle 7" deliver="15"/>
				<event id="19" time="6388888888" vehicle="Vehicle 7" pickup="31"/>
				<event id="20" time="6688888888" vehicle="Vehicle 7" move="Lyon"/>
				<event id="21" time="7166666666" vehicle="Vehicle 3" pickup="10"/>
				<event id="22" time="7466666666" vehicle="Vehicle 3" pickup="0"/>
				<event id="23" time="7766666666" vehicle="Vehicle 3" move="Lyon"/>
				<event id="24" time="8344444443" vehicle="Vehicle 7" pickup="12"/>
				<event id="25" time="8566666662" vehicle="Vehicle 4" pickup="23"/>
				<event id="26" time="8644444443" vehicle="Vehicle 7" move="Paris"/>
				<event id="27" time="8866666662" vehicle="Vehicle 4" pickup="36"/>
				<event id="28" time="9166666661" vehicle="Vehicle 4" deliver="6"/>
				<event id="29" time="9466666661" vehicle="Vehicle 4" pickup="34"/>
				<event id="30" time="9488888888" vehicle="Vehicle 2" deliver="18"/>
				<event id="31" time="9766666661" vehicle="Vehicle 4" pickup="20"/>
				<event id="32" time="9788888888" vehicle="Vehicle 2" pickup="17"/>
				<event id="33" time="9850000000" vehicle="Vehicle 1" pickup="24"/>
				<event id="34" time="10066666660" vehicle="Vehicle 4" move="Marseille"/>
				<event id="35" time="10088888887" vehicle="Vehicle 2" deliver="28"/>
				<event id="36" time="10150000000" vehicle="Vehicle 1" pickup="8"/>
				<event id="37" time="10388888887" vehicle="Vehicle 2" move="Lyon"/>
				<event id="38" time="10450000000" vehicle="Vehicle 1" move="Paris"/>
				<event id="39" time="12044444442" vehicle="Vehicle 2" move="Bordeaux"/>
				<event id="40" time="12566666659" vehicle="Vehicle 4" pickup="32"/>
				<event id="41" time="12866666659" vehicle="Vehicle 4" move="Lyon"/>
				<event id="42" time="12944444443" vehicle="Vehicle 3" move="Marseille"/>
				<event id="43" time="13822222220" vehicle="Vehicle 7" move="Le Havre"/>
				<event id="44" time="15999999997" vehicle="Vehicle 7" deliver="31"/>
				<event id="45" time="16299999997" vehicle="Vehicle 7" move="Paris"/>
				<event id="46" time="16377777769" vehicle="Vehicle 4" deliver="36"/>
				<event id="47" time="16455555553" vehicle="Vehicle 3" move="Monaco"/>
				<event id="48" time="16677777769" vehicle="Vehicle 4" move="Paris"/>
				<event id="49" time="18477777774" vehicle="Vehicle 7" move="Brest"/>
				<event id="50" time="18577777774" vehicle="Vehicle 2" pickup="16"/>
				<event id="51" time="18877777774" vehicle="Vehicle 2" deliver="11"/>
				<event id="52" time="18955555552" vehicle="Vehicle 3" deliver="0"/>
				<event id="53" time="19177777773" vehicle="Vehicle 2" pickup="39"/>
				<event id="54" time="19255555551" vehicle="Vehicle 3" deliver="30"/>
				<event id="55" time="19477777773" vehicle="Vehicle 2" deliver="17"/>
				<event id="56" time="19555555551" vehicle="Vehicle 3" deliver="10"/>
				<event id="57" time="19777777773" vehicle="Vehicle 2" move="Paris"/>
				<event id="58" time="19855555551" vehicle="Vehicle 3" deliver="5"/>
				<event id="59" time="20300000000" vehicle="Vehicle 1" pickup="7"/>
				<event id="60" time="20600000000" vehicle="Vehicle 1" move="Le Havre"/>
				<event id="61" time="21855555546" vehicle="Vehicle 4" move="Le Havre"/>
				<event id="62" time="23866666666" vehicle="Vehicle 1" deliver="8"/>
				<event id="63" time="24033333323" vehicle="Vehicle 4" deliver="23"/>
				<event id="64" time="24166666665" vehicle="Vehicle 1" deliver="24"/>
				<event id="65" time="24333333323" vehicle="Vehicle 4" move="Paris"/>
				<event id="66" time="24466666665" vehicle="Vehicle 1" pickup="35"/>
				<event id="67" time="24766666665" vehicle="Vehicle 1" pickup="33"/>
				<event id="68" time="25044444440" vehicle="Vehicle 7" pickup="25"/>
				<event id="69" time="25066666664" vehicle="Vehicle 1" deliver="7"/>
				<event id="70" time="25344444440" vehicle="Vehicle 7" move="Paris"/>
				<event id="71" time="25366666664" vehicle="Vehicle 1" move="Paris"/>
				<event id="72" time="26266666661" vehicle="Vehicle 2" move="Le Havre"/>
				<event id="73" time="26511111100" vehicle="Vehicle 4" move="Brest"/>
				<event id="74" time="28444444438" vehicle="Vehicle 2" deliver="16"/>
				<event id="75" time="28633333330" vehicle="Vehicle 1" pickup="19"/>
				<event id="76" time="28744444438" vehicle="Vehicle 2" pickup="14"/>
				<event id="77" time="28933333330" vehicle="Vehicle 1" move="Bordeaux"/>
				<event id="78" time="29044444437" vehicle="Vehicle 2" move="Paris"/>
				<event id="79" time="31222222214" vehicle="Vehicle 2" pickup="27"/>
				<event id="80" time="31522222214" vehicle="Vehicle 2" move="Strasbourg"/>
				<event id="81" time="31911111106" vehicle="Vehicle 7" move="Bordeaux"/>
				<event id="82" time="33077777765" vehicle="Vehicle 4" deliver="20"/>
				<event id="83" time="33377777765" vehicle="Vehicle 4" deliver="32"/>
				<event id="84" time="33677777765" vehicle="Vehicle 4" deliver="34"/>
				<event id="85" time="36933333324" vehicle="Vehicle 2" deliver="27"/>
				<event id="86" time="37233333323" vehicle="Vehicle 2" pickup="26"/>
				<event id="87" time="37533333323" vehicle="Vehicle 2" deliver="14"/>
				<event id="88" time="37833333323" vehicle="Vehicle 2" move="Genève"/>
				<event id="89" time="38399999994" vehicle="Vehicle 7" deliver="25"/>
				<event id="90" time="38666666662" vehicle="Vehicle 1" deliver="33"/>
				<event id="91" time="38699999994" vehicle="Vehicle 7" pickup="21"/>
				<event id="92" time="38966666662" vehicle="Vehicle 1" move="Marseille"/>
				<event id="93" time="38999999994" vehicle="Vehicle 7" move="Marseille"/>
				<event id="94" time="42155555544" vehicle="Vehicle 2" deliver="39"/>
				<event id="95" time="42455555544" vehicle="Vehicle 2" move="Lyon"/>
				<event id="96" time="44111111099" vehicle="Vehicle 2" pickup="2"/>
				<event id="97" time="44411111099" vehicle="Vehicle 2" deliver="29"/>
				<event id="98" time="44711111099" vehicle="Vehicle 2" move="Paris"/>
				<event id="99" time="46177777771" vehicle="Vehicle 7" deliver="21"/>
				<event id="100" time="46477777771" vehicle="Vehicle 7" move="Monaco"/>
				<event id="101" time="48977777770" vehicle="Vehicle 7" deliver="12"/>
				<event id="102" time="49733333328" vehicle="Vehicle 1" deliver="35"/>
				<event id="103" time="49888888875" vehicle="Vehicle 2" move="Brest"/>
				<event id="104" time="50033333327" vehicle="Vehicle 1" move="Monaco"/>
				<event id="105" time="53783333326" vehicle="Vehicle 1" deliver="19"/>
				<event id="106" time="56455555541" vehicle="Vehicle 2" pickup="4"/>
				<event id="107" time="56755555541" vehicle="Vehicle 2" deliver="26"/>
				<event id="108" time="57055555540" vehicle="Vehicle 2" pickup="22"/>
				<event id="109" time="57355555540" vehicle="Vehicle 2" pickup="3"/>
				<event id="110" time="57655555540" vehicle="Vehicle 2" move="Paris"/>
				<event id="111" time="64222222206" vehicle="Vehicle 2" deliver="2"/>
				<event id="112" time="64522222206" vehicle="Vehicle 2" pickup="37"/>
				<event id="113" time="64822222206" vehicle="Vehicle 2" move="Strasbourg"/>
				<event id="114" time="70233333316" vehicle="Vehicle 2" deliver="4"/>
				<event id="115" time="70533333316" vehicle="Vehicle 2" pickup="38"/>
				<event id="116" time="70833333316" vehicle="Vehicle 2" deliver="37"/>
				<event id="117" time="71133333315" vehicle="Vehicle 2" move="Paris"/>
				<event id="118" time="76544444425" vehicle="Vehicle 2" pickup="1"/>
				<event id="119" time="76844444425" vehicle="Vehicle 2" deliver="38"/>
				<event id="120" time="77144444424" vehicle="Vehicle 2" pickup="9"/>
				<event id="121" time="77444444424" vehicle="Vehicle 2" move="Lyon"/>
				<event id="122" time="82622222201" vehicle="Vehicle 2" deliver="3"/>
				<event id="123" time="82922222201" vehicle="Vehicle 2" move="Marseille"/>
				<event id="124" time="86433333311" vehicle="Vehicle 2" deliver="22"/>
				<event id="125" time="86733333311" vehicle="Vehicle 2" move="Monaco"/>
				<event id="126" time="89233333310" vehicle="Vehicle 2" deliver="1"/>
				<event id="127" time="89533333310" vehicle="Vehicle 2" deliver="9"/>
			</events>
		</round>
	</rounds>
	<statistics>
		<stat rank="1" agent="Neutral">
			<total-tasks value="35"/>
			<total-distance value="14420.0"/>
			<total-cost value="72100"/>
			<total-reward value="75281"/>
			<total-profit value="3181"/>
		</stat>
		<stat rank="2" agent="Opponent">
			<total-tasks value="5"/>
			<total-distance value="4165.0"/>
			<total-cost value="20825"/>
			<total-reward value="15000"/>
			<total-profit value="-5825"/>
		</stat>
	</statistics>
</history>
