<?xml version="1.0" encoding="ISO-8859-1"?>

<history configuration="config/rounds/auction3.xml">
	<agents>
		<agent name="Zero">
			<vehicle name="Vehicle 1"/>
			<vehicle name="Vehicle 2"/>
			<vehicle name="Vehicle 3"/>
			<vehicle name="Vehicle 4"/>
		</agent>
		<agent name="Neutral">
			<vehicle name="Vehicle 5"/>
			<vehicle name="Vehicle 6"/>
			<vehicle name="Vehicle 7"/>
			<vehicle name="Vehicle 8"/>
		</agent>
	</agents>
	<rounds>
		<round id="1">
			<tasks>
				<task id="0" pickup="Paris" delivery="Monaco" weight="25" reward="40845">
					<bid agent="Zero" bid="5035"/>
					<bid agent="Neutral" bid="3100"/>
				</task>
				<task id="1" pickup="Paris" delivery="Monaco" weight="25" reward="40845">
					<bid agent="Zero" bid="5035"/>
					<bid agent="Neutral" bid="1342"/>
				</task>
				<task id="2" pickup="Lyon" delivery="Paris" weight="28" reward="78143">
					<bid agent="Zero" bid="3075"/>
					<bid agent="Neutral" bid="660"/>
				</task>
				<task id="3" pickup="Brest" delivery="Lyon" weight="13" reward="37398">
					<bid agent="Zero" bid="5285"/>
					<bid agent="Neutral" bid="3358"/>
				</task>
				<task id="4" pickup="Brest" delivery="Strasbourg" weight="25" reward="35950">
					<bid agent="Zero" bid="5390"/>
					<bid agent="Neutral" bid="3249"/>
				</task>
				<task id="5" pickup="Brest" delivery="Monaco" weight="15" reward="100">
					<bid agent="Zero" bid="7990"/>
					<bid agent="Neutral" bid="2663"/>
				</task>
				<task id="6" pickup="Lyon" delivery="Monaco" weight="28" reward="72973">
					<bid agent="Zero" bid="3450"/>
					<bid agent="Neutral" bid="2835"/>
				</task>
				<task id="7" pickup="Paris" delivery="Le Havre" weight="26" reward="96758">
					<bid agent="Zero" bid="980"/>
					<bid agent="Neutral" bid="1078"/>
				</task>
				<task id="8" pickup="Brest" delivery="Le Havre" weight="18" reward="56013">
					<bid agent="Zero" bid="2955"/>
					<bid agent="Neutral" bid="1884"/>
				</task>
				<task id="9" pickup="Paris" delivery="Monaco" weight="25" reward="40845">
					<bid agent="Zero" bid="6015"/>
					<bid agent="Neutral" bid="2406"/>
				</task>
				<task id="10" pickup="Paris" delivery="Monaco" weight="25" reward="40845">
					<bid agent="Zero" bid="6015"/>
					<bid agent="Neutral" bid="2506"/>
				</task>
				<task id="11" pickup="Marseille" delivery="Bordeaux" weight="16" reward="65734">
					<bid agent="Zero" bid="3230"/>
					<bid agent="Neutral" bid="3497"/>
				</task>
				<task id="12" pickup="Lyon" delivery="Monaco" weight="28" reward="72973">
					<bid agent="Zero" bid="3450"/>
					<bid agent="Neutral" bid="3271"/>
				</task>
				<task id="13" pickup="Genève" delivery="Marseille" weight="29" reward="78212">
					<bid agent="Zero" bid="2325"/>
					<bid agent="Neutral" bid="1780"/>
				</task>
				<task id="14" pickup="Le Havre" delivery="Strasbourg" weight="10" reward="63183">
					<bid agent="Zero" bid="3415"/>
					<bid agent="Neutral" bid="2568"/>
				</task>
				<task id="15" pickup="Monaco" delivery="Genève" weight="22" reward="74352">
					<bid agent="Zero" bid="4185"/>
					<bid agent="Neutral" bid="3027"/>
				</task>
				<task id="16" pickup="Bordeaux" delivery="Le Havre" weight="23" reward="56495">
					<bid agent="Zero" bid="2920"/>
					<bid agent="Neutral" bid="2440"/>
				</task>
				<task id="17" pickup="Genève" delivery="Bordeaux" weight="16" reward="59460">
					<bid agent="Zero" bid="2325"/>
					<bid agent="Neutral" bid="2595"/>
				</task>
				<task id="18" pickup="Monaco" delivery="Genève" weight="22" reward="74352">
					<bid agent="Zero" bid="1860"/>
					<bid agent="Neutral" bid="790"/>
				</task>
				<task id="19" pickup="Paris" delivery="Monaco" weight="25" reward="40845">
					<bid agent="Zero" bid="5460"/>
					<bid agent="Neutral" bid="3277"/>
				</task>
				<task id="20" pickup="Monaco" delivery="Brest" weight="12" reward="100">
					<bid agent="Zero" bid="7280"/>
					<bid agent="Neutral" bid="4130"/>
				</task>
				<task id="21" pickup="Bordeaux" delivery="Marseille" weight="21" reward="65734">
					<bid agent="Zero" bid="3230"/>
					<bid agent="Neutral" bid="4315"/>
				</task>
				<task id="22" pickup="Brest" delivery="Marseille" weight="11" reward="15612">
					<bid agent="Zero" bid="5875"/>
					<bid agent="Neutral" bid="7700"/>
				</task>
				<task id="23" pickup="Monaco" delivery="Le Havre" weight="23" reward="27332">
					<bid agent="Zero" bid="4325"/>
					<bid agent="Neutral" bid="2915"/>
				</task>
				<task id="24" pickup="Brest" delivery="Le Havre" weight="18" reward="56013">
					<bid agent="Zero" bid="980"/>
					<bid agent="Neutral" bid="2237"/>
				</task>
				<task id="25" pickup="Brest" delivery="Bordeaux" weight="21" reward="29263">
					<bid agent="Zero" bid="0"/>
					<bid agent="Neutral" bid="5465"/>
				</task>
				<task id="26" pickup="Strasbourg" delivery="Brest" weight="25" reward="35950">
					<bid agent="Zero" bid="6950"/>
					<bid agent="Neutral" bid="6530"/>
				</task>
				<task id="27" pickup="Paris" delivery="Strasbourg" weight="26" reward="76696">
					<bid agent="Zero" bid="1460"/>
					<bid agent="Neutral" bid="730"/>
				</task>
				<task id="28" pickup="Monaco" delivery="Genève" weight="22" reward="74352">
					<bid agent="Zero" bid="1860"/>
					<bid agent="Neutral" bid="3535"/>
				</task>
				<task id="29" pickup="Monaco" delivery="Lyon" weight="15" reward="72973">
					<bid agent="Zero" bid="0"/>
					<bid agent="Neutral" bid="775"/>
				</task>
				<task id="30" pickup="Brest" delivery="Monaco" weight="15" reward="100">
					<bid agent="Zero" bid="1940"/>
					<bid agent="Neutral" bid="3670"/>
				</task>
				<task id="31" pickup="Genève" delivery="Le Havre" weight="23" reward="54358">
					<bid agent="Zero" bid="845"/>
					<bid agent="Neutral" bid="3925"/>
				</task>
				<task id="32" pickup="Marseille" delivery="Brest" weight="16" reward="15612">
					<bid agent="Zero" bid="6935"/>
					<bid agent="Neutral" bid="3887"/>
				</task>
				<task id="33" pickup="Le Havre" delivery="Bordeaux" weight="22" reward="56495">
					<bid agent="Zero" bid="1270"/>
					<bid agent="Neutral" bid="1760"/>
				</task>
				<task id="34" pickup="Monaco" delivery="Brest" weight="12" reward="100">
					<bid agent="Zero" bid="6260"/>
					<bid agent="Neutral" bid="2402"/>
				</task>
				<task id="35" pickup="Le Havre" delivery="Marseille" weight="28" reward="42844">
					<bid agent="Zero" bid="1195"/>
					<bid agent="Neutral" bid="3375"/>
				</task>
				<task id="36" pickup="Monaco" delivery="Lyon" weight="15" reward="72973">
					<bid agent="Zero" bid="845"/>
					<bid agent="Neutral" bid="-2"/>
				</task>
				<task id="37" pickup="Paris" delivery="Strasbourg" weight="26" reward="76696">
					<bid agent="Zero" bid="5850"/>
					<bid agent="Neutral" bid="2435"/>
				</task>
				<task id="38" pickup="Strasbourg" delivery="Paris" weight="26" reward="76696">
					<bid agent="Zero" bid="4870"/>
					<bid agent="Neutral" bid="2050"/>
				</task>
				<task id="39" pickup="Bordeaux" delivery="Genève" weight="23" reward="59460">
					<bid agent="Zero" bid="3240"/>
					<bid agent="Neutral" bid="2135"/>
				</task>
			</tasks>
			<events>
				<event id="0" time="0" vehicle="Vehicle 3" pickup="22"/>
				<event id="1" time="0" vehicle="Vehicle 5" move="Paris"/>
				<event id="2" time="0" vehicle="Vehicle 6" pickup="16"/>
				<event id="3" time="0" vehicle="Vehicle 7" pickup="18"/>
				<event id="4" time="0" vehicle="Vehicle 8" pickup="38"/>
				<event id="5" time="300000000" vehicle="Vehicle 3" pickup="30"/>
				<event id="6" time="300000000" vehicle="Vehicle 6" pickup="39"/>
				<event id="7" time="300000000" vehicle="Vehicle 7" pickup="23"/>
				<event id="8" time="300000000" vehicle="Vehicle 8" pickup="26"/>
				<event id="9" time="600000000" vehicle="Vehicle 3" pickup="24"/>
				<event id="10" time="600000000" vehicle="Vehicle 6" move="Paris"/>
				<event id="11" time="600000000" vehicle="Vehicle 7" pickup="15"/>
				<event id="12" time="600000000" vehicle="Vehicle 8" move="Paris"/>
				<event id="13" time="900000000" vehicle="Vehicle 3" pickup="25"/>
				<event id="14" time="900000000" vehicle="Vehicle 7" move="Genève"/>
				<event id="15" time="1200000000" vehicle="Vehicle 3" move="Paris"/>
				<event id="16" time="5177777777" vehicle="Vehicle 5" pickup="0"/>
				<event id="17" time="5477777777" vehicle="Vehicle 5" pickup="9"/>
				<event id="18" time="5777777777" vehicle="Vehicle 5" pickup="10"/>
				<event id="19" time="6011111111" vehicle="Vehicle 8" pickup="1"/>
				<event id="20" time="6077777776" vehicle="Vehicle 5" move="Lyon"/>
				<event id="21" time="6311111111" vehicle="Vehicle 8" deliver="38"/>
				<event id="22" time="6611111111" vehicle="Vehicle 8" pickup="19"/>
				<event id="23" time="6688888888" vehicle="Vehicle 7" deliver="15"/>
				<event id="24" time="6911111111" vehicle="Vehicle 8" move="Lyon"/>
				<event id="25" time="6988888888" vehicle="Vehicle 7" deliver="18"/>
				<event id="26" time="7088888888" vehicle="Vehicle 6" move="Le Havre"/>
				<event id="27" time="7288888887" vehicle="Vehicle 7" move="Lyon"/>
				<event id="28" time="7766666666" vehicle="Vehicle 3" move="Le Havre"/>
				<event id="29" time="8944444442" vehicle="Vehicle 7" pickup="2"/>
				<event id="30" time="9244444441" vehicle="Vehicle 7" move="Paris"/>
				<event id="31" time="9266666665" vehicle="Vehicle 6" pickup="14"/>
				<event id="32" time="9566666665" vehicle="Vehicle 6" deliver="16"/>
				<event id="33" time="9866666665" vehicle="Vehicle 6" move="Paris"/>
				<event id="34" time="9944444443" vehicle="Vehicle 3" deliver="24"/>
				<event id="35" time="10244444442" vehicle="Vehicle 3" move="Paris"/>
				<event id="36" time="11255555553" vehicle="Vehicle 5" move="Marseille"/>
				<event id="37" time="12044444442" vehicle="Vehicle 6" pickup="37"/>
				<event id="38" time="12088888887" vehicle="Vehicle 8" move="Marseille"/>
				<event id="39" time="12344444442" vehicle="Vehicle 6" move="Lyon"/>
				<event id="40" time="12422222219" vehicle="Vehicle 3" pickup="7"/>
				<event id="41" time="12722222219" vehicle="Vehicle 3" move="Le Havre"/>
				<event id="42" time="14422222218" vehicle="Vehicle 7" deliver="2"/>
				<event id="43" time="14722222218" vehicle="Vehicle 7" move="Le Havre"/>
				<event id="44" time="14766666663" vehicle="Vehicle 5" move="Monaco"/>
				<event id="45" time="14899999996" vehicle="Vehicle 3" deliver="7"/>
				<event id="46" time="15199999996" vehicle="Vehicle 3" pickup="35"/>
				<event id="47" time="15499999996" vehicle="Vehicle 3" move="Paris"/>
				<event id="48" time="15599999998" vehicle="Vehicle 8" move="Monaco"/>
				<event id="49" time="16899999995" vehicle="Vehicle 7" deliver="23"/>
				<event id="50" time="17266666662" vehicle="Vehicle 5" deliver="9"/>
				<event id="51" time="17522222219" vehicle="Vehicle 6" move="Genève"/>
				<event id="52" time="17566666662" vehicle="Vehicle 5" deliver="0"/>
				<event id="53" time="17677777773" vehicle="Vehicle 3" move="Bordeaux"/>
				<event id="54" time="17866666662" vehicle="Vehicle 5" deliver="10"/>
				<event id="55" time="18099999998" vehicle="Vehicle 8" deliver="19"/>
				<event id="56" time="18399999998" vehicle="Vehicle 8" pickup="34"/>
				<event id="57" time="18699999998" vehicle="Vehicle 8" deliver="1"/>
				<event id="58" time="18999999998" vehicle="Vehicle 8" pickup="36"/>
				<event id="59" time="19177777773" vehicle="Vehicle 6" deliver="39"/>
				<event id="60" time="19299999998" vehicle="Vehicle 8" pickup="20"/>
				<event id="61" time="19477777773" vehicle="Vehicle 6" move="Strasbourg"/>
				<event id="62" time="19599999998" vehicle="Vehicle 8" move="Marseille"/>
				<event id="63" time="22099999998" vehicle="Vehicle 8" pickup="32"/>
				<event id="64" time="22399999998" vehicle="Vehicle 8" move="Lyon"/>
				<event id="65" time="23799999995" vehicle="Vehicle 6" deliver="37"/>
				<event id="66" time="24099999995" vehicle="Vehicle 6" deliver="14"/>
				<event id="67" time="24166666661" vehicle="Vehicle 3" deliver="25"/>
				<event id="68" time="24466666661" vehicle="Vehicle 3" pickup="21"/>
				<event id="69" time="24766666661" vehicle="Vehicle 3" move="Marseille"/>
				<event id="70" time="25911111109" vehicle="Vehicle 8" deliver="36"/>
				<event id="71" time="26211111108" vehicle="Vehicle 8" move="Paris"/>
				<event id="72" time="31388888884" vehicle="Vehicle 8" move="Brest"/>
				<event id="73" time="31944444438" vehicle="Vehicle 3" deliver="35"/>
				<event id="74" time="32244444437" vehicle="Vehicle 3" pickup="11"/>
				<event id="75" time="32544444437" vehicle="Vehicle 3" deliver="22"/>
				<event id="76" time="32844444437" vehicle="Vehicle 3" deliver="21"/>
				<event id="77" time="33144444436" vehicle="Vehicle 3" move="Monaco"/>
				<event id="78" time="35644444435" vehicle="Vehicle 3" pickup="28"/>
				<event id="79" time="35944444435" vehicle="Vehicle 3" pickup="29"/>
				<event id="80" time="36244444434" vehicle="Vehicle 3" deliver="30"/>
				<event id="81" time="36544444434" vehicle="Vehicle 3" move="Genève"/>
				<event id="82" time="37955555550" vehicle="Vehicle 8" deliver="26"/>
				<event id="83" time="38255555549" vehicle="Vehicle 8" deliver="32"/>
				<event id="84" time="38555555549" vehicle="Vehicle 8" pickup="8"/>
				<event id="85" time="38855555549" vehicle="Vehicle 8" pickup="3"/>
				<event id="86" time="39155555548" vehicle="Vehicle 8" pickup="5"/>
				<event id="87" time="39455555548" vehicle="Vehicle 8" deliver="34"/>
				<event id="88" time="39755555548" vehicle="Vehicle 8" deliver="20"/>
				<event id="89" time="40055555547" vehicle="Vehicle 8" pickup="4"/>
				<event id="90" time="40355555547" vehicle="Vehicle 8" move="Paris"/>
				<event id="91" time="42333333322" vehicle="Vehicle 3" pickup="17"/>
				<event id="92" time="42633333322" vehicle="Vehicle 3" deliver="28"/>
				<event id="93" time="42933333322" vehicle="Vehicle 3" pickup="31"/>
				<event id="94" time="43233333321" vehicle="Vehicle 3" move="Lyon"/>
				<event id="95" time="44888888875" vehicle="Vehicle 3" deliver="29"/>
				<event id="96" time="45188888874" vehicle="Vehicle 3" move="Paris"/>
				<event id="97" time="46922222213" vehicle="Vehicle 8" move="Le Havre"/>
				<event id="98" time="49099999990" vehicle="Vehicle 8" deliver="8"/>
				<event id="99" time="49399999990" vehicle="Vehicle 8" move="Paris"/>
				<event id="100" time="50366666651" vehicle="Vehicle 3" move="Le Havre"/>
				<event id="101" time="51577777767" vehicle="Vehicle 8" pickup="27"/>
				<event id="102" time="51877777767" vehicle="Vehicle 8" move="Strasbourg"/>
				<event id="103" time="52544444428" vehicle="Vehicle 3" pickup="33"/>
				<event id="104" time="52844444428" vehicle="Vehicle 3" deliver="31"/>
				<event id="105" time="53144444427" vehicle="Vehicle 3" move="Paris"/>
				<event id="106" time="55322222204" vehicle="Vehicle 3" move="Bordeaux"/>
				<event id="107" time="57288888877" vehicle="Vehicle 8" deliver="27"/>
				<event id="108" time="57588888877" vehicle="Vehicle 8" deliver="4"/>
				<event id="109" time="57888888877" vehicle="Vehicle 8" move="Genève"/>
				<event id="110" time="61811111092" vehicle="Vehicle 3" deliver="33"/>
				<event id="111" time="62111111091" vehicle="Vehicle 3" deliver="11"/>
				<event id="112" time="62211111099" vehicle="Vehicle 8" pickup="13"/>
				<event id="113" time="62411111091" vehicle="Vehicle 3" deliver="17"/>
				<event id="114" time="62511111099" vehicle="Vehicle 8" move="Lyon"/>
				<event id="115" time="64166666653" vehicle="Vehicle 8" deliver="3"/>
				<event id="116" time="64466666653" vehicle="Vehicle 8" pickup="12"/>
				<event id="117" time="64766666653" vehicle="Vehicle 8" move="Marseille"/>
				<event id="118" time="68277777763" vehicle="Vehicle 8" deliver="13"/>
				<event id="119" time="68577777763" vehicle="Vehicle 8" move="Lyon"/>
				<event id="120" time="72088888873" vehicle="Vehicle 8" pickup="6"/>
				<event id="121" time="72388888873" vehicle="Vehicle 8" move="Marseille"/>
				<event id="122" time="75899999984" vehicle="Vehicle 8" move="Monaco"/>
				<event id="123" time="78399999984" vehicle="Vehicle 8" deliver="12"/>
				<event id="124" time="78699999984" vehicle="Vehicle 8" deliver="6"/>
				<event id="125" time="78999999984" vehicle="Vehicle 8" deliver="5"/>
			</events>
		</round>
	</rounds>
	<statistics>
		<stat rank="1" agent="Neutral">
			<total-tasks value="27"/>
			<total-distance value="11058.0"/>
			<total-cost value="55290"/>
			<total-reward value="68368"/>
			<total-profit value="13078"/>
		</stat>
		<stat rank="2" agent="Zero">
			<total-tasks value="13"/>
			<total-distance value="4942.0"/>
			<total-cost value="24710"/>
			<total-reward value="23730"/>
			<total-profit value="-980"/>
		</stat>
	</statistics>
</history>
