<?xml version="1.0" encoding="ISO-8859-1"?>

<history configuration="config/rounds/auction1.xml">
	<agents>
		<agent name="Margin">
			<vehicle name="Vehicle 1"/>
			<vehicle name="Vehicle 2"/>
		</agent>
		<agent name="AFK">
			<vehicle name="Vehicle 3"/>
			<vehicle name="Vehicle 4"/>
		</agent>
	</agents>
	<rounds>
		<round id="1">
			<tasks>
				<task id="0" pickup="Leeds" delivery="Sheffield" weight="6" reward="1281">
					<bid agent="Margin" bid="349"/>
				</task>
				<task id="1" pickup="Liverpool" delivery="Sheffield" weight="7" reward="14258">
					<bid agent="Margin" bid="378"/>
				</task>
				<task id="2" pickup="Manchester" delivery="Cardiff" weight="9" reward="31460">
					<bid agent="Margin" bid="741"/>
				</task>
				<task id="3" pickup="Manchester" delivery="London" weight="6" reward="31997">
					<bid agent="Margin" bid="643"/>
				</task>
				<task id="4" pickup="Plymouth" delivery="Birmingham" weight="8" reward="58829">
					<bid agent="Margin" bid="1379"/>
				</task>
				<task id="5" pickup="Liverpool" delivery="Norwich" weight="5" reward="58793">
					<bid agent="Margin" bid="335"/>
				</task>
				<task id="6" pickup="Birmingham" delivery="Norwich" weight="8" reward="35595">
					<bid agent="Margin" bid="25"/>
				</task>
				<task id="7" pickup="Sheffield" delivery="Manchester" weight="7" reward="20470">
					<bid agent="Margin" bid="397"/>
				</task>
				<task id="8" pickup="Liverpool" delivery="Cardiff" weight="6" reward="37671">
					<bid agent="Margin" bid="25"/>
				</task>
				<task id="9" pickup="Sheffield" delivery="Norwich" weight="7" reward="51741">
					<bid agent="Margin" bid="25"/>
				</task>
				<task id="10" pickup="Portsmouth" delivery="Cardiff" weight="5" reward="48984">
					<bid agent="Margin" bid="409"/>
				</task>
				<task id="11" pickup="Plymouth" delivery="London" weight="7" reward="37707">
					<bid agent="Margin" bid="25"/>
				</task>
				<task id="12" pickup="Sheffield" delivery="Norwich" weight="7" reward="51741">
					<bid agent="Margin" bid="43"/>
				</task>
				<task id="13" pickup="Newcastle" delivery="Liverpool" weight="9" reward="24497">
					<bid agent="Margin" bid="25"/>
				</task>
				<task id="14" pickup="Cardiff" delivery="Newcastle" weight="8" reward="55643">
					<bid agent="Margin" bid="424"/>
				</task>
				<task id="15" pickup="Birmingham" delivery="Sheffield" weight="6" reward="10034">
					<bid agent="Margin" bid="103"/>
				</task>
				<task id="16" pickup="Newcastle" delivery="Birmingham" weight="5" reward="35058">
					<bid agent="Margin" bid="25"/>
				</task>
				<task id="17" pickup="Birmingham" delivery="Plymouth" weight="6" reward="58829">
					<bid agent="Margin" bid="114"/>
				</task>
				<task id="18" pickup="Cardiff" delivery="Newcastle" weight="8" reward="55643">
					<bid agent="Margin" bid="25"/>
				</task>
				<task id="19" pickup="Leeds" delivery="Sheffield" weight="6" reward="1281">
					<bid agent="Margin" bid="25"/>
				</task>
			</tasks>
			<events>
				<event id="0" time="0" vehicle="Vehicle 1" pickup="16"/>
				<event id="1" time="300000000" vehicle="Vehicle 1" move="Leeds"/>
				<event id="2" time="1394444444" vehicle="Vehicle 1" move="Sheffield"/>
				<event id="3" time="1853333332" vehicle="Vehicle 1" move="Birmingham"/>
				<event id="4" time="2855555553" vehicle="Vehicle 1" pickup="17"/>
				<event id="5" time="3155555552" vehicle="Vehicle 1" move="London"/>
				<event id="6" time="4466666662" vehicle="Vehicle 1" move="Portsmouth"/>
				<event id="7" time="5297777772" vehicle="Vehicle 1" pickup="10"/>
				<event id="8" time="5597777772" vehicle="Vehicle 1" move="Plymouth"/>
				<event id="9" time="7486666660" vehicle="Vehicle 1" pickup="11"/>
				<event id="10" time="7786666660" vehicle="Vehicle 1" pickup="4"/>
				<event id="11" time="8086666659" vehicle="Vehicle 1" deliver="17"/>
				<event id="12" time="8386666659" vehicle="Vehicle 1" move="Portsmouth"/>
				<event id="13" time="10275555547" vehicle="Vehicle 1" move="London"/>
				<event id="14" time="11106666657" vehicle="Vehicle 1" move="Birmingham"/>
				<event id="15" time="12417777767" vehicle="Vehicle 1" move="Manchester"/>
				<event id="16" time="13472222211" vehicle="Vehicle 1" move="Liverpool"/>
				<event id="17" time="13857777766" vehicle="Vehicle 1" pickup="8"/>
				<event id="18" time="14157777765" vehicle="Vehicle 1" move="Manchester"/>
				<event id="19" time="14543333320" vehicle="Vehicle 1" pickup="2"/>
				<event id="20" time="14843333320" vehicle="Vehicle 1" move="Birmingham"/>
				<event id="21" time="15897777763" vehicle="Vehicle 1" deliver="16"/>
				<event id="22" time="16197777762" vehicle="Vehicle 1" move="Cardiff"/>
				<event id="23" time="17475555539" vehicle="Vehicle 1" deliver="2"/>
				<event id="24" time="17775555539" vehicle="Vehicle 1" deliver="8"/>
				<event id="25" time="18075555538" vehicle="Vehicle 1" pickup="14"/>
				<event id="26" time="18375555538" vehicle="Vehicle 1" pickup="18"/>
				<event id="27" time="18675555538" vehicle="Vehicle 1" deliver="10"/>
				<event id="28" time="18975555538" vehicle="Vehicle 1" move="Birmingham"/>
				<event id="29" time="20253333315" vehicle="Vehicle 1" pickup="15"/>
				<event id="30" time="20553333315" vehicle="Vehicle 1" deliver="4"/>
				<event id="31" time="20853333315" vehicle="Vehicle 1" move="Sheffield"/>
				<event id="32" time="21855555536" vehicle="Vehicle 1" pickup="7"/>
				<event id="33" time="22155555535" vehicle="Vehicle 1" deliver="15"/>
				<event id="34" time="22455555535" vehicle="Vehicle 1" move="Leeds"/>
				<event id="35" time="22914444423" vehicle="Vehicle 1" pickup="19"/>
				<event id="36" time="23214444422" vehicle="Vehicle 1" move="Newcastle"/>
				<event id="37" time="24308888865" vehicle="Vehicle 1" deliver="14"/>
				<event id="38" time="24608888865" vehicle="Vehicle 1" pickup="13"/>
				<event id="39" time="24908888865" vehicle="Vehicle 1" deliver="18"/>
				<event id="40" time="25208888864" vehicle="Vehicle 1" move="Leeds"/>
				<event id="41" time="26303333308" vehicle="Vehicle 1" pickup="0"/>
				<event id="42" time="26603333308" vehicle="Vehicle 1" move="Liverpool"/>
				<event id="43" time="27408888862" vehicle="Vehicle 1" deliver="13"/>
				<event id="44" time="27708888862" vehicle="Vehicle 1" pickup="5"/>
				<event id="45" time="28008888861" vehicle="Vehicle 1" pickup="1"/>
				<event id="46" time="28308888861" vehicle="Vehicle 1" move="Manchester"/>
				<event id="47" time="28694444416" vehicle="Vehicle 1" deliver="7"/>
				<event id="48" time="28994444416" vehicle="Vehicle 1" pickup="3"/>
				<event id="49" time="29294444415" vehicle="Vehicle 1" move="Liverpool"/>
				<event id="50" time="29679999970" vehicle="Vehicle 1" move="Leeds"/>
				<event id="51" time="30485555525" vehicle="Vehicle 1" move="Sheffield"/>
				<event id="52" time="30944444413" vehicle="Vehicle 1" deliver="19"/>
				<event id="53" time="31244444412" vehicle="Vehicle 1" deliver="1"/>
				<event id="54" time="31544444412" vehicle="Vehicle 1" deliver="0"/>
				<event id="55" time="31844444412" vehicle="Vehicle 1" pickup="9"/>
				<event id="56" time="32144444411" vehicle="Vehicle 1" pickup="12"/>
				<event id="57" time="32444444411" vehicle="Vehicle 1" move="Birmingham"/>
				<event id="58" time="33446666632" vehicle="Vehicle 1" pickup="6"/>
				<event id="59" time="33746666632" vehicle="Vehicle 1" move="London"/>
				<event id="60" time="35057777742" vehicle="Vehicle 1" deliver="11"/>
				<event id="61" time="35357777742" vehicle="Vehicle 1" deliver="3"/>
				<event id="62" time="35657777742" vehicle="Vehicle 1" move="Norwich"/>
				<event id="63" time="36935555519" vehicle="Vehicle 1" deliver="6"/>
				<event id="64" time="37235555518" vehicle="Vehicle 1" deliver="5"/>
				<event id="65" time="37535555518" vehicle="Vehicle 1" deliver="9"/>
				<event id="66" time="37835555518" vehicle="Vehicle 1" deliver="12"/>
			</events>
		</round>
	</rounds>
	<statistics>
		<stat rank="1" agent="AFK">
			<total-tasks value="0"/>
			<total-distance value="0.0"/>
			<total-cost value="0"/>
			<total-reward value="0"/>
			<total-profit value="0"/>
		</stat>
		<stat rank="2" agent="Margin">
			<total-tasks value="20"/>
			<total-distance value="2352.2"/>
			<total-cost value="11761"/>
			<total-reward value="5515"/>
			<total-profit value="-6246"/>
		</stat>
	</statistics>
</history>
