<?xml version="1.0" encoding="ISO-8859-1"?>

<history configuration="config/rounds/auction2.xml">
	<agents>
		<agent name="Margin">
			<vehicle name="Vehicle 1"/>
			<vehicle name="Vehicle 2"/>
			<vehicle name="Vehicle 3"/>
		</agent>
		<agent name="Neutral">
			<vehicle name="Vehicle 4"/>
			<vehicle name="Vehicle 5"/>
			<vehicle name="Vehicle 6"/>
			<vehicle name="Vehicle 7"/>
		</agent>
	</agents>
	<rounds>
		<round id="1">
			<tasks>
				<task id="0" pickup="Breda" delivery="Almere" weight="27" reward="62791">
					<bid agent="Margin" bid="447"/>
					<bid agent="Neutral" bid="352"/>
				</task>
				<task id="1" pickup="Den Haag" delivery="Groningen" weight="19" reward="8119">
					<bid agent="Margin" bid="913"/>
					<bid agent="Neutral" bid="574"/>
				</task>
				<task id="2" pickup="Apeldoorn" delivery="Den Haag" weight="26" reward="47362">
					<bid agent="Margin" bid="731"/>
					<bid agent="Neutral" bid="390"/>
				</task>
				<task id="3" pickup="Utrecht" delivery="Groningen" weight="12" reward="30020">
					<bid agent="Margin" bid="737"/>
					<bid agent="Neutral" bid="295"/>
				</task>
				<task id="4" pickup="Utrecht" delivery="Amsterdam" weight="24" reward="91775">
					<bid agent="Margin" bid="191"/>
					<bid agent="Neutral" bid="162"/>
				</task>
				<task id="5" pickup="Nijmegen" delivery="Groningen" weight="26" reward="29695">
					<bid agent="Margin" bid="1257"/>
					<bid agent="Neutral" bid="552"/>
				</task>
				<task id="6" pickup="Almere" delivery="Utrecht" weight="26" reward="92712">
					<bid agent="Margin" bid="391"/>
					<bid agent="Neutral" bid="127"/>
				</task>
				<task id="7" pickup="Den Haag" delivery="Nijmegen" weight="28" reward="54405">
					<bid agent="Margin" bid="1162"/>
					<bid agent="Neutral" bid="318"/>
				</task>
				<task id="8" pickup="Apeldoorn" delivery="Almere" weight="21" reward="77731">
					<bid agent="Margin" bid="926"/>
					<bid agent="Neutral" bid="179"/>
				</task>
				<task id="9" pickup="Apeldoorn" delivery="Den Haag" weight="26" reward="47362">
					<bid agent="Margin" bid="1526"/>
					<bid agent="Neutral" bid="327"/>
				</task>
				<task id="10" pickup="Almere" delivery="Eindhoven" weight="12" reward="55300">
					<bid agent="Margin" bid="1252"/>
					<bid agent="Neutral" bid="609"/>
				</task>
				<task id="11" pickup="Breda" delivery="Nijmegen" weight="11" reward="71177">
					<bid agent="Margin" bid="1227"/>
					<bid agent="Neutral" bid="349"/>
				</task>
				<task id="12" pickup="Rotterdam" delivery="Almere" weight="22" reward="67350">
					<bid agent="Margin" bid="1342"/>
					<bid agent="Neutral" bid="282"/>
				</task>
				<task id="13" pickup="Den Haag" delivery="Apeldoorn" weight="17" reward="47362">
					<bid agent="Margin" bid="1813"/>
					<bid agent="Neutral" bid="692"/>
				</task>
				<task id="14" pickup="Eindhoven" delivery="Nijmegen" weight="28" reward="81761">
					<bid agent="Margin" bid="596"/>
					<bid agent="Neutral" bid="226"/>
				</task>
				<task id="15" pickup="Rotterdam" delivery="Apeldoorn" weight="16" reward="57702">
					<bid agent="Margin" bid="1676"/>
					<bid agent="Neutral" bid="377"/>
				</task>
				<task id="16" pickup="Amsterdam" delivery="Breda" weight="23" reward="61855">
					<bid agent="Margin" bid="1071"/>
					<bid agent="Neutral" bid="297"/>
				</task>
				<task id="17" pickup="Apeldoorn" delivery="Den Haag" weight="26" reward="47362">
					<bid agent="Margin" bid="2049"/>
					<bid agent="Neutral" bid="386"/>
				</task>
				<task id="18" pickup="Almere" delivery="Rotterdam" weight="25" reward="67350">
					<bid agent="Margin" bid="1305"/>
					<bid agent="Neutral" bid="456"/>
				</task>
				<task id="19" pickup="Eindhoven" delivery="Breda" weight="15" reward="85018">
					<bid agent="Margin" bid="606"/>
					<bid agent="Neutral" bid="357"/>
				</task>
				<task id="20" pickup="Amsterdam" delivery="Nijmegen" weight="20" reward="56603">
					<bid agent="Margin" bid="1320"/>
					<bid agent="Neutral" bid="349"/>
				</task>
				<task id="21" pickup="Breda" delivery="Nijmegen" weight="11" reward="71177">
					<bid agent="Margin" bid="1623"/>
					<bid agent="Neutral" bid="240"/>
				</task>
				<task id="22" pickup="Eindhoven" delivery="Groningen" weight="27" reward="1117">
					<bid agent="Margin" bid="2816"/>
					<bid agent="Neutral" bid="1531"/>
				</task>
				<task id="23" pickup="Amsterdam" delivery="Nijmegen" weight="20" reward="56603">
					<bid agent="Margin" bid="1419"/>
					<bid agent="Neutral" bid="756"/>
				</task>
				<task id="24" pickup="Groningen" delivery="Amsterdam" weight="15" reward="34661">
					<bid agent="Margin" bid="4089"/>
					<bid agent="Neutral" bid="464"/>
				</task>
				<task id="25" pickup="Den Haag" delivery="Groningen" weight="19" reward="8119">
					<bid agent="Margin" bid="3557"/>
					<bid agent="Neutral" bid="981"/>
				</task>
				<task id="26" pickup="Eindhoven" delivery="Rotterdam" weight="15" reward="65233">
					<bid agent="Margin" bid="1274"/>
					<bid agent="Neutral" bid="352"/>
				</task>
				<task id="27" pickup="Groningen" delivery="Amsterdam" weight="15" reward="34661">
					<bid agent="Margin" bid="4368"/>
					<bid agent="Neutral" bid="748"/>
				</task>
				<task id="28" pickup="Utrecht" delivery="Almere" weight="23" reward="92712">
					<bid agent="Margin" bid="518"/>
					<bid agent="Neutral" bid="108"/>
				</task>
				<task id="29" pickup="Utrecht" delivery="Breda" weight="29" reward="80418">
					<bid agent="Margin" bid="899"/>
					<bid agent="Neutral" bid="292"/>
				</task>
			</tasks>
			<events>
				<event id="0" time="0" vehicle="Vehicle 4" pickup="1"/>
				<event id="1" time="0" vehicle="Vehicle 5" pickup="8"/>
				<event id="2" time="0" vehicle="Vehicle 6" pickup="27"/>
				<event id="3" time="0" vehicle="Vehicle 7" move="Breda"/>
				<event id="4" time="300000000" vehicle="Vehicle 4" pickup="13"/>
				<event id="5" time="300000000" vehicle="Vehicle 5" pickup="9"/>
				<event id="6" time="300000000" vehicle="Vehicle 6" pickup="24"/>
				<event id="7" time="540000000" vehicle="Vehicle 7" pickup="11"/>
				<event id="8" time="600000000" vehicle="Vehicle 4" pickup="25"/>
				<event id="9" time="600000000" vehicle="Vehicle 5" pickup="17"/>
				<event id="10" time="600000000" vehicle="Vehicle 6" move="Almere"/>
				<event id="11" time="840000000" vehicle="Vehicle 7" move="Eindhoven"/>
				<event id="12" time="900000000" vehicle="Vehicle 4" move="Rotterdam"/>
				<event id="13" time="900000000" vehicle="Vehicle 5" move="Almere"/>
				<event id="14" time="1182222222" vehicle="Vehicle 4" move="Utrecht"/>
				<event id="15" time="1531111111" vehicle="Vehicle 7" pickup="26"/>
				<event id="16" time="1790000000" vehicle="Vehicle 5" deliver="8"/>
				<event id="17" time="1831111111" vehicle="Vehicle 7" pickup="14"/>
				<event id="18" time="1874444444" vehicle="Vehicle 4" pickup="3"/>
				<event id="19" time="2090000000" vehicle="Vehicle 5" pickup="18"/>
				<event id="20" time="2131111110" vehicle="Vehicle 7" pickup="19"/>
				<event id="21" time="2174444443" vehicle="Vehicle 4" move="Apeldoorn"/>
				<event id="22" time="2311111111" vehicle="Vehicle 6" pickup="10"/>
				<event id="23" time="2390000000" vehicle="Vehicle 5" move="Amsterdam"/>
				<event id="24" time="2431111110" vehicle="Vehicle 7" move="Nijmegen"/>
				<event id="25" time="2611111111" vehicle="Vehicle 6" move="Amsterdam"/>
				<event id="26" time="2744444444" vehicle="Vehicle 5" move="Den Haag"/>
				<event id="27" time="2918888887" vehicle="Vehicle 4" deliver="13"/>
				<event id="28" time="2965555555" vehicle="Vehicle 6" pickup="16"/>
				<event id="29" time="3211111109" vehicle="Vehicle 7" deliver="11"/>
				<event id="30" time="3218888886" vehicle="Vehicle 4" pickup="2"/>
				<event id="31" time="3265555554" vehicle="Vehicle 6" deliver="24"/>
				<event id="32" time="3468888887" vehicle="Vehicle 5" deliver="9"/>
				<event id="33" time="3511111109" vehicle="Vehicle 7" deliver="14"/>
				<event id="34" time="3518888886" vehicle="Vehicle 4" move="Groningen"/>
				<event id="35" time="3565555554" vehicle="Vehicle 6" deliver="27"/>
				<event id="36" time="3768888887" vehicle="Vehicle 5" deliver="17"/>
				<event id="37" time="3811111109" vehicle="Vehicle 7" move="Breda"/>
				<event id="38" time="3865555554" vehicle="Vehicle 6" move="Utrecht"/>
				<event id="39" time="4068888886" vehicle="Vehicle 5" move="Rotterdam"/>
				<event id="40" time="4351111108" vehicle="Vehicle 5" deliver="18"/>
				<event id="41" time="4372222220" vehicle="Vehicle 6" pickup="29"/>
				<event id="42" time="4651111108" vehicle="Vehicle 5" pickup="12"/>
				<event id="43" time="4672222220" vehicle="Vehicle 6" move="Rotterdam"/>
				<event id="44" time="4879999997" vehicle="Vehicle 7" deliver="19"/>
				<event id="45" time="4951111108" vehicle="Vehicle 5" move="Breda"/>
				<event id="46" time="5085555552" vehicle="Vehicle 4" deliver="25"/>
				<event id="47" time="5179999997" vehicle="Vehicle 7" move="Rotterdam"/>
				<event id="48" time="5364444441" vehicle="Vehicle 6" pickup="15"/>
				<event id="49" time="5385555552" vehicle="Vehicle 4" deliver="3"/>
				<event id="50" time="5491111107" vehicle="Vehicle 5" pickup="0"/>
				<event id="51" time="5664444441" vehicle="Vehicle 6" move="Breda"/>
				<event id="52" time="5685555552" vehicle="Vehicle 4" deliver="1"/>
				<event id="53" time="5719999997" vehicle="Vehicle 7" deliver="26"/>
				<event id="54" time="5791111107" vehicle="Vehicle 5" move="Utrecht"/>
				<event id="55" time="5985555552" vehicle="Vehicle 4" move="Almere"/>
				<event id="56" time="6204444440" vehicle="Vehicle 6" deliver="16"/>
				<event id="57" time="6504444440" vehicle="Vehicle 6" pickup="21"/>
				<event id="58" time="6607777772" vehicle="Vehicle 5" pickup="28"/>
				<event id="59" time="6804444440" vehicle="Vehicle 6" deliver="29"/>
				<event id="60" time="6907777772" vehicle="Vehicle 5" move="Almere"/>
				<event id="61" time="7104444439" vehicle="Vehicle 6" move="Eindhoven"/>
				<event id="62" time="7388888882" vehicle="Vehicle 5" deliver="12"/>
				<event id="63" time="7688888882" vehicle="Vehicle 5" deliver="28"/>
				<event id="64" time="7696666662" vehicle="Vehicle 4" pickup="6"/>
				<event id="65" time="7795555550" vehicle="Vehicle 6" deliver="10"/>
				<event id="66" time="7988888882" vehicle="Vehicle 5" deliver="0"/>
				<event id="67" time="7996666662" vehicle="Vehicle 4" move="Utrecht"/>
				<event id="68" time="8095555549" vehicle="Vehicle 6" pickup="22"/>
				<event id="69" time="8395555549" vehicle="Vehicle 6" move="Nijmegen"/>
				<event id="70" time="8477777772" vehicle="Vehicle 4" pickup="4"/>
				<event id="71" time="8777777772" vehicle="Vehicle 4" deliver="6"/>
				<event id="72" time="9077777771" vehicle="Vehicle 4" move="Rotterdam"/>
				<event id="73" time="9175555548" vehicle="Vehicle 6" pickup="5"/>
				<event id="74" time="9475555548" vehicle="Vehicle 6" deliver="21"/>
				<event id="75" time="9769999993" vehicle="Vehicle 4" move="Den Haag"/>
				<event id="76" time="9775555548" vehicle="Vehicle 6" move="Apeldoorn"/>
				<event id="77" time="10052222215" vehicle="Vehicle 4" deliver="2"/>
				<event id="78" time="10352222215" vehicle="Vehicle 4" pickup="7"/>
				<event id="79" time="10409999992" vehicle="Vehicle 6" deliver="15"/>
				<event id="80" time="10652222215" vehicle="Vehicle 4" move="Amsterdam"/>
				<event id="81" time="10709999992" vehicle="Vehicle 6" move="Groningen"/>
				<event id="82" time="11376666658" vehicle="Vehicle 4" deliver="4"/>
				<event id="83" time="11676666658" vehicle="Vehicle 4" pickup="23"/>
				<event id="84" time="11976666658" vehicle="Vehicle 4" pickup="20"/>
				<event id="85" time="12276666657" vehicle="Vehicle 4" move="Utrecht"/>
				<event id="86" time="12276666658" vehicle="Vehicle 6" deliver="5"/>
				<event id="87" time="12576666658" vehicle="Vehicle 6" deliver="22"/>
				<event id="88" time="12783333323" vehicle="Vehicle 4" move="Nijmegen"/>
				<event id="89" time="13743333322" vehicle="Vehicle 4" deliver="23"/>
				<event id="90" time="14043333321" vehicle="Vehicle 4" deliver="20"/>
				<event id="91" time="14343333321" vehicle="Vehicle 4" deliver="7"/>
			</events>
		</round>
	</rounds>
	<statistics>
		<stat rank="1" agent="Neutral">
			<total-tasks value="30"/>
			<total-distance value="2144.6"/>
			<total-cost value="10723"/>
			<total-reward value="13128"/>
			<total-profit value="2405"/>
		</stat>
		<stat rank="2" agent="Margin">
			<total-tasks value="0"/>
			<total-distance value="0.0"/>
			<total-cost value="0"/>
			<total-reward value="0"/>
			<total-profit value="0"/>
		</stat>
	</statistics>
</history>
