<?xml version="1.0" encoding="ISO-8859-1"?>

<history configuration="config/rounds/auction3.xml">
	<agents>
		<agent name="Naive">
			<vehicle name="Vehicle 1"/>
			<vehicle name="Vehicle 2"/>
			<vehicle name="Vehicle 3"/>
			<vehicle name="Vehicle 4"/>
		</agent>
		<agent name="AFK">
			<vehicle name="Vehicle 5"/>
			<vehicle name="Vehicle 6"/>
			<vehicle name="Vehicle 7"/>
			<vehicle name="Vehicle 8"/>
		</agent>
	</agents>
	<rounds>
		<round id="1">
			<tasks>
				<task id="0" pickup="Paris" delivery="Monaco" weight="25" reward="40845">
					<bid agent="Naive" bid="5035"/>
				</task>
				<task id="1" pickup="Paris" delivery="Monaco" weight="25" reward="40845">
					<bid agent="Naive" bid="10191"/>
				</task>
				<task id="2" pickup="Lyon" delivery="Paris" weight="28" reward="78143">
					<bid agent="Naive" bid="5356"/>
				</task>
				<task id="3" pickup="Brest" delivery="Lyon" weight="13" reward="37398">
					<bid agent="Naive" bid="8920"/>
				</task>
				<task id="4" pickup="Brest" delivery="Strasbourg" weight="25" reward="35950">
					<bid agent="Naive" bid="11951"/>
				</task>
				<task id="5" pickup="Brest" delivery="Monaco" weight="15" reward="100">
					<bid agent="Naive" bid="14495"/>
				</task>
				<task id="6" pickup="Lyon" delivery="Monaco" weight="28" reward="72973">
					<bid agent="Naive" bid="6035"/>
				</task>
				<task id="7" pickup="Paris" delivery="Le Havre" weight="26" reward="96758">
					<bid agent="Naive" bid="8088"/>
				</task>
				<task id="8" pickup="Brest" delivery="Le Havre" weight="18" reward="56013">
					<bid agent="Naive" bid="10638"/>
				</task>
				<task id="9" pickup="Paris" delivery="Monaco" weight="25" reward="40845">
					<bid agent="Naive" bid="8563"/>
				</task>
				<task id="10" pickup="Paris" delivery="Monaco" weight="25" reward="40845">
					<bid agent="Naive" bid="11454"/>
				</task>
				<task id="11" pickup="Marseille" delivery="Bordeaux" weight="16" reward="65734">
					<bid agent="Naive" bid="4664"/>
				</task>
				<task id="12" pickup="Lyon" delivery="Monaco" weight="28" reward="72973">
					<bid agent="Naive" bid="6142"/>
				</task>
				<task id="13" pickup="Genève" delivery="Marseille" weight="29" reward="78212">
					<bid agent="Naive" bid="5004"/>
				</task>
				<task id="14" pickup="Le Havre" delivery="Strasbourg" weight="10" reward="63183">
					<bid agent="Naive" bid="11483"/>
				</task>
				<task id="15" pickup="Monaco" delivery="Genève" weight="22" reward="74352">
					<bid agent="Naive" bid="12331"/>
				</task>
				<task id="16" pickup="Bordeaux" delivery="Le Havre" weight="23" reward="56495">
					<bid agent="Naive" bid="8219"/>
				</task>
				<task id="17" pickup="Genève" delivery="Bordeaux" weight="16" reward="59460">
					<bid agent="Naive" bid="11853"/>
				</task>
				<task id="18" pickup="Monaco" delivery="Genève" weight="22" reward="74352">
					<bid agent="Naive" bid="9533"/>
				</task>
				<task id="19" pickup="Paris" delivery="Monaco" weight="25" reward="40845">
					<bid agent="Naive" bid="14091"/>
				</task>
				<task id="20" pickup="Monaco" delivery="Brest" weight="12" reward="100">
					<bid agent="Naive" bid="15906"/>
				</task>
				<task id="21" pickup="Bordeaux" delivery="Marseille" weight="21" reward="65734">
					<bid agent="Naive" bid="13763"/>
				</task>
				<task id="22" pickup="Brest" delivery="Marseille" weight="11" reward="15612">
					<bid agent="Naive" bid="25000"/>
				</task>
				<task id="23" pickup="Monaco" delivery="Le Havre" weight="23" reward="27332">
					<bid agent="Naive" bid="13160"/>
				</task>
				<task id="24" pickup="Brest" delivery="Le Havre" weight="18" reward="56013">
					<bid agent="Naive" bid="15589"/>
				</task>
				<task id="25" pickup="Brest" delivery="Bordeaux" weight="21" reward="29263">
					<bid agent="Naive" bid="20097"/>
				</task>
				<task id="26" pickup="Strasbourg" delivery="Brest" weight="25" reward="35950">
					<bid agent="Naive" bid="18102"/>
				</task>
				<task id="27" pickup="Paris" delivery="Strasbourg" weight="26" reward="76696">
					<bid agent="Naive" bid="11934"/>
				</task>
				<task id="28" pickup="Monaco" delivery="Genève" weight="22" reward="74352">
					<bid agent="Naive" bid="8497"/>
				</task>
				<task id="29" pickup="Monaco" delivery="Lyon" weight="15" reward="72973">
					<bid agent="Naive" bid="5950"/>
				</task>
				<task id="30" pickup="Brest" delivery="Monaco" weight="15" reward="100">
					<bid agent="Naive" bid="32761"/>
				</task>
				<task id="31" pickup="Genève" delivery="Le Havre" weight="23" reward="54358">
					<bid agent="Naive" bid="14117"/>
				</task>
				<task id="32" pickup="Marseille" delivery="Brest" weight="16" reward="15612">
					<bid agent="Naive" bid="25203"/>
				</task>
				<task id="33" pickup="Le Havre" delivery="Bordeaux" weight="22" reward="56495">
					<bid agent="Naive" bid="9687"/>
				</task>
				<task id="34" pickup="Monaco" delivery="Brest" weight="12" reward="100">
					<bid agent="Naive" bid="22061"/>
				</task>
				<task id="35" pickup="Le Havre" delivery="Marseille" weight="28" reward="42844">
					<bid agent="Naive" bid="8894"/>
				</task>
				<task id="36" pickup="Monaco" delivery="Lyon" weight="15" reward="72973">
					<bid agent="Naive" bid="4323"/>
				</task>
				<task id="37" pickup="Paris" delivery="Strasbourg" weight="26" reward="76696">
					<bid agent="Naive" bid="7836"/>
				</task>
				<task id="38" pickup="Strasbourg" delivery="Paris" weight="26" reward="76696">
					<bid agent="Naive" bid="4002"/>
				</task>
				<task id="39" pickup="Bordeaux" delivery="Genève" weight="23" reward="59460">
					<bid agent="Naive" bid="17673"/>
				</task>
			</tasks>
			<events>
				<event id="0" time="0" vehicle="Vehicle 1" pickup="0"/>
				<event id="1" time="300000000" vehicle="Vehicle 1" move="Lyon"/>
				<event id="2" time="8066666666" vehicle="Vehicle 1" move="Marseille"/>
				<event id="3" time="13333333332" vehicle="Vehicle 1" move="Monaco"/>
				<event id="4" time="17083333331" vehicle="Vehicle 1" deliver="0"/>
				<event id="5" time="17383333331" vehicle="Vehicle 1" move="Marseille"/>
				<event id="6" time="21133333330" vehicle="Vehicle 1" move="Lyon"/>
				<event id="7" time="26399999996" vehicle="Vehicle 1" move="Paris"/>
				<event id="8" time="34166666662" vehicle="Vehicle 1" pickup="1"/>
				<event id="9" time="34466666662" vehicle="Vehicle 1" move="Lyon"/>
				<event id="10" time="42233333328" vehicle="Vehicle 1" move="Marseille"/>
				<event id="11" time="47499999994" vehicle="Vehicle 1" move="Monaco"/>
				<event id="12" time="51249999994" vehicle="Vehicle 1" deliver="1"/>
				<event id="13" time="51549999994" vehicle="Vehicle 1" move="Marseille"/>
				<event id="14" time="55299999994" vehicle="Vehicle 1" move="Lyon"/>
				<event id="15" time="60566666660" vehicle="Vehicle 1" pickup="2"/>
				<event id="16" time="60866666660" vehicle="Vehicle 1" move="Paris"/>
				<event id="17" time="68633333326" vehicle="Vehicle 1" deliver="2"/>
				<event id="18" time="68933333326" vehicle="Vehicle 1" move="Brest"/>
				<event id="19" time="78783333325" vehicle="Vehicle 1" pickup="3"/>
				<event id="20" time="79083333324" vehicle="Vehicle 1" move="Paris"/>
				<event id="21" time="88933333323" vehicle="Vehicle 1" move="Lyon"/>
				<event id="22" time="96699999989" vehicle="Vehicle 1" deliver="3"/>
				<event id="23" time="96999999989" vehicle="Vehicle 1" move="Paris"/>
				<event id="24" time="104766666655" vehicle="Vehicle 1" move="Brest"/>
				<event id="25" time="114616666654" vehicle="Vehicle 1" pickup="4"/>
				<event id="26" time="114916666654" vehicle="Vehicle 1" move="Paris"/>
				<event id="27" time="124766666653" vehicle="Vehicle 1" move="Strasbourg"/>
				<event id="28" time="132883333319" vehicle="Vehicle 1" deliver="4"/>
				<event id="29" time="133183333318" vehicle="Vehicle 1" move="Paris"/>
				<event id="30" time="141299999984" vehicle="Vehicle 1" move="Brest"/>
				<event id="31" time="151149999984" vehicle="Vehicle 1" pickup="5"/>
				<event id="32" time="151449999984" vehicle="Vehicle 1" move="Paris"/>
				<event id="33" time="161299999984" vehicle="Vehicle 1" move="Lyon"/>
				<event id="34" time="169066666650" vehicle="Vehicle 1" move="Marseille"/>
				<event id="35" time="174333333316" vehicle="Vehicle 1" move="Monaco"/>
				<event id="36" time="178083333315" vehicle="Vehicle 1" deliver="5"/>
				<event id="37" time="178383333315" vehicle="Vehicle 1" move="Marseille"/>
				<event id="38" time="182133333314" vehicle="Vehicle 1" move="Lyon"/>
				<event id="39" time="187399999980" vehicle="Vehicle 1" pickup="6"/>
				<event id="40" time="187699999980" vehicle="Vehicle 1" move="Marseille"/>
				<event id="41" time="192966666646" vehicle="Vehicle 1" move="Monaco"/>
				<event id="42" time="196716666645" vehicle="Vehicle 1" deliver="6"/>
				<event id="43" time="197016666644" vehicle="Vehicle 1" move="Marseille"/>
				<event id="44" time="200766666643" vehicle="Vehicle 1" move="Lyon"/>
				<event id="45" time="206033333309" vehicle="Vehicle 1" move="Paris"/>
				<event id="46" time="213799999975" vehicle="Vehicle 1" pickup="7"/>
				<event id="47" time="214099999975" vehicle="Vehicle 1" move="Le Havre"/>
				<event id="48" time="217366666641" vehicle="Vehicle 1" deliver="7"/>
				<event id="49" time="217666666641" vehicle="Vehicle 1" move="Paris"/>
				<event id="50" time="220933333307" vehicle="Vehicle 1" move="Brest"/>
				<event id="51" time="230783333306" vehicle="Vehicle 1" pickup="8"/>
				<event id="52" time="231083333305" vehicle="Vehicle 1" move="Paris"/>
				<event id="53" time="240933333304" vehicle="Vehicle 1" move="Le Havre"/>
				<event id="54" time="244199999970" vehicle="Vehicle 1" deliver="8"/>
				<event id="55" time="244499999970" vehicle="Vehicle 1" move="Paris"/>
				<event id="56" time="247766666636" vehicle="Vehicle 1" pickup="9"/>
				<event id="57" time="248066666635" vehicle="Vehicle 1" move="Lyon"/>
				<event id="58" time="255833333301" vehicle="Vehicle 1" move="Marseille"/>
				<event id="59" time="261099999967" vehicle="Vehicle 1" move="Monaco"/>
				<event id="60" time="264849999967" vehicle="Vehicle 1" deliver="9"/>
				<event id="61" time="265149999967" vehicle="Vehicle 1" move="Marseille"/>
				<event id="62" time="268899999967" vehicle="Vehicle 1" move="Lyon"/>
				<event id="63" time="274166666633" vehicle="Vehicle 1" move="Paris"/>
				<event id="64" time="281933333299" vehicle="Vehicle 1" pickup="10"/>
				<event id="65" time="282233333298" vehicle="Vehicle 1" move="Lyon"/>
				<event id="66" time="289999999964" vehicle="Vehicle 1" move="Marseille"/>
				<event id="67" time="295266666630" vehicle="Vehicle 1" move="Monaco"/>
				<event id="68" time="299016666629" vehicle="Vehicle 1" deliver="10"/>
				<event id="69" time="299316666629" vehicle="Vehicle 1" move="Marseille"/>
				<event id="70" time="303066666628" vehicle="Vehicle 1" pickup="11"/>
				<event id="71" time="303366666628" vehicle="Vehicle 1" move="Bordeaux"/>
				<event id="72" time="314133333294" vehicle="Vehicle 1" deliver="11"/>
				<event id="73" time="314433333294" vehicle="Vehicle 1" move="Lyon"/>
				<event id="74" time="324233333293" vehicle="Vehicle 1" pickup="12"/>
				<event id="75" time="324533333293" vehicle="Vehicle 1" move="Marseille"/>
				<event id="76" time="329799999959" vehicle="Vehicle 1" move="Monaco"/>
				<event id="77" time="333549999959" vehicle="Vehicle 1" deliver="12"/>
				<event id="78" time="333849999959" vehicle="Vehicle 1" move="Genève"/>
				<event id="79" time="342533333292" vehicle="Vehicle 1" pickup="13"/>
				<event id="80" time="342833333292" vehicle="Vehicle 1" move="Lyon"/>
				<event id="81" time="345316666624" vehicle="Vehicle 1" move="Marseille"/>
				<event id="82" time="350583333290" vehicle="Vehicle 1" deliver="13"/>
				<event id="83" time="350883333290" vehicle="Vehicle 1" move="Lyon"/>
				<event id="84" time="356149999956" vehicle="Vehicle 1" move="Paris"/>
				<event id="85" time="363916666622" vehicle="Vehicle 1" move="Le Havre"/>
				<event id="86" time="367183333288" vehicle="Vehicle 1" pickup="14"/>
				<event id="87" time="367483333288" vehicle="Vehicle 1" move="Paris"/>
				<event id="88" time="370749999954" vehicle="Vehicle 1" move="Strasbourg"/>
				<event id="89" time="378866666620" vehicle="Vehicle 1" deliver="14"/>
				<event id="90" time="379166666619" vehicle="Vehicle 1" move="Genève"/>
				<event id="91" time="385649999952" vehicle="Vehicle 1" move="Monaco"/>
				<event id="92" time="394333333285" vehicle="Vehicle 1" pickup="15"/>
				<event id="93" time="394633333285" vehicle="Vehicle 1" move="Genève"/>
				<event id="94" time="403316666617" vehicle="Vehicle 1" deliver="15"/>
				<event id="95" time="403616666617" vehicle="Vehicle 1" move="Lyon"/>
				<event id="96" time="406099999950" vehicle="Vehicle 1" move="Bordeaux"/>
				<event id="97" time="415899999950" vehicle="Vehicle 1" pickup="16"/>
				<event id="98" time="416199999950" vehicle="Vehicle 1" move="Paris"/>
				<event id="99" time="425933333283" vehicle="Vehicle 1" move="Le Havre"/>
				<event id="100" time="429199999949" vehicle="Vehicle 1" deliver="16"/>
				<event id="101" time="429499999949" vehicle="Vehicle 1" move="Paris"/>
				<event id="102" time="432766666615" vehicle="Vehicle 1" move="Lyon"/>
				<event id="103" time="440533333281" vehicle="Vehicle 1" move="Genève"/>
				<event id="104" time="443016666613" vehicle="Vehicle 1" pickup="17"/>
				<event id="105" time="443316666613" vehicle="Vehicle 1" move="Lyon"/>
				<event id="106" time="445799999946" vehicle="Vehicle 1" move="Bordeaux"/>
				<event id="107" time="455599999946" vehicle="Vehicle 1" deliver="17"/>
				<event id="108" time="455899999946" vehicle="Vehicle 1" move="Marseille"/>
				<event id="109" time="466666666612" vehicle="Vehicle 1" move="Monaco"/>
				<event id="110" time="470416666611" vehicle="Vehicle 1" pickup="18"/>
				<event id="111" time="470716666611" vehicle="Vehicle 1" move="Genève"/>
				<event id="112" time="479399999944" vehicle="Vehicle 1" deliver="18"/>
				<event id="113" time="479699999944" vehicle="Vehicle 1" move="Lyon"/>
				<event id="114" time="482183333277" vehicle="Vehicle 1" move="Paris"/>
				<event id="115" time="489949999943" vehicle="Vehicle 1" pickup="19"/>
				<event id="116" time="490249999943" vehicle="Vehicle 1" move="Lyon"/>
				<event id="117" time="498016666609" vehicle="Vehicle 1" move="Marseille"/>
				<event id="118" time="503283333275" vehicle="Vehicle 1" move="Monaco"/>
				<event id="119" time="507033333274" vehicle="Vehicle 1" deliver="19"/>
				<event id="120" time="507333333274" vehicle="Vehicle 1" pickup="20"/>
				<event id="121" time="507633333274" vehicle="Vehicle 1" move="Marseille"/>
				<event id="122" time="511383333273" vehicle="Vehicle 1" move="Lyon"/>
				<event id="123" time="516649999939" vehicle="Vehicle 1" move="Paris"/>
				<event id="124" time="524416666605" vehicle="Vehicle 1" move="Brest"/>
				<event id="125" time="534266666604" vehicle="Vehicle 1" deliver="20"/>
				<event id="126" time="534566666604" vehicle="Vehicle 1" move="Paris"/>
				<event id="127" time="544416666603" vehicle="Vehicle 1" move="Bordeaux"/>
				<event id="128" time="554149999936" vehicle="Vehicle 1" pickup="21"/>
				<event id="129" time="554449999936" vehicle="Vehicle 1" move="Marseille"/>
				<event id="130" time="565216666602" vehicle="Vehicle 1" deliver="21"/>
				<event id="131" time="565516666602" vehicle="Vehicle 1" move="Lyon"/>
				<event id="132" time="570783333268" vehicle="Vehicle 1" move="Paris"/>
				<event id="133" time="578549999934" vehicle="Vehicle 1" move="Brest"/>
				<event id="134" time="588399999934" vehicle="Vehicle 1" pickup="22"/>
				<event id="135" time="588699999934" vehicle="Vehicle 1" move="Paris"/>
				<event id="136" time="598549999934" vehicle="Vehicle 1" move="Lyon"/>
				<event id="137" time="606316666600" vehicle="Vehicle 1" move="Marseille"/>
				<event id="138" time="611583333266" vehicle="Vehicle 1" deliver="22"/>
				<event id="139" time="611883333266" vehicle="Vehicle 1" move="Monaco"/>
				<event id="140" time="615633333265" vehicle="Vehicle 1" pickup="23"/>
				<event id="141" time="615933333265" vehicle="Vehicle 1" move="Marseille"/>
				<event id="142" time="619683333264" vehicle="Vehicle 1" move="Lyon"/>
				<event id="143" time="624949999930" vehicle="Vehicle 1" move="Paris"/>
				<event id="144" time="632716666596" vehicle="Vehicle 1" move="Le Havre"/>
				<event id="145" time="635983333262" vehicle="Vehicle 1" deliver="23"/>
				<event id="146" time="636283333261" vehicle="Vehicle 1" move="Paris"/>
				<event id="147" time="639549999927" vehicle="Vehicle 1" move="Brest"/>
				<event id="148" time="649399999927" vehicle="Vehicle 1" pickup="24"/>
				<event id="149" time="649699999927" vehicle="Vehicle 1" move="Paris"/>
				<event id="150" time="659549999927" vehicle="Vehicle 1" move="Le Havre"/>
				<event id="151" time="662816666593" vehicle="Vehicle 1" deliver="24"/>
				<event id="152" time="663116666592" vehicle="Vehicle 1" move="Paris"/>
				<event id="153" time="666383333258" vehicle="Vehicle 1" move="Brest"/>
				<event id="154" time="676233333257" vehicle="Vehicle 1" pickup="25"/>
				<event id="155" time="676533333257" vehicle="Vehicle 1" move="Paris"/>
				<event id="156" time="686383333256" vehicle="Vehicle 1" move="Bordeaux"/>
				<event id="157" time="696116666588" vehicle="Vehicle 1" deliver="25"/>
				<event id="158" time="696416666588" vehicle="Vehicle 1" move="Paris"/>
				<event id="159" time="706149999921" vehicle="Vehicle 1" move="Strasbourg"/>
				<event id="160" time="714266666587" vehicle="Vehicle 1" pickup="26"/>
				<event id="161" time="714566666587" vehicle="Vehicle 1" move="Paris"/>
				<event id="162" time="722683333253" vehicle="Vehicle 1" move="Brest"/>
				<event id="163" time="732533333252" vehicle="Vehicle 1" deliver="26"/>
				<event id="164" time="732833333252" vehicle="Vehicle 1" move="Paris"/>
				<event id="165" time="742683333251" vehicle="Vehicle 1" pickup="27"/>
				<event id="166" time="742983333251" vehicle="Vehicle 1" move="Strasbourg"/>
				<event id="167" time="751099999917" vehicle="Vehicle 1" deliver="27"/>
				<event id="168" time="751399999917" vehicle="Vehicle 1" move="Genève"/>
				<event id="169" time="757883333250" vehicle="Vehicle 1" move="Monaco"/>
				<event id="170" time="766566666582" vehicle="Vehicle 1" pickup="28"/>
				<event id="171" time="766866666582" vehicle="Vehicle 1" move="Genève"/>
				<event id="172" time="775549999915" vehicle="Vehicle 1" deliver="28"/>
				<event id="173" time="775849999915" vehicle="Vehicle 1" move="Monaco"/>
				<event id="174" time="784533333248" vehicle="Vehicle 1" pickup="29"/>
				<event id="175" time="784833333248" vehicle="Vehicle 1" move="Marseille"/>
				<event id="176" time="788583333247" vehicle="Vehicle 1" move="Lyon"/>
				<event id="177" time="793849999913" vehicle="Vehicle 1" deliver="29"/>
				<event id="178" time="794149999913" vehicle="Vehicle 1" move="Paris"/>
				<event id="179" time="801916666579" vehicle="Vehicle 1" move="Brest"/>
				<event id="180" time="811766666578" vehicle="Vehicle 1" pickup="30"/>
				<event id="181" time="812066666577" vehicle="Vehicle 1" move="Paris"/>
				<event id="182" time="821916666576" vehicle="Vehicle 1" move="Lyon"/>
				<event id="183" time="829683333242" vehicle="Vehicle 1" move="Marseille"/>
				<event id="184" time="834949999908" vehicle="Vehicle 1" move="Monaco"/>
				<event id="185" time="838699999908" vehicle="Vehicle 1" deliver="30"/>
				<event id="186" time="838999999908" vehicle="Vehicle 1" move="Genève"/>
				<event id="187" time="847683333241" vehicle="Vehicle 1" pickup="31"/>
				<event id="188" time="847983333241" vehicle="Vehicle 1" move="Lyon"/>
				<event id="189" time="850466666573" vehicle="Vehicle 1" move="Paris"/>
				<event id="190" time="858233333239" vehicle="Vehicle 1" move="Le Havre"/>
				<event id="191" time="861499999905" vehicle="Vehicle 1" deliver="31"/>
				<event id="192" time="861799999905" vehicle="Vehicle 1" move="Paris"/>
				<event id="193" time="865066666571" vehicle="Vehicle 1" move="Lyon"/>
				<event id="194" time="872833333237" vehicle="Vehicle 1" move="Marseille"/>
				<event id="195" time="878099999903" vehicle="Vehicle 1" pickup="32"/>
				<event id="196" time="878399999903" vehicle="Vehicle 1" move="Lyon"/>
				<event id="197" time="883666666569" vehicle="Vehicle 1" move="Paris"/>
				<event id="198" time="891433333235" vehicle="Vehicle 1" move="Brest"/>
				<event id="199" time="901283333234" vehicle="Vehicle 1" deliver="32"/>
				<event id="200" time="901583333234" vehicle="Vehicle 1" move="Paris"/>
				<event id="201" time="911433333233" vehicle="Vehicle 1" move="Le Havre"/>
				<event id="202" time="914699999899" vehicle="Vehicle 1" pickup="33"/>
				<event id="203" time="914999999899" vehicle="Vehicle 1" move="Paris"/>
				<event id="204" time="918266666565" vehicle="Vehicle 1" move="Bordeaux"/>
				<event id="205" time="927999999898" vehicle="Vehicle 1" deliver="33"/>
				<event id="206" time="928299999898" vehicle="Vehicle 1" move="Marseille"/>
				<event id="207" time="939066666564" vehicle="Vehicle 1" move="Monaco"/>
				<event id="208" time="942816666563" vehicle="Vehicle 1" pickup="34"/>
				<event id="209" time="943116666562" vehicle="Vehicle 1" move="Marseille"/>
				<event id="210" time="946866666561" vehicle="Vehicle 1" move="Lyon"/>
				<event id="211" time="952133333227" vehicle="Vehicle 1" move="Paris"/>
				<event id="212" time="959899999893" vehicle="Vehicle 1" move="Brest"/>
				<event id="213" time="969749999893" vehicle="Vehicle 1" deliver="34"/>
				<event id="214" time="970049999893" vehicle="Vehicle 1" move="Paris"/>
				<event id="215" time="979899999893" vehicle="Vehicle 1" move="Le Havre"/>
				<event id="216" time="983166666559" vehicle="Vehicle 1" pickup="35"/>
				<event id="217" time="983466666559" vehicle="Vehicle 1" move="Paris"/>
				<event id="218" time="986733333225" vehicle="Vehicle 1" move="Lyon"/>
				<event id="219" time="994499999891" vehicle="Vehicle 1" move="Marseille"/>
				<event id="220" time="999766666557" vehicle="Vehicle 1" deliver="35"/>
				<event id="221" time="1000066666556" vehicle="Vehicle 1" move="Monaco"/>
				<event id="222" time="1003816666555" vehicle="Vehicle 1" pickup="36"/>
				<event id="223" time="1004116666554" vehicle="Vehicle 1" move="Marseille"/>
				<event id="224" time="1007866666553" vehicle="Vehicle 1" move="Lyon"/>
				<event id="225" time="1013133333219" vehicle="Vehicle 1" deliver="36"/>
				<event id="226" time="1013433333219" vehicle="Vehicle 1" move="Paris"/>
				<event id="227" time="1021199999885" vehicle="Vehicle 1" pickup="37"/>
				<event id="228" time="1021499999885" vehicle="Vehicle 1" move="Strasbourg"/>
				<event id="229" time="1029616666551" vehicle="Vehicle 1" deliver="37"/>
				<event id="230" time="1029916666551" vehicle="Vehicle 1" pickup="38"/>
				<event id="231" time="1030216666550" vehicle="Vehicle 1" move="Paris"/>
				<event id="232" time="1038333333216" vehicle="Vehicle 1" deliver="38"/>
				<event id="233" time="1038633333216" vehicle="Vehicle 1" move="Bordeaux"/>
				<event id="234" time="1048366666548" vehicle="Vehicle 1" pickup="39"/>
				<event id="235" time="1048666666548" vehicle="Vehicle 1" move="Lyon"/>
				<event id="236" time="1058466666547" vehicle="Vehicle 1" move="Genève"/>
				<event id="237" time="1060949999880" vehicle="Vehicle 1" deliver="39"/>
			</events>
		</round>
	</rounds>
	<statistics>
		<stat rank="1" agent="Naive">
			<total-tasks value="40"/>
			<total-distance value="62235.0"/>
			<total-cost value="311175"/>
			<total-reward value="478601"/>
			<total-profit value="167426"/>
		</stat>
		<stat rank="2" agent="AFK">
			<total-tasks value="0"/>
			<total-distance value="0.0"/>
			<total-cost value="0"/>
			<total-reward value="0"/>
			<total-profit value="0"/>
		</stat>
	</statistics>
</history>
