<?xml version="1.0" encoding="ISO-8859-1"?>

<history configuration="config/rounds/auction1.xml">
	<agents>
		<agent name="Opponent">
			<vehicle name="Vehicle 1"/>
			<vehicle name="Vehicle 2"/>
		</agent>
		<agent name="Neutral">
			<vehicle name="Vehicle 3"/>
			<vehicle name="Vehicle 4"/>
		</agent>
	</agents>
	<rounds>
		<round id="1">
			<tasks>
				<task id="0" pickup="Leeds" delivery="Sheffield" weight="6" reward="1281">
					<bid agent="Opponent" bid="440"/>
					<bid agent="Neutral" bid="558"/>
				</task>
				<task id="1" pickup="Liverpool" delivery="Sheffield" weight="7" reward="14258">
					<bid agent="Opponent" bid="503"/>
					<bid agent="Neutral" bid="731"/>
				</task>
				<task id="2" pickup="Manchester" delivery="Cardiff" weight="9" reward="31460">
					<bid agent="Opponent" bid="943"/>
					<bid agent="Neutral" bid="1059"/>
				</task>
				<task id="3" pickup="Manchester" delivery="London" weight="6" reward="31997">
					<bid agent="Opponent" bid="927"/>
					<bid agent="Neutral" bid="1160"/>
				</task>
				<task id="4" pickup="Plymouth" delivery="Birmingham" weight="8" reward="58829">
					<bid agent="Opponent" bid="1692"/>
					<bid agent="Neutral" bid="1299"/>
				</task>
				<task id="5" pickup="Liverpool" delivery="Norwich" weight="5" reward="58793">
					<bid agent="Opponent" bid="1487"/>
					<bid agent="Neutral" bid="1127"/>
				</task>
				<task id="6" pickup="Birmingham" delivery="Norwich" weight="8" reward="35595">
					<bid agent="Opponent" bid="933"/>
					<bid agent="Neutral" bid="201"/>
				</task>
				<task id="7" pickup="Sheffield" delivery="Manchester" weight="7" reward="20470">
					<bid agent="Opponent" bid="674"/>
					<bid agent="Neutral" bid="408"/>
				</task>
				<task id="8" pickup="Liverpool" delivery="Cardiff" weight="6" reward="37671">
					<bid agent="Opponent" bid="955"/>
					<bid agent="Neutral" bid="665"/>
				</task>
				<task id="9" pickup="Sheffield" delivery="Norwich" weight="7" reward="51741">
					<bid agent="Opponent" bid="1181"/>
					<bid agent="Neutral" bid="458"/>
				</task>
				<task id="10" pickup="Portsmouth" delivery="Cardiff" weight="5" reward="48984">
					<bid agent="Opponent" bid="1125"/>
					<bid agent="Neutral" bid="693"/>
				</task>
				<task id="11" pickup="Plymouth" delivery="London" weight="7" reward="37707">
					<bid agent="Opponent" bid="1130"/>
					<bid agent="Neutral" bid="837"/>
				</task>
				<task id="12" pickup="Sheffield" delivery="Norwich" weight="7" reward="51741">
					<bid agent="Opponent" bid="1218"/>
					<bid agent="Neutral" bid="580"/>
				</task>
				<task id="13" pickup="Newcastle" delivery="Liverpool" weight="9" reward="24497">
					<bid agent="Opponent" bid="665"/>
					<bid agent="Neutral" bid="858"/>
				</task>
				<task id="14" pickup="Cardiff" delivery="Newcastle" weight="8" reward="55643">
					<bid agent="Opponent" bid="1279"/>
					<bid agent="Neutral" bid="1667"/>
				</task>
				<task id="15" pickup="Birmingham" delivery="Sheffield" weight="6" reward="10034">
					<bid agent="Opponent" bid="349"/>
					<bid agent="Neutral" bid="438"/>
				</task>
				<task id="16" pickup="Newcastle" delivery="Birmingham" weight="5" reward="35058">
					<bid agent="Opponent" bid="865"/>
					<bid agent="Neutral" bid="699"/>
				</task>
				<task id="17" pickup="Birmingham" delivery="Plymouth" weight="6" reward="58829">
					<bid agent="Opponent" bid="1438"/>
					<bid agent="Neutral" bid="1023"/>
				</task>
				<task id="18" pickup="Cardiff" delivery="Newcastle" weight="8" reward="55643">
					<bid agent="Opponent" bid="1246"/>
					<bid agent="Neutral" bid="909"/>
				</task>
				<task id="19" pickup="Leeds" delivery="Sheffield" weight="6" reward="1281">
					<bid agent="Opponent" bid="476"/>
					<bid agent="Neutral" bid="268"/>
				</task>
			</tasks>
			<events>
				<event id="0" time="0" vehicle="Vehicle 1" pickup="13"/>
				<event id="1" time="0" vehicle="Vehicle 4" move="London"/>
				<event id="2" time="300000000" vehicle="Vehicle 1" move="Leeds"/>
				<event id="3" time="1277777777" vehicle="Vehicle 4" move="Birmingham"/>
				<event id="4" time="1394444444" vehicle="Vehicle 1" pickup="0"/>
				<event id="5" time="1694444444" vehicle="Vehicle 1" move="Liverpool"/>
				<event id="6" time="2499999999" vehicle="Vehicle 1" pickup="1"/>
				<event id="7" time="2588888887" vehicle="Vehicle 4" move="Sheffield"/>
				<event id="8" time="2799999999" vehicle="Vehicle 1" deliver="13"/>
				<event id="9" time="3099999999" vehicle="Vehicle 1" move="Manchester"/>
				<event id="10" time="3485555554" vehicle="Vehicle 1" pickup="3"/>
				<event id="11" time="3591111109" vehicle="Vehicle 4" pickup="12"/>
				<event id="12" time="3785555554" vehicle="Vehicle 1" pickup="2"/>
				<event id="13" time="3891111109" vehicle="Vehicle 4" pickup="9"/>
				<event id="14" time="4085555553" vehicle="Vehicle 1" move="Birmingham"/>
				<event id="15" time="4191111108" vehicle="Vehicle 4" pickup="7"/>
				<event id="16" time="4491111108" vehicle="Vehicle 4" move="Leeds"/>
				<event id="17" time="4949999996" vehicle="Vehicle 4" pickup="19"/>
				<event id="18" time="5139999997" vehicle="Vehicle 1" move="Cardiff"/>
				<event id="19" time="5249999996" vehicle="Vehicle 4" move="Newcastle"/>
				<event id="20" time="6344444440" vehicle="Vehicle 4" pickup="16"/>
				<event id="21" time="6417777774" vehicle="Vehicle 1" pickup="14"/>
				<event id="22" time="6644444440" vehicle="Vehicle 4" move="Leeds"/>
				<event id="23" time="6717777774" vehicle="Vehicle 1" deliver="2"/>
				<event id="24" time="7017777773" vehicle="Vehicle 1" move="Birmingham"/>
				<event id="25" time="7738888883" vehicle="Vehicle 4" move="Liverpool"/>
				<event id="26" time="8295555550" vehicle="Vehicle 1" move="London"/>
				<event id="27" time="8544444438" vehicle="Vehicle 4" pickup="5"/>
				<event id="28" time="8844444438" vehicle="Vehicle 4" pickup="8"/>
				<event id="29" time="9144444437" vehicle="Vehicle 4" move="Manchester"/>
				<event id="30" time="9529999992" vehicle="Vehicle 4" deliver="7"/>
				<event id="31" time="9606666660" vehicle="Vehicle 1" deliver="3"/>
				<event id="32" time="9829999992" vehicle="Vehicle 4" move="Birmingham"/>
				<event id="33" time="9906666660" vehicle="Vehicle 1" move="Birmingham"/>
				<event id="34" time="10884444436" vehicle="Vehicle 4" pickup="6"/>
				<event id="35" time="11184444435" vehicle="Vehicle 4" pickup="17"/>
				<event id="36" time="11217777770" vehicle="Vehicle 1" pickup="15"/>
				<event id="37" time="11484444435" vehicle="Vehicle 4" move="London"/>
				<event id="38" time="11517777770" vehicle="Vehicle 1" move="Sheffield"/>
				<event id="39" time="12519999992" vehicle="Vehicle 1" deliver="0"/>
				<event id="40" time="12795555545" vehicle="Vehicle 4" move="Norwich"/>
				<event id="41" time="12819999992" vehicle="Vehicle 1" deliver="15"/>
				<event id="42" time="13119999992" vehicle="Vehicle 1" deliver="1"/>
				<event id="43" time="13419999992" vehicle="Vehicle 1" move="Leeds"/>
				<event id="44" time="13878888880" vehicle="Vehicle 1" move="Newcastle"/>
				<event id="45" time="14073333322" vehicle="Vehicle 4" deliver="5"/>
				<event id="46" time="14373333322" vehicle="Vehicle 4" deliver="9"/>
				<event id="47" time="14673333322" vehicle="Vehicle 4" deliver="12"/>
				<event id="48" time="14973333322" vehicle="Vehicle 4" deliver="6"/>
				<event id="49" time="14973333324" vehicle="Vehicle 1" deliver="14"/>
				<event id="50" time="15273333321" vehicle="Vehicle 4" move="London"/>
				<event id="51" time="16551111098" vehicle="Vehicle 4" move="Portsmouth"/>
				<event id="52" time="17382222208" vehicle="Vehicle 4" pickup="10"/>
				<event id="53" time="17682222208" vehicle="Vehicle 4" move="Plymouth"/>
				<event id="54" time="19571111096" vehicle="Vehicle 4" pickup="11"/>
				<event id="55" time="19871111096" vehicle="Vehicle 4" pickup="4"/>
				<event id="56" time="20171111095" vehicle="Vehicle 4" deliver="17"/>
				<event id="57" time="20471111095" vehicle="Vehicle 4" move="Portsmouth"/>
				<event id="58" time="22359999983" vehicle="Vehicle 4" move="London"/>
				<event id="59" time="23191111094" vehicle="Vehicle 4" deliver="11"/>
				<event id="60" time="23491111094" vehicle="Vehicle 4" move="Birmingham"/>
				<event id="61" time="24802222204" vehicle="Vehicle 4" deliver="16"/>
				<event id="62" time="25102222203" vehicle="Vehicle 4" move="Cardiff"/>
				<event id="63" time="26379999980" vehicle="Vehicle 4" deliver="8"/>
				<event id="64" time="26679999980" vehicle="Vehicle 4" pickup="18"/>
				<event id="65" time="26979999980" vehicle="Vehicle 4" deliver="10"/>
				<event id="66" time="27279999980" vehicle="Vehicle 4" move="Birmingham"/>
				<event id="67" time="28557777757" vehicle="Vehicle 4" deliver="4"/>
				<event id="68" time="28857777757" vehicle="Vehicle 4" move="Sheffield"/>
				<event id="69" time="29859999979" vehicle="Vehicle 4" deliver="19"/>
				<event id="70" time="30159999979" vehicle="Vehicle 4" move="Leeds"/>
				<event id="71" time="30618888867" vehicle="Vehicle 4" move="Newcastle"/>
				<event id="72" time="31713333311" vehicle="Vehicle 4" deliver="18"/>
			</events>
		</round>
	</rounds>
	<statistics>
		<stat rank="1" agent="Opponent">
			<total-tasks value="7"/>
			<total-distance value="996.6"/>
			<total-cost value="4983"/>
			<total-reward value="5106"/>
			<total-profit value="123"/>
		</stat>
		<stat rank="2" agent="Neutral">
			<total-tasks value="13"/>
			<total-distance value="2179.2"/>
			<total-cost value="10896"/>
			<total-reward value="9167"/>
			<total-profit value="-1729"/>
		</stat>
	</statistics>
</history>
