<?xml version="1.0" encoding="ISO-8859-1"?>

<history configuration="config/rounds/auction3.xml">
	<agents>
		<agent name="Zero">
			<vehicle name="Vehicle 1"/>
			<vehicle name="Vehicle 2"/>
			<vehicle name="Vehicle 3"/>
			<vehicle name="Vehicle 4"/>
		</agent>
		<agent name="Opponent">
			<vehicle name="Vehicle 5"/>
			<vehicle name="Vehicle 6"/>
			<vehicle name="Vehicle 7"/>
			<vehicle name="Vehicle 8"/>
		</agent>
	</agents>
	<rounds>
		<round id="1">
			<tasks>
				<task id="0" pickup="Paris" delivery="Monaco" weight="25" reward="40845">
					<bid agent="Zero" bid="5035"/>
					<bid agent="Opponent" bid="4626"/>
				</task>
				<task id="1" pickup="Paris" delivery="Monaco" weight="25" reward="40845">
					<bid agent="Zero" bid="5035"/>
					<bid agent="Opponent" bid="4447"/>
				</task>
				<task id="2" pickup="Lyon" delivery="Paris" weight="28" reward="78143">
					<bid agent="Zero" bid="3075"/>
					<bid agent="Opponent" bid="2984"/>
				</task>
				<task id="3" pickup="Brest" delivery="Lyon" weight="13" reward="37398">
					<bid agent="Zero" bid="5285"/>
					<bid agent="Opponent" bid="4627"/>
				</task>
				<task id="4" pickup="Brest" delivery="Strasbourg" weight="25" reward="35950">
					<bid agent="Zero" bid="5390"/>
					<bid agent="Opponent" bid="4689"/>
				</task>
				<task id="5" pickup="Brest" delivery="Monaco" weight="15" reward="100">
					<bid agent="Zero" bid="7990"/>
					<bid agent="Opponent" bid="6668"/>
				</task>
				<task id="6" pickup="Lyon" delivery="Monaco" weight="28" reward="72973">
					<bid agent="Zero" bid="3450"/>
					<bid agent="Opponent" bid="3580"/>
				</task>
				<task id="7" pickup="Paris" delivery="Le Havre" weight="26" reward="96758">
					<bid agent="Zero" bid="980"/>
					<bid agent="Opponent" bid="2535"/>
				</task>
				<task id="8" pickup="Brest" delivery="Le Havre" weight="18" reward="56013">
					<bid agent="Zero" bid="2955"/>
					<bid agent="Opponent" bid="3460"/>
				</task>
				<task id="9" pickup="Paris" delivery="Monaco" weight="25" reward="40845">
					<bid agent="Zero" bid="1585"/>
					<bid agent="Opponent" bid="4332"/>
				</task>
				<task id="10" pickup="Paris" delivery="Monaco" weight="25" reward="40845">
					<bid agent="Zero" bid="0"/>
					<bid agent="Opponent" bid="4431"/>
				</task>
				<task id="11" pickup="Marseille" delivery="Bordeaux" weight="16" reward="65734">
					<bid agent="Zero" bid="3230"/>
					<bid agent="Opponent" bid="3104"/>
				</task>
				<task id="12" pickup="Lyon" delivery="Monaco" weight="28" reward="72973">
					<bid agent="Zero" bid="3450"/>
					<bid agent="Opponent" bid="2486"/>
				</task>
				<task id="13" pickup="Genève" delivery="Marseille" weight="29" reward="78212">
					<bid agent="Zero" bid="2325"/>
					<bid agent="Opponent" bid="2240"/>
				</task>
				<task id="14" pickup="Le Havre" delivery="Strasbourg" weight="10" reward="63183">
					<bid agent="Zero" bid="3415"/>
					<bid agent="Opponent" bid="2947"/>
				</task>
				<task id="15" pickup="Monaco" delivery="Genève" weight="22" reward="74352">
					<bid agent="Zero" bid="2605"/>
					<bid agent="Opponent" bid="3072"/>
				</task>
				<task id="16" pickup="Bordeaux" delivery="Le Havre" weight="23" reward="56495">
					<bid agent="Zero" bid="5840"/>
					<bid agent="Opponent" bid="4823"/>
				</task>
				<task id="17" pickup="Genève" delivery="Bordeaux" weight="16" reward="59460">
					<bid agent="Zero" bid="3685"/>
					<bid agent="Opponent" bid="3136"/>
				</task>
				<task id="18" pickup="Monaco" delivery="Genève" weight="22" reward="74352">
					<bid agent="Zero" bid="0"/>
					<bid agent="Opponent" bid="2223"/>
				</task>
				<task id="19" pickup="Paris" delivery="Monaco" weight="25" reward="40845">
					<bid agent="Zero" bid="3450"/>
					<bid agent="Opponent" bid="4201"/>
				</task>
				<task id="20" pickup="Monaco" delivery="Brest" weight="12" reward="100">
					<bid agent="Zero" bid="6030"/>
					<bid agent="Opponent" bid="6137"/>
				</task>
				<task id="21" pickup="Bordeaux" delivery="Marseille" weight="21" reward="65734">
					<bid agent="Zero" bid="4590"/>
					<bid agent="Opponent" bid="3286"/>
				</task>
				<task id="22" pickup="Brest" delivery="Marseille" weight="11" reward="15612">
					<bid agent="Zero" bid="2565"/>
					<bid agent="Opponent" bid="5010"/>
				</task>
				<task id="23" pickup="Monaco" delivery="Le Havre" weight="23" reward="27332">
					<bid agent="Zero" bid="0"/>
					<bid agent="Opponent" bid="4691"/>
				</task>
				<task id="24" pickup="Brest" delivery="Le Havre" weight="18" reward="56013">
					<bid agent="Zero" bid="1960"/>
					<bid agent="Opponent" bid="3399"/>
				</task>
				<task id="25" pickup="Brest" delivery="Bordeaux" weight="21" reward="29263">
					<bid agent="Zero" bid="2240"/>
					<bid agent="Opponent" bid="4512"/>
				</task>
				<task id="26" pickup="Strasbourg" delivery="Brest" weight="25" reward="35950">
					<bid agent="Zero" bid="3280"/>
					<bid agent="Opponent" bid="5022"/>
				</task>
				<task id="27" pickup="Paris" delivery="Strasbourg" weight="26" reward="76696">
					<bid agent="Zero" bid="2795"/>
					<bid agent="Opponent" bid="2192"/>
				</task>
				<task id="28" pickup="Monaco" delivery="Genève" weight="22" reward="74352">
					<bid agent="Zero" bid="2590"/>
					<bid agent="Opponent" bid="2121"/>
				</task>
				<task id="29" pickup="Monaco" delivery="Lyon" weight="15" reward="72973">
					<bid agent="Zero" bid="3205"/>
					<bid agent="Opponent" bid="2414"/>
				</task>
				<task id="30" pickup="Brest" delivery="Monaco" weight="15" reward="100">
					<bid agent="Zero" bid="0"/>
					<bid agent="Opponent" bid="6107"/>
				</task>
				<task id="31" pickup="Genève" delivery="Le Havre" weight="23" reward="54358">
					<bid agent="Zero" bid="2095"/>
					<bid agent="Opponent" bid="3250"/>
				</task>
				<task id="32" pickup="Marseille" delivery="Brest" weight="16" reward="15612">
					<bid agent="Zero" bid="3585"/>
					<bid agent="Opponent" bid="5380"/>
				</task>
				<task id="33" pickup="Le Havre" delivery="Bordeaux" weight="22" reward="56495">
					<bid agent="Zero" bid="3530"/>
					<bid agent="Opponent" bid="3657"/>
				</task>
				<task id="34" pickup="Monaco" delivery="Brest" weight="12" reward="100">
					<bid agent="Zero" bid="2415"/>
					<bid agent="Opponent" bid="6110"/>
				</task>
				<task id="35" pickup="Le Havre" delivery="Marseille" weight="28" reward="42844">
					<bid agent="Zero" bid="0"/>
					<bid agent="Opponent" bid="4137"/>
				</task>
				<task id="36" pickup="Monaco" delivery="Lyon" weight="15" reward="72973">
					<bid agent="Zero" bid="0"/>
					<bid agent="Opponent" bid="2355"/>
				</task>
				<task id="37" pickup="Paris" delivery="Strasbourg" weight="26" reward="76696">
					<bid agent="Zero" bid="2795"/>
					<bid agent="Opponent" bid="2231"/>
				</task>
				<task id="38" pickup="Strasbourg" delivery="Paris" weight="26" reward="76696">
					<bid agent="Zero" bid="1305"/>
					<bid agent="Opponent" bid="2197"/>
				</task>
				<task id="39" pickup="Bordeaux" delivery="Genève" weight="23" reward="59460">
					<bid agent="Zero" bid="5435"/>
					<bid agent="Opponent" bid="2984"/>
				</task>
			</tasks>
			<events>
				<event id="0" time="0" vehicle="Vehicle 1" pickup="7"/>
				<event id="1" time="0" vehicle="Vehicle 2" move="Monaco"/>
				<event id="2" time="0" vehicle="Vehicle 3" pickup="22"/>
				<event id="3" time="0" vehicle="Vehicle 5" pickup="2"/>
				<event id="4" time="300000000" vehicle="Vehicle 1" pickup="10"/>
				<event id="5" time="300000000" vehicle="Vehicle 3" pickup="30"/>
				<event id="6" time="300000000" vehicle="Vehicle 5" move="Paris"/>
				<event id="7" time="600000000" vehicle="Vehicle 1" move="Le Havre"/>
				<event id="8" time="600000000" vehicle="Vehicle 3" move="Paris"/>
				<event id="9" time="2500000000" vehicle="Vehicle 2" pickup="15"/>
				<event id="10" time="2800000000" vehicle="Vehicle 2" pickup="23"/>
				<event id="11" time="3100000000" vehicle="Vehicle 2" pickup="18"/>
				<event id="12" time="3400000000" vehicle="Vehicle 2" move="Genève"/>
				<event id="13" time="3866666666" vehicle="Vehicle 1" pickup="35"/>
				<event id="14" time="4166666665" vehicle="Vehicle 1" deliver="7"/>
				<event id="15" time="4466666665" vehicle="Vehicle 1" move="Paris"/>
				<event id="16" time="5477777777" vehicle="Vehicle 5" pickup="0"/>
				<event id="17" time="5777777777" vehicle="Vehicle 5" deliver="2"/>
				<event id="18" time="6077777776" vehicle="Vehicle 5" pickup="1"/>
				<event id="19" time="6377777776" vehicle="Vehicle 5" move="Lyon"/>
				<event id="20" time="7166666666" vehicle="Vehicle 3" pickup="19"/>
				<event id="21" time="7466666666" vehicle="Vehicle 3" move="Lyon"/>
				<event id="22" time="7733333331" vehicle="Vehicle 1" pickup="9"/>
				<event id="23" time="8033333330" vehicle="Vehicle 1" move="Lyon"/>
				<event id="24" time="9188888888" vehicle="Vehicle 2" deliver="15"/>
				<event id="25" time="9488888888" vehicle="Vehicle 2" deliver="18"/>
				<event id="26" time="9788888888" vehicle="Vehicle 2" move="Strasbourg"/>
				<event id="27" time="11555555553" vehicle="Vehicle 5" move="Marseille"/>
				<event id="28" time="12644444443" vehicle="Vehicle 3" pickup="6"/>
				<event id="29" time="12944444443" vehicle="Vehicle 3" move="Marseille"/>
				<event id="30" time="14111111110" vehicle="Vehicle 2" pickup="26"/>
				<event id="31" time="14411111110" vehicle="Vehicle 2" pickup="38"/>
				<event id="32" time="14711111110" vehicle="Vehicle 2" move="Paris"/>
				<event id="33" time="15066666663" vehicle="Vehicle 5" move="Monaco"/>
				<event id="34" time="15799999996" vehicle="Vehicle 1" move="Marseille"/>
				<event id="35" time="16455555553" vehicle="Vehicle 3" move="Monaco"/>
				<event id="36" time="17566666662" vehicle="Vehicle 5" deliver="0"/>
				<event id="37" time="17866666662" vehicle="Vehicle 5" deliver="1"/>
				<event id="38" time="18166666661" vehicle="Vehicle 5" move="Marseille"/>
				<event id="39" time="18955555552" vehicle="Vehicle 3" deliver="19"/>
				<event id="40" time="19255555551" vehicle="Vehicle 3" pickup="34"/>
				<event id="41" time="19555555551" vehicle="Vehicle 3" pickup="20"/>
				<event id="42" time="19855555551" vehicle="Vehicle 3" deliver="30"/>
				<event id="43" time="20122222220" vehicle="Vehicle 2" deliver="38"/>
				<event id="44" time="20155555550" vehicle="Vehicle 3" deliver="6"/>
				<event id="45" time="20422222220" vehicle="Vehicle 2" move="Brest"/>
				<event id="46" time="20455555550" vehicle="Vehicle 3" pickup="36"/>
				<event id="47" time="20666666660" vehicle="Vehicle 5" move="Lyon"/>
				<event id="48" time="20755555550" vehicle="Vehicle 3" move="Marseille"/>
				<event id="49" time="21066666662" vehicle="Vehicle 1" deliver="35"/>
				<event id="50" time="21366666662" vehicle="Vehicle 1" move="Monaco"/>
				<event id="51" time="23255555549" vehicle="Vehicle 3" deliver="22"/>
				<event id="52" time="23555555549" vehicle="Vehicle 3" pickup="32"/>
				<event id="53" time="23855555549" vehicle="Vehicle 3" move="Lyon"/>
				<event id="54" time="24177777770" vehicle="Vehicle 5" move="Paris"/>
				<event id="55" time="25116666661" vehicle="Vehicle 1" deliver="9"/>
				<event id="56" time="25416666661" vehicle="Vehicle 1" deliver="10"/>
				<event id="57" time="26988888885" vehicle="Vehicle 2" deliver="26"/>
				<event id="58" time="27288888884" vehicle="Vehicle 2" pickup="8"/>
				<event id="59" time="27366666659" vehicle="Vehicle 3" move="Genève"/>
				<event id="60" time="27588888884" vehicle="Vehicle 2" pickup="24"/>
				<event id="61" time="27888888884" vehicle="Vehicle 2" pickup="25"/>
				<event id="62" time="28188888883" vehicle="Vehicle 2" move="Paris"/>
				<event id="63" time="29022222214" vehicle="Vehicle 3" pickup="31"/>
				<event id="64" time="29322222214" vehicle="Vehicle 3" move="Lyon"/>
				<event id="65" time="29355555547" vehicle="Vehicle 5" move="Brest"/>
				<event id="66" time="30977777768" vehicle="Vehicle 3" deliver="36"/>
				<event id="67" time="31277777767" vehicle="Vehicle 3" move="Paris"/>
				<event id="68" time="34755555549" vehicle="Vehicle 2" move="Le Havre"/>
				<event id="69" time="35922222213" vehicle="Vehicle 5" pickup="3"/>
				<event id="70" time="36222222212" vehicle="Vehicle 5" pickup="5"/>
				<event id="71" time="36455555544" vehicle="Vehicle 3" move="Le Havre"/>
				<event id="72" time="36522222212" vehicle="Vehicle 5" pickup="4"/>
				<event id="73" time="36822222212" vehicle="Vehicle 5" move="Paris"/>
				<event id="74" time="36933333326" vehicle="Vehicle 2" deliver="8"/>
				<event id="75" time="37233333325" vehicle="Vehicle 2" deliver="23"/>
				<event id="76" time="37533333325" vehicle="Vehicle 2" deliver="24"/>
				<event id="77" time="37833333325" vehicle="Vehicle 2" pickup="33"/>
				<event id="78" time="38133333324" vehicle="Vehicle 2" move="Paris"/>
				<event id="79" time="38633333321" vehicle="Vehicle 3" deliver="31"/>
				<event id="80" time="38933333321" vehicle="Vehicle 3" move="Paris"/>
				<event id="81" time="40311111101" vehicle="Vehicle 2" move="Bordeaux"/>
				<event id="82" time="41111111098" vehicle="Vehicle 3" move="Brest"/>
				<event id="83" time="43388888877" vehicle="Vehicle 5" move="Strasbourg"/>
				<event id="84" time="46799999989" vehicle="Vehicle 2" deliver="25"/>
				<event id="85" time="47099999989" vehicle="Vehicle 2" deliver="33"/>
				<event id="86" time="47677777763" vehicle="Vehicle 3" deliver="20"/>
				<event id="87" time="47977777763" vehicle="Vehicle 3" deliver="32"/>
				<event id="88" time="48277777762" vehicle="Vehicle 3" deliver="34"/>
				<event id="89" time="48799999988" vehicle="Vehicle 5" deliver="4"/>
				<event id="90" time="49099999988" vehicle="Vehicle 5" move="Genève"/>
				<event id="91" time="53422222210" vehicle="Vehicle 5" pickup="13"/>
				<event id="92" time="53722222210" vehicle="Vehicle 5" pickup="17"/>
				<event id="93" time="54022222209" vehicle="Vehicle 5" move="Lyon"/>
				<event id="94" time="55677777763" vehicle="Vehicle 5" deliver="3"/>
				<event id="95" time="55977777763" vehicle="Vehicle 5" move="Marseille"/>
				<event id="96" time="59488888873" vehicle="Vehicle 5" deliver="13"/>
				<event id="97" time="59788888873" vehicle="Vehicle 5" move="Lyon"/>
				<event id="98" time="63299999984" vehicle="Vehicle 5" pickup="12"/>
				<event id="99" time="63599999984" vehicle="Vehicle 5" move="Marseille"/>
				<event id="100" time="67111111095" vehicle="Vehicle 5" pickup="11"/>
				<event id="101" time="67411111095" vehicle="Vehicle 5" move="Monaco"/>
				<event id="102" time="69911111094" vehicle="Vehicle 5" deliver="12"/>
				<event id="103" time="70211111093" vehicle="Vehicle 5" deliver="5"/>
				<event id="104" time="70511111093" vehicle="Vehicle 5" move="Marseille"/>
				<event id="105" time="73011111092" vehicle="Vehicle 5" move="Bordeaux"/>
				<event id="106" time="80188888868" vehicle="Vehicle 5" deliver="11"/>
				<event id="107" time="80488888868" vehicle="Vehicle 5" pickup="16"/>
				<event id="108" time="80788888868" vehicle="Vehicle 5" deliver="17"/>
				<event id="109" time="81088888867" vehicle="Vehicle 5" pickup="21"/>
				<event id="110" time="81388888867" vehicle="Vehicle 5" pickup="39"/>
				<event id="111" time="81688888867" vehicle="Vehicle 5" move="Paris"/>
				<event id="112" time="88177777755" vehicle="Vehicle 5" move="Le Havre"/>
				<event id="113" time="90355555532" vehicle="Vehicle 5" pickup="14"/>
				<event id="114" time="90655555532" vehicle="Vehicle 5" deliver="16"/>
				<event id="115" time="90955555532" vehicle="Vehicle 5" move="Paris"/>
				<event id="116" time="93133333309" vehicle="Vehicle 5" pickup="27"/>
				<event id="117" time="93433333309" vehicle="Vehicle 5" move="Lyon"/>
				<event id="118" time="98611111086" vehicle="Vehicle 5" move="Genève"/>
				<event id="119" time="100266666640" vehicle="Vehicle 5" deliver="39"/>
				<event id="120" time="100566666640" vehicle="Vehicle 5" move="Lyon"/>
				<event id="121" time="102222222195" vehicle="Vehicle 5" move="Marseille"/>
				<event id="122" time="105733333305" vehicle="Vehicle 5" deliver="21"/>
				<event id="123" time="106033333304" vehicle="Vehicle 5" move="Monaco"/>
				<event id="124" time="108533333303" vehicle="Vehicle 5" pickup="28"/>
				<event id="125" time="108833333303" vehicle="Vehicle 5" pickup="29"/>
				<event id="126" time="109133333302" vehicle="Vehicle 5" move="Genève"/>
				<event id="127" time="114922222190" vehicle="Vehicle 5" deliver="28"/>
				<event id="128" time="115222222189" vehicle="Vehicle 5" move="Lyon"/>
				<event id="129" time="116877777743" vehicle="Vehicle 5" deliver="29"/>
				<event id="130" time="117177777742" vehicle="Vehicle 5" move="Paris"/>
				<event id="131" time="122355555519" vehicle="Vehicle 5" pickup="37"/>
				<event id="132" time="122655555519" vehicle="Vehicle 5" move="Strasbourg"/>
				<event id="133" time="128066666629" vehicle="Vehicle 5" deliver="14"/>
				<event id="134" time="128366666629" vehicle="Vehicle 5" deliver="37"/>
				<event id="135" time="128666666629" vehicle="Vehicle 5" deliver="27"/>
			</events>
		</round>
	</rounds>
	<statistics>
		<stat rank="1" agent="Opponent">
			<total-tasks value="18"/>
			<total-distance value="10635.0"/>
			<total-cost value="53175"/>
			<total-reward value="62005"/>
			<total-profit value="8830"/>
		</stat>
		<stat rank="2" agent="Zero">
			<total-tasks value="22"/>
			<total-distance value="9065.0"/>
			<total-cost value="45325"/>
			<total-reward value="44030"/>
			<total-profit value="-1295"/>
		</stat>
	</statistics>
</history>
