<?xml version="1.0" encoding="ISO-8859-1"?>

<history configuration="config/rounds/auction1.xml">
	<agents>
		<agent name="Zero">
			<vehicle name="Vehicle 1"/>
			<vehicle name="Vehicle 2"/>
		</agent>
		<agent name="Margin">
			<vehicle name="Vehicle 3"/>
			<vehicle name="Vehicle 4"/>
		</agent>
	</agents>
	<rounds>
		<round id="1">
			<tasks>
				<task id="0" pickup="Leeds" delivery="Sheffield" weight="6" reward="1281">
					<bid agent="Zero" bid="699"/>
					<bid agent="Margin" bid="1014"/>
				</task>
				<task id="1" pickup="Liverpool" delivery="Sheffield" weight="7" reward="14258">
					<bid agent="Zero" bid="725"/>
					<bid agent="Margin" bid="1375"/>
				</task>
				<task id="2" pickup="Manchester" delivery="Cardiff" weight="9" reward="31460">
					<bid agent="Zero" bid="1373"/>
					<bid agent="Margin" bid="1774"/>
				</task>
				<task id="3" pickup="Manchester" delivery="London" weight="6" reward="31997">
					<bid agent="Zero" bid="1165"/>
					<bid agent="Margin" bid="2021"/>
				</task>
				<task id="4" pickup="Plymouth" delivery="Birmingham" weight="8" reward="58829">
					<bid agent="Zero" bid="2463"/>
					<bid agent="Margin" bid="1523"/>
				</task>
				<task id="5" pickup="Liverpool" delivery="Norwich" weight="5" reward="58793">
					<bid agent="Zero" bid="575"/>
					<bid agent="Margin" bid="2122"/>
				</task>
				<task id="6" pickup="Birmingham" delivery="Norwich" weight="8" reward="35595">
					<bid agent="Zero" bid="0"/>
					<bid agent="Margin" bid="1118"/>
				</task>
				<task id="7" pickup="Sheffield" delivery="Manchester" weight="7" reward="20470">
					<bid agent="Zero" bid="413"/>
					<bid agent="Margin" bid="1267"/>
				</task>
				<task id="8" pickup="Liverpool" delivery="Cardiff" weight="6" reward="37671">
					<bid agent="Zero" bid="0"/>
					<bid agent="Margin" bid="2189"/>
				</task>
				<task id="9" pickup="Sheffield" delivery="Norwich" weight="7" reward="51741">
					<bid agent="Zero" bid="0"/>
					<bid agent="Margin" bid="2650"/>
				</task>
				<task id="10" pickup="Portsmouth" delivery="Cardiff" weight="5" reward="48984">
					<bid agent="Zero" bid="1137"/>
					<bid agent="Margin" bid="805"/>
				</task>
				<task id="11" pickup="Plymouth" delivery="London" weight="7" reward="37707">
					<bid agent="Zero" bid="2448"/>
					<bid agent="Margin" bid="25"/>
				</task>
				<task id="12" pickup="Sheffield" delivery="Norwich" weight="7" reward="51741">
					<bid agent="Zero" bid="0"/>
					<bid agent="Margin" bid="3434"/>
				</task>
				<task id="13" pickup="Newcastle" delivery="Liverpool" weight="9" reward="24497">
					<bid agent="Zero" bid="0"/>
					<bid agent="Margin" bid="3483"/>
				</task>
				<task id="14" pickup="Cardiff" delivery="Newcastle" weight="8" reward="55643">
					<bid agent="Zero" bid="1521"/>
					<bid agent="Margin" bid="2415"/>
				</task>
				<task id="15" pickup="Birmingham" delivery="Sheffield" weight="6" reward="10034">
					<bid agent="Zero" bid="0"/>
					<bid agent="Margin" bid="1307"/>
				</task>
				<task id="16" pickup="Newcastle" delivery="Birmingham" weight="5" reward="35058">
					<bid agent="Zero" bid="0"/>
					<bid agent="Margin" bid="3450"/>
				</task>
				<task id="17" pickup="Birmingham" delivery="Plymouth" weight="6" reward="58829">
					<bid agent="Zero" bid="2448"/>
					<bid agent="Margin" bid="3702"/>
				</task>
				<task id="18" pickup="Cardiff" delivery="Newcastle" weight="8" reward="55643">
					<bid agent="Zero" bid="70"/>
					<bid agent="Margin" bid="2760"/>
				</task>
				<task id="19" pickup="Leeds" delivery="Sheffield" weight="6" reward="1281">
					<bid agent="Zero" bid="0"/>
					<bid agent="Margin" bid="2169"/>
				</task>
			</tasks>
			<events>
				<event id="0" time="0" vehicle="Vehicle 1" pickup="13"/>
				<event id="1" time="0" vehicle="Vehicle 3" pickup="11"/>
				<event id="2" time="300000000" vehicle="Vehicle 1" move="Leeds"/>
				<event id="3" time="300000000" vehicle="Vehicle 3" pickup="4"/>
				<event id="4" time="600000000" vehicle="Vehicle 3" move="Portsmouth"/>
				<event id="5" time="1394444444" vehicle="Vehicle 1" pickup="19"/>
				<event id="6" time="1694444444" vehicle="Vehicle 1" pickup="0"/>
				<event id="7" time="1994444444" vehicle="Vehicle 1" move="Sheffield"/>
				<event id="8" time="2453333332" vehicle="Vehicle 1" pickup="7"/>
				<event id="9" time="2488888888" vehicle="Vehicle 3" pickup="10"/>
				<event id="10" time="2753333332" vehicle="Vehicle 1" deliver="19"/>
				<event id="11" time="2788888888" vehicle="Vehicle 3" move="London"/>
				<event id="12" time="3053333331" vehicle="Vehicle 1" move="Leeds"/>
				<event id="13" time="3512222219" vehicle="Vehicle 1" move="Liverpool"/>
				<event id="14" time="3619999999" vehicle="Vehicle 3" deliver="11"/>
				<event id="15" time="3919999999" vehicle="Vehicle 3" move="Birmingham"/>
				<event id="16" time="4317777773" vehicle="Vehicle 1" pickup="8"/>
				<event id="17" time="4617777773" vehicle="Vehicle 1" pickup="1"/>
				<event id="18" time="4917777773" vehicle="Vehicle 1" deliver="13"/>
				<event id="19" time="5217777772" vehicle="Vehicle 1" move="Manchester"/>
				<event id="20" time="5231111110" vehicle="Vehicle 3" deliver="4"/>
				<event id="21" time="5531111110" vehicle="Vehicle 3" move="Cardiff"/>
				<event id="22" time="5603333327" vehicle="Vehicle 1" pickup="2"/>
				<event id="23" time="5903333327" vehicle="Vehicle 1" deliver="7"/>
				<event id="24" time="6203333326" vehicle="Vehicle 1" move="Birmingham"/>
				<event id="25" time="6808888886" vehicle="Vehicle 3" deliver="10"/>
				<event id="26" time="7257777769" vehicle="Vehicle 1" move="Cardiff"/>
				<event id="27" time="8535555546" vehicle="Vehicle 1" deliver="2"/>
				<event id="28" time="8835555546" vehicle="Vehicle 1" pickup="14"/>
				<event id="29" time="9135555545" vehicle="Vehicle 1" deliver="8"/>
				<event id="30" time="9435555545" vehicle="Vehicle 1" pickup="18"/>
				<event id="31" time="9735555545" vehicle="Vehicle 1" move="Birmingham"/>
				<event id="32" time="11013333322" vehicle="Vehicle 1" pickup="15"/>
				<event id="33" time="11313333322" vehicle="Vehicle 1" move="Sheffield"/>
				<event id="34" time="12315555543" vehicle="Vehicle 1" deliver="0"/>
				<event id="35" time="12615555543" vehicle="Vehicle 1" pickup="12"/>
				<event id="36" time="12915555543" vehicle="Vehicle 1" deliver="15"/>
				<event id="37" time="13215555542" vehicle="Vehicle 1" pickup="9"/>
				<event id="38" time="13515555542" vehicle="Vehicle 1" deliver="1"/>
				<event id="39" time="13815555542" vehicle="Vehicle 1" move="Leeds"/>
				<event id="40" time="14274444430" vehicle="Vehicle 1" move="Newcastle"/>
				<event id="41" time="15368888873" vehicle="Vehicle 1" deliver="14"/>
				<event id="42" time="15668888873" vehicle="Vehicle 1" deliver="18"/>
				<event id="43" time="15968888873" vehicle="Vehicle 1" pickup="16"/>
				<event id="44" time="16268888872" vehicle="Vehicle 1" move="Leeds"/>
				<event id="45" time="17363333316" vehicle="Vehicle 1" move="Liverpool"/>
				<event id="46" time="18168888870" vehicle="Vehicle 1" pickup="5"/>
				<event id="47" time="18468888870" vehicle="Vehicle 1" move="Manchester"/>
				<event id="48" time="18854444425" vehicle="Vehicle 1" pickup="3"/>
				<event id="49" time="19154444424" vehicle="Vehicle 1" move="Birmingham"/>
				<event id="50" time="20208888867" vehicle="Vehicle 1" pickup="6"/>
				<event id="51" time="20508888867" vehicle="Vehicle 1" deliver="16"/>
				<event id="52" time="20808888867" vehicle="Vehicle 1" pickup="17"/>
				<event id="53" time="21108888866" vehicle="Vehicle 1" move="London"/>
				<event id="54" time="22419999977" vehicle="Vehicle 1" move="Norwich"/>
				<event id="55" time="23697777754" vehicle="Vehicle 1" deliver="12"/>
				<event id="56" time="23997777754" vehicle="Vehicle 1" deliver="6"/>
				<event id="57" time="24297777753" vehicle="Vehicle 1" deliver="9"/>
				<event id="58" time="24597777753" vehicle="Vehicle 1" deliver="5"/>
				<event id="59" time="24897777753" vehicle="Vehicle 1" move="London"/>
				<event id="60" time="26175555530" vehicle="Vehicle 1" deliver="3"/>
				<event id="61" time="26475555530" vehicle="Vehicle 1" move="Portsmouth"/>
				<event id="62" time="27306666640" vehicle="Vehicle 1" move="Plymouth"/>
				<event id="63" time="29195555528" vehicle="Vehicle 1" deliver="17"/>
			</events>
		</round>
	</rounds>
	<statistics>
		<stat rank="1" agent="Zero">
			<total-tasks value="17"/>
			<total-distance value="1736.6"/>
			<total-cost value="8683"/>
			<total-reward value="8989"/>
			<total-profit value="306"/>
		</stat>
		<stat rank="2" agent="Margin">
			<total-tasks value="3"/>
			<total-distance value="477.8"/>
			<total-cost value="2389"/>
			<total-reward value="2353"/>
			<total-profit value="-36"/>
		</stat>
	</statistics>
</history>
