<?xml version="1.0" encoding="ISO-8859-1"?>

<history configuration="config/rounds/auction2.xml">
	<agents>
		<agent name="Naive">
			<vehicle name="Vehicle 1"/>
			<vehicle name="Vehicle 2"/>
			<vehicle name="Vehicle 3"/>
		</agent>
		<agent name="Zero">
			<vehicle name="Vehicle 4"/>
			<vehicle name="Vehicle 5"/>
			<vehicle name="Vehicle 6"/>
			<vehicle name="Vehicle 7"/>
		</agent>
	</agents>
	<rounds>
		<round id="1">
			<tasks>
				<task id="0" pickup="Breda" delivery="Almere" weight="27" reward="62791">
					<bid agent="Naive" bid="1180"/>
					<bid agent="Zero" bid="827"/>
				</task>
				<task id="1" pickup="Den Haag" delivery="Groningen" weight="19" reward="8119">
					<bid agent="Naive" bid="1601"/>
					<bid agent="Zero" bid="897"/>
				</task>
				<task id="2" pickup="Apeldoorn" delivery="Den Haag" weight="26" reward="47362">
					<bid agent="Naive" bid="1303"/>
					<bid agent="Zero" bid="604"/>
				</task>
				<task id="3" pickup="Utrecht" delivery="Groningen" weight="12" reward="30020">
					<bid agent="Naive" bid="1315"/>
					<bid agent="Zero" bid="0"/>
				</task>
				<task id="4" pickup="Utrecht" delivery="Amsterdam" weight="24" reward="91775">
					<bid agent="Naive" bid="510"/>
					<bid agent="Zero" bid="285"/>
				</task>
				<task id="5" pickup="Nijmegen" delivery="Groningen" weight="26" reward="29695">
					<bid agent="Naive" bid="1788"/>
					<bid agent="Zero" bid="584"/>
				</task>
				<task id="6" pickup="Almere" delivery="Utrecht" weight="26" reward="92712">
					<bid agent="Naive" bid="419"/>
					<bid agent="Zero" bid="0"/>
				</task>
				<task id="7" pickup="Den Haag" delivery="Nijmegen" weight="28" reward="54405">
					<bid agent="Naive" bid="1362"/>
					<bid agent="Zero" bid="285"/>
				</task>
				<task id="8" pickup="Apeldoorn" delivery="Almere" weight="21" reward="77731">
					<bid agent="Naive" bid="1151"/>
					<bid agent="Zero" bid="148"/>
				</task>
				<task id="9" pickup="Apeldoorn" delivery="Den Haag" weight="26" reward="47362">
					<bid agent="Naive" bid="1743"/>
					<bid agent="Zero" bid="134"/>
				</task>
				<task id="10" pickup="Almere" delivery="Eindhoven" weight="12" reward="55300">
					<bid agent="Naive" bid="950"/>
					<bid agent="Zero" bid="378"/>
				</task>
				<task id="11" pickup="Breda" delivery="Nijmegen" weight="11" reward="71177">
					<bid agent="Naive" bid="1153"/>
					<bid agent="Zero" bid="441"/>
				</task>
				<task id="12" pickup="Rotterdam" delivery="Almere" weight="22" reward="67350">
					<bid agent="Naive" bid="1067"/>
					<bid agent="Zero" bid="94"/>
				</task>
				<task id="13" pickup="Den Haag" delivery="Apeldoorn" weight="17" reward="47362">
					<bid agent="Naive" bid="1116"/>
					<bid agent="Zero" bid="425"/>
				</task>
				<task id="14" pickup="Eindhoven" delivery="Nijmegen" weight="28" reward="81761">
					<bid agent="Naive" bid="1436"/>
					<bid agent="Zero" bid="521"/>
				</task>
				<task id="15" pickup="Rotterdam" delivery="Apeldoorn" weight="16" reward="57702">
					<bid agent="Naive" bid="1895"/>
					<bid agent="Zero" bid="0"/>
				</task>
				<task id="16" pickup="Amsterdam" delivery="Breda" weight="23" reward="61855">
					<bid agent="Naive" bid="645"/>
					<bid agent="Zero" bid="236"/>
				</task>
				<task id="17" pickup="Apeldoorn" delivery="Den Haag" weight="26" reward="47362">
					<bid agent="Naive" bid="1875"/>
					<bid agent="Zero" bid="519"/>
				</task>
				<task id="18" pickup="Almere" delivery="Rotterdam" weight="25" reward="67350">
					<bid agent="Naive" bid="942"/>
					<bid agent="Zero" bid="169"/>
				</task>
				<task id="19" pickup="Eindhoven" delivery="Breda" weight="15" reward="85018">
					<bid agent="Naive" bid="1735"/>
					<bid agent="Zero" bid="242"/>
				</task>
				<task id="20" pickup="Amsterdam" delivery="Nijmegen" weight="20" reward="56603">
					<bid agent="Naive" bid="1314"/>
					<bid agent="Zero" bid="825"/>
				</task>
				<task id="21" pickup="Breda" delivery="Nijmegen" weight="11" reward="71177">
					<bid agent="Naive" bid="1627"/>
					<bid agent="Zero" bid="363"/>
				</task>
				<task id="22" pickup="Eindhoven" delivery="Groningen" weight="27" reward="1117">
					<bid agent="Naive" bid="3695"/>
					<bid agent="Zero" bid="1682"/>
				</task>
				<task id="23" pickup="Amsterdam" delivery="Nijmegen" weight="20" reward="56603">
					<bid agent="Naive" bid="1216"/>
					<bid agent="Zero" bid="172"/>
				</task>
				<task id="24" pickup="Groningen" delivery="Amsterdam" weight="15" reward="34661">
					<bid agent="Naive" bid="3682"/>
					<bid agent="Zero" bid="0"/>
				</task>
				<task id="25" pickup="Den Haag" delivery="Groningen" weight="19" reward="8119">
					<bid agent="Naive" bid="3240"/>
					<bid agent="Zero" bid="204"/>
				</task>
				<task id="26" pickup="Eindhoven" delivery="Rotterdam" weight="15" reward="65233">
					<bid agent="Naive" bid="2092"/>
					<bid agent="Zero" bid="112"/>
				</task>
				<task id="27" pickup="Groningen" delivery="Amsterdam" weight="15" reward="34661">
					<bid agent="Naive" bid="4116"/>
					<bid agent="Zero" bid="0"/>
				</task>
				<task id="28" pickup="Utrecht" delivery="Almere" weight="23" reward="92712">
					<bid agent="Naive" bid="528"/>
					<bid agent="Zero" bid="433"/>
				</task>
				<task id="29" pickup="Utrecht" delivery="Breda" weight="29" reward="80418">
					<bid agent="Naive" bid="667"/>
					<bid agent="Zero" bid="637"/>
				</task>
			</tasks>
			<events>
				<event id="0" time="0" vehicle="Vehicle 4" pickup="13"/>
				<event id="1" time="0" vehicle="Vehicle 6" pickup="27"/>
				<event id="2" time="0" vehicle="Vehicle 7" move="Breda"/>
				<event id="3" time="300000000" vehicle="Vehicle 4" move="Rotterdam"/>
				<event id="4" time="300000000" vehicle="Vehicle 6" pickup="24"/>
				<event id="5" time="540000000" vehicle="Vehicle 7" move="Eindhoven"/>
				<event id="6" time="582222222" vehicle="Vehicle 4" pickup="15"/>
				<event id="7" time="600000000" vehicle="Vehicle 6" move="Almere"/>
				<event id="8" time="882222222" vehicle="Vehicle 4" pickup="12"/>
				<event id="9" time="1182222221" vehicle="Vehicle 4" move="Utrecht"/>
				<event id="10" time="1231111111" vehicle="Vehicle 7" pickup="19"/>
				<event id="11" time="1531111111" vehicle="Vehicle 7" pickup="26"/>
				<event id="12" time="1831111111" vehicle="Vehicle 7" move="Breda"/>
				<event id="13" time="1874444443" vehicle="Vehicle 4" move="Apeldoorn"/>
				<event id="14" time="2311111111" vehicle="Vehicle 6" pickup="10"/>
				<event id="15" time="2522222221" vehicle="Vehicle 7" deliver="19"/>
				<event id="16" time="2611111111" vehicle="Vehicle 6" pickup="6"/>
				<event id="17" time="2618888886" vehicle="Vehicle 4" deliver="13"/>
				<event id="18" time="2822222221" vehicle="Vehicle 7" pickup="0"/>
				<event id="19" time="2911111111" vehicle="Vehicle 6" move="Utrecht"/>
				<event id="20" time="2918888886" vehicle="Vehicle 4" pickup="8"/>
				<event id="21" time="3122222220" vehicle="Vehicle 7" move="Rotterdam"/>
				<event id="22" time="3218888885" vehicle="Vehicle 4" deliver="15"/>
				<event id="23" time="3392222221" vehicle="Vehicle 6" deliver="6"/>
				<event id="24" time="3518888885" vehicle="Vehicle 4" move="Almere"/>
				<event id="25" time="3662222220" vehicle="Vehicle 7" deliver="26"/>
				<event id="26" time="3692222221" vehicle="Vehicle 6" pickup="4"/>
				<event id="27" time="3962222220" vehicle="Vehicle 7" move="Den Haag"/>
				<event id="28" time="3992222221" vehicle="Vehicle 6" move="Amsterdam"/>
				<event id="29" time="4244444441" vehicle="Vehicle 7" pickup="25"/>
				<event id="30" time="4408888884" vehicle="Vehicle 4" deliver="12"/>
				<event id="31" time="4498888886" vehicle="Vehicle 6" deliver="24"/>
				<event id="32" time="4544444441" vehicle="Vehicle 7" pickup="1"/>
				<event id="33" time="4708888884" vehicle="Vehicle 4" move="Utrecht"/>
				<event id="34" time="4798888886" vehicle="Vehicle 6" pickup="23"/>
				<event id="35" time="4844444441" vehicle="Vehicle 7" move="Rotterdam"/>
				<event id="36" time="5098888885" vehicle="Vehicle 6" deliver="4"/>
				<event id="37" time="5126666662" vehicle="Vehicle 7" move="Utrecht"/>
				<event id="38" time="5189999995" vehicle="Vehicle 4" pickup="28"/>
				<event id="39" time="5398888885" vehicle="Vehicle 6" pickup="20"/>
				<event id="40" time="5489999995" vehicle="Vehicle 4" pickup="29"/>
				<event id="41" time="5698888885" vehicle="Vehicle 6" deliver="27"/>
				<event id="42" time="5789999995" vehicle="Vehicle 4" move="Almere"/>
				<event id="43" time="5818888884" vehicle="Vehicle 7" pickup="3"/>
				<event id="44" time="5998888885" vehicle="Vehicle 6" move="Utrecht"/>
				<event id="45" time="6118888883" vehicle="Vehicle 7" move="Almere"/>
				<event id="46" time="6271111106" vehicle="Vehicle 4" deliver="28"/>
				<event id="47" time="6505555551" vehicle="Vehicle 6" move="Eindhoven"/>
				<event id="48" time="6571111106" vehicle="Vehicle 4" pickup="18"/>
				<event id="49" time="6599999994" vehicle="Vehicle 7" deliver="0"/>
				<event id="50" time="6871111106" vehicle="Vehicle 4" deliver="8"/>
				<event id="51" time="6899999994" vehicle="Vehicle 7" move="Groningen"/>
				<event id="52" time="7171111105" vehicle="Vehicle 4" move="Amsterdam"/>
				<event id="53" time="7525555549" vehicle="Vehicle 4" pickup="16"/>
				<event id="54" time="7526666661" vehicle="Vehicle 6" deliver="10"/>
				<event id="55" time="7825555549" vehicle="Vehicle 4" move="Den Haag"/>
				<event id="56" time="7826666661" vehicle="Vehicle 6" pickup="14"/>
				<event id="57" time="8126666660" vehicle="Vehicle 6" move="Nijmegen"/>
				<event id="58" time="8549999993" vehicle="Vehicle 4" move="Rotterdam"/>
				<event id="59" time="8611111105" vehicle="Vehicle 7" deliver="25"/>
				<event id="60" time="8832222215" vehicle="Vehicle 4" deliver="18"/>
				<event id="61" time="8906666660" vehicle="Vehicle 6" deliver="23"/>
				<event id="62" time="8911111105" vehicle="Vehicle 7" deliver="3"/>
				<event id="63" time="9132222214" vehicle="Vehicle 4" move="Den Haag"/>
				<event id="64" time="9206666659" vehicle="Vehicle 6" deliver="20"/>
				<event id="65" time="9211111104" vehicle="Vehicle 7" deliver="1"/>
				<event id="66" time="9414444436" vehicle="Vehicle 4" pickup="7"/>
				<event id="67" time="9506666659" vehicle="Vehicle 6" deliver="14"/>
				<event id="68" time="9714444436" vehicle="Vehicle 4" move="Rotterdam"/>
				<event id="69" time="9806666659" vehicle="Vehicle 6" move="Apeldoorn"/>
				<event id="70" time="9996666658" vehicle="Vehicle 4" move="Breda"/>
				<event id="71" time="10441111103" vehicle="Vehicle 6" pickup="2"/>
				<event id="72" time="10536666657" vehicle="Vehicle 4" deliver="16"/>
				<event id="73" time="10741111103" vehicle="Vehicle 6" pickup="17"/>
				<event id="74" time="10836666657" vehicle="Vehicle 4" pickup="11"/>
				<event id="75" time="11041111102" vehicle="Vehicle 6" pickup="9"/>
				<event id="76" time="11136666656" vehicle="Vehicle 4" deliver="29"/>
				<event id="77" time="11341111102" vehicle="Vehicle 6" move="Utrecht"/>
				<event id="78" time="11436666656" vehicle="Vehicle 4" pickup="21"/>
				<event id="79" time="11736666656" vehicle="Vehicle 4" move="Eindhoven"/>
				<event id="80" time="12085555545" vehicle="Vehicle 6" move="Rotterdam"/>
				<event id="81" time="12427777766" vehicle="Vehicle 4" pickup="22"/>
				<event id="82" time="12727777766" vehicle="Vehicle 4" move="Nijmegen"/>
				<event id="83" time="12777777767" vehicle="Vehicle 6" move="Den Haag"/>
				<event id="84" time="13059999989" vehicle="Vehicle 6" deliver="9"/>
				<event id="85" time="13359999989" vehicle="Vehicle 6" deliver="17"/>
				<event id="86" time="13507777765" vehicle="Vehicle 4" deliver="7"/>
				<event id="87" time="13659999989" vehicle="Vehicle 6" deliver="2"/>
				<event id="88" time="13807777765" vehicle="Vehicle 4" pickup="5"/>
				<event id="89" time="14107777764" vehicle="Vehicle 4" deliver="11"/>
				<event id="90" time="14407777764" vehicle="Vehicle 4" deliver="21"/>
				<event id="91" time="14707777764" vehicle="Vehicle 4" move="Apeldoorn"/>
				<event id="92" time="15342222208" vehicle="Vehicle 4" move="Groningen"/>
				<event id="93" time="16908888873" vehicle="Vehicle 4" deliver="5"/>
				<event id="94" time="17208888872" vehicle="Vehicle 4" deliver="22"/>
			</events>
		</round>
	</rounds>
	<statistics>
		<stat rank="1" agent="Zero">
			<total-tasks value="30"/>
			<total-distance value="2068.2"/>
			<total-cost value="10341"/>
			<total-reward value="11217"/>
			<total-profit value="876"/>
		</stat>
		<stat rank="2" agent="Naive">
			<total-tasks value="0"/>
			<total-distance value="0.0"/>
			<total-cost value="0"/>
			<total-reward value="0"/>
			<total-profit value="0"/>
		</stat>
	</statistics>
</history>
