<?xml version="1.0" encoding="ISO-8859-1"?>

<history configuration="config/rounds/auction2.xml">
	<agents>
		<agent name="Naive">
			<vehicle name="Vehicle 1"/>
			<vehicle name="Vehicle 2"/>
			<vehicle name="Vehicle 3"/>
		</agent>
		<agent name="Margin">
			<vehicle name="Vehicle 4"/>
			<vehicle name="Vehicle 5"/>
			<vehicle name="Vehicle 6"/>
			<vehicle name="Vehicle 7"/>
		</agent>
	</agents>
	<rounds>
		<round id="1">
			<tasks>
				<task id="0" pickup="Breda" delivery="Almere" weight="27" reward="62791">
					<bid agent="Naive" bid="1180"/>
					<bid agent="Margin" bid="413"/>
				</task>
				<task id="1" pickup="Den Haag" delivery="Groningen" weight="19" reward="8119">
					<bid agent="Naive" bid="1601"/>
					<bid agent="Margin" bid="468"/>
				</task>
				<task id="2" pickup="Apeldoorn" delivery="Den Haag" weight="26" reward="47362">
					<bid agent="Naive" bid="1303"/>
					<bid agent="Margin" bid="326"/>
				</task>
				<task id="3" pickup="Utrecht" delivery="Groningen" weight="12" reward="30020">
					<bid agent="Naive" bid="1315"/>
					<bid agent="Margin" bid="25"/>
				</task>
				<task id="4" pickup="Utrecht" delivery="Amsterdam" weight="24" reward="91775">
					<bid agent="Naive" bid="510"/>
					<bid agent="Margin" bid="159"/>
				</task>
				<task id="5" pickup="Nijmegen" delivery="Groningen" weight="26" reward="29695">
					<bid agent="Naive" bid="1788"/>
					<bid agent="Margin" bid="328"/>
				</task>
				<task id="6" pickup="Almere" delivery="Utrecht" weight="26" reward="92712">
					<bid agent="Naive" bid="419"/>
					<bid agent="Margin" bid="47"/>
				</task>
				<task id="7" pickup="Den Haag" delivery="Nijmegen" weight="28" reward="54405">
					<bid agent="Naive" bid="1362"/>
					<bid agent="Margin" bid="111"/>
				</task>
				<task id="8" pickup="Apeldoorn" delivery="Almere" weight="21" reward="77731">
					<bid agent="Naive" bid="1151"/>
					<bid agent="Margin" bid="79"/>
				</task>
				<task id="9" pickup="Apeldoorn" delivery="Den Haag" weight="26" reward="47362">
					<bid agent="Naive" bid="1743"/>
					<bid agent="Margin" bid="70"/>
				</task>
				<task id="10" pickup="Almere" delivery="Eindhoven" weight="12" reward="55300">
					<bid agent="Naive" bid="950"/>
					<bid agent="Margin" bid="339"/>
				</task>
				<task id="11" pickup="Breda" delivery="Nijmegen" weight="11" reward="71177">
					<bid agent="Naive" bid="1153"/>
					<bid agent="Margin" bid="98"/>
				</task>
				<task id="12" pickup="Rotterdam" delivery="Almere" weight="22" reward="67350">
					<bid agent="Naive" bid="1067"/>
					<bid agent="Margin" bid="176"/>
				</task>
				<task id="13" pickup="Den Haag" delivery="Apeldoorn" weight="17" reward="47362">
					<bid agent="Naive" bid="1116"/>
					<bid agent="Margin" bid="25"/>
				</task>
				<task id="14" pickup="Eindhoven" delivery="Nijmegen" weight="28" reward="81761">
					<bid agent="Naive" bid="1436"/>
					<bid agent="Margin" bid="156"/>
				</task>
				<task id="15" pickup="Rotterdam" delivery="Apeldoorn" weight="16" reward="57702">
					<bid agent="Naive" bid="1895"/>
					<bid agent="Margin" bid="25"/>
				</task>
				<task id="16" pickup="Amsterdam" delivery="Breda" weight="23" reward="61855">
					<bid agent="Naive" bid="645"/>
					<bid agent="Margin" bid="25"/>
				</task>
				<task id="17" pickup="Apeldoorn" delivery="Den Haag" weight="26" reward="47362">
					<bid agent="Naive" bid="1875"/>
					<bid agent="Margin" bid="176"/>
				</task>
				<task id="18" pickup="Almere" delivery="Rotterdam" weight="25" reward="67350">
					<bid agent="Naive" bid="942"/>
					<bid agent="Margin" bid="41"/>
				</task>
				<task id="19" pickup="Eindhoven" delivery="Breda" weight="15" reward="85018">
					<bid agent="Naive" bid="1735"/>
					<bid agent="Margin" bid="25"/>
				</task>
				<task id="20" pickup="Amsterdam" delivery="Nijmegen" weight="20" reward="56603">
					<bid agent="Naive" bid="1314"/>
					<bid agent="Margin" bid="25"/>
				</task>
				<task id="21" pickup="Breda" delivery="Nijmegen" weight="11" reward="71177">
					<bid agent="Naive" bid="1627"/>
					<bid agent="Margin" bid="25"/>
				</task>
				<task id="22" pickup="Eindhoven" delivery="Groningen" weight="27" reward="1117">
					<bid agent="Naive" bid="3695"/>
					<bid agent="Margin" bid="25"/>
				</task>
				<task id="23" pickup="Amsterdam" delivery="Nijmegen" weight="20" reward="56603">
					<bid agent="Naive" bid="1216"/>
					<bid agent="Margin" bid="25"/>
				</task>
				<task id="24" pickup="Groningen" delivery="Amsterdam" weight="15" reward="34661">
					<bid agent="Naive" bid="3682"/>
					<bid agent="Margin" bid="25"/>
				</task>
				<task id="25" pickup="Den Haag" delivery="Groningen" weight="19" reward="8119">
					<bid agent="Naive" bid="3240"/>
					<bid agent="Margin" bid="25"/>
				</task>
				<task id="26" pickup="Eindhoven" delivery="Rotterdam" weight="15" reward="65233">
					<bid agent="Naive" bid="2092"/>
					<bid agent="Margin" bid="25"/>
				</task>
				<task id="27" pickup="Groningen" delivery="Amsterdam" weight="15" reward="34661">
					<bid agent="Naive" bid="4116"/>
					<bid agent="Margin" bid="25"/>
				</task>
				<task id="28" pickup="Utrecht" delivery="Almere" weight="23" reward="92712">
					<bid agent="Naive" bid="528"/>
					<bid agent="Margin" bid="25"/>
				</task>
				<task id="29" pickup="Utrecht" delivery="Breda" weight="29" reward="80418">
					<bid agent="Naive" bid="667"/>
					<bid agent="Margin" bid="25"/>
				</task>
			</tasks>
			<events>
				<event id="0" time="0" vehicle="Vehicle 5" pickup="17"/>
				<event id="1" time="0" vehicle="Vehicle 6" pickup="27"/>
				<event id="2" time="0" vehicle="Vehicle 7" move="Breda"/>
				<event id="3" time="300000000" vehicle="Vehicle 5" pickup="9"/>
				<event id="4" time="300000000" vehicle="Vehicle 6" move="Apeldoorn"/>
				<event id="5" time="540000000" vehicle="Vehicle 7" move="Eindhoven"/>
				<event id="6" time="600000000" vehicle="Vehicle 5" pickup="2"/>
				<event id="7" time="900000000" vehicle="Vehicle 5" move="Utrecht"/>
				<event id="8" time="1231111111" vehicle="Vehicle 7" pickup="26"/>
				<event id="9" time="1531111111" vehicle="Vehicle 7" pickup="19"/>
				<event id="10" time="1644444444" vehicle="Vehicle 5" move="Rotterdam"/>
				<event id="11" time="1831111111" vehicle="Vehicle 7" move="Breda"/>
				<event id="12" time="1866666666" vehicle="Vehicle 6" pickup="8"/>
				<event id="13" time="2166666665" vehicle="Vehicle 6" move="Amsterdam"/>
				<event id="14" time="2336666665" vehicle="Vehicle 5" move="Den Haag"/>
				<event id="15" time="2522222221" vehicle="Vehicle 7" move="Rotterdam"/>
				<event id="16" time="2618888887" vehicle="Vehicle 5" deliver="2"/>
				<event id="17" time="2918888887" vehicle="Vehicle 5" deliver="17"/>
				<event id="18" time="3062222220" vehicle="Vehicle 7" pickup="15"/>
				<event id="19" time="3168888886" vehicle="Vehicle 6" deliver="27"/>
				<event id="20" time="3218888886" vehicle="Vehicle 5" pickup="1"/>
				<event id="21" time="3362222220" vehicle="Vehicle 7" deliver="26"/>
				<event id="22" time="3468888886" vehicle="Vehicle 6" pickup="16"/>
				<event id="23" time="3518888886" vehicle="Vehicle 5" pickup="25"/>
				<event id="24" time="3662222220" vehicle="Vehicle 7" move="Breda"/>
				<event id="25" time="3768888886" vehicle="Vehicle 6" move="Utrecht"/>
				<event id="26" time="3818888886" vehicle="Vehicle 5" deliver="9"/>
				<event id="27" time="4118888885" vehicle="Vehicle 5" pickup="13"/>
				<event id="28" time="4202222219" vehicle="Vehicle 7" pickup="21"/>
				<event id="29" time="4275555552" vehicle="Vehicle 6" pickup="29"/>
				<event id="30" time="4418888885" vehicle="Vehicle 5" move="Rotterdam"/>
				<event id="31" time="4502222219" vehicle="Vehicle 7" deliver="19"/>
				<event id="32" time="4575555552" vehicle="Vehicle 6" move="Breda"/>
				<event id="33" time="4701111107" vehicle="Vehicle 5" pickup="12"/>
				<event id="34" time="4802222219" vehicle="Vehicle 7" pickup="11"/>
				<event id="35" time="5001111106" vehicle="Vehicle 5" move="Utrecht"/>
				<event id="36" time="5102222218" vehicle="Vehicle 7" move="Nijmegen"/>
				<event id="37" time="5392222218" vehicle="Vehicle 6" deliver="29"/>
				<event id="38" time="5692222218" vehicle="Vehicle 6" pickup="0"/>
				<event id="39" time="5693333328" vehicle="Vehicle 5" move="Almere"/>
				<event id="40" time="5992222218" vehicle="Vehicle 6" deliver="16"/>
				<event id="41" time="6171111106" vehicle="Vehicle 7" deliver="21"/>
				<event id="42" time="6174444438" vehicle="Vehicle 5" deliver="12"/>
				<event id="43" time="6292222217" vehicle="Vehicle 6" move="Utrecht"/>
				<event id="44" time="6471111106" vehicle="Vehicle 7" deliver="11"/>
				<event id="45" time="6474444438" vehicle="Vehicle 5" pickup="18"/>
				<event id="46" time="6771111106" vehicle="Vehicle 7" move="Apeldoorn"/>
				<event id="47" time="6774444438" vehicle="Vehicle 5" move="Groningen"/>
				<event id="48" time="7108888882" vehicle="Vehicle 6" pickup="28"/>
				<event id="49" time="7405555549" vehicle="Vehicle 7" deliver="15"/>
				<event id="50" time="7408888882" vehicle="Vehicle 6" move="Almere"/>
				<event id="51" time="7889999993" vehicle="Vehicle 6" deliver="28"/>
				<event id="52" time="8189999993" vehicle="Vehicle 6" pickup="10"/>
				<event id="53" time="8485555548" vehicle="Vehicle 5" deliver="25"/>
				<event id="54" time="8489999993" vehicle="Vehicle 6" deliver="0"/>
				<event id="55" time="8785555548" vehicle="Vehicle 5" pickup="24"/>
				<event id="56" time="8789999993" vehicle="Vehicle 6" pickup="6"/>
				<event id="57" time="9085555547" vehicle="Vehicle 5" deliver="1"/>
				<event id="58" time="9089999993" vehicle="Vehicle 6" deliver="8"/>
				<event id="59" time="9385555547" vehicle="Vehicle 5" move="Apeldoorn"/>
				<event id="60" time="9389999993" vehicle="Vehicle 6" move="Utrecht"/>
				<event id="61" time="9871111104" vehicle="Vehicle 6" deliver="6"/>
				<event id="62" time="10171111103" vehicle="Vehicle 6" pickup="3"/>
				<event id="63" time="10471111103" vehicle="Vehicle 6" move="Eindhoven"/>
				<event id="64" time="10952222213" vehicle="Vehicle 5" deliver="13"/>
				<event id="65" time="11252222212" vehicle="Vehicle 5" move="Utrecht"/>
				<event id="66" time="11492222213" vehicle="Vehicle 6" pickup="22"/>
				<event id="67" time="11792222213" vehicle="Vehicle 6" deliver="10"/>
				<event id="68" time="11996666656" vehicle="Vehicle 5" pickup="4"/>
				<event id="69" time="12092222212" vehicle="Vehicle 6" pickup="14"/>
				<event id="70" time="12296666655" vehicle="Vehicle 5" move="Rotterdam"/>
				<event id="71" time="12392222212" vehicle="Vehicle 6" move="Nijmegen"/>
				<event id="72" time="12988888877" vehicle="Vehicle 5" deliver="18"/>
				<event id="73" time="13172222211" vehicle="Vehicle 6" deliver="14"/>
				<event id="74" time="13288888876" vehicle="Vehicle 5" move="Den Haag"/>
				<event id="75" time="13472222211" vehicle="Vehicle 6" pickup="5"/>
				<event id="76" time="13571111098" vehicle="Vehicle 5" pickup="7"/>
				<event id="77" time="13772222211" vehicle="Vehicle 6" move="Apeldoorn"/>
				<event id="78" time="13871111098" vehicle="Vehicle 5" move="Amsterdam"/>
				<event id="79" time="14406666654" vehicle="Vehicle 6" move="Groningen"/>
				<event id="80" time="14595555541" vehicle="Vehicle 5" deliver="4"/>
				<event id="81" time="14895555541" vehicle="Vehicle 5" deliver="24"/>
				<event id="82" time="15195555540" vehicle="Vehicle 5" pickup="23"/>
				<event id="83" time="15495555540" vehicle="Vehicle 5" pickup="20"/>
				<event id="84" time="15795555540" vehicle="Vehicle 5" move="Utrecht"/>
				<event id="85" time="15973333320" vehicle="Vehicle 6" deliver="22"/>
				<event id="86" time="16273333319" vehicle="Vehicle 6" deliver="5"/>
				<event id="87" time="16302222206" vehicle="Vehicle 5" move="Nijmegen"/>
				<event id="88" time="16573333319" vehicle="Vehicle 6" deliver="3"/>
				<event id="89" time="17262222205" vehicle="Vehicle 5" deliver="23"/>
				<event id="90" time="17562222205" vehicle="Vehicle 5" deliver="20"/>
				<event id="91" time="17862222205" vehicle="Vehicle 5" deliver="7"/>
			</events>
		</round>
	</rounds>
	<statistics>
		<stat rank="1" agent="Naive">
			<total-tasks value="0"/>
			<total-distance value="0.0"/>
			<total-cost value="0"/>
			<total-reward value="0"/>
			<total-profit value="0"/>
		</stat>
		<stat rank="2" agent="Margin">
			<total-tasks value="30"/>
			<total-distance value="2226.7"/>
			<total-cost value="11134"/>
			<total-reward value="3362"/>
			<total-profit value="-7772"/>
		</stat>
	</statistics>
</history>
