<?xml version="1.0" encoding="ISO-8859-1"?>

<history configuration="config/rounds/auction3.xml">
	<agents>
		<agent name="Margin">
			<vehicle name="Vehicle 1"/>
			<vehicle name="Vehicle 2"/>
			<vehicle name="Vehicle 3"/>
			<vehicle name="Vehicle 4"/>
		</agent>
		<agent name="Naive">
			<vehicle name="Vehicle 5"/>
			<vehicle name="Vehicle 6"/>
			<vehicle name="Vehicle 7"/>
			<vehicle name="Vehicle 8"/>
		</agent>
	</agents>
	<rounds>
		<round id="1">
			<tasks>
				<task id="0" pickup="Paris" delivery="Monaco" weight="25" reward="40845">
					<bid agent="Margin" bid="2517"/>
					<bid agent="Naive" bid="7365"/>
				</task>
				<task id="1" pickup="Paris" delivery="Monaco" weight="25" reward="40845">
					<bid agent="Margin" bid="25"/>
					<bid agent="Naive" bid="7419"/>
				</task>
				<task id="2" pickup="Lyon" delivery="Paris" weight="28" reward="78143">
					<bid agent="Margin" bid="1660"/>
					<bid agent="Naive" bid="2481"/>
				</task>
				<task id="3" pickup="Brest" delivery="Lyon" weight="13" reward="37398">
					<bid agent="Margin" bid="1632"/>
					<bid agent="Naive" bid="11084"/>
				</task>
				<task id="4" pickup="Brest" delivery="Strasbourg" weight="25" reward="35950">
					<bid agent="Margin" bid="1979"/>
					<bid agent="Naive" bid="11358"/>
				</task>
				<task id="5" pickup="Brest" delivery="Monaco" weight="15" reward="100">
					<bid agent="Margin" bid="475"/>
					<bid agent="Naive" bid="13758"/>
				</task>
				<task id="6" pickup="Lyon" delivery="Monaco" weight="28" reward="72973">
					<bid agent="Margin" bid="1931"/>
					<bid agent="Naive" bid="3198"/>
				</task>
				<task id="7" pickup="Paris" delivery="Le Havre" weight="26" reward="96758">
					<bid agent="Margin" bid="541"/>
					<bid agent="Naive" bid="4265"/>
				</task>
				<task id="8" pickup="Brest" delivery="Le Havre" weight="18" reward="56013">
					<bid agent="Margin" bid="529"/>
					<bid agent="Naive" bid="9250"/>
				</task>
				<task id="9" pickup="Paris" delivery="Monaco" weight="25" reward="40845">
					<bid agent="Margin" bid="512"/>
					<bid agent="Naive" bid="7894"/>
				</task>
				<task id="10" pickup="Paris" delivery="Monaco" weight="25" reward="40845">
					<bid agent="Margin" bid="25"/>
					<bid agent="Naive" bid="8399"/>
				</task>
				<task id="11" pickup="Marseille" delivery="Bordeaux" weight="16" reward="65734">
					<bid agent="Margin" bid="1725"/>
					<bid agent="Naive" bid="7136"/>
				</task>
				<task id="12" pickup="Lyon" delivery="Monaco" weight="28" reward="72973">
					<bid agent="Margin" bid="1379"/>
					<bid agent="Naive" bid="4135"/>
				</task>
				<task id="13" pickup="Genève" delivery="Marseille" weight="29" reward="78212">
					<bid agent="Margin" bid="185"/>
					<bid agent="Naive" bid="4401"/>
				</task>
				<task id="14" pickup="Le Havre" delivery="Strasbourg" weight="10" reward="63183">
					<bid agent="Margin" bid="916"/>
					<bid agent="Naive" bid="6860"/>
				</task>
				<task id="15" pickup="Monaco" delivery="Genève" weight="22" reward="74352">
					<bid agent="Margin" bid="358"/>
					<bid agent="Naive" bid="7240"/>
				</task>
				<task id="16" pickup="Bordeaux" delivery="Le Havre" weight="23" reward="56495">
					<bid agent="Margin" bid="233"/>
					<bid agent="Naive" bid="10247"/>
				</task>
				<task id="17" pickup="Genève" delivery="Bordeaux" weight="16" reward="59460">
					<bid agent="Margin" bid="115"/>
					<bid agent="Naive" bid="6442"/>
				</task>
				<task id="18" pickup="Monaco" delivery="Genève" weight="22" reward="74352">
					<bid agent="Margin" bid="25"/>
					<bid agent="Naive" bid="5483"/>
				</task>
				<task id="19" pickup="Paris" delivery="Monaco" weight="25" reward="40845">
					<bid agent="Margin" bid="51"/>
					<bid agent="Naive" bid="11936"/>
				</task>
				<task id="20" pickup="Monaco" delivery="Brest" weight="12" reward="100">
					<bid agent="Margin" bid="25"/>
					<bid agent="Naive" bid="11246"/>
				</task>
				<task id="21" pickup="Bordeaux" delivery="Marseille" weight="21" reward="65734">
					<bid agent="Margin" bid="25"/>
					<bid agent="Naive" bid="11751"/>
				</task>
				<task id="22" pickup="Brest" delivery="Marseille" weight="11" reward="15612">
					<bid agent="Margin" bid="25"/>
					<bid agent="Naive" bid="22259"/>
				</task>
				<task id="23" pickup="Monaco" delivery="Le Havre" weight="23" reward="27332">
					<bid agent="Margin" bid="25"/>
					<bid agent="Naive" bid="10320"/>
				</task>
				<task id="24" pickup="Brest" delivery="Le Havre" weight="18" reward="56013">
					<bid agent="Margin" bid="25"/>
					<bid agent="Naive" bid="12667"/>
				</task>
				<task id="25" pickup="Brest" delivery="Bordeaux" weight="21" reward="29263">
					<bid agent="Margin" bid="25"/>
					<bid agent="Naive" bid="21095"/>
				</task>
				<task id="26" pickup="Strasbourg" delivery="Brest" weight="25" reward="35950">
					<bid agent="Margin" bid="25"/>
					<bid agent="Naive" bid="15760"/>
				</task>
				<task id="27" pickup="Paris" delivery="Strasbourg" weight="26" reward="76696">
					<bid agent="Margin" bid="25"/>
					<bid agent="Naive" bid="5164"/>
				</task>
				<task id="28" pickup="Monaco" delivery="Genève" weight="22" reward="74352">
					<bid agent="Margin" bid="25"/>
					<bid agent="Naive" bid="9127"/>
				</task>
				<task id="29" pickup="Monaco" delivery="Lyon" weight="15" reward="72973">
					<bid agent="Margin" bid="25"/>
					<bid agent="Naive" bid="10707"/>
				</task>
				<task id="30" pickup="Brest" delivery="Monaco" weight="15" reward="100">
					<bid agent="Margin" bid="25"/>
					<bid agent="Naive" bid="21365"/>
				</task>
				<task id="31" pickup="Genève" delivery="Le Havre" weight="23" reward="54358">
					<bid agent="Margin" bid="25"/>
					<bid agent="Naive" bid="9336"/>
				</task>
				<task id="32" pickup="Marseille" delivery="Brest" weight="16" reward="15612">
					<bid agent="Margin" bid="25"/>
					<bid agent="Naive" bid="11925"/>
				</task>
				<task id="33" pickup="Le Havre" delivery="Bordeaux" weight="22" reward="56495">
					<bid agent="Margin" bid="25"/>
					<bid agent="Naive" bid="13216"/>
				</task>
				<task id="34" pickup="Monaco" delivery="Brest" weight="12" reward="100">
					<bid agent="Margin" bid="25"/>
					<bid agent="Naive" bid="24154"/>
				</task>
				<task id="35" pickup="Le Havre" delivery="Marseille" weight="28" reward="42844">
					<bid agent="Margin" bid="25"/>
					<bid agent="Naive" bid="8520"/>
				</task>
				<task id="36" pickup="Monaco" delivery="Lyon" weight="15" reward="72973">
					<bid agent="Margin" bid="25"/>
					<bid agent="Naive" bid="9001"/>
				</task>
				<task id="37" pickup="Paris" delivery="Strasbourg" weight="26" reward="76696">
					<bid agent="Margin" bid="25"/>
					<bid agent="Naive" bid="11800"/>
				</task>
				<task id="38" pickup="Strasbourg" delivery="Paris" weight="26" reward="76696">
					<bid agent="Margin" bid="25"/>
					<bid agent="Naive" bid="7552"/>
				</task>
				<task id="39" pickup="Bordeaux" delivery="Genève" weight="23" reward="59460">
					<bid agent="Margin" bid="25"/>
					<bid agent="Naive" bid="12024"/>
				</task>
			</tasks>
			<events>
				<event id="0" time="0" vehicle="Vehicle 3" pickup="8"/>
				<event id="1" time="0" vehicle="Vehicle 4" move="Lyon"/>
				<event id="2" time="300000000" vehicle="Vehicle 3" pickup="30"/>
				<event id="3" time="600000000" vehicle="Vehicle 3" pickup="24"/>
				<event id="4" time="900000000" vehicle="Vehicle 3" move="Paris"/>
				<event id="5" time="1655555555" vehicle="Vehicle 4" pickup="2"/>
				<event id="6" time="1955555555" vehicle="Vehicle 4" move="Paris"/>
				<event id="7" time="7133333332" vehicle="Vehicle 4" pickup="27"/>
				<event id="8" time="7433333332" vehicle="Vehicle 4" pickup="0"/>
				<event id="9" time="7466666666" vehicle="Vehicle 3" pickup="7"/>
				<event id="10" time="7733333332" vehicle="Vehicle 4" deliver="2"/>
				<event id="11" time="7766666666" vehicle="Vehicle 3" move="Le Havre"/>
				<event id="12" time="8033333331" vehicle="Vehicle 4" pickup="10"/>
				<event id="13" time="8333333331" vehicle="Vehicle 4" move="Strasbourg"/>
				<event id="14" time="9944444443" vehicle="Vehicle 3" deliver="7"/>
				<event id="15" time="10244444442" vehicle="Vehicle 3" pickup="33"/>
				<event id="16" time="10544444442" vehicle="Vehicle 3" deliver="8"/>
				<event id="17" time="10844444442" vehicle="Vehicle 3" deliver="24"/>
				<event id="18" time="11144444441" vehicle="Vehicle 3" move="Paris"/>
				<event id="19" time="13322222218" vehicle="Vehicle 3" pickup="1"/>
				<event id="20" time="13622222218" vehicle="Vehicle 3" move="Bordeaux"/>
				<event id="21" time="13744444441" vehicle="Vehicle 4" deliver="27"/>
				<event id="22" time="14044444440" vehicle="Vehicle 4" move="Genève"/>
				<event id="23" time="18366666661" vehicle="Vehicle 4" move="Lyon"/>
				<event id="24" time="20022222216" vehicle="Vehicle 4" pickup="6"/>
				<event id="25" time="20111111106" vehicle="Vehicle 3" deliver="33"/>
				<event id="26" time="20322222216" vehicle="Vehicle 4" move="Marseille"/>
				<event id="27" time="20411111106" vehicle="Vehicle 3" pickup="21"/>
				<event id="28" time="20711111106" vehicle="Vehicle 3" move="Marseille"/>
				<event id="29" time="23833333326" vehicle="Vehicle 4" move="Monaco"/>
				<event id="30" time="26333333325" vehicle="Vehicle 4" deliver="6"/>
				<event id="31" time="26633333325" vehicle="Vehicle 4" pickup="28"/>
				<event id="32" time="26933333325" vehicle="Vehicle 4" deliver="10"/>
				<event id="33" time="27233333324" vehicle="Vehicle 4" deliver="0"/>
				<event id="34" time="27533333324" vehicle="Vehicle 4" pickup="18"/>
				<event id="35" time="27833333324" vehicle="Vehicle 4" pickup="23"/>
				<event id="36" time="27888888882" vehicle="Vehicle 3" pickup="32"/>
				<event id="37" time="28133333323" vehicle="Vehicle 4" move="Genève"/>
				<event id="38" time="28188888881" vehicle="Vehicle 3" move="Monaco"/>
				<event id="39" time="30688888880" vehicle="Vehicle 3" deliver="30"/>
				<event id="40" time="30988888880" vehicle="Vehicle 3" deliver="1"/>
				<event id="41" time="31288888879" vehicle="Vehicle 3" pickup="34"/>
				<event id="42" time="31588888879" vehicle="Vehicle 3" move="Marseille"/>
				<event id="43" time="33922222211" vehicle="Vehicle 4" deliver="18"/>
				<event id="44" time="34088888878" vehicle="Vehicle 3" deliver="21"/>
				<event id="45" time="34222222210" vehicle="Vehicle 4" pickup="17"/>
				<event id="46" time="34388888878" vehicle="Vehicle 3" pickup="11"/>
				<event id="47" time="34522222210" vehicle="Vehicle 4" deliver="28"/>
				<event id="48" time="34688888878" vehicle="Vehicle 3" move="Lyon"/>
				<event id="49" time="34822222210" vehicle="Vehicle 4" pickup="31"/>
				<event id="50" time="35122222209" vehicle="Vehicle 4" move="Lyon"/>
				<event id="51" time="36777777763" vehicle="Vehicle 4" move="Bordeaux"/>
				<event id="52" time="38199999989" vehicle="Vehicle 3" move="Paris"/>
				<event id="53" time="43311111096" vehicle="Vehicle 4" deliver="17"/>
				<event id="54" time="43377777766" vehicle="Vehicle 3" move="Brest"/>
				<event id="55" time="43611111096" vehicle="Vehicle 4" pickup="16"/>
				<event id="56" time="43911111096" vehicle="Vehicle 4" move="Paris"/>
				<event id="57" time="49944444432" vehicle="Vehicle 3" pickup="3"/>
				<event id="58" time="50244444431" vehicle="Vehicle 3" deliver="32"/>
				<event id="59" time="50399999984" vehicle="Vehicle 4" move="Le Havre"/>
				<event id="60" time="50544444431" vehicle="Vehicle 3" deliver="34"/>
				<event id="61" time="50844444431" vehicle="Vehicle 3" pickup="25"/>
				<event id="62" time="51144444430" vehicle="Vehicle 3" move="Paris"/>
				<event id="63" time="52577777761" vehicle="Vehicle 4" deliver="16"/>
				<event id="64" time="52877777761" vehicle="Vehicle 4" pickup="35"/>
				<event id="65" time="53177777760" vehicle="Vehicle 4" deliver="23"/>
				<event id="66" time="53477777760" vehicle="Vehicle 4" pickup="14"/>
				<event id="67" time="53777777760" vehicle="Vehicle 4" deliver="31"/>
				<event id="68" time="54077777759" vehicle="Vehicle 4" move="Paris"/>
				<event id="69" time="56255555536" vehicle="Vehicle 4" pickup="19"/>
				<event id="70" time="56555555536" vehicle="Vehicle 4" move="Lyon"/>
				<event id="71" time="57711111096" vehicle="Vehicle 3" move="Bordeaux"/>
				<event id="72" time="61733333313" vehicle="Vehicle 4" move="Marseille"/>
				<event id="73" time="64199999984" vehicle="Vehicle 3" pickup="39"/>
				<event id="74" time="64499999984" vehicle="Vehicle 3" deliver="11"/>
				<event id="75" time="64799999984" vehicle="Vehicle 3" deliver="25"/>
				<event id="76" time="65099999984" vehicle="Vehicle 3" move="Lyon"/>
				<event id="77" time="65244444423" vehicle="Vehicle 4" deliver="35"/>
				<event id="78" time="65544444423" vehicle="Vehicle 4" move="Monaco"/>
				<event id="79" time="68044444422" vehicle="Vehicle 4" pickup="20"/>
				<event id="80" time="68344444422" vehicle="Vehicle 4" deliver="19"/>
				<event id="81" time="68644444422" vehicle="Vehicle 4" pickup="15"/>
				<event id="82" time="68944444422" vehicle="Vehicle 4" pickup="36"/>
				<event id="83" time="69244444421" vehicle="Vehicle 4" pickup="29"/>
				<event id="84" time="69544444421" vehicle="Vehicle 4" move="Genève"/>
				<event id="85" time="71633333317" vehicle="Vehicle 3" deliver="3"/>
				<event id="86" time="71933333317" vehicle="Vehicle 3" move="Genève"/>
				<event id="87" time="73588888871" vehicle="Vehicle 3" pickup="13"/>
				<event id="88" time="73888888871" vehicle="Vehicle 3" deliver="39"/>
				<event id="89" time="74188888870" vehicle="Vehicle 3" move="Lyon"/>
				<event id="90" time="75333333309" vehicle="Vehicle 4" deliver="15"/>
				<event id="91" time="75633333309" vehicle="Vehicle 4" move="Lyon"/>
				<event id="92" time="75844444425" vehicle="Vehicle 3" move="Marseille"/>
				<event id="93" time="77288888863" vehicle="Vehicle 4" deliver="29"/>
				<event id="94" time="77588888863" vehicle="Vehicle 4" deliver="36"/>
				<event id="95" time="77888888863" vehicle="Vehicle 4" move="Paris"/>
				<event id="96" time="79355555535" vehicle="Vehicle 3" deliver="13"/>
				<event id="97" time="83066666640" vehicle="Vehicle 4" pickup="37"/>
				<event id="98" time="83366666640" vehicle="Vehicle 4" move="Strasbourg"/>
				<event id="99" time="88777777750" vehicle="Vehicle 4" pickup="38"/>
				<event id="100" time="89077777749" vehicle="Vehicle 4" deliver="37"/>
				<event id="101" time="89377777749" vehicle="Vehicle 4" pickup="26"/>
				<event id="102" time="89677777749" vehicle="Vehicle 4" deliver="14"/>
				<event id="103" time="89977777749" vehicle="Vehicle 4" move="Paris"/>
				<event id="104" time="95388888859" vehicle="Vehicle 4" move="Brest"/>
				<event id="105" time="101955555525" vehicle="Vehicle 4" pickup="5"/>
				<event id="106" time="102255555524" vehicle="Vehicle 4" deliver="20"/>
				<event id="107" time="102555555524" vehicle="Vehicle 4" deliver="26"/>
				<event id="108" time="102855555524" vehicle="Vehicle 4" pickup="4"/>
				<event id="109" time="103155555523" vehicle="Vehicle 4" pickup="22"/>
				<event id="110" time="103455555523" vehicle="Vehicle 4" move="Paris"/>
				<event id="111" time="110022222189" vehicle="Vehicle 4" deliver="38"/>
				<event id="112" time="110322222189" vehicle="Vehicle 4" pickup="9"/>
				<event id="113" time="110622222189" vehicle="Vehicle 4" move="Strasbourg"/>
				<event id="114" time="116033333299" vehicle="Vehicle 4" deliver="4"/>
				<event id="115" time="116333333299" vehicle="Vehicle 4" move="Genève"/>
				<event id="116" time="120655555520" vehicle="Vehicle 4" move="Lyon"/>
				<event id="117" time="122311111075" vehicle="Vehicle 4" pickup="12"/>
				<event id="118" time="122611111075" vehicle="Vehicle 4" move="Marseille"/>
				<event id="119" time="126122222185" vehicle="Vehicle 4" deliver="22"/>
				<event id="120" time="126422222185" vehicle="Vehicle 4" move="Monaco"/>
				<event id="121" time="128922222184" vehicle="Vehicle 4" deliver="9"/>
				<event id="122" time="129222222183" vehicle="Vehicle 4" deliver="12"/>
				<event id="123" time="129522222183" vehicle="Vehicle 4" deliver="5"/>
			</events>
		</round>
	</rounds>
	<statistics>
		<stat rank="1" agent="Naive">
			<total-tasks value="0"/>
			<total-distance value="0.0"/>
			<total-cost value="0"/>
			<total-reward value="0"/>
			<total-profit value="0"/>
		</stat>
		<stat rank="2" agent="Margin">
			<total-tasks value="40"/>
			<total-distance value="16693.0"/>
			<total-cost value="83465"/>
			<total-reward value="17313"/>
			<total-profit value="-66152"/>
		</stat>
	</statistics>
</history>
