<?xml version="1.0" encoding="ISO-8859-1"?>

<history configuration="config/rounds/auction1.xml">
	<agents>
		<agent name="Opponent">
			<vehicle name="Vehicle 1"/>
			<vehicle name="Vehicle 2"/>
		</agent>
		<agent name="Zero">
			<vehicle name="Vehicle 3"/>
			<vehicle name="Vehicle 4"/>
		</agent>
	</agents>
	<rounds>
		<round id="1">
			<tasks>
				<task id="0" pickup="Leeds" delivery="Sheffield" weight="6" reward="1281">
					<bid agent="Opponent" bid="335"/>
					<bid agent="Zero" bid="2029"/>
				</task>
				<task id="1" pickup="Liverpool" delivery="Sheffield" weight="7" reward="14258">
					<bid agent="Opponent" bid="625"/>
					<bid agent="Zero" bid="2382"/>
				</task>
				<task id="2" pickup="Manchester" delivery="Cardiff" weight="9" reward="31460">
					<bid agent="Opponent" bid="970"/>
					<bid agent="Zero" bid="2689"/>
				</task>
				<task id="3" pickup="Manchester" delivery="London" weight="6" reward="31997">
					<bid agent="Opponent" bid="1019"/>
					<bid agent="Zero" bid="2704"/>
				</task>
				<task id="4" pickup="Plymouth" delivery="Birmingham" weight="8" reward="58829">
					<bid agent="Opponent" bid="1710"/>
					<bid agent="Zero" bid="1814"/>
				</task>
				<task id="5" pickup="Liverpool" delivery="Norwich" weight="5" reward="58793">
					<bid agent="Opponent" bid="1629"/>
					<bid agent="Zero" bid="3626"/>
				</task>
				<task id="6" pickup="Birmingham" delivery="Norwich" weight="8" reward="35595">
					<bid agent="Opponent" bid="1379"/>
					<bid agent="Zero" bid="2330"/>
				</task>
				<task id="7" pickup="Sheffield" delivery="Manchester" weight="7" reward="20470">
					<bid agent="Opponent" bid="1315"/>
					<bid agent="Zero" bid="2358"/>
				</task>
				<task id="8" pickup="Liverpool" delivery="Cardiff" weight="6" reward="37671">
					<bid agent="Opponent" bid="1328"/>
					<bid agent="Zero" bid="3036"/>
				</task>
				<task id="9" pickup="Sheffield" delivery="Norwich" weight="7" reward="51741">
					<bid agent="Opponent" bid="1632"/>
					<bid agent="Zero" bid="3232"/>
				</task>
				<task id="10" pickup="Portsmouth" delivery="Cardiff" weight="5" reward="48984">
					<bid agent="Opponent" bid="1809"/>
					<bid agent="Zero" bid="2389"/>
				</task>
				<task id="11" pickup="Plymouth" delivery="London" weight="7" reward="37707">
					<bid agent="Opponent" bid="2038"/>
					<bid agent="Zero" bid="1224"/>
				</task>
				<task id="12" pickup="Sheffield" delivery="Norwich" weight="7" reward="51741">
					<bid agent="Opponent" bid="1585"/>
					<bid agent="Zero" bid="2657"/>
				</task>
				<task id="13" pickup="Newcastle" delivery="Liverpool" weight="9" reward="24497">
					<bid agent="Opponent" bid="1778"/>
					<bid agent="Zero" bid="2595"/>
				</task>
				<task id="14" pickup="Cardiff" delivery="Newcastle" weight="8" reward="55643">
					<bid agent="Opponent" bid="1970"/>
					<bid agent="Zero" bid="2890"/>
				</task>
				<task id="15" pickup="Birmingham" delivery="Sheffield" weight="6" reward="10034">
					<bid agent="Opponent" bid="1548"/>
					<bid agent="Zero" bid="1041"/>
				</task>
				<task id="16" pickup="Newcastle" delivery="Birmingham" weight="5" reward="35058">
					<bid agent="Opponent" bid="1510"/>
					<bid agent="Zero" bid="1849"/>
				</task>
				<task id="17" pickup="Birmingham" delivery="Plymouth" weight="6" reward="58829">
					<bid agent="Opponent" bid="1644"/>
					<bid agent="Zero" bid="2265"/>
				</task>
				<task id="18" pickup="Cardiff" delivery="Newcastle" weight="8" reward="55643">
					<bid agent="Opponent" bid="1713"/>
					<bid agent="Zero" bid="1849"/>
				</task>
				<task id="19" pickup="Leeds" delivery="Sheffield" weight="6" reward="1281">
					<bid agent="Opponent" bid="1324"/>
					<bid agent="Zero" bid="413"/>
				</task>
			</tasks>
			<events>
				<event id="0" time="0" vehicle="Vehicle 1" move="Leeds"/>
				<event id="1" time="0" vehicle="Vehicle 3" pickup="11"/>
				<event id="2" time="300000000" vehicle="Vehicle 3" move="Portsmouth"/>
				<event id="3" time="1094444444" vehicle="Vehicle 1" pickup="0"/>
				<event id="4" time="1394444444" vehicle="Vehicle 1" move="Liverpool"/>
				<event id="5" time="2188888888" vehicle="Vehicle 3" move="London"/>
				<event id="6" time="2199999999" vehicle="Vehicle 1" pickup="8"/>
				<event id="7" time="2499999999" vehicle="Vehicle 1" pickup="1"/>
				<event id="8" time="2799999999" vehicle="Vehicle 1" pickup="5"/>
				<event id="9" time="3019999999" vehicle="Vehicle 3" deliver="11"/>
				<event id="10" time="3099999999" vehicle="Vehicle 1" move="Manchester"/>
				<event id="11" time="3319999999" vehicle="Vehicle 3" move="Birmingham"/>
				<event id="12" time="3485555554" vehicle="Vehicle 1" pickup="3"/>
				<event id="13" time="3785555554" vehicle="Vehicle 1" pickup="2"/>
				<event id="14" time="4085555553" vehicle="Vehicle 1" move="Birmingham"/>
				<event id="15" time="4631111110" vehicle="Vehicle 3" pickup="15"/>
				<event id="16" time="4931111110" vehicle="Vehicle 3" move="Sheffield"/>
				<event id="17" time="5139999997" vehicle="Vehicle 1" move="Cardiff"/>
				<event id="18" time="5933333331" vehicle="Vehicle 3" move="Leeds"/>
				<event id="19" time="6392222219" vehicle="Vehicle 3" pickup="19"/>
				<event id="20" time="6417777774" vehicle="Vehicle 1" deliver="2"/>
				<event id="21" time="6692222219" vehicle="Vehicle 3" move="Sheffield"/>
				<event id="22" time="6717777774" vehicle="Vehicle 1" deliver="8"/>
				<event id="23" time="7017777773" vehicle="Vehicle 1" move="Birmingham"/>
				<event id="24" time="7151111107" vehicle="Vehicle 3" deliver="19"/>
				<event id="25" time="7451111107" vehicle="Vehicle 3" deliver="15"/>
				<event id="26" time="8295555550" vehicle="Vehicle 1" move="London"/>
				<event id="27" time="9606666660" vehicle="Vehicle 1" move="Portsmouth"/>
				<event id="28" time="10437777770" vehicle="Vehicle 1" move="Plymouth"/>
				<event id="29" time="12326666658" vehicle="Vehicle 1" pickup="4"/>
				<event id="30" time="12626666658" vehicle="Vehicle 1" move="Portsmouth"/>
				<event id="31" time="14515555546" vehicle="Vehicle 1" pickup="10"/>
				<event id="32" time="14815555546" vehicle="Vehicle 1" move="London"/>
				<event id="33" time="15646666656" vehicle="Vehicle 1" deliver="3"/>
				<event id="34" time="15946666656" vehicle="Vehicle 1" move="Birmingham"/>
				<event id="35" time="17257777766" vehicle="Vehicle 1" move="Sheffield"/>
				<event id="36" time="18259999988" vehicle="Vehicle 1" deliver="0"/>
				<event id="37" time="18559999988" vehicle="Vehicle 1" pickup="9"/>
				<event id="38" time="18859999988" vehicle="Vehicle 1" deliver="1"/>
				<event id="39" time="19159999988" vehicle="Vehicle 1" pickup="7"/>
				<event id="40" time="19459999988" vehicle="Vehicle 1" pickup="12"/>
				<event id="41" time="19759999988" vehicle="Vehicle 1" move="Birmingham"/>
				<event id="42" time="20762222210" vehicle="Vehicle 1" deliver="4"/>
				<event id="43" time="21062222209" vehicle="Vehicle 1" pickup="6"/>
				<event id="44" time="21362222209" vehicle="Vehicle 1" move="London"/>
				<event id="45" time="22673333319" vehicle="Vehicle 1" move="Norwich"/>
				<event id="46" time="23951111096" vehicle="Vehicle 1" deliver="5"/>
				<event id="47" time="24251111095" vehicle="Vehicle 1" deliver="9"/>
				<event id="48" time="24551111095" vehicle="Vehicle 1" deliver="6"/>
				<event id="49" time="24851111095" vehicle="Vehicle 1" deliver="12"/>
				<event id="50" time="25151111094" vehicle="Vehicle 1" move="London"/>
				<event id="51" time="26428888870" vehicle="Vehicle 1" move="Birmingham"/>
				<event id="52" time="27739999981" vehicle="Vehicle 1" pickup="17"/>
				<event id="53" time="28039999981" vehicle="Vehicle 1" move="Cardiff"/>
				<event id="54" time="29317777758" vehicle="Vehicle 1" pickup="18"/>
				<event id="55" time="29617777758" vehicle="Vehicle 1" pickup="14"/>
				<event id="56" time="29917777758" vehicle="Vehicle 1" deliver="10"/>
				<event id="57" time="30217777757" vehicle="Vehicle 1" move="Birmingham"/>
				<event id="58" time="31495555534" vehicle="Vehicle 1" move="Sheffield"/>
				<event id="59" time="32497777755" vehicle="Vehicle 1" move="Leeds"/>
				<event id="60" time="32956666643" vehicle="Vehicle 1" move="Newcastle"/>
				<event id="61" time="34051111087" vehicle="Vehicle 1" deliver="18"/>
				<event id="62" time="34351111087" vehicle="Vehicle 1" pickup="16"/>
				<event id="63" time="34651111087" vehicle="Vehicle 1" deliver="14"/>
				<event id="64" time="34951111087" vehicle="Vehicle 1" pickup="13"/>
				<event id="65" time="35251111086" vehicle="Vehicle 1" move="Leeds"/>
				<event id="66" time="36345555529" vehicle="Vehicle 1" move="Liverpool"/>
				<event id="67" time="37151111084" vehicle="Vehicle 1" deliver="13"/>
				<event id="68" time="37451111084" vehicle="Vehicle 1" move="Manchester"/>
				<event id="69" time="37836666639" vehicle="Vehicle 1" deliver="7"/>
				<event id="70" time="38136666638" vehicle="Vehicle 1" move="Birmingham"/>
				<event id="71" time="39191111082" vehicle="Vehicle 1" deliver="16"/>
				<event id="72" time="39491111082" vehicle="Vehicle 1" move="London"/>
				<event id="73" time="40802222192" vehicle="Vehicle 1" move="Portsmouth"/>
				<event id="74" time="41633333302" vehicle="Vehicle 1" move="Plymouth"/>
				<event id="75" time="43522222190" vehicle="Vehicle 1" deliver="17"/>
			</events>
		</round>
	</rounds>
	<statistics>
		<stat rank="1" agent="Opponent">
			<total-tasks value="17"/>
			<total-distance value="3026.0"/>
			<total-cost value="15130"/>
			<total-reward value="23951"/>
			<total-profit value="8821"/>
		</stat>
		<stat rank="2" agent="Zero">
			<total-tasks value="3"/>
			<total-distance value="535.6"/>
			<total-cost value="2678"/>
			<total-reward value="2678"/>
			<total-profit value="0"/>
		</stat>
	</statistics>
</history>
