<?xml version="1.0" encoding="ISO-8859-1"?>

<history configuration="config/rounds/auction3.xml">
	<agents>
		<agent name="Naive">
			<vehicle name="Vehicle 1"/>
			<vehicle name="Vehicle 2"/>
			<vehicle name="Vehicle 3"/>
			<vehicle name="Vehicle 4"/>
		</agent>
		<agent name="Neutral">
			<vehicle name="Vehicle 5"/>
			<vehicle name="Vehicle 6"/>
			<vehicle name="Vehicle 7"/>
			<vehicle name="Vehicle 8"/>
		</agent>
	</agents>
	<rounds>
		<round id="1">
			<tasks>
				<task id="0" pickup="Paris" delivery="Monaco" weight="25" reward="40845">
					<bid agent="Naive" bid="5035"/>
					<bid agent="Neutral" bid="3100"/>
				</task>
				<task id="1" pickup="Paris" delivery="Monaco" weight="25" reward="40845">
					<bid agent="Naive" bid="5096"/>
					<bid agent="Neutral" bid="1342"/>
				</task>
				<task id="2" pickup="Lyon" delivery="Paris" weight="28" reward="78143">
					<bid agent="Naive" bid="4957"/>
					<bid agent="Neutral" bid="660"/>
				</task>
				<task id="3" pickup="Brest" delivery="Lyon" weight="13" reward="37398">
					<bid agent="Naive" bid="8920"/>
					<bid agent="Neutral" bid="3358"/>
				</task>
				<task id="4" pickup="Brest" delivery="Strasbourg" weight="25" reward="35950">
					<bid agent="Naive" bid="9342"/>
					<bid agent="Neutral" bid="3249"/>
				</task>
				<task id="5" pickup="Brest" delivery="Monaco" weight="15" reward="100">
					<bid agent="Naive" bid="11857"/>
					<bid agent="Neutral" bid="2663"/>
				</task>
				<task id="6" pickup="Lyon" delivery="Monaco" weight="28" reward="72973">
					<bid agent="Naive" bid="5617"/>
					<bid agent="Neutral" bid="2835"/>
				</task>
				<task id="7" pickup="Paris" delivery="Le Havre" weight="26" reward="96758">
					<bid agent="Naive" bid="1318"/>
					<bid agent="Neutral" bid="1078"/>
				</task>
				<task id="8" pickup="Brest" delivery="Le Havre" weight="18" reward="56013">
					<bid agent="Naive" bid="9313"/>
					<bid agent="Neutral" bid="1508"/>
				</task>
				<task id="9" pickup="Paris" delivery="Monaco" weight="25" reward="40845">
					<bid agent="Naive" bid="7168"/>
					<bid agent="Neutral" bid="2798"/>
				</task>
				<task id="10" pickup="Paris" delivery="Monaco" weight="25" reward="40845">
					<bid agent="Naive" bid="5727"/>
					<bid agent="Neutral" bid="2145"/>
				</task>
				<task id="11" pickup="Marseille" delivery="Bordeaux" weight="16" reward="65734">
					<bid agent="Naive" bid="7646"/>
					<bid agent="Neutral" bid="3286"/>
				</task>
				<task id="12" pickup="Lyon" delivery="Monaco" weight="28" reward="72973">
					<bid agent="Naive" bid="5478"/>
					<bid agent="Neutral" bid="2700"/>
				</task>
				<task id="13" pickup="Genève" delivery="Marseille" weight="29" reward="78212">
					<bid agent="Naive" bid="5482"/>
					<bid agent="Neutral" bid="1988"/>
				</task>
				<task id="14" pickup="Le Havre" delivery="Strasbourg" weight="10" reward="63183">
					<bid agent="Naive" bid="6077"/>
					<bid agent="Neutral" bid="2912"/>
				</task>
				<task id="15" pickup="Monaco" delivery="Genève" weight="22" reward="74352">
					<bid agent="Naive" bid="13167"/>
					<bid agent="Neutral" bid="2270"/>
				</task>
				<task id="16" pickup="Bordeaux" delivery="Le Havre" weight="23" reward="56495">
					<bid agent="Naive" bid="7390"/>
					<bid agent="Neutral" bid="1950"/>
				</task>
				<task id="17" pickup="Genève" delivery="Bordeaux" weight="16" reward="59460">
					<bid agent="Naive" bid="10352"/>
					<bid agent="Neutral" bid="1842"/>
				</task>
				<task id="18" pickup="Monaco" delivery="Genève" weight="22" reward="74352">
					<bid agent="Naive" bid="10465"/>
					<bid agent="Neutral" bid="1302"/>
				</task>
				<task id="19" pickup="Paris" delivery="Monaco" weight="25" reward="40845">
					<bid agent="Naive" bid="8748"/>
					<bid agent="Neutral" bid="4097"/>
				</task>
				<task id="20" pickup="Monaco" delivery="Brest" weight="12" reward="100">
					<bid agent="Naive" bid="25929"/>
					<bid agent="Neutral" bid="3995"/>
				</task>
				<task id="21" pickup="Bordeaux" delivery="Marseille" weight="21" reward="65734">
					<bid agent="Naive" bid="9296"/>
					<bid agent="Neutral" bid="3877"/>
				</task>
				<task id="22" pickup="Brest" delivery="Marseille" weight="11" reward="15612">
					<bid agent="Naive" bid="17881"/>
					<bid agent="Neutral" bid="7747"/>
				</task>
				<task id="23" pickup="Monaco" delivery="Le Havre" weight="23" reward="27332">
					<bid agent="Naive" bid="20367"/>
					<bid agent="Neutral" bid="3510"/>
				</task>
				<task id="24" pickup="Brest" delivery="Le Havre" weight="18" reward="56013">
					<bid agent="Naive" bid="13647"/>
					<bid agent="Neutral" bid="1967"/>
				</task>
				<task id="25" pickup="Brest" delivery="Bordeaux" weight="21" reward="29263">
					<bid agent="Naive" bid="18089"/>
					<bid agent="Neutral" bid="4712"/>
				</task>
				<task id="26" pickup="Strasbourg" delivery="Brest" weight="25" reward="35950">
					<bid agent="Naive" bid="13183"/>
					<bid agent="Neutral" bid="3745"/>
				</task>
				<task id="27" pickup="Paris" delivery="Strasbourg" weight="26" reward="76696">
					<bid agent="Naive" bid="5391"/>
					<bid agent="Neutral" bid="2615"/>
				</task>
				<task id="28" pickup="Monaco" delivery="Genève" weight="22" reward="74352">
					<bid agent="Naive" bid="9073"/>
					<bid agent="Neutral" bid="1425"/>
				</task>
				<task id="29" pickup="Monaco" delivery="Lyon" weight="15" reward="72973">
					<bid agent="Naive" bid="8672"/>
					<bid agent="Neutral" bid="1352"/>
				</task>
				<task id="30" pickup="Brest" delivery="Monaco" weight="15" reward="100">
					<bid agent="Naive" bid="27011"/>
					<bid agent="Neutral" bid="5872"/>
				</task>
				<task id="31" pickup="Genève" delivery="Le Havre" weight="23" reward="54358">
					<bid agent="Naive" bid="15113"/>
					<bid agent="Neutral" bid="2027"/>
				</task>
				<task id="32" pickup="Marseille" delivery="Brest" weight="16" reward="15612">
					<bid agent="Naive" bid="23102"/>
					<bid agent="Neutral" bid="3432"/>
				</task>
				<task id="33" pickup="Le Havre" delivery="Bordeaux" weight="22" reward="56495">
					<bid agent="Naive" bid="6033"/>
					<bid agent="Neutral" bid="4730"/>
				</task>
				<task id="34" pickup="Monaco" delivery="Brest" weight="12" reward="100">
					<bid agent="Naive" bid="23276"/>
					<bid agent="Neutral" bid="4845"/>
				</task>
				<task id="35" pickup="Le Havre" delivery="Marseille" weight="28" reward="42844">
					<bid agent="Naive" bid="5916"/>
					<bid agent="Neutral" bid="2465"/>
				</task>
				<task id="36" pickup="Monaco" delivery="Lyon" weight="15" reward="72973">
					<bid agent="Naive" bid="8736"/>
					<bid agent="Neutral" bid="2560"/>
				</task>
				<task id="37" pickup="Paris" delivery="Strasbourg" weight="26" reward="76696">
					<bid agent="Naive" bid="4005"/>
					<bid agent="Neutral" bid="2832"/>
				</task>
				<task id="38" pickup="Strasbourg" delivery="Paris" weight="26" reward="76696">
					<bid agent="Naive" bid="8005"/>
					<bid agent="Neutral" bid="4030"/>
				</task>
				<task id="39" pickup="Bordeaux" delivery="Genève" weight="23" reward="59460">
					<bid agent="Naive" bid="17673"/>
					<bid agent="Neutral" bid="2587"/>
				</task>
			</tasks>
			<events>
				<event id="0" time="0" vehicle="Vehicle 5" move="Paris"/>
				<event id="1" time="0" vehicle="Vehicle 6" pickup="16"/>
				<event id="2" time="0" vehicle="Vehicle 7" pickup="20"/>
				<event id="3" time="0" vehicle="Vehicle 8" pickup="38"/>
				<event id="4" time="300000000" vehicle="Vehicle 6" move="Paris"/>
				<event id="5" time="300000000" vehicle="Vehicle 7" pickup="34"/>
				<event id="6" time="300000000" vehicle="Vehicle 8" pickup="26"/>
				<event id="7" time="600000000" vehicle="Vehicle 7" pickup="29"/>
				<event id="8" time="600000000" vehicle="Vehicle 8" move="Paris"/>
				<event id="9" time="900000000" vehicle="Vehicle 7" move="Marseille"/>
				<event id="10" time="3400000000" vehicle="Vehicle 7" pickup="32"/>
				<event id="11" time="3700000000" vehicle="Vehicle 7" move="Lyon"/>
				<event id="12" time="5177777777" vehicle="Vehicle 5" move="Brest"/>
				<event id="13" time="6011111111" vehicle="Vehicle 8" move="Brest"/>
				<event id="14" time="6788888888" vehicle="Vehicle 6" pickup="27"/>
				<event id="15" time="7088888887" vehicle="Vehicle 6" move="Le Havre"/>
				<event id="16" time="7211111111" vehicle="Vehicle 7" deliver="29"/>
				<event id="17" time="7511111111" vehicle="Vehicle 7" move="Paris"/>
				<event id="18" time="9266666664" vehicle="Vehicle 6" pickup="14"/>
				<event id="19" time="9566666664" vehicle="Vehicle 6" deliver="16"/>
				<event id="20" time="9866666664" vehicle="Vehicle 6" move="Paris"/>
				<event id="21" time="11744444443" vehicle="Vehicle 5" pickup="30"/>
				<event id="22" time="12044444441" vehicle="Vehicle 6" pickup="37"/>
				<event id="23" time="12044444442" vehicle="Vehicle 5" pickup="22"/>
				<event id="24" time="12344444441" vehicle="Vehicle 6" move="Strasbourg"/>
				<event id="25" time="12344444442" vehicle="Vehicle 5" pickup="25"/>
				<event id="26" time="12577777776" vehicle="Vehicle 8" pickup="5"/>
				<event id="27" time="12644444442" vehicle="Vehicle 5" move="Paris"/>
				<event id="28" time="12688888887" vehicle="Vehicle 7" move="Brest"/>
				<event id="29" time="12877777776" vehicle="Vehicle 8" pickup="3"/>
				<event id="30" time="13177777775" vehicle="Vehicle 8" deliver="26"/>
				<event id="31" time="13477777775" vehicle="Vehicle 8" pickup="4"/>
				<event id="32" time="13777777775" vehicle="Vehicle 8" move="Paris"/>
				<event id="33" time="17755555551" vehicle="Vehicle 6" deliver="37"/>
				<event id="34" time="18055555550" vehicle="Vehicle 6" deliver="14"/>
				<event id="35" time="18355555550" vehicle="Vehicle 6" deliver="27"/>
				<event id="36" time="19211111108" vehicle="Vehicle 5" pickup="0"/>
				<event id="37" time="19255555553" vehicle="Vehicle 7" deliver="20"/>
				<event id="38" time="19511111108" vehicle="Vehicle 5" move="Bordeaux"/>
				<event id="39" time="19555555553" vehicle="Vehicle 7" pickup="8"/>
				<event id="40" time="19855555553" vehicle="Vehicle 7" pickup="24"/>
				<event id="41" time="20155555552" vehicle="Vehicle 7" deliver="32"/>
				<event id="42" time="20344444441" vehicle="Vehicle 8" deliver="38"/>
				<event id="43" time="20455555552" vehicle="Vehicle 7" deliver="34"/>
				<event id="44" time="20644444441" vehicle="Vehicle 8" pickup="9"/>
				<event id="45" time="20755555552" vehicle="Vehicle 7" move="Paris"/>
				<event id="46" time="20944444441" vehicle="Vehicle 8" move="Strasbourg"/>
				<event id="47" time="25999999996" vehicle="Vehicle 5" deliver="25"/>
				<event id="48" time="26299999996" vehicle="Vehicle 5" pickup="21"/>
				<event id="49" time="26355555551" vehicle="Vehicle 8" deliver="4"/>
				<event id="50" time="26599999996" vehicle="Vehicle 5" move="Marseille"/>
				<event id="51" time="26655555551" vehicle="Vehicle 8" move="Genève"/>
				<event id="52" time="27322222218" vehicle="Vehicle 7" pickup="7"/>
				<event id="53" time="27622222218" vehicle="Vehicle 7" move="Le Havre"/>
				<event id="54" time="29799999995" vehicle="Vehicle 7" deliver="7"/>
				<event id="55" time="30099999995" vehicle="Vehicle 7" pickup="35"/>
				<event id="56" time="30399999995" vehicle="Vehicle 7" deliver="24"/>
				<event id="57" time="30699999995" vehicle="Vehicle 7" deliver="8"/>
				<event id="58" time="30977777772" vehicle="Vehicle 8" move="Lyon"/>
				<event id="59" time="30999999995" vehicle="Vehicle 7" pickup="33"/>
				<event id="60" time="31299999995" vehicle="Vehicle 7" move="Paris"/>
				<event id="61" time="32633333327" vehicle="Vehicle 8" deliver="3"/>
				<event id="62" time="32933333327" vehicle="Vehicle 8" pickup="6"/>
				<event id="63" time="33233333326" vehicle="Vehicle 8" move="Marseille"/>
				<event id="64" time="33477777772" vehicle="Vehicle 7" move="Bordeaux"/>
				<event id="65" time="33777777773" vehicle="Vehicle 5" deliver="21"/>
				<event id="66" time="34077777772" vehicle="Vehicle 5" deliver="22"/>
				<event id="67" time="34377777772" vehicle="Vehicle 5" move="Monaco"/>
				<event id="68" time="36744444436" vehicle="Vehicle 8" move="Monaco"/>
				<event id="69" time="36877777771" vehicle="Vehicle 5" deliver="0"/>
				<event id="70" time="37177777770" vehicle="Vehicle 5" deliver="30"/>
				<event id="71" time="39244444435" vehicle="Vehicle 8" deliver="9"/>
				<event id="72" time="39544444435" vehicle="Vehicle 8" pickup="28"/>
				<event id="73" time="39844444435" vehicle="Vehicle 8" deliver="6"/>
				<event id="74" time="39966666660" vehicle="Vehicle 7" pickup="39"/>
				<event id="75" time="40144444434" vehicle="Vehicle 8" deliver="5"/>
				<event id="76" time="40266666659" vehicle="Vehicle 7" deliver="33"/>
				<event id="77" time="40444444434" vehicle="Vehicle 8" pickup="23"/>
				<event id="78" time="40566666659" vehicle="Vehicle 7" move="Lyon"/>
				<event id="79" time="40744444434" vehicle="Vehicle 8" pickup="15"/>
				<event id="80" time="41044444433" vehicle="Vehicle 8" move="Genève"/>
				<event id="81" time="46833333321" vehicle="Vehicle 8" deliver="28"/>
				<event id="82" time="47099999992" vehicle="Vehicle 7" pickup="12"/>
				<event id="83" time="47133333320" vehicle="Vehicle 8" pickup="31"/>
				<event id="84" time="47399999992" vehicle="Vehicle 7" move="Marseille"/>
				<event id="85" time="47433333320" vehicle="Vehicle 8" deliver="15"/>
				<event id="86" time="47733333320" vehicle="Vehicle 8" move="Lyon"/>
				<event id="87" time="49388888874" vehicle="Vehicle 8" move="Paris"/>
				<event id="88" time="50911111103" vehicle="Vehicle 7" deliver="35"/>
				<event id="89" time="51211111102" vehicle="Vehicle 7" move="Monaco"/>
				<event id="90" time="53711111101" vehicle="Vehicle 7" pickup="18"/>
				<event id="91" time="54011111100" vehicle="Vehicle 7" deliver="12"/>
				<event id="92" time="54311111100" vehicle="Vehicle 7" pickup="36"/>
				<event id="93" time="54566666651" vehicle="Vehicle 8" move="Le Havre"/>
				<event id="94" time="54611111100" vehicle="Vehicle 7" move="Genève"/>
				<event id="95" time="56744444428" vehicle="Vehicle 8" deliver="31"/>
				<event id="96" time="57044444427" vehicle="Vehicle 8" deliver="23"/>
				<event id="97" time="60399999988" vehicle="Vehicle 7" pickup="17"/>
				<event id="98" time="60699999988" vehicle="Vehicle 7" deliver="39"/>
				<event id="99" time="60999999988" vehicle="Vehicle 7" deliver="18"/>
				<event id="100" time="61299999988" vehicle="Vehicle 7" pickup="13"/>
				<event id="101" time="61599999988" vehicle="Vehicle 7" move="Lyon"/>
				<event id="102" time="63255555543" vehicle="Vehicle 7" deliver="36"/>
				<event id="103" time="63555555543" vehicle="Vehicle 7" pickup="2"/>
				<event id="104" time="63855555543" vehicle="Vehicle 7" move="Marseille"/>
				<event id="105" time="67366666653" vehicle="Vehicle 7" deliver="13"/>
				<event id="106" time="67666666653" vehicle="Vehicle 7" pickup="11"/>
				<event id="107" time="67966666653" vehicle="Vehicle 7" move="Bordeaux"/>
				<event id="108" time="75144444430" vehicle="Vehicle 7" deliver="17"/>
				<event id="109" time="75444444430" vehicle="Vehicle 7" deliver="11"/>
				<event id="110" time="75744444430" vehicle="Vehicle 7" move="Paris"/>
				<event id="111" time="82233333318" vehicle="Vehicle 7" pickup="10"/>
				<event id="112" time="82533333318" vehicle="Vehicle 7" pickup="19"/>
				<event id="113" time="82833333318" vehicle="Vehicle 7" deliver="2"/>
				<event id="114" time="83133333317" vehicle="Vehicle 7" pickup="1"/>
				<event id="115" time="83433333317" vehicle="Vehicle 7" move="Lyon"/>
				<event id="116" time="88611111094" vehicle="Vehicle 7" move="Marseille"/>
				<event id="117" time="92122222204" vehicle="Vehicle 7" move="Monaco"/>
				<event id="118" time="94622222203" vehicle="Vehicle 7" deliver="19"/>
				<event id="119" time="94922222203" vehicle="Vehicle 7" deliver="1"/>
				<event id="120" time="95222222202" vehicle="Vehicle 7" deliver="10"/>
			</events>
		</round>
	</rounds>
	<statistics>
		<stat rank="1" agent="Neutral">
			<total-tasks value="40"/>
			<total-distance value="16650.0"/>
			<total-cost value="83250"/>
			<total-reward value="117408"/>
			<total-profit value="34158"/>
		</stat>
		<stat rank="2" agent="Naive">
			<total-tasks value="0"/>
			<total-distance value="0.0"/>
			<total-cost value="0"/>
			<total-reward value="0"/>
			<total-profit value="0"/>
		</stat>
	</statistics>
</history>
