<?xml version="1.0" encoding="ISO-8859-1"?>

<history configuration="config/rounds/auction1.xml">
	<agents>
		<agent name="Margin">
			<vehicle name="Vehicle 1"/>
			<vehicle name="Vehicle 2"/>
		</agent>
		<agent name="Naive">
			<vehicle name="Vehicle 3"/>
			<vehicle name="Vehicle 4"/>
		</agent>
	</agents>
	<rounds>
		<round id="1">
			<tasks>
				<task id="0" pickup="Leeds" delivery="Sheffield" weight="6" reward="1281">
					<bid agent="Margin" bid="349"/>
					<bid agent="Naive" bid="2678"/>
				</task>
				<task id="1" pickup="Liverpool" delivery="Sheffield" weight="7" reward="14258">
					<bid agent="Margin" bid="378"/>
					<bid agent="Naive" bid="3053"/>
				</task>
				<task id="2" pickup="Manchester" delivery="Cardiff" weight="9" reward="31460">
					<bid agent="Margin" bid="741"/>
					<bid agent="Naive" bid="3554"/>
				</task>
				<task id="3" pickup="Manchester" delivery="London" weight="6" reward="31997">
					<bid agent="Margin" bid="643"/>
					<bid agent="Naive" bid="3516"/>
				</task>
				<task id="4" pickup="Plymouth" delivery="Birmingham" weight="8" reward="58829">
					<bid agent="Margin" bid="1379"/>
					<bid agent="Naive" bid="1930"/>
				</task>
				<task id="5" pickup="Liverpool" delivery="Norwich" weight="5" reward="58793">
					<bid agent="Margin" bid="335"/>
					<bid agent="Naive" bid="4431"/>
				</task>
				<task id="6" pickup="Birmingham" delivery="Norwich" weight="8" reward="35595">
					<bid agent="Margin" bid="25"/>
					<bid agent="Naive" bid="3522"/>
				</task>
				<task id="7" pickup="Sheffield" delivery="Manchester" weight="7" reward="20470">
					<bid agent="Margin" bid="397"/>
					<bid agent="Naive" bid="3875"/>
				</task>
				<task id="8" pickup="Liverpool" delivery="Cardiff" weight="6" reward="37671">
					<bid agent="Margin" bid="133"/>
					<bid agent="Naive" bid="3697"/>
				</task>
				<task id="9" pickup="Sheffield" delivery="Norwich" weight="7" reward="51741">
					<bid agent="Margin" bid="25"/>
					<bid agent="Naive" bid="4160"/>
				</task>
				<task id="10" pickup="Portsmouth" delivery="Cardiff" weight="5" reward="48984">
					<bid agent="Margin" bid="25"/>
					<bid agent="Naive" bid="2724"/>
				</task>
				<task id="11" pickup="Plymouth" delivery="London" weight="7" reward="37707">
					<bid agent="Margin" bid="349"/>
					<bid agent="Naive" bid="1816"/>
				</task>
				<task id="12" pickup="Sheffield" delivery="Norwich" weight="7" reward="51741">
					<bid agent="Margin" bid="25"/>
					<bid agent="Naive" bid="5932"/>
				</task>
				<task id="13" pickup="Newcastle" delivery="Liverpool" weight="9" reward="24497">
					<bid agent="Margin" bid="36"/>
					<bid agent="Naive" bid="5475"/>
				</task>
				<task id="14" pickup="Cardiff" delivery="Newcastle" weight="8" reward="55643">
					<bid agent="Margin" bid="424"/>
					<bid agent="Naive" bid="4196"/>
				</task>
				<task id="15" pickup="Birmingham" delivery="Sheffield" weight="6" reward="10034">
					<bid agent="Margin" bid="25"/>
					<bid agent="Naive" bid="3088"/>
				</task>
				<task id="16" pickup="Newcastle" delivery="Birmingham" weight="5" reward="35058">
					<bid agent="Margin" bid="25"/>
					<bid agent="Naive" bid="6163"/>
				</task>
				<task id="17" pickup="Birmingham" delivery="Plymouth" weight="6" reward="58829">
					<bid agent="Margin" bid="176"/>
					<bid agent="Naive" bid="5275"/>
				</task>
				<task id="18" pickup="Cardiff" delivery="Newcastle" weight="8" reward="55643">
					<bid agent="Margin" bid="30"/>
					<bid agent="Naive" bid="4248"/>
				</task>
				<task id="19" pickup="Leeds" delivery="Sheffield" weight="6" reward="1281">
					<bid agent="Margin" bid="25"/>
					<bid agent="Naive" bid="4340"/>
				</task>
			</tasks>
			<events>
				<event id="0" time="0" vehicle="Vehicle 2" move="Birmingham"/>
				<event id="1" time="1311111111" vehicle="Vehicle 2" move="Sheffield"/>
				<event id="2" time="2313333332" vehicle="Vehicle 2" pickup="7"/>
				<event id="3" time="2613333332" vehicle="Vehicle 2" move="Leeds"/>
				<event id="4" time="3072222220" vehicle="Vehicle 2" move="Liverpool"/>
				<event id="5" time="3877777775" vehicle="Vehicle 2" pickup="8"/>
				<event id="6" time="4177777774" vehicle="Vehicle 2" move="Manchester"/>
				<event id="7" time="4563333329" vehicle="Vehicle 2" deliver="7"/>
				<event id="8" time="4863333329" vehicle="Vehicle 2" pickup="2"/>
				<event id="9" time="5163333328" vehicle="Vehicle 2" pickup="3"/>
				<event id="10" time="5463333328" vehicle="Vehicle 2" move="Birmingham"/>
				<event id="11" time="6517777771" vehicle="Vehicle 2" pickup="17"/>
				<event id="12" time="6817777771" vehicle="Vehicle 2" move="London"/>
				<event id="13" time="8128888881" vehicle="Vehicle 2" deliver="3"/>
				<event id="14" time="8428888881" vehicle="Vehicle 2" move="Portsmouth"/>
				<event id="15" time="9259999992" vehicle="Vehicle 2" move="Plymouth"/>
				<event id="16" time="11148888880" vehicle="Vehicle 2" pickup="11"/>
				<event id="17" time="11448888880" vehicle="Vehicle 2" deliver="17"/>
				<event id="18" time="11748888880" vehicle="Vehicle 2" pickup="4"/>
				<event id="19" time="12048888879" vehicle="Vehicle 2" move="Portsmouth"/>
				<event id="20" time="13937777767" vehicle="Vehicle 2" pickup="10"/>
				<event id="21" time="14237777766" vehicle="Vehicle 2" move="London"/>
				<event id="22" time="15068888876" vehicle="Vehicle 2" deliver="11"/>
				<event id="23" time="15368888876" vehicle="Vehicle 2" move="Birmingham"/>
				<event id="24" time="16679999987" vehicle="Vehicle 2" pickup="15"/>
				<event id="25" time="16979999987" vehicle="Vehicle 2" deliver="4"/>
				<event id="26" time="17279999987" vehicle="Vehicle 2" move="Cardiff"/>
				<event id="27" time="18557777764" vehicle="Vehicle 2" pickup="14"/>
				<event id="28" time="18857777764" vehicle="Vehicle 2" deliver="10"/>
				<event id="29" time="19157777763" vehicle="Vehicle 2" pickup="18"/>
				<event id="30" time="19457777763" vehicle="Vehicle 2" deliver="2"/>
				<event id="31" time="19757777763" vehicle="Vehicle 2" deliver="8"/>
				<event id="32" time="20057777762" vehicle="Vehicle 2" move="Birmingham"/>
				<event id="33" time="21335555539" vehicle="Vehicle 2" move="Sheffield"/>
				<event id="34" time="22337777760" vehicle="Vehicle 2" pickup="9"/>
				<event id="35" time="22637777760" vehicle="Vehicle 2" deliver="15"/>
				<event id="36" time="22937777760" vehicle="Vehicle 2" move="Leeds"/>
				<event id="37" time="23396666648" vehicle="Vehicle 2" move="Newcastle"/>
				<event id="38" time="24491111092" vehicle="Vehicle 2" pickup="16"/>
				<event id="39" time="24791111092" vehicle="Vehicle 2" pickup="13"/>
				<event id="40" time="25091111091" vehicle="Vehicle 2" deliver="18"/>
				<event id="41" time="25391111091" vehicle="Vehicle 2" deliver="14"/>
				<event id="42" time="25691111091" vehicle="Vehicle 2" move="Leeds"/>
				<event id="43" time="26785555534" vehicle="Vehicle 2" pickup="19"/>
				<event id="44" time="27085555533" vehicle="Vehicle 2" move="Liverpool"/>
				<event id="45" time="27891111088" vehicle="Vehicle 2" pickup="5"/>
				<event id="46" time="28191111087" vehicle="Vehicle 2" pickup="1"/>
				<event id="47" time="28491111087" vehicle="Vehicle 2" deliver="13"/>
				<event id="48" time="28791111087" vehicle="Vehicle 2" move="Leeds"/>
				<event id="49" time="29596666641" vehicle="Vehicle 2" pickup="0"/>
				<event id="50" time="29896666641" vehicle="Vehicle 2" move="Sheffield"/>
				<event id="51" time="30355555529" vehicle="Vehicle 2" deliver="19"/>
				<event id="52" time="30655555529" vehicle="Vehicle 2" pickup="12"/>
				<event id="53" time="30955555529" vehicle="Vehicle 2" deliver="1"/>
				<event id="54" time="31255555528" vehicle="Vehicle 2" deliver="0"/>
				<event id="55" time="31555555528" vehicle="Vehicle 2" move="Birmingham"/>
				<event id="56" time="32557777749" vehicle="Vehicle 2" pickup="6"/>
				<event id="57" time="32857777749" vehicle="Vehicle 2" deliver="16"/>
				<event id="58" time="33157777748" vehicle="Vehicle 2" move="London"/>
				<event id="59" time="34468888858" vehicle="Vehicle 2" move="Norwich"/>
				<event id="60" time="35746666635" vehicle="Vehicle 2" deliver="6"/>
				<event id="61" time="36046666634" vehicle="Vehicle 2" deliver="5"/>
				<event id="62" time="36346666634" vehicle="Vehicle 2" deliver="12"/>
				<event id="63" time="36646666634" vehicle="Vehicle 2" deliver="9"/>
			</events>
		</round>
	</rounds>
	<statistics>
		<stat rank="1" agent="Naive">
			<total-tasks value="0"/>
			<total-distance value="0.0"/>
			<total-cost value="0"/>
			<total-reward value="0"/>
			<total-profit value="0"/>
		</stat>
		<stat rank="2" agent="Margin">
			<total-tasks value="20"/>
			<total-distance value="2245.2"/>
			<total-cost value="11226"/>
			<total-reward value="5545"/>
			<total-profit value="-5681"/>
		</stat>
	</statistics>
</history>
