<?xml version="1.0" encoding="ISO-8859-1"?>

<history configuration="config/rounds/auction2.xml">
	<agents>
		<agent name="Zero">
			<vehicle name="Vehicle 1"/>
			<vehicle name="Vehicle 2"/>
			<vehicle name="Vehicle 3"/>
		</agent>
		<agent name="AFK">
			<vehicle name="Vehicle 4"/>
			<vehicle name="Vehicle 5"/>
			<vehicle name="Vehicle 6"/>
			<vehicle name="Vehicle 7"/>
		</agent>
	</agents>
	<rounds>
		<round id="1">
			<tasks>
				<task id="0" pickup="Breda" delivery="Almere" weight="27" reward="62791">
					<bid agent="Zero" bid="895"/>
				</task>
				<task id="1" pickup="Den Haag" delivery="Groningen" weight="19" reward="8119">
					<bid agent="Zero" bid="1041"/>
				</task>
				<task id="2" pickup="Apeldoorn" delivery="Den Haag" weight="26" reward="47362">
					<bid agent="Zero" bid="726"/>
				</task>
				<task id="3" pickup="Utrecht" delivery="Groningen" weight="12" reward="30020">
					<bid agent="Zero" bid="0"/>
				</task>
				<task id="4" pickup="Utrecht" delivery="Amsterdam" weight="24" reward="91775">
					<bid agent="Zero" bid="173"/>
				</task>
				<task id="5" pickup="Nijmegen" delivery="Groningen" weight="26" reward="29695">
					<bid agent="Zero" bid="668"/>
				</task>
				<task id="6" pickup="Almere" delivery="Utrecht" weight="26" reward="92712">
					<bid agent="Zero" bid="0"/>
				</task>
				<task id="7" pickup="Den Haag" delivery="Nijmegen" weight="28" reward="54405">
					<bid agent="Zero" bid="256"/>
				</task>
				<task id="8" pickup="Apeldoorn" delivery="Almere" weight="21" reward="77731">
					<bid agent="Zero" bid="101"/>
				</task>
				<task id="9" pickup="Apeldoorn" delivery="Den Haag" weight="26" reward="47362">
					<bid agent="Zero" bid="237"/>
				</task>
				<task id="10" pickup="Almere" delivery="Eindhoven" weight="12" reward="55300">
					<bid agent="Zero" bid="828"/>
				</task>
				<task id="11" pickup="Breda" delivery="Nijmegen" weight="11" reward="71177">
					<bid agent="Zero" bid="0"/>
				</task>
				<task id="12" pickup="Rotterdam" delivery="Almere" weight="22" reward="67350">
					<bid agent="Zero" bid="55"/>
				</task>
				<task id="13" pickup="Den Haag" delivery="Apeldoorn" weight="17" reward="47362">
					<bid agent="Zero" bid="679"/>
				</task>
				<task id="14" pickup="Eindhoven" delivery="Nijmegen" weight="28" reward="81761">
					<bid agent="Zero" bid="25"/>
				</task>
				<task id="15" pickup="Rotterdam" delivery="Apeldoorn" weight="16" reward="57702">
					<bid agent="Zero" bid="363"/>
				</task>
				<task id="16" pickup="Amsterdam" delivery="Breda" weight="23" reward="61855">
					<bid agent="Zero" bid="0"/>
				</task>
				<task id="17" pickup="Apeldoorn" delivery="Den Haag" weight="26" reward="47362">
					<bid agent="Zero" bid="187"/>
				</task>
				<task id="18" pickup="Almere" delivery="Rotterdam" weight="25" reward="67350">
					<bid agent="Zero" bid="433"/>
				</task>
				<task id="19" pickup="Eindhoven" delivery="Breda" weight="15" reward="85018">
					<bid agent="Zero" bid="107"/>
				</task>
				<task id="20" pickup="Amsterdam" delivery="Nijmegen" weight="20" reward="56603">
					<bid agent="Zero" bid="199"/>
				</task>
				<task id="21" pickup="Breda" delivery="Nijmegen" weight="11" reward="71177">
					<bid agent="Zero" bid="0"/>
				</task>
				<task id="22" pickup="Eindhoven" delivery="Groningen" weight="27" reward="1117">
					<bid agent="Zero" bid="1822"/>
				</task>
				<task id="23" pickup="Amsterdam" delivery="Nijmegen" weight="20" reward="56603">
					<bid agent="Zero" bid="445"/>
				</task>
				<task id="24" pickup="Groningen" delivery="Amsterdam" weight="15" reward="34661">
					<bid agent="Zero" bid="190"/>
				</task>
				<task id="25" pickup="Den Haag" delivery="Groningen" weight="19" reward="8119">
					<bid agent="Zero" bid="209"/>
				</task>
				<task id="26" pickup="Eindhoven" delivery="Rotterdam" weight="15" reward="65233">
					<bid agent="Zero" bid="0"/>
				</task>
				<task id="27" pickup="Groningen" delivery="Amsterdam" weight="15" reward="34661">
					<bid agent="Zero" bid="506"/>
				</task>
				<task id="28" pickup="Utrecht" delivery="Almere" weight="23" reward="92712">
					<bid agent="Zero" bid="135"/>
				</task>
				<task id="29" pickup="Utrecht" delivery="Breda" weight="29" reward="80418">
					<bid agent="Zero" bid="262"/>
				</task>
			</tasks>
			<events>
				<event id="0" time="0" vehicle="Vehicle 1" pickup="23"/>
				<event id="1" time="0" vehicle="Vehicle 2" pickup="26"/>
				<event id="2" time="0" vehicle="Vehicle 3" pickup="4"/>
				<event id="3" time="300000000" vehicle="Vehicle 1" pickup="16"/>
				<event id="4" time="300000000" vehicle="Vehicle 2" pickup="19"/>
				<event id="5" time="300000000" vehicle="Vehicle 3" pickup="28"/>
				<event id="6" time="600000000" vehicle="Vehicle 1" move="Utrecht"/>
				<event id="7" time="600000000" vehicle="Vehicle 2" move="Breda"/>
				<event id="8" time="600000000" vehicle="Vehicle 3" move="Almere"/>
				<event id="9" time="1081111111" vehicle="Vehicle 3" deliver="28"/>
				<event id="10" time="1291111111" vehicle="Vehicle 2" pickup="0"/>
				<event id="11" time="1360000000" vehicle="Vehicle 1" pickup="29"/>
				<event id="12" time="1381111111" vehicle="Vehicle 3" pickup="6"/>
				<event id="13" time="1591111111" vehicle="Vehicle 2" deliver="19"/>
				<event id="14" time="1660000000" vehicle="Vehicle 1" move="Breda"/>
				<event id="15" time="1681111111" vehicle="Vehicle 3" pickup="10"/>
				<event id="16" time="1891111111" vehicle="Vehicle 2" move="Rotterdam"/>
				<event id="17" time="1981111111" vehicle="Vehicle 3" move="Amsterdam"/>
				<event id="18" time="2335555554" vehicle="Vehicle 3" deliver="4"/>
				<event id="19" time="2431111110" vehicle="Vehicle 2" pickup="15"/>
				<event id="20" time="2635555554" vehicle="Vehicle 3" move="Utrecht"/>
				<event id="21" time="2731111110" vehicle="Vehicle 2" deliver="26"/>
				<event id="22" time="2885000000" vehicle="Vehicle 1" deliver="29"/>
				<event id="23" time="3031111109" vehicle="Vehicle 2" move="Utrecht"/>
				<event id="24" time="3142222220" vehicle="Vehicle 3" pickup="3"/>
				<event id="25" time="3185000000" vehicle="Vehicle 1" pickup="21"/>
				<event id="26" time="3442222220" vehicle="Vehicle 3" deliver="6"/>
				<event id="27" time="3485000000" vehicle="Vehicle 1" pickup="11"/>
				<event id="28" time="3723333331" vehicle="Vehicle 2" move="Apeldoorn"/>
				<event id="29" time="3742222220" vehicle="Vehicle 3" move="Eindhoven"/>
				<event id="30" time="3785000000" vehicle="Vehicle 1" deliver="16"/>
				<event id="31" time="4085000000" vehicle="Vehicle 1" move="Nijmegen"/>
				<event id="32" time="4467777774" vehicle="Vehicle 2" pickup="8"/>
				<event id="33" time="4763333330" vehicle="Vehicle 3" pickup="14"/>
				<event id="34" time="4767777774" vehicle="Vehicle 2" deliver="15"/>
				<event id="35" time="5063333329" vehicle="Vehicle 3" deliver="10"/>
				<event id="36" time="5067777773" vehicle="Vehicle 2" move="Almere"/>
				<event id="37" time="5363333329" vehicle="Vehicle 3" pickup="22"/>
				<event id="38" time="5663333329" vehicle="Vehicle 3" move="Nijmegen"/>
				<event id="39" time="5688333333" vehicle="Vehicle 1" deliver="23"/>
				<event id="40" time="5957777773" vehicle="Vehicle 2" deliver="0"/>
				<event id="41" time="5988333333" vehicle="Vehicle 1" deliver="11"/>
				<event id="42" time="6257777772" vehicle="Vehicle 2" deliver="8"/>
				<event id="43" time="6288333332" vehicle="Vehicle 1" deliver="21"/>
				<event id="44" time="6443333328" vehicle="Vehicle 3" deliver="14"/>
				<event id="45" time="6557777772" vehicle="Vehicle 2" move="Amsterdam"/>
				<event id="46" time="6743333328" vehicle="Vehicle 3" pickup="5"/>
				<event id="47" time="6912222216" vehicle="Vehicle 2" pickup="20"/>
				<event id="48" time="7043333327" vehicle="Vehicle 3" move="Apeldoorn"/>
				<event id="49" time="7212222215" vehicle="Vehicle 2" move="Den Haag"/>
				<event id="50" time="7677777771" vehicle="Vehicle 3" move="Groningen"/>
				<event id="51" time="7936666659" vehicle="Vehicle 2" pickup="13"/>
				<event id="52" time="8236666658" vehicle="Vehicle 2" pickup="7"/>
				<event id="53" time="8536666658" vehicle="Vehicle 2" move="Rotterdam"/>
				<event id="54" time="8818888880" vehicle="Vehicle 2" move="Nijmegen"/>
				<event id="55" time="9244444437" vehicle="Vehicle 3" pickup="27"/>
				<event id="56" time="9544444437" vehicle="Vehicle 3" deliver="5"/>
				<event id="57" time="9844444437" vehicle="Vehicle 3" pickup="24"/>
				<event id="58" time="10063333324" vehicle="Vehicle 2" deliver="7"/>
				<event id="59" time="10144444436" vehicle="Vehicle 3" deliver="22"/>
				<event id="60" time="10363333324" vehicle="Vehicle 2" deliver="20"/>
				<event id="61" time="10444444436" vehicle="Vehicle 3" move="Almere"/>
				<event id="62" time="10663333324" vehicle="Vehicle 2" move="Apeldoorn"/>
				<event id="63" time="11297777767" vehicle="Vehicle 2" pickup="17"/>
				<event id="64" time="11597777767" vehicle="Vehicle 2" pickup="9"/>
				<event id="65" time="11897777767" vehicle="Vehicle 2" deliver="13"/>
				<event id="66" time="12155555546" vehicle="Vehicle 3" pickup="18"/>
				<event id="67" time="12197777766" vehicle="Vehicle 2" pickup="2"/>
				<event id="68" time="12455555546" vehicle="Vehicle 3" move="Amsterdam"/>
				<event id="69" time="12497777766" vehicle="Vehicle 2" move="Utrecht"/>
				<event id="70" time="12809999990" vehicle="Vehicle 3" deliver="24"/>
				<event id="71" time="13109999990" vehicle="Vehicle 3" deliver="27"/>
				<event id="72" time="13242222210" vehicle="Vehicle 2" move="Rotterdam"/>
				<event id="73" time="13409999990" vehicle="Vehicle 3" move="Den Haag"/>
				<event id="74" time="13934444432" vehicle="Vehicle 2" move="Den Haag"/>
				<event id="75" time="14134444434" vehicle="Vehicle 3" pickup="25"/>
				<event id="76" time="14216666653" vehicle="Vehicle 2" deliver="9"/>
				<event id="77" time="14434444434" vehicle="Vehicle 3" move="Rotterdam"/>
				<event id="78" time="14516666653" vehicle="Vehicle 2" deliver="17"/>
				<event id="79" time="14716666656" vehicle="Vehicle 3" pickup="12"/>
				<event id="80" time="14816666653" vehicle="Vehicle 2" deliver="2"/>
				<event id="81" time="15016666655" vehicle="Vehicle 3" deliver="18"/>
				<event id="82" time="15316666655" vehicle="Vehicle 3" move="Den Haag"/>
				<event id="83" time="15598888877" vehicle="Vehicle 3" pickup="1"/>
				<event id="84" time="15898888877" vehicle="Vehicle 3" move="Amsterdam"/>
				<event id="85" time="16623333321" vehicle="Vehicle 3" move="Almere"/>
				<event id="86" time="16977777765" vehicle="Vehicle 3" deliver="12"/>
				<event id="87" time="17277777764" vehicle="Vehicle 3" move="Groningen"/>
				<event id="88" time="18988888874" vehicle="Vehicle 3" deliver="25"/>
				<event id="89" time="19288888873" vehicle="Vehicle 3" deliver="3"/>
				<event id="90" time="19588888873" vehicle="Vehicle 3" deliver="1"/>
			</events>
		</round>
	</rounds>
	<statistics>
		<stat rank="1" agent="Zero">
			<total-tasks value="30"/>
			<total-distance value="2015.8"/>
			<total-cost value="10079"/>
			<total-reward value="10542"/>
			<total-profit value="463"/>
		</stat>
		<stat rank="2" agent="AFK">
			<total-tasks value="0"/>
			<total-distance value="0.0"/>
			<total-cost value="0"/>
			<total-reward value="0"/>
			<total-profit value="0"/>
		</stat>
	</statistics>
</history>
