<?xml version="1.0" encoding="ISO-8859-1"?>

<history configuration="config/rounds/auction1.xml">
	<agents>
		<agent name="AFK">
			<vehicle name="Vehicle 1"/>
			<vehicle name="Vehicle 2"/>
		</agent>
		<agent name="Margin">
			<vehicle name="Vehicle 3"/>
			<vehicle name="Vehicle 4"/>
		</agent>
	</agents>
	<rounds>
		<round id="1">
			<tasks>
				<task id="0" pickup="Leeds" delivery="Sheffield" weight="6" reward="1281">
					<bid agent="Margin" bid="1014"/>
				</task>
				<task id="1" pickup="Liverpool" delivery="Sheffield" weight="7" reward="14258">
					<bid agent="Margin" bid="184"/>
				</task>
				<task id="2" pickup="Manchester" delivery="Cardiff" weight="9" reward="31460">
					<bid agent="Margin" bid="554"/>
				</task>
				<task id="3" pickup="Manchester" delivery="London" weight="6" reward="31997">
					<bid agent="Margin" bid="643"/>
				</task>
				<task id="4" pickup="Plymouth" delivery="Birmingham" weight="8" reward="58829">
					<bid agent="Margin" bid="792"/>
				</task>
				<task id="5" pickup="Liverpool" delivery="Norwich" weight="5" reward="58793">
					<bid agent="Margin" bid="323"/>
				</task>
				<task id="6" pickup="Birmingham" delivery="Norwich" weight="8" reward="35595">
					<bid agent="Margin" bid="25"/>
				</task>
				<task id="7" pickup="Sheffield" delivery="Manchester" weight="7" reward="20470">
					<bid agent="Margin" bid="25"/>
				</task>
				<task id="8" pickup="Liverpool" delivery="Cardiff" weight="6" reward="37671">
					<bid agent="Margin" bid="512"/>
				</task>
				<task id="9" pickup="Sheffield" delivery="Norwich" weight="7" reward="51741">
					<bid agent="Margin" bid="88"/>
				</task>
				<task id="10" pickup="Portsmouth" delivery="Cardiff" weight="5" reward="48984">
					<bid agent="Margin" bid="186"/>
				</task>
				<task id="11" pickup="Plymouth" delivery="London" weight="7" reward="37707">
					<bid agent="Margin" bid="25"/>
				</task>
				<task id="12" pickup="Sheffield" delivery="Norwich" weight="7" reward="51741">
					<bid agent="Margin" bid="25"/>
				</task>
				<task id="13" pickup="Newcastle" delivery="Liverpool" weight="9" reward="24497">
					<bid agent="Margin" bid="466"/>
				</task>
				<task id="14" pickup="Cardiff" delivery="Newcastle" weight="8" reward="55643">
					<bid agent="Margin" bid="270"/>
				</task>
				<task id="15" pickup="Birmingham" delivery="Sheffield" weight="6" reward="10034">
					<bid agent="Margin" bid="25"/>
				</task>
				<task id="16" pickup="Newcastle" delivery="Birmingham" weight="5" reward="35058">
					<bid agent="Margin" bid="147"/>
				</task>
				<task id="17" pickup="Birmingham" delivery="Plymouth" weight="6" reward="58829">
					<bid agent="Margin" bid="25"/>
				</task>
				<task id="18" pickup="Cardiff" delivery="Newcastle" weight="8" reward="55643">
					<bid agent="Margin" bid="25"/>
				</task>
				<task id="19" pickup="Leeds" delivery="Sheffield" weight="6" reward="1281">
					<bid agent="Margin" bid="25"/>
				</task>
			</tasks>
			<events>
				<event id="0" time="0" vehicle="Vehicle 4" move="London"/>
				<event id="1" time="1277777777" vehicle="Vehicle 4" move="Portsmouth"/>
				<event id="2" time="2108888887" vehicle="Vehicle 4" pickup="10"/>
				<event id="3" time="2408888887" vehicle="Vehicle 4" move="London"/>
				<event id="4" time="3239999998" vehicle="Vehicle 4" move="Birmingham"/>
				<event id="5" time="4551111109" vehicle="Vehicle 4" move="Manchester"/>
				<event id="6" time="5605555552" vehicle="Vehicle 4" pickup="2"/>
				<event id="7" time="5905555552" vehicle="Vehicle 4" pickup="3"/>
				<event id="8" time="6205555551" vehicle="Vehicle 4" move="Liverpool"/>
				<event id="9" time="6591111106" vehicle="Vehicle 4" pickup="1"/>
				<event id="10" time="6891111106" vehicle="Vehicle 4" pickup="5"/>
				<event id="11" time="7191111105" vehicle="Vehicle 4" pickup="8"/>
				<event id="12" time="7491111105" vehicle="Vehicle 4" move="Manchester"/>
				<event id="13" time="7876666660" vehicle="Vehicle 4" move="Birmingham"/>
				<event id="14" time="8931111104" vehicle="Vehicle 4" move="Cardiff"/>
				<event id="15" time="10208888880" vehicle="Vehicle 4" pickup="18"/>
				<event id="16" time="10508888880" vehicle="Vehicle 4" deliver="10"/>
				<event id="17" time="10808888880" vehicle="Vehicle 4" deliver="2"/>
				<event id="18" time="11108888879" vehicle="Vehicle 4" pickup="14"/>
				<event id="19" time="11408888879" vehicle="Vehicle 4" deliver="8"/>
				<event id="20" time="11708888879" vehicle="Vehicle 4" move="Birmingham"/>
				<event id="21" time="12986666656" vehicle="Vehicle 4" pickup="15"/>
				<event id="22" time="13286666655" vehicle="Vehicle 4" pickup="6"/>
				<event id="23" time="13586666655" vehicle="Vehicle 4" move="Sheffield"/>
				<event id="24" time="14588888876" vehicle="Vehicle 4" move="Leeds"/>
				<event id="25" time="15047777764" vehicle="Vehicle 4" move="Newcastle"/>
				<event id="26" time="16142222208" vehicle="Vehicle 4" deliver="18"/>
				<event id="27" time="16442222208" vehicle="Vehicle 4" pickup="13"/>
				<event id="28" time="16742222208" vehicle="Vehicle 4" pickup="16"/>
				<event id="29" time="17042222207" vehicle="Vehicle 4" deliver="14"/>
				<event id="30" time="17342222207" vehicle="Vehicle 4" move="Leeds"/>
				<event id="31" time="18436666650" vehicle="Vehicle 4" pickup="19"/>
				<event id="32" time="18736666650" vehicle="Vehicle 4" pickup="0"/>
				<event id="33" time="19036666649" vehicle="Vehicle 4" move="Sheffield"/>
				<event id="34" time="19495555537" vehicle="Vehicle 4" deliver="1"/>
				<event id="35" time="19795555537" vehicle="Vehicle 4" pickup="9"/>
				<event id="36" time="20095555536" vehicle="Vehicle 4" deliver="15"/>
				<event id="37" time="20395555536" vehicle="Vehicle 4" pickup="12"/>
				<event id="38" time="20695555536" vehicle="Vehicle 4" deliver="19"/>
				<event id="39" time="20995555536" vehicle="Vehicle 4" pickup="7"/>
				<event id="40" time="21295555535" vehicle="Vehicle 4" deliver="0"/>
				<event id="41" time="21595555535" vehicle="Vehicle 4" move="Birmingham"/>
				<event id="42" time="22597777756" vehicle="Vehicle 4" pickup="17"/>
				<event id="43" time="22897777756" vehicle="Vehicle 4" move="London"/>
				<event id="44" time="24208888866" vehicle="Vehicle 4" move="Norwich"/>
				<event id="45" time="25486666643" vehicle="Vehicle 4" deliver="6"/>
				<event id="46" time="25786666643" vehicle="Vehicle 4" deliver="9"/>
				<event id="47" time="26086666642" vehicle="Vehicle 4" deliver="12"/>
				<event id="48" time="26386666642" vehicle="Vehicle 4" deliver="5"/>
				<event id="49" time="26686666642" vehicle="Vehicle 4" move="London"/>
				<event id="50" time="27964444419" vehicle="Vehicle 4" move="Portsmouth"/>
				<event id="51" time="28795555529" vehicle="Vehicle 4" move="Plymouth"/>
				<event id="52" time="30684444417" vehicle="Vehicle 4" deliver="17"/>
				<event id="53" time="30984444417" vehicle="Vehicle 4" pickup="11"/>
				<event id="54" time="31284444416" vehicle="Vehicle 4" pickup="4"/>
				<event id="55" time="31584444416" vehicle="Vehicle 4" move="Portsmouth"/>
				<event id="56" time="33473333304" vehicle="Vehicle 4" move="London"/>
				<event id="57" time="34304444414" vehicle="Vehicle 4" deliver="3"/>
				<event id="58" time="34604444414" vehicle="Vehicle 4" deliver="11"/>
				<event id="59" time="34904444414" vehicle="Vehicle 4" move="Birmingham"/>
				<event id="60" time="36215555524" vehicle="Vehicle 4" deliver="16"/>
				<event id="61" time="36515555524" vehicle="Vehicle 4" deliver="4"/>
				<event id="62" time="36815555524" vehicle="Vehicle 4" move="Manchester"/>
				<event id="63" time="37869999968" vehicle="Vehicle 4" deliver="7"/>
				<event id="64" time="38169999968" vehicle="Vehicle 4" move="Liverpool"/>
				<event id="65" time="38555555523" vehicle="Vehicle 4" deliver="13"/>
			</events>
		</round>
	</rounds>
	<statistics>
		<stat rank="1" agent="AFK">
			<total-tasks value="0"/>
			<total-distance value="0.0"/>
			<total-cost value="0"/>
			<total-reward value="0"/>
			<total-profit value="0"/>
		</stat>
		<stat rank="2" agent="Margin">
			<total-tasks value="20"/>
			<total-distance value="2417.0"/>
			<total-cost value="12085"/>
			<total-reward value="5379"/>
			<total-profit value="-6706"/>
		</stat>
	</statistics>
</history>
