<?xml version="1.0" encoding="ISO-8859-1"?>

<history configuration="config/rounds/auction1.xml">
	<agents>
		<agent name="Margin">
			<vehicle name="Vehicle 1"/>
			<vehicle name="Vehicle 2"/>
		</agent>
		<agent name="Zero">
			<vehicle name="Vehicle 3"/>
			<vehicle name="Vehicle 4"/>
		</agent>
	</agents>
	<rounds>
		<round id="1">
			<tasks>
				<task id="0" pickup="Leeds" delivery="Sheffield" weight="6" reward="1281">
					<bid agent="Margin" bid="349"/>
					<bid agent="Zero" bid="2029"/>
				</task>
				<task id="1" pickup="Liverpool" delivery="Sheffield" weight="7" reward="14258">
					<bid agent="Margin" bid="378"/>
					<bid agent="Zero" bid="2382"/>
				</task>
				<task id="2" pickup="Manchester" delivery="Cardiff" weight="9" reward="31460">
					<bid agent="Margin" bid="741"/>
					<bid agent="Zero" bid="2689"/>
				</task>
				<task id="3" pickup="Manchester" delivery="London" weight="6" reward="31997">
					<bid agent="Margin" bid="643"/>
					<bid agent="Zero" bid="2704"/>
				</task>
				<task id="4" pickup="Plymouth" delivery="Birmingham" weight="8" reward="58829">
					<bid agent="Margin" bid="1379"/>
					<bid agent="Zero" bid="1814"/>
				</task>
				<task id="5" pickup="Liverpool" delivery="Norwich" weight="5" reward="58793">
					<bid agent="Margin" bid="335"/>
					<bid agent="Zero" bid="3626"/>
				</task>
				<task id="6" pickup="Birmingham" delivery="Norwich" weight="8" reward="35595">
					<bid agent="Margin" bid="25"/>
					<bid agent="Zero" bid="2330"/>
				</task>
				<task id="7" pickup="Sheffield" delivery="Manchester" weight="7" reward="20470">
					<bid agent="Margin" bid="397"/>
					<bid agent="Zero" bid="2358"/>
				</task>
				<task id="8" pickup="Liverpool" delivery="Cardiff" weight="6" reward="37671">
					<bid agent="Margin" bid="25"/>
					<bid agent="Zero" bid="3036"/>
				</task>
				<task id="9" pickup="Sheffield" delivery="Norwich" weight="7" reward="51741">
					<bid agent="Margin" bid="25"/>
					<bid agent="Zero" bid="3232"/>
				</task>
				<task id="10" pickup="Portsmouth" delivery="Cardiff" weight="5" reward="48984">
					<bid agent="Margin" bid="25"/>
					<bid agent="Zero" bid="2389"/>
				</task>
				<task id="11" pickup="Plymouth" delivery="London" weight="7" reward="37707">
					<bid agent="Margin" bid="25"/>
					<bid agent="Zero" bid="1224"/>
				</task>
				<task id="12" pickup="Sheffield" delivery="Norwich" weight="7" reward="51741">
					<bid agent="Margin" bid="219"/>
					<bid agent="Zero" bid="3232"/>
				</task>
				<task id="13" pickup="Newcastle" delivery="Liverpool" weight="9" reward="24497">
					<bid agent="Margin" bid="116"/>
					<bid agent="Zero" bid="3170"/>
				</task>
				<task id="14" pickup="Cardiff" delivery="Newcastle" weight="8" reward="55643">
					<bid agent="Margin" bid="442"/>
					<bid agent="Zero" bid="3465"/>
				</task>
				<task id="15" pickup="Birmingham" delivery="Sheffield" weight="6" reward="10034">
					<bid agent="Margin" bid="25"/>
					<bid agent="Zero" bid="1616"/>
				</task>
				<task id="16" pickup="Newcastle" delivery="Birmingham" weight="5" reward="35058">
					<bid agent="Margin" bid="25"/>
					<bid agent="Zero" bid="3465"/>
				</task>
				<task id="17" pickup="Birmingham" delivery="Plymouth" weight="6" reward="58829">
					<bid agent="Margin" bid="176"/>
					<bid agent="Zero" bid="2979"/>
				</task>
				<task id="18" pickup="Cardiff" delivery="Newcastle" weight="8" reward="55643">
					<bid agent="Margin" bid="25"/>
					<bid agent="Zero" bid="3465"/>
				</task>
				<task id="19" pickup="Leeds" delivery="Sheffield" weight="6" reward="1281">
					<bid agent="Margin" bid="25"/>
					<bid agent="Zero" bid="2029"/>
				</task>
			</tasks>
			<events>
				<event id="0" time="0" vehicle="Vehicle 1" pickup="16"/>
				<event id="1" time="300000000" vehicle="Vehicle 1" pickup="13"/>
				<event id="2" time="600000000" vehicle="Vehicle 1" move="Leeds"/>
				<event id="3" time="1694444444" vehicle="Vehicle 1" move="Liverpool"/>
				<event id="4" time="2499999999" vehicle="Vehicle 1" pickup="8"/>
				<event id="5" time="2799999999" vehicle="Vehicle 1" move="Manchester"/>
				<event id="6" time="3185555554" vehicle="Vehicle 1" pickup="3"/>
				<event id="7" time="3485555554" vehicle="Vehicle 1" move="Liverpool"/>
				<event id="8" time="3871111109" vehicle="Vehicle 1" pickup="1"/>
				<event id="9" time="4171111108" vehicle="Vehicle 1" deliver="13"/>
				<event id="10" time="4471111108" vehicle="Vehicle 1" move="Leeds"/>
				<event id="11" time="5276666662" vehicle="Vehicle 1" pickup="0"/>
				<event id="12" time="5576666662" vehicle="Vehicle 1" move="Sheffield"/>
				<event id="13" time="6035555550" vehicle="Vehicle 1" pickup="7"/>
				<event id="14" time="6335555550" vehicle="Vehicle 1" deliver="1"/>
				<event id="15" time="6635555550" vehicle="Vehicle 1" deliver="0"/>
				<event id="16" time="6935555550" vehicle="Vehicle 1" move="Birmingham"/>
				<event id="17" time="7937777771" vehicle="Vehicle 1" pickup="17"/>
				<event id="18" time="8237777770" vehicle="Vehicle 1" deliver="16"/>
				<event id="19" time="8537777770" vehicle="Vehicle 1" move="London"/>
				<event id="20" time="9848888880" vehicle="Vehicle 1" move="Portsmouth"/>
				<event id="21" time="10679999991" vehicle="Vehicle 1" move="Plymouth"/>
				<event id="22" time="12568888879" vehicle="Vehicle 1" pickup="11"/>
				<event id="23" time="12868888879" vehicle="Vehicle 1" pickup="4"/>
				<event id="24" time="13168888878" vehicle="Vehicle 1" deliver="17"/>
				<event id="25" time="13468888878" vehicle="Vehicle 1" move="Portsmouth"/>
				<event id="26" time="15357777766" vehicle="Vehicle 1" pickup="10"/>
				<event id="27" time="15657777766" vehicle="Vehicle 1" move="London"/>
				<event id="28" time="16488888876" vehicle="Vehicle 1" deliver="11"/>
				<event id="29" time="16788888876" vehicle="Vehicle 1" deliver="3"/>
				<event id="30" time="17088888875" vehicle="Vehicle 1" move="Birmingham"/>
				<event id="31" time="18399999986" vehicle="Vehicle 1" move="Manchester"/>
				<event id="32" time="19454444430" vehicle="Vehicle 1" pickup="2"/>
				<event id="33" time="19754444430" vehicle="Vehicle 1" deliver="7"/>
				<event id="34" time="20054444429" vehicle="Vehicle 1" move="Birmingham"/>
				<event id="35" time="21108888872" vehicle="Vehicle 1" move="Cardiff"/>
				<event id="36" time="22386666649" vehicle="Vehicle 1" pickup="14"/>
				<event id="37" time="22686666649" vehicle="Vehicle 1" deliver="2"/>
				<event id="38" time="22986666649" vehicle="Vehicle 1" deliver="8"/>
				<event id="39" time="23286666648" vehicle="Vehicle 1" pickup="18"/>
				<event id="40" time="23586666648" vehicle="Vehicle 1" deliver="10"/>
				<event id="41" time="23886666648" vehicle="Vehicle 1" move="Birmingham"/>
				<event id="42" time="25164444425" vehicle="Vehicle 1" pickup="15"/>
				<event id="43" time="25464444425" vehicle="Vehicle 1" move="Manchester"/>
				<event id="44" time="26518888868" vehicle="Vehicle 1" move="Liverpool"/>
				<event id="45" time="26904444423" vehicle="Vehicle 1" pickup="5"/>
				<event id="46" time="27204444422" vehicle="Vehicle 1" move="Leeds"/>
				<event id="47" time="28009999977" vehicle="Vehicle 1" move="Newcastle"/>
				<event id="48" time="29104444421" vehicle="Vehicle 1" deliver="14"/>
				<event id="49" time="29404444421" vehicle="Vehicle 1" deliver="18"/>
				<event id="50" time="29704444421" vehicle="Vehicle 1" move="Leeds"/>
				<event id="51" time="30798888864" vehicle="Vehicle 1" pickup="19"/>
				<event id="52" time="31098888863" vehicle="Vehicle 1" move="Sheffield"/>
				<event id="53" time="31557777751" vehicle="Vehicle 1" pickup="9"/>
				<event id="54" time="31857777751" vehicle="Vehicle 1" pickup="12"/>
				<event id="55" time="32157777750" vehicle="Vehicle 1" deliver="19"/>
				<event id="56" time="32457777750" vehicle="Vehicle 1" deliver="15"/>
				<event id="57" time="32757777750" vehicle="Vehicle 1" move="Birmingham"/>
				<event id="58" time="33759999972" vehicle="Vehicle 1" pickup="6"/>
				<event id="59" time="34059999972" vehicle="Vehicle 1" deliver="4"/>
				<event id="60" time="34359999972" vehicle="Vehicle 1" move="London"/>
				<event id="61" time="35671111083" vehicle="Vehicle 1" move="Norwich"/>
				<event id="62" time="36948888859" vehicle="Vehicle 1" deliver="9"/>
				<event id="63" time="37248888858" vehicle="Vehicle 1" deliver="6"/>
				<event id="64" time="37548888858" vehicle="Vehicle 1" deliver="12"/>
				<event id="65" time="37848888858" vehicle="Vehicle 1" deliver="5"/>
			</events>
		</round>
	</rounds>
	<statistics>
		<stat rank="1" agent="Zero">
			<total-tasks value="0"/>
			<total-distance value="0.0"/>
			<total-cost value="0"/>
			<total-reward value="0"/>
			<total-profit value="0"/>
		</stat>
		<stat rank="2" agent="Margin">
			<total-tasks value="20"/>
			<total-distance value="2353.4"/>
			<total-cost value="11767"/>
			<total-reward value="5400"/>
			<total-profit value="-6367"/>
		</stat>
	</statistics>
</history>
