<?xml version="1.0" encoding="ISO-8859-1"?>

<history configuration="config/rounds/auction1.xml">
	<agents>
		<agent name="Naive">
			<vehicle name="Vehicle 1"/>
			<vehicle name="Vehicle 2"/>
		</agent>
		<agent name="AFK">
			<vehicle name="Vehicle 3"/>
			<vehicle name="Vehicle 4"/>
		</agent>
	</agents>
	<rounds>
		<round id="1">
			<tasks>
				<task id="0" pickup="Leeds" delivery="Sheffield" weight="6" reward="1281">
					<bid agent="Naive" bid="699"/>
				</task>
				<task id="1" pickup="Liverpool" delivery="Sheffield" weight="7" reward="14258">
					<bid agent="Naive" bid="1152"/>
				</task>
				<task id="2" pickup="Manchester" delivery="Cardiff" weight="9" reward="31460">
					<bid agent="Naive" bid="1906"/>
				</task>
				<task id="3" pickup="Manchester" delivery="London" weight="6" reward="31997">
					<bid agent="Naive" bid="2289"/>
				</task>
				<task id="4" pickup="Plymouth" delivery="Birmingham" weight="8" reward="58829">
					<bid agent="Naive" bid="3401"/>
				</task>
				<task id="5" pickup="Liverpool" delivery="Norwich" weight="5" reward="58793">
					<bid agent="Naive" bid="2666"/>
				</task>
				<task id="6" pickup="Birmingham" delivery="Norwich" weight="8" reward="35595">
					<bid agent="Naive" bid="2599"/>
				</task>
				<task id="7" pickup="Sheffield" delivery="Manchester" weight="7" reward="20470">
					<bid agent="Naive" bid="3171"/>
				</task>
				<task id="8" pickup="Liverpool" delivery="Cardiff" weight="6" reward="37671">
					<bid agent="Naive" bid="1888"/>
				</task>
				<task id="9" pickup="Sheffield" delivery="Norwich" weight="7" reward="51741">
					<bid agent="Naive" bid="3761"/>
				</task>
				<task id="10" pickup="Portsmouth" delivery="Cardiff" weight="5" reward="48984">
					<bid agent="Naive" bid="2830"/>
				</task>
				<task id="11" pickup="Plymouth" delivery="London" weight="7" reward="37707">
					<bid agent="Naive" bid="3869"/>
				</task>
				<task id="12" pickup="Sheffield" delivery="Norwich" weight="7" reward="51741">
					<bid agent="Naive" bid="2891"/>
				</task>
				<task id="13" pickup="Newcastle" delivery="Liverpool" weight="9" reward="24497">
					<bid agent="Naive" bid="3218"/>
				</task>
				<task id="14" pickup="Cardiff" delivery="Newcastle" weight="8" reward="55643">
					<bid agent="Naive" bid="4076"/>
				</task>
				<task id="15" pickup="Birmingham" delivery="Sheffield" weight="6" reward="10034">
					<bid agent="Naive" bid="2759"/>
				</task>
				<task id="16" pickup="Newcastle" delivery="Birmingham" weight="5" reward="35058">
					<bid agent="Naive" bid="2004"/>
				</task>
				<task id="17" pickup="Birmingham" delivery="Plymouth" weight="6" reward="58829">
					<bid agent="Naive" bid="2778"/>
				</task>
				<task id="18" pickup="Cardiff" delivery="Newcastle" weight="8" reward="55643">
					<bid agent="Naive" bid="5635"/>
				</task>
				<task id="19" pickup="Leeds" delivery="Sheffield" weight="6" reward="1281">
					<bid agent="Naive" bid="1215"/>
				</task>
			</tasks>
			<events>
				<event id="0" time="0" vehicle="Vehicle 1" move="Leeds"/>
				<event id="1" time="1094444444" vehicle="Vehicle 1" pickup="0"/>
				<event id="2" time="1394444444" vehicle="Vehicle 1" move="Sheffield"/>
				<event id="3" time="1853333332" vehicle="Vehicle 1" deliver="0"/>
				<event id="4" time="2153333331" vehicle="Vehicle 1" move="Leeds"/>
				<event id="5" time="2612222219" vehicle="Vehicle 1" move="Liverpool"/>
				<event id="6" time="3417777773" vehicle="Vehicle 1" pickup="1"/>
				<event id="7" time="3717777773" vehicle="Vehicle 1" move="Leeds"/>
				<event id="8" time="4523333328" vehicle="Vehicle 1" move="Sheffield"/>
				<event id="9" time="4982222216" vehicle="Vehicle 1" deliver="1"/>
				<event id="10" time="5282222215" vehicle="Vehicle 1" move="Leeds"/>
				<event id="11" time="5741111103" vehicle="Vehicle 1" move="Liverpool"/>
				<event id="12" time="6546666657" vehicle="Vehicle 1" move="Manchester"/>
				<event id="13" time="6932222212" vehicle="Vehicle 1" pickup="2"/>
				<event id="14" time="7232222211" vehicle="Vehicle 1" move="Birmingham"/>
				<event id="15" time="8286666654" vehicle="Vehicle 1" move="Cardiff"/>
				<event id="16" time="9564444431" vehicle="Vehicle 1" deliver="2"/>
				<event id="17" time="9864444431" vehicle="Vehicle 1" move="Birmingham"/>
				<event id="18" time="11142222208" vehicle="Vehicle 1" move="Manchester"/>
				<event id="19" time="12196666651" vehicle="Vehicle 1" pickup="3"/>
				<event id="20" time="12496666651" vehicle="Vehicle 1" move="Birmingham"/>
				<event id="21" time="13551111095" vehicle="Vehicle 1" move="London"/>
				<event id="22" time="14862222205" vehicle="Vehicle 1" deliver="3"/>
				<event id="23" time="15162222204" vehicle="Vehicle 1" move="Portsmouth"/>
				<event id="24" time="15993333315" vehicle="Vehicle 1" move="Plymouth"/>
				<event id="25" time="17882222203" vehicle="Vehicle 1" pickup="4"/>
				<event id="26" time="18182222202" vehicle="Vehicle 1" move="Portsmouth"/>
				<event id="27" time="20071111090" vehicle="Vehicle 1" move="London"/>
				<event id="28" time="20902222201" vehicle="Vehicle 1" move="Birmingham"/>
				<event id="29" time="22213333311" vehicle="Vehicle 1" deliver="4"/>
				<event id="30" time="22513333311" vehicle="Vehicle 1" move="Manchester"/>
				<event id="31" time="23567777754" vehicle="Vehicle 1" move="Liverpool"/>
				<event id="32" time="23953333309" vehicle="Vehicle 1" pickup="5"/>
				<event id="33" time="24253333308" vehicle="Vehicle 1" move="Manchester"/>
				<event id="34" time="24638888863" vehicle="Vehicle 1" move="Birmingham"/>
				<event id="35" time="25693333307" vehicle="Vehicle 1" move="London"/>
				<event id="36" time="27004444417" vehicle="Vehicle 1" move="Norwich"/>
				<event id="37" time="28282222194" vehicle="Vehicle 1" deliver="5"/>
				<event id="38" time="28582222194" vehicle="Vehicle 1" move="London"/>
				<event id="39" time="29859999971" vehicle="Vehicle 1" move="Birmingham"/>
				<event id="40" time="31171111082" vehicle="Vehicle 1" pickup="6"/>
				<event id="41" time="31471111082" vehicle="Vehicle 1" move="London"/>
				<event id="42" time="32782222192" vehicle="Vehicle 1" move="Norwich"/>
				<event id="43" time="34059999969" vehicle="Vehicle 1" deliver="6"/>
				<event id="44" time="34359999969" vehicle="Vehicle 1" move="London"/>
				<event id="45" time="35637777746" vehicle="Vehicle 1" move="Birmingham"/>
				<event id="46" time="36948888856" vehicle="Vehicle 1" move="Sheffield"/>
				<event id="47" time="37951111078" vehicle="Vehicle 1" pickup="7"/>
				<event id="48" time="38251111077" vehicle="Vehicle 1" move="Leeds"/>
				<event id="49" time="38709999965" vehicle="Vehicle 1" move="Liverpool"/>
				<event id="50" time="39515555520" vehicle="Vehicle 1" move="Manchester"/>
				<event id="51" time="39901111075" vehicle="Vehicle 1" deliver="7"/>
				<event id="52" time="40201111074" vehicle="Vehicle 1" move="Liverpool"/>
				<event id="53" time="40586666629" vehicle="Vehicle 1" pickup="8"/>
				<event id="54" time="40886666629" vehicle="Vehicle 1" move="Manchester"/>
				<event id="55" time="41272222184" vehicle="Vehicle 1" move="Birmingham"/>
				<event id="56" time="42326666627" vehicle="Vehicle 1" move="Cardiff"/>
				<event id="57" time="43604444404" vehicle="Vehicle 1" deliver="8"/>
				<event id="58" time="43904444404" vehicle="Vehicle 1" move="Birmingham"/>
				<event id="59" time="45182222181" vehicle="Vehicle 1" move="Sheffield"/>
				<event id="60" time="46184444402" vehicle="Vehicle 1" pickup="9"/>
				<event id="61" time="46484444402" vehicle="Vehicle 1" move="Birmingham"/>
				<event id="62" time="47486666623" vehicle="Vehicle 1" move="London"/>
				<event id="63" time="48797777733" vehicle="Vehicle 1" move="Norwich"/>
				<event id="64" time="50075555510" vehicle="Vehicle 1" deliver="9"/>
				<event id="65" time="50375555510" vehicle="Vehicle 1" move="London"/>
				<event id="66" time="51653333287" vehicle="Vehicle 1" move="Portsmouth"/>
				<event id="67" time="52484444397" vehicle="Vehicle 1" pickup="10"/>
				<event id="68" time="52784444397" vehicle="Vehicle 1" move="London"/>
				<event id="69" time="53615555507" vehicle="Vehicle 1" move="Birmingham"/>
				<event id="70" time="54926666617" vehicle="Vehicle 1" move="Cardiff"/>
				<event id="71" time="56204444394" vehicle="Vehicle 1" deliver="10"/>
				<event id="72" time="56504444394" vehicle="Vehicle 1" move="Birmingham"/>
				<event id="73" time="57782222171" vehicle="Vehicle 1" move="London"/>
				<event id="74" time="59093333281" vehicle="Vehicle 1" move="Portsmouth"/>
				<event id="75" time="59924444392" vehicle="Vehicle 1" move="Plymouth"/>
				<event id="76" time="61813333280" vehicle="Vehicle 1" pickup="11"/>
				<event id="77" time="62113333279" vehicle="Vehicle 1" move="Portsmouth"/>
				<event id="78" time="64002222167" vehicle="Vehicle 1" move="London"/>
				<event id="79" time="64833333278" vehicle="Vehicle 1" deliver="11"/>
				<event id="80" time="65133333277" vehicle="Vehicle 1" move="Birmingham"/>
				<event id="81" time="66444444387" vehicle="Vehicle 1" move="Sheffield"/>
				<event id="82" time="67446666608" vehicle="Vehicle 1" pickup="12"/>
				<event id="83" time="67746666608" vehicle="Vehicle 1" move="Birmingham"/>
				<event id="84" time="68748888829" vehicle="Vehicle 1" move="London"/>
				<event id="85" time="70059999940" vehicle="Vehicle 1" move="Norwich"/>
				<event id="86" time="71337777717" vehicle="Vehicle 1" deliver="12"/>
				<event id="87" time="71637777717" vehicle="Vehicle 1" move="London"/>
				<event id="88" time="72915555494" vehicle="Vehicle 1" move="Birmingham"/>
				<event id="89" time="74226666604" vehicle="Vehicle 1" move="Sheffield"/>
				<event id="90" time="75228888825" vehicle="Vehicle 1" move="Leeds"/>
				<event id="91" time="75687777713" vehicle="Vehicle 1" move="Newcastle"/>
				<event id="92" time="76782222157" vehicle="Vehicle 1" pickup="13"/>
				<event id="93" time="77082222156" vehicle="Vehicle 1" move="Leeds"/>
				<event id="94" time="78176666599" vehicle="Vehicle 1" move="Liverpool"/>
				<event id="95" time="78982222154" vehicle="Vehicle 1" deliver="13"/>
				<event id="96" time="79282222153" vehicle="Vehicle 1" move="Manchester"/>
				<event id="97" time="79667777708" vehicle="Vehicle 1" move="Birmingham"/>
				<event id="98" time="80722222152" vehicle="Vehicle 1" move="Cardiff"/>
				<event id="99" time="81999999929" vehicle="Vehicle 1" pickup="14"/>
				<event id="100" time="82299999929" vehicle="Vehicle 1" move="Birmingham"/>
				<event id="101" time="83577777706" vehicle="Vehicle 1" move="Sheffield"/>
				<event id="102" time="84579999928" vehicle="Vehicle 1" move="Leeds"/>
				<event id="103" time="85038888816" vehicle="Vehicle 1" move="Newcastle"/>
				<event id="104" time="86133333260" vehicle="Vehicle 1" deliver="14"/>
				<event id="105" time="86433333260" vehicle="Vehicle 1" move="Leeds"/>
				<event id="106" time="87527777703" vehicle="Vehicle 1" move="Sheffield"/>
				<event id="107" time="87986666591" vehicle="Vehicle 1" move="Birmingham"/>
				<event id="108" time="88988888812" vehicle="Vehicle 1" pickup="15"/>
				<event id="109" time="89288888811" vehicle="Vehicle 1" move="Sheffield"/>
				<event id="110" time="90291111033" vehicle="Vehicle 1" deliver="15"/>
				<event id="111" time="90591111033" vehicle="Vehicle 1" move="Leeds"/>
				<event id="112" time="91049999921" vehicle="Vehicle 1" move="Newcastle"/>
				<event id="113" time="92144444365" vehicle="Vehicle 1" pickup="16"/>
				<event id="114" time="92444444365" vehicle="Vehicle 1" move="Leeds"/>
				<event id="115" time="93538888808" vehicle="Vehicle 1" move="Sheffield"/>
				<event id="116" time="93997777696" vehicle="Vehicle 1" move="Birmingham"/>
				<event id="117" time="94999999918" vehicle="Vehicle 1" deliver="16"/>
				<event id="118" time="95299999918" vehicle="Vehicle 1" pickup="17"/>
				<event id="119" time="95599999918" vehicle="Vehicle 1" move="London"/>
				<event id="120" time="96911111029" vehicle="Vehicle 1" move="Portsmouth"/>
				<event id="121" time="97742222139" vehicle="Vehicle 1" move="Plymouth"/>
				<event id="122" time="99631111027" vehicle="Vehicle 1" deliver="17"/>
				<event id="123" time="99931111027" vehicle="Vehicle 1" move="Portsmouth"/>
				<event id="124" time="101819999915" vehicle="Vehicle 1" move="London"/>
				<event id="125" time="102651111026" vehicle="Vehicle 1" move="Birmingham"/>
				<event id="126" time="103962222136" vehicle="Vehicle 1" move="Cardiff"/>
				<event id="127" time="105239999913" vehicle="Vehicle 1" pickup="18"/>
				<event id="128" time="105539999913" vehicle="Vehicle 1" move="Birmingham"/>
				<event id="129" time="106817777690" vehicle="Vehicle 1" move="Sheffield"/>
				<event id="130" time="107819999912" vehicle="Vehicle 1" move="Leeds"/>
				<event id="131" time="108278888800" vehicle="Vehicle 1" move="Newcastle"/>
				<event id="132" time="109373333244" vehicle="Vehicle 1" deliver="18"/>
				<event id="133" time="109673333244" vehicle="Vehicle 1" move="Leeds"/>
				<event id="134" time="110767777687" vehicle="Vehicle 1" pickup="19"/>
				<event id="135" time="111067777686" vehicle="Vehicle 1" move="Sheffield"/>
				<event id="136" time="111526666574" vehicle="Vehicle 1" deliver="19"/>
			</events>
		</round>
	</rounds>
	<statistics>
		<stat rank="1" agent="Naive">
			<total-tasks value="20"/>
			<total-distance value="8984.4"/>
			<total-cost value="44922"/>
			<total-reward value="54807"/>
			<total-profit value="9885"/>
		</stat>
		<stat rank="2" agent="AFK">
			<total-tasks value="0"/>
			<total-distance value="0.0"/>
			<total-cost value="0"/>
			<total-reward value="0"/>
			<total-profit value="0"/>
		</stat>
	</statistics>
</history>
