<?xml version="1.0" encoding="ISO-8859-1"?>

<history configuration="config/rounds/auction1.xml">
	<agents>
		<agent name="Neutral">
			<vehicle name="Vehicle 1"/>
			<vehicle name="Vehicle 2"/>
		</agent>
		<agent name="AFK">
			<vehicle name="Vehicle 3"/>
			<vehicle name="Vehicle 4"/>
		</agent>
	</agents>
	<rounds>
		<round id="1">
			<tasks>
				<task id="0" pickup="Leeds" delivery="Sheffield" weight="6" reward="1281">
					<bid agent="Neutral" bid="226"/>
				</task>
				<task id="1" pickup="Liverpool" delivery="Sheffield" weight="7" reward="14258">
					<bid agent="Neutral" bid="345"/>
				</task>
				<task id="2" pickup="Manchester" delivery="Cardiff" weight="9" reward="31460">
					<bid agent="Neutral" bid="686"/>
				</task>
				<task id="3" pickup="Manchester" delivery="London" weight="6" reward="31997">
					<bid agent="Neutral" bid="668"/>
				</task>
				<task id="4" pickup="Plymouth" delivery="Birmingham" weight="8" reward="58829">
					<bid agent="Neutral" bid="1354"/>
				</task>
				<task id="5" pickup="Liverpool" delivery="Norwich" weight="5" reward="58793">
					<bid agent="Neutral" bid="803"/>
				</task>
				<task id="6" pickup="Birmingham" delivery="Norwich" weight="8" reward="35595">
					<bid agent="Neutral" bid="407"/>
				</task>
				<task id="7" pickup="Sheffield" delivery="Manchester" weight="7" reward="20470">
					<bid agent="Neutral" bid="535"/>
				</task>
				<task id="8" pickup="Liverpool" delivery="Cardiff" weight="6" reward="37671">
					<bid agent="Neutral" bid="468"/>
				</task>
				<task id="9" pickup="Sheffield" delivery="Norwich" weight="7" reward="51741">
					<bid agent="Neutral" bid="646"/>
				</task>
				<task id="10" pickup="Portsmouth" delivery="Cardiff" weight="5" reward="48984">
					<bid agent="Neutral" bid="900"/>
				</task>
				<task id="11" pickup="Plymouth" delivery="London" weight="7" reward="37707">
					<bid agent="Neutral" bid="530"/>
				</task>
				<task id="12" pickup="Sheffield" delivery="Norwich" weight="7" reward="51741">
					<bid agent="Neutral" bid="727"/>
				</task>
				<task id="13" pickup="Newcastle" delivery="Liverpool" weight="9" reward="24497">
					<bid agent="Neutral" bid="541"/>
				</task>
				<task id="14" pickup="Cardiff" delivery="Newcastle" weight="8" reward="55643">
					<bid agent="Neutral" bid="1547"/>
				</task>
				<task id="15" pickup="Birmingham" delivery="Sheffield" weight="6" reward="10034">
					<bid agent="Neutral" bid="225"/>
				</task>
				<task id="16" pickup="Newcastle" delivery="Birmingham" weight="5" reward="35058">
					<bid agent="Neutral" bid="575"/>
				</task>
				<task id="17" pickup="Birmingham" delivery="Plymouth" weight="6" reward="58829">
					<bid agent="Neutral" bid="1497"/>
				</task>
				<task id="18" pickup="Cardiff" delivery="Newcastle" weight="8" reward="55643">
					<bid agent="Neutral" bid="862"/>
				</task>
				<task id="19" pickup="Leeds" delivery="Sheffield" weight="6" reward="1281">
					<bid agent="Neutral" bid="103"/>
				</task>
			</tasks>
			<events>
				<event id="0" time="0" vehicle="Vehicle 1" pickup="16"/>
				<event id="1" time="0" vehicle="Vehicle 2" move="Birmingham"/>
				<event id="2" time="300000000" vehicle="Vehicle 1" pickup="13"/>
				<event id="3" time="600000000" vehicle="Vehicle 1" move="Leeds"/>
				<event id="4" time="1311111111" vehicle="Vehicle 2" pickup="15"/>
				<event id="5" time="1611111111" vehicle="Vehicle 2" move="Manchester"/>
				<event id="6" time="1694444444" vehicle="Vehicle 1" pickup="19"/>
				<event id="7" time="1994444444" vehicle="Vehicle 1" pickup="0"/>
				<event id="8" time="2294444443" vehicle="Vehicle 1" move="Sheffield"/>
				<event id="9" time="2665555554" vehicle="Vehicle 2" move="Liverpool"/>
				<event id="10" time="2753333331" vehicle="Vehicle 1" pickup="7"/>
				<event id="11" time="3051111109" vehicle="Vehicle 2" pickup="1"/>
				<event id="12" time="3053333330" vehicle="Vehicle 1" deliver="19"/>
				<event id="13" time="3351111109" vehicle="Vehicle 2" pickup="5"/>
				<event id="14" time="3353333330" vehicle="Vehicle 1" deliver="0"/>
				<event id="15" time="3651111109" vehicle="Vehicle 2" move="Leeds"/>
				<event id="16" time="3653333330" vehicle="Vehicle 1" move="Leeds"/>
				<event id="17" time="4112222218" vehicle="Vehicle 1" move="Liverpool"/>
				<event id="18" time="4456666663" vehicle="Vehicle 2" move="Sheffield"/>
				<event id="19" time="4915555551" vehicle="Vehicle 2" deliver="1"/>
				<event id="20" time="4917777773" vehicle="Vehicle 1" deliver="13"/>
				<event id="21" time="5215555550" vehicle="Vehicle 2" pickup="12"/>
				<event id="22" time="5217777772" vehicle="Vehicle 1" pickup="8"/>
				<event id="23" time="5515555550" vehicle="Vehicle 2" pickup="9"/>
				<event id="24" time="5517777772" vehicle="Vehicle 1" move="Manchester"/>
				<event id="25" time="5815555550" vehicle="Vehicle 2" deliver="15"/>
				<event id="26" time="5903333327" vehicle="Vehicle 1" pickup="3"/>
				<event id="27" time="6115555549" vehicle="Vehicle 2" move="Birmingham"/>
				<event id="28" time="6203333326" vehicle="Vehicle 1" pickup="2"/>
				<event id="29" time="6503333326" vehicle="Vehicle 1" deliver="7"/>
				<event id="30" time="6803333326" vehicle="Vehicle 1" move="Birmingham"/>
				<event id="31" time="7117777770" vehicle="Vehicle 2" pickup="6"/>
				<event id="32" time="7417777770" vehicle="Vehicle 2" move="London"/>
				<event id="33" time="7857777769" vehicle="Vehicle 1" pickup="17"/>
				<event id="34" time="8157777768" vehicle="Vehicle 1" deliver="16"/>
				<event id="35" time="8457777768" vehicle="Vehicle 1" move="London"/>
				<event id="36" time="8728888880" vehicle="Vehicle 2" move="Norwich"/>
				<event id="37" time="9768888878" vehicle="Vehicle 1" deliver="3"/>
				<event id="38" time="10006666657" vehicle="Vehicle 2" deliver="6"/>
				<event id="39" time="10068888877" vehicle="Vehicle 1" move="Portsmouth"/>
				<event id="40" time="10306666657" vehicle="Vehicle 2" deliver="12"/>
				<event id="41" time="10606666657" vehicle="Vehicle 2" deliver="5"/>
				<event id="42" time="10899999988" vehicle="Vehicle 1" move="Plymouth"/>
				<event id="43" time="10906666657" vehicle="Vehicle 2" deliver="9"/>
				<event id="44" time="12788888876" vehicle="Vehicle 1" pickup="11"/>
				<event id="45" time="13088888875" vehicle="Vehicle 1" pickup="4"/>
				<event id="46" time="13388888875" vehicle="Vehicle 1" deliver="17"/>
				<event id="47" time="13688888875" vehicle="Vehicle 1" move="Portsmouth"/>
				<event id="48" time="15577777763" vehicle="Vehicle 1" pickup="10"/>
				<event id="49" time="15877777763" vehicle="Vehicle 1" move="London"/>
				<event id="50" time="16708888873" vehicle="Vehicle 1" deliver="11"/>
				<event id="51" time="17008888872" vehicle="Vehicle 1" move="Birmingham"/>
				<event id="52" time="18319999983" vehicle="Vehicle 1" move="Cardiff"/>
				<event id="53" time="19597777760" vehicle="Vehicle 1" deliver="8"/>
				<event id="54" time="19897777760" vehicle="Vehicle 1" pickup="14"/>
				<event id="55" time="20197777759" vehicle="Vehicle 1" deliver="2"/>
				<event id="56" time="20497777759" vehicle="Vehicle 1" deliver="10"/>
				<event id="57" time="20797777759" vehicle="Vehicle 1" pickup="18"/>
				<event id="58" time="21097777758" vehicle="Vehicle 1" move="Birmingham"/>
				<event id="59" time="22375555535" vehicle="Vehicle 1" deliver="4"/>
				<event id="60" time="22675555535" vehicle="Vehicle 1" move="Sheffield"/>
				<event id="61" time="23677777756" vehicle="Vehicle 1" move="Leeds"/>
				<event id="62" time="24136666644" vehicle="Vehicle 1" move="Newcastle"/>
				<event id="63" time="25231111088" vehicle="Vehicle 1" deliver="14"/>
				<event id="64" time="25531111088" vehicle="Vehicle 1" deliver="18"/>
			</events>
		</round>
	</rounds>
	<statistics>
		<stat rank="1" agent="Neutral">
			<total-tasks value="20"/>
			<total-distance value="2253.4"/>
			<total-cost value="11267"/>
			<total-reward value="13645"/>
			<total-profit value="2378"/>
		</stat>
		<stat rank="2" agent="AFK">
			<total-tasks value="0"/>
			<total-distance value="0.0"/>
			<total-cost value="0"/>
			<total-reward value="0"/>
			<total-profit value="0"/>
		</stat>
	</statistics>
</history>
