<?xml version="1.0" encoding="ISO-8859-1"?>

<history configuration="config/rounds/auction1.xml">
	<agents>
		<agent name="AFK">
			<vehicle name="Vehicle 1"/>
			<vehicle name="Vehicle 2"/>
		</agent>
		<agent name="Opponent">
			<vehicle name="Vehicle 3"/>
			<vehicle name="Vehicle 4"/>
		</agent>
	</agents>
	<rounds>
		<round id="1">
			<tasks>
				<task id="0" pickup="Leeds" delivery="Sheffield" weight="6" reward="1281">
					<bid agent="Opponent" bid="2029"/>
				</task>
				<task id="1" pickup="Liverpool" delivery="Sheffield" weight="7" reward="14258">
					<bid agent="Opponent" bid="353"/>
				</task>
				<task id="2" pickup="Manchester" delivery="Cardiff" weight="9" reward="31460">
					<bid agent="Opponent" bid="1026"/>
				</task>
				<task id="3" pickup="Manchester" delivery="London" weight="6" reward="31997">
					<bid agent="Opponent" bid="1165"/>
				</task>
				<task id="4" pickup="Plymouth" delivery="Birmingham" weight="8" reward="58829">
					<bid agent="Opponent" bid="1415"/>
				</task>
				<task id="5" pickup="Liverpool" delivery="Norwich" weight="5" reward="58793">
					<bid agent="Opponent" bid="575"/>
				</task>
				<task id="6" pickup="Birmingham" delivery="Norwich" weight="8" reward="35595">
					<bid agent="Opponent" bid="0"/>
				</task>
				<task id="7" pickup="Sheffield" delivery="Manchester" weight="7" reward="20470">
					<bid agent="Opponent" bid="0"/>
				</task>
				<task id="8" pickup="Liverpool" delivery="Cardiff" weight="6" reward="37671">
					<bid agent="Opponent" bid="1118"/>
				</task>
				<task id="9" pickup="Sheffield" delivery="Norwich" weight="7" reward="51741">
					<bid agent="Opponent" bid="0"/>
				</task>
				<task id="10" pickup="Portsmouth" delivery="Cardiff" weight="5" reward="48984">
					<bid agent="Opponent" bid="374"/>
				</task>
				<task id="11" pickup="Plymouth" delivery="London" weight="7" reward="37707">
					<bid agent="Opponent" bid="0"/>
				</task>
				<task id="12" pickup="Sheffield" delivery="Norwich" weight="7" reward="51741">
					<bid agent="Opponent" bid="0"/>
				</task>
				<task id="13" pickup="Newcastle" delivery="Liverpool" weight="9" reward="24497">
					<bid agent="Opponent" bid="1332"/>
				</task>
				<task id="14" pickup="Cardiff" delivery="Newcastle" weight="8" reward="55643">
					<bid agent="Opponent" bid="1150"/>
				</task>
				<task id="15" pickup="Birmingham" delivery="Sheffield" weight="6" reward="10034">
					<bid agent="Opponent" bid="0"/>
				</task>
				<task id="16" pickup="Newcastle" delivery="Birmingham" weight="5" reward="35058">
					<bid agent="Opponent" bid="0"/>
				</task>
				<task id="17" pickup="Birmingham" delivery="Plymouth" weight="6" reward="58829">
					<bid agent="Opponent" bid="1239"/>
				</task>
				<task id="18" pickup="Cardiff" delivery="Newcastle" weight="8" reward="55643">
					<bid agent="Opponent" bid="0"/>
				</task>
				<task id="19" pickup="Leeds" delivery="Sheffield" weight="6" reward="1281">
					<bid agent="Opponent" bid="0"/>
				</task>
			</tasks>
			<events>
				<event id="0" time="0" vehicle="Vehicle 3" pickup="4"/>
				<event id="1" time="0" vehicle="Vehicle 4" move="London"/>
				<event id="2" time="300000000" vehicle="Vehicle 3" pickup="11"/>
				<event id="3" time="600000000" vehicle="Vehicle 3" move="Portsmouth"/>
				<event id="4" time="1277777777" vehicle="Vehicle 4" move="Portsmouth"/>
				<event id="5" time="2108888887" vehicle="Vehicle 4" pickup="10"/>
				<event id="6" time="2408888887" vehicle="Vehicle 4" move="London"/>
				<event id="7" time="2488888888" vehicle="Vehicle 3" move="London"/>
				<event id="8" time="3239999998" vehicle="Vehicle 4" move="Birmingham"/>
				<event id="9" time="3319999999" vehicle="Vehicle 3" deliver="11"/>
				<event id="10" time="3619999999" vehicle="Vehicle 3" move="Birmingham"/>
				<event id="11" time="4551111109" vehicle="Vehicle 4" pickup="15"/>
				<event id="12" time="4851111109" vehicle="Vehicle 4" move="Manchester"/>
				<event id="13" time="4931111110" vehicle="Vehicle 3" pickup="17"/>
				<event id="14" time="5231111109" vehicle="Vehicle 3" deliver="4"/>
				<event id="15" time="5531111109" vehicle="Vehicle 3" move="London"/>
				<event id="16" time="5905555552" vehicle="Vehicle 4" pickup="2"/>
				<event id="17" time="6205555551" vehicle="Vehicle 4" pickup="3"/>
				<event id="18" time="6505555551" vehicle="Vehicle 4" move="Liverpool"/>
				<event id="19" time="6842222219" vehicle="Vehicle 3" move="Portsmouth"/>
				<event id="20" time="6891111106" vehicle="Vehicle 4" pickup="1"/>
				<event id="21" time="7191111105" vehicle="Vehicle 4" pickup="8"/>
				<event id="22" time="7491111105" vehicle="Vehicle 4" move="Leeds"/>
				<event id="23" time="7673333329" vehicle="Vehicle 3" move="Plymouth"/>
				<event id="24" time="8296666659" vehicle="Vehicle 4" pickup="0"/>
				<event id="25" time="8596666659" vehicle="Vehicle 4" pickup="19"/>
				<event id="26" time="8896666659" vehicle="Vehicle 4" move="Sheffield"/>
				<event id="27" time="9355555547" vehicle="Vehicle 4" deliver="0"/>
				<event id="28" time="9562222217" vehicle="Vehicle 3" deliver="17"/>
				<event id="29" time="9655555547" vehicle="Vehicle 4" deliver="1"/>
				<event id="30" time="9955555547" vehicle="Vehicle 4" move="Birmingham"/>
				<event id="31" time="10957777768" vehicle="Vehicle 4" move="Cardiff"/>
				<event id="32" time="12235555545" vehicle="Vehicle 4" pickup="18"/>
				<event id="33" time="12535555545" vehicle="Vehicle 4" pickup="14"/>
				<event id="34" time="12835555545" vehicle="Vehicle 4" deliver="10"/>
				<event id="35" time="13135555544" vehicle="Vehicle 4" deliver="2"/>
				<event id="36" time="13435555544" vehicle="Vehicle 4" deliver="8"/>
				<event id="37" time="13735555544" vehicle="Vehicle 4" move="Birmingham"/>
				<event id="38" time="15013333321" vehicle="Vehicle 4" move="Sheffield"/>
				<event id="39" time="16015555542" vehicle="Vehicle 4" pickup="7"/>
				<event id="40" time="16315555542" vehicle="Vehicle 4" pickup="12"/>
				<event id="41" time="16615555542" vehicle="Vehicle 4" pickup="9"/>
				<event id="42" time="16915555542" vehicle="Vehicle 4" deliver="19"/>
				<event id="43" time="17215555541" vehicle="Vehicle 4" deliver="15"/>
				<event id="44" time="17515555541" vehicle="Vehicle 4" move="Leeds"/>
				<event id="45" time="17974444429" vehicle="Vehicle 4" move="Newcastle"/>
				<event id="46" time="19068888872" vehicle="Vehicle 4" pickup="13"/>
				<event id="47" time="19368888872" vehicle="Vehicle 4" pickup="16"/>
				<event id="48" time="19668888872" vehicle="Vehicle 4" deliver="18"/>
				<event id="49" time="19968888872" vehicle="Vehicle 4" deliver="14"/>
				<event id="50" time="20268888871" vehicle="Vehicle 4" move="Leeds"/>
				<event id="51" time="21363333315" vehicle="Vehicle 4" move="Liverpool"/>
				<event id="52" time="22168888869" vehicle="Vehicle 4" pickup="5"/>
				<event id="53" time="22468888869" vehicle="Vehicle 4" deliver="13"/>
				<event id="54" time="22768888869" vehicle="Vehicle 4" move="Manchester"/>
				<event id="55" time="23154444424" vehicle="Vehicle 4" deliver="7"/>
				<event id="56" time="23454444424" vehicle="Vehicle 4" move="Birmingham"/>
				<event id="57" time="24508888867" vehicle="Vehicle 4" pickup="6"/>
				<event id="58" time="24808888867" vehicle="Vehicle 4" deliver="16"/>
				<event id="59" time="25108888866" vehicle="Vehicle 4" move="London"/>
				<event id="60" time="26419999977" vehicle="Vehicle 4" deliver="3"/>
				<event id="61" time="26719999977" vehicle="Vehicle 4" move="Norwich"/>
				<event id="62" time="27997777754" vehicle="Vehicle 4" deliver="5"/>
				<event id="63" time="28297777753" vehicle="Vehicle 4" deliver="12"/>
				<event id="64" time="28597777753" vehicle="Vehicle 4" deliver="6"/>
				<event id="65" time="28897777753" vehicle="Vehicle 4" deliver="9"/>
			</events>
		</round>
	</rounds>
	<statistics>
		<stat rank="1" agent="AFK">
			<total-tasks value="0"/>
			<total-distance value="0.0"/>
			<total-cost value="0"/>
			<total-reward value="0"/>
			<total-profit value="0"/>
		</stat>
		<stat rank="2" agent="Opponent">
			<total-tasks value="20"/>
			<total-distance value="2435.4"/>
			<total-cost value="12177"/>
			<total-reward value="11776"/>
			<total-profit value="-401"/>
		</stat>
	</statistics>
</history>
