<?xml version="1.0" encoding="ISO-8859-1"?>

<history configuration="config/rounds/auction3.xml">
	<agents>
		<agent name="Neutral">
			<vehicle name="Vehicle 1"/>
			<vehicle name="Vehicle 2"/>
			<vehicle name="Vehicle 3"/>
			<vehicle name="Vehicle 4"/>
		</agent>
		<agent name="Naive">
			<vehicle name="Vehicle 5"/>
			<vehicle name="Vehicle 6"/>
			<vehicle name="Vehicle 7"/>
			<vehicle name="Vehicle 8"/>
		</agent>
	</agents>
	<rounds>
		<round id="1">
			<tasks>
				<task id="0" pickup="Paris" delivery="Monaco" weight="25" reward="40845">
					<bid agent="Neutral" bid="2517"/>
					<bid agent="Naive" bid="7365"/>
				</task>
				<task id="1" pickup="Paris" delivery="Monaco" weight="25" reward="40845">
					<bid agent="Neutral" bid="1342"/>
					<bid agent="Naive" bid="7419"/>
				</task>
				<task id="2" pickup="Lyon" delivery="Paris" weight="28" reward="78143">
					<bid agent="Neutral" bid="1531"/>
					<bid agent="Naive" bid="2481"/>
				</task>
				<task id="3" pickup="Brest" delivery="Lyon" weight="13" reward="37398">
					<bid agent="Neutral" bid="2472"/>
					<bid agent="Naive" bid="11084"/>
				</task>
				<task id="4" pickup="Brest" delivery="Strasbourg" weight="25" reward="35950">
					<bid agent="Neutral" bid="2826"/>
					<bid agent="Naive" bid="11358"/>
				</task>
				<task id="5" pickup="Brest" delivery="Monaco" weight="15" reward="100">
					<bid agent="Neutral" bid="2945"/>
					<bid agent="Naive" bid="13758"/>
				</task>
				<task id="6" pickup="Lyon" delivery="Monaco" weight="28" reward="72973">
					<bid agent="Neutral" bid="2154"/>
					<bid agent="Naive" bid="3198"/>
				</task>
				<task id="7" pickup="Paris" delivery="Le Havre" weight="26" reward="96758">
					<bid agent="Neutral" bid="718"/>
					<bid agent="Naive" bid="4265"/>
				</task>
				<task id="8" pickup="Brest" delivery="Le Havre" weight="18" reward="56013">
					<bid agent="Neutral" bid="1884"/>
					<bid agent="Naive" bid="9250"/>
				</task>
				<task id="9" pickup="Paris" delivery="Monaco" weight="25" reward="40845">
					<bid agent="Neutral" bid="2406"/>
					<bid agent="Naive" bid="7894"/>
				</task>
				<task id="10" pickup="Paris" delivery="Monaco" weight="25" reward="40845">
					<bid agent="Neutral" bid="2350"/>
					<bid agent="Naive" bid="8399"/>
				</task>
				<task id="11" pickup="Marseille" delivery="Bordeaux" weight="16" reward="65734">
					<bid agent="Neutral" bid="2799"/>
					<bid agent="Naive" bid="7136"/>
				</task>
				<task id="12" pickup="Lyon" delivery="Monaco" weight="28" reward="72973">
					<bid agent="Neutral" bid="2769"/>
					<bid agent="Naive" bid="4135"/>
				</task>
				<task id="13" pickup="Genève" delivery="Marseille" weight="29" reward="78212">
					<bid agent="Neutral" bid="1780"/>
					<bid agent="Naive" bid="4401"/>
				</task>
				<task id="14" pickup="Le Havre" delivery="Strasbourg" weight="10" reward="63183">
					<bid agent="Neutral" bid="2281"/>
					<bid agent="Naive" bid="6860"/>
				</task>
				<task id="15" pickup="Monaco" delivery="Genève" weight="22" reward="74352">
					<bid agent="Neutral" bid="2115"/>
					<bid agent="Naive" bid="7240"/>
				</task>
				<task id="16" pickup="Bordeaux" delivery="Le Havre" weight="23" reward="56495">
					<bid agent="Neutral" bid="2172"/>
					<bid agent="Naive" bid="10247"/>
				</task>
				<task id="17" pickup="Genève" delivery="Bordeaux" weight="16" reward="59460">
					<bid agent="Neutral" bid="1842"/>
					<bid agent="Naive" bid="6442"/>
				</task>
				<task id="18" pickup="Monaco" delivery="Genève" weight="22" reward="74352">
					<bid agent="Neutral" bid="1302"/>
					<bid agent="Naive" bid="5483"/>
				</task>
				<task id="19" pickup="Paris" delivery="Monaco" weight="25" reward="40845">
					<bid agent="Neutral" bid="2940"/>
					<bid agent="Naive" bid="11936"/>
				</task>
				<task id="20" pickup="Monaco" delivery="Brest" weight="12" reward="100">
					<bid agent="Neutral" bid="6950"/>
					<bid agent="Naive" bid="11246"/>
				</task>
				<task id="21" pickup="Bordeaux" delivery="Marseille" weight="21" reward="65734">
					<bid agent="Neutral" bid="4422"/>
					<bid agent="Naive" bid="11751"/>
				</task>
				<task id="22" pickup="Brest" delivery="Marseille" weight="11" reward="15612">
					<bid agent="Neutral" bid="5460"/>
					<bid agent="Naive" bid="22259"/>
				</task>
				<task id="23" pickup="Monaco" delivery="Le Havre" weight="23" reward="27332">
					<bid agent="Neutral" bid="3987"/>
					<bid agent="Naive" bid="10320"/>
				</task>
				<task id="24" pickup="Brest" delivery="Le Havre" weight="18" reward="56013">
					<bid agent="Neutral" bid="1967"/>
					<bid agent="Naive" bid="12667"/>
				</task>
				<task id="25" pickup="Brest" delivery="Bordeaux" weight="21" reward="29263">
					<bid agent="Neutral" bid="6930"/>
					<bid agent="Naive" bid="21095"/>
				</task>
				<task id="26" pickup="Strasbourg" delivery="Brest" weight="25" reward="35950">
					<bid agent="Neutral" bid="3792"/>
					<bid agent="Naive" bid="15760"/>
				</task>
				<task id="27" pickup="Paris" delivery="Strasbourg" weight="26" reward="76696">
					<bid agent="Neutral" bid="1520"/>
					<bid agent="Naive" bid="5164"/>
				</task>
				<task id="28" pickup="Monaco" delivery="Genève" weight="22" reward="74352">
					<bid agent="Neutral" bid="1302"/>
					<bid agent="Naive" bid="9127"/>
				</task>
				<task id="29" pickup="Monaco" delivery="Lyon" weight="15" reward="72973">
					<bid agent="Neutral" bid="1995"/>
					<bid agent="Naive" bid="10707"/>
				</task>
				<task id="30" pickup="Brest" delivery="Monaco" weight="15" reward="100">
					<bid agent="Neutral" bid="6277"/>
					<bid agent="Naive" bid="21365"/>
				</task>
				<task id="31" pickup="Genève" delivery="Le Havre" weight="23" reward="54358">
					<bid agent="Neutral" bid="2027"/>
					<bid agent="Naive" bid="9336"/>
				</task>
				<task id="32" pickup="Marseille" delivery="Brest" weight="16" reward="15612">
					<bid agent="Neutral" bid="5122"/>
					<bid agent="Naive" bid="11925"/>
				</task>
				<task id="33" pickup="Le Havre" delivery="Bordeaux" weight="22" reward="56495">
					<bid agent="Neutral" bid="4245"/>
					<bid agent="Naive" bid="13216"/>
				</task>
				<task id="34" pickup="Monaco" delivery="Brest" weight="12" reward="100">
					<bid agent="Neutral" bid="6310"/>
					<bid agent="Naive" bid="24154"/>
				</task>
				<task id="35" pickup="Le Havre" delivery="Marseille" weight="28" reward="42844">
					<bid agent="Neutral" bid="2627"/>
					<bid agent="Naive" bid="8520"/>
				</task>
				<task id="36" pickup="Monaco" delivery="Lyon" weight="15" reward="72973">
					<bid agent="Neutral" bid="1352"/>
					<bid agent="Naive" bid="9001"/>
				</task>
				<task id="37" pickup="Paris" delivery="Strasbourg" weight="26" reward="76696">
					<bid agent="Neutral" bid="1217"/>
					<bid agent="Naive" bid="11800"/>
				</task>
				<task id="38" pickup="Strasbourg" delivery="Paris" weight="26" reward="76696">
					<bid agent="Neutral" bid="3652"/>
					<bid agent="Naive" bid="7552"/>
				</task>
				<task id="39" pickup="Bordeaux" delivery="Genève" weight="23" reward="59460">
					<bid agent="Neutral" bid="3022"/>
					<bid agent="Naive" bid="12024"/>
				</task>
			</tasks>
			<events>
				<event id="0" time="0" vehicle="Vehicle 2" move="Lyon"/>
				<event id="1" time="0" vehicle="Vehicle 3" pickup="30"/>
				<event id="2" time="0" vehicle="Vehicle 4" move="Lyon"/>
				<event id="3" time="300000000" vehicle="Vehicle 3" pickup="3"/>
				<event id="4" time="600000000" vehicle="Vehicle 3" move="Paris"/>
				<event id="5" time="1655555555" vehicle="Vehicle 4" pickup="12"/>
				<event id="6" time="1955555555" vehicle="Vehicle 4" pickup="6"/>
				<event id="7" time="2255555554" vehicle="Vehicle 4" move="Marseille"/>
				<event id="8" time="3511111111" vehicle="Vehicle 2" pickup="2"/>
				<event id="9" time="3811111111" vehicle="Vehicle 2" move="Paris"/>
				<event id="10" time="5766666664" vehicle="Vehicle 4" move="Monaco"/>
				<event id="11" time="7166666666" vehicle="Vehicle 3" pickup="10"/>
				<event id="12" time="7466666666" vehicle="Vehicle 3" pickup="19"/>
				<event id="13" time="7766666666" vehicle="Vehicle 3" move="Lyon"/>
				<event id="14" time="8266666663" vehicle="Vehicle 4" deliver="12"/>
				<event id="15" time="8566666663" vehicle="Vehicle 4" pickup="18"/>
				<event id="16" time="8866666663" vehicle="Vehicle 4" deliver="6"/>
				<event id="17" time="8988888887" vehicle="Vehicle 2" pickup="1"/>
				<event id="18" time="9166666662" vehicle="Vehicle 4" pickup="23"/>
				<event id="19" time="9288888886" vehicle="Vehicle 2" pickup="37"/>
				<event id="20" time="9466666662" vehicle="Vehicle 4" pickup="36"/>
				<event id="21" time="9588888886" vehicle="Vehicle 2" deliver="2"/>
				<event id="22" time="9766666662" vehicle="Vehicle 4" pickup="29"/>
				<event id="23" time="9888888886" vehicle="Vehicle 2" pickup="0"/>
				<event id="24" time="10066666661" vehicle="Vehicle 4" move="Genève"/>
				<event id="25" time="10188888885" vehicle="Vehicle 2" move="Lyon"/>
				<event id="26" time="12944444443" vehicle="Vehicle 3" deliver="3"/>
				<event id="27" time="13244444442" vehicle="Vehicle 3" move="Marseille"/>
				<event id="28" time="15366666662" vehicle="Vehicle 2" move="Marseille"/>
				<event id="29" time="15855555549" vehicle="Vehicle 4" deliver="18"/>
				<event id="30" time="16155555548" vehicle="Vehicle 4" pickup="31"/>
				<event id="31" time="16455555548" vehicle="Vehicle 4" move="Lyon"/>
				<event id="32" time="16755555552" vehicle="Vehicle 3" move="Monaco"/>
				<event id="33" time="18111111103" vehicle="Vehicle 4" deliver="36"/>
				<event id="34" time="18411111103" vehicle="Vehicle 4" deliver="29"/>
				<event id="35" time="18711111103" vehicle="Vehicle 4" move="Paris"/>
				<event id="36" time="18877777772" vehicle="Vehicle 2" move="Monaco"/>
				<event id="37" time="19255555551" vehicle="Vehicle 3" deliver="30"/>
				<event id="38" time="19555555551" vehicle="Vehicle 3" deliver="19"/>
				<event id="39" time="19855555551" vehicle="Vehicle 3" deliver="10"/>
				<event id="40" time="21377777771" vehicle="Vehicle 2" deliver="0"/>
				<event id="41" time="21677777771" vehicle="Vehicle 2" pickup="28"/>
				<event id="42" time="21977777771" vehicle="Vehicle 2" deliver="1"/>
				<event id="43" time="22277777770" vehicle="Vehicle 2" pickup="15"/>
				<event id="44" time="22577777770" vehicle="Vehicle 2" move="Genève"/>
				<event id="45" time="23888888879" vehicle="Vehicle 4" pickup="7"/>
				<event id="46" time="24188888878" vehicle="Vehicle 4" move="Le Havre"/>
				<event id="47" time="26366666655" vehicle="Vehicle 4" deliver="31"/>
				<event id="48" time="26666666655" vehicle="Vehicle 4" pickup="35"/>
				<event id="49" time="26966666655" vehicle="Vehicle 4" deliver="7"/>
				<event id="50" time="27266666654" vehicle="Vehicle 4" pickup="14"/>
				<event id="51" time="27566666654" vehicle="Vehicle 4" deliver="23"/>
				<event id="52" time="27866666654" vehicle="Vehicle 4" move="Paris"/>
				<event id="53" time="28366666658" vehicle="Vehicle 2" deliver="28"/>
				<event id="54" time="28666666658" vehicle="Vehicle 2" deliver="15"/>
				<event id="55" time="28966666658" vehicle="Vehicle 2" move="Strasbourg"/>
				<event id="56" time="30044444431" vehicle="Vehicle 4" pickup="27"/>
				<event id="57" time="30344444431" vehicle="Vehicle 4" move="Strasbourg"/>
				<event id="58" time="33288888879" vehicle="Vehicle 2" pickup="26"/>
				<event id="59" time="33588888879" vehicle="Vehicle 2" pickup="38"/>
				<event id="60" time="33888888879" vehicle="Vehicle 2" deliver="37"/>
				<event id="61" time="34188888878" vehicle="Vehicle 2" move="Paris"/>
				<event id="62" time="35755555541" vehicle="Vehicle 4" deliver="14"/>
				<event id="63" time="36055555540" vehicle="Vehicle 4" deliver="27"/>
				<event id="64" time="36355555540" vehicle="Vehicle 4" move="Genève"/>
				<event id="65" time="39599999989" vehicle="Vehicle 2" move="Brest"/>
				<event id="66" time="40677777761" vehicle="Vehicle 4" pickup="13"/>
				<event id="67" time="40977777761" vehicle="Vehicle 4" move="Lyon"/>
				<event id="68" time="42633333316" vehicle="Vehicle 4" move="Marseille"/>
				<event id="69" time="46144444426" vehicle="Vehicle 4" deliver="13"/>
				<event id="70" time="46166666655" vehicle="Vehicle 2" deliver="26"/>
				<event id="71" time="46444444426" vehicle="Vehicle 4" deliver="35"/>
				<event id="72" time="46466666655" vehicle="Vehicle 2" pickup="22"/>
				<event id="73" time="46766666655" vehicle="Vehicle 2" pickup="4"/>
				<event id="74" time="47066666654" vehicle="Vehicle 2" pickup="5"/>
				<event id="75" time="47366666654" vehicle="Vehicle 2" move="Paris"/>
				<event id="76" time="53933333320" vehicle="Vehicle 2" deliver="38"/>
				<event id="77" time="54233333319" vehicle="Vehicle 2" pickup="9"/>
				<event id="78" time="54533333319" vehicle="Vehicle 2" move="Strasbourg"/>
				<event id="79" time="59944444429" vehicle="Vehicle 2" deliver="4"/>
				<event id="80" time="60244444428" vehicle="Vehicle 2" move="Genève"/>
				<event id="81" time="64566666649" vehicle="Vehicle 2" pickup="17"/>
				<event id="82" time="64866666649" vehicle="Vehicle 2" move="Monaco"/>
				<event id="83" time="70655555537" vehicle="Vehicle 2" deliver="5"/>
				<event id="84" time="70955555537" vehicle="Vehicle 2" pickup="20"/>
				<event id="85" time="71255555536" vehicle="Vehicle 2" pickup="34"/>
				<event id="86" time="71555555536" vehicle="Vehicle 2" deliver="9"/>
				<event id="87" time="71855555536" vehicle="Vehicle 2" move="Marseille"/>
				<event id="88" time="74355555535" vehicle="Vehicle 2" deliver="22"/>
				<event id="89" time="74655555535" vehicle="Vehicle 2" pickup="11"/>
				<event id="90" time="74955555535" vehicle="Vehicle 2" move="Bordeaux"/>
				<event id="91" time="82133333312" vehicle="Vehicle 2" pickup="21"/>
				<event id="92" time="82433333312" vehicle="Vehicle 2" deliver="11"/>
				<event id="93" time="82733333312" vehicle="Vehicle 2" deliver="17"/>
				<event id="94" time="83033333311" vehicle="Vehicle 2" pickup="16"/>
				<event id="95" time="83333333311" vehicle="Vehicle 2" move="Marseille"/>
				<event id="96" time="90511111088" vehicle="Vehicle 2" deliver="21"/>
				<event id="97" time="90811111088" vehicle="Vehicle 2" pickup="32"/>
				<event id="98" time="91111111087" vehicle="Vehicle 2" move="Lyon"/>
				<event id="99" time="94622222197" vehicle="Vehicle 2" move="Paris"/>
				<event id="100" time="99799999974" vehicle="Vehicle 2" move="Le Havre"/>
				<event id="101" time="101977777751" vehicle="Vehicle 2" deliver="16"/>
				<event id="102" time="102277777750" vehicle="Vehicle 2" move="Paris"/>
				<event id="103" time="104455555527" vehicle="Vehicle 2" move="Brest"/>
				<event id="104" time="111022222193" vehicle="Vehicle 2" pickup="8"/>
				<event id="105" time="111322222193" vehicle="Vehicle 2" deliver="32"/>
				<event id="106" time="111622222193" vehicle="Vehicle 2" deliver="20"/>
				<event id="107" time="111922222193" vehicle="Vehicle 2" pickup="25"/>
				<event id="108" time="112222222192" vehicle="Vehicle 2" deliver="34"/>
				<event id="109" time="112522222192" vehicle="Vehicle 2" pickup="24"/>
				<event id="110" time="112822222192" vehicle="Vehicle 2" move="Paris"/>
				<event id="111" time="119388888857" vehicle="Vehicle 2" move="Le Havre"/>
				<event id="112" time="121566666634" vehicle="Vehicle 2" deliver="24"/>
				<event id="113" time="121866666634" vehicle="Vehicle 2" pickup="33"/>
				<event id="114" time="122166666633" vehicle="Vehicle 2" deliver="8"/>
				<event id="115" time="122466666633" vehicle="Vehicle 2" move="Paris"/>
				<event id="116" time="124644444410" vehicle="Vehicle 2" move="Bordeaux"/>
				<event id="117" time="131133333298" vehicle="Vehicle 2" deliver="25"/>
				<event id="118" time="131433333298" vehicle="Vehicle 2" pickup="39"/>
				<event id="119" time="131733333298" vehicle="Vehicle 2" deliver="33"/>
				<event id="120" time="132033333297" vehicle="Vehicle 2" move="Lyon"/>
				<event id="121" time="138566666629" vehicle="Vehicle 2" move="Genève"/>
				<event id="122" time="140222222184" vehicle="Vehicle 2" deliver="39"/>
			</events>
		</round>
	</rounds>
	<statistics>
		<stat rank="1" agent="Neutral">
			<total-tasks value="40"/>
			<total-distance value="16508.0"/>
			<total-cost value="82540"/>
			<total-reward value="117321"/>
			<total-profit value="34781"/>
		</stat>
		<stat rank="2" agent="Naive">
			<total-tasks value="0"/>
			<total-distance value="0.0"/>
			<total-cost value="0"/>
			<total-reward value="0"/>
			<total-profit value="0"/>
		</stat>
	</statistics>
</history>
