<?xml version="1.0" encoding="ISO-8859-1"?>

<history configuration="config/rounds/auction3.xml">
	<agents>
		<agent name="Opponent">
			<vehicle name="Vehicle 1"/>
			<vehicle name="Vehicle 2"/>
			<vehicle name="Vehicle 3"/>
			<vehicle name="Vehicle 4"/>
		</agent>
		<agent name="Neutral">
			<vehicle name="Vehicle 5"/>
			<vehicle name="Vehicle 6"/>
			<vehicle name="Vehicle 7"/>
			<vehicle name="Vehicle 8"/>
		</agent>
	</agents>
	<rounds>
		<round id="1">
			<tasks>
				<task id="0" pickup="Paris" delivery="Monaco" weight="25" reward="40845">
					<bid agent="Opponent" bid="4212"/>
					<bid agent="Neutral" bid="3100"/>
				</task>
				<task id="1" pickup="Paris" delivery="Monaco" weight="25" reward="40845">
					<bid agent="Opponent" bid="4085"/>
					<bid agent="Neutral" bid="1342"/>
				</task>
				<task id="2" pickup="Lyon" delivery="Paris" weight="28" reward="78143">
					<bid agent="Opponent" bid="1953"/>
					<bid agent="Neutral" bid="660"/>
				</task>
				<task id="3" pickup="Brest" delivery="Lyon" weight="13" reward="37398">
					<bid agent="Opponent" bid="4201"/>
					<bid agent="Neutral" bid="3358"/>
				</task>
				<task id="4" pickup="Brest" delivery="Strasbourg" weight="25" reward="35950">
					<bid agent="Opponent" bid="4276"/>
					<bid agent="Neutral" bid="3249"/>
				</task>
				<task id="5" pickup="Brest" delivery="Monaco" weight="15" reward="100">
					<bid agent="Opponent" bid="6325"/>
					<bid agent="Neutral" bid="2663"/>
				</task>
				<task id="6" pickup="Lyon" delivery="Monaco" weight="28" reward="72973">
					<bid agent="Opponent" bid="2228"/>
					<bid agent="Neutral" bid="2835"/>
				</task>
				<task id="7" pickup="Paris" delivery="Le Havre" weight="26" reward="96758">
					<bid agent="Opponent" bid="987"/>
					<bid agent="Neutral" bid="1078"/>
				</task>
				<task id="8" pickup="Brest" delivery="Le Havre" weight="18" reward="56013">
					<bid agent="Opponent" bid="2997"/>
					<bid agent="Neutral" bid="1884"/>
				</task>
				<task id="9" pickup="Paris" delivery="Monaco" weight="25" reward="40845">
					<bid agent="Opponent" bid="3808"/>
					<bid agent="Neutral" bid="3482"/>
				</task>
				<task id="10" pickup="Paris" delivery="Monaco" weight="25" reward="40845">
					<bid agent="Opponent" bid="3673"/>
					<bid agent="Neutral" bid="1379"/>
				</task>
				<task id="11" pickup="Marseille" delivery="Bordeaux" weight="16" reward="65734">
					<bid agent="Opponent" bid="2597"/>
					<bid agent="Neutral" bid="3711"/>
				</task>
				<task id="12" pickup="Lyon" delivery="Monaco" weight="28" reward="72973">
					<bid agent="Opponent" bid="2192"/>
					<bid agent="Neutral" bid="985"/>
				</task>
				<task id="13" pickup="Genève" delivery="Marseille" weight="29" reward="78212">
					<bid agent="Opponent" bid="1970"/>
					<bid agent="Neutral" bid="2538"/>
				</task>
				<task id="14" pickup="Le Havre" delivery="Strasbourg" weight="10" reward="63183">
					<bid agent="Opponent" bid="2797"/>
					<bid agent="Neutral" bid="2631"/>
				</task>
				<task id="15" pickup="Monaco" delivery="Genève" weight="22" reward="74352">
					<bid agent="Opponent" bid="2403"/>
					<bid agent="Neutral" bid="2092"/>
				</task>
				<task id="16" pickup="Bordeaux" delivery="Le Havre" weight="23" reward="56495">
					<bid agent="Opponent" bid="3014"/>
					<bid agent="Neutral" bid="4065"/>
				</task>
				<task id="17" pickup="Genève" delivery="Bordeaux" weight="16" reward="59460">
					<bid agent="Opponent" bid="2971"/>
					<bid agent="Neutral" bid="2225"/>
				</task>
				<task id="18" pickup="Monaco" delivery="Genève" weight="22" reward="74352">
					<bid agent="Opponent" bid="2057"/>
					<bid agent="Neutral" bid="930"/>
				</task>
				<task id="19" pickup="Paris" delivery="Monaco" weight="25" reward="40845">
					<bid agent="Opponent" bid="4233"/>
					<bid agent="Neutral" bid="3642"/>
				</task>
				<task id="20" pickup="Monaco" delivery="Brest" weight="12" reward="100">
					<bid agent="Opponent" bid="5933"/>
					<bid agent="Neutral" bid="2352"/>
				</task>
				<task id="21" pickup="Bordeaux" delivery="Marseille" weight="21" reward="65734">
					<bid agent="Opponent" bid="2785"/>
					<bid agent="Neutral" bid="3145"/>
				</task>
				<task id="22" pickup="Brest" delivery="Marseille" weight="11" reward="15612">
					<bid agent="Opponent" bid="5503"/>
					<bid agent="Neutral" bid="7240"/>
				</task>
				<task id="23" pickup="Monaco" delivery="Le Havre" weight="23" reward="27332">
					<bid agent="Opponent" bid="4380"/>
					<bid agent="Neutral" bid="1765"/>
				</task>
				<task id="24" pickup="Brest" delivery="Le Havre" weight="18" reward="56013">
					<bid agent="Opponent" bid="3077"/>
					<bid agent="Neutral" bid="4255"/>
				</task>
				<task id="25" pickup="Brest" delivery="Bordeaux" weight="21" reward="29263">
					<bid agent="Opponent" bid="4360"/>
					<bid agent="Neutral" bid="4055"/>
				</task>
				<task id="26" pickup="Strasbourg" delivery="Brest" weight="25" reward="35950">
					<bid agent="Opponent" bid="4619"/>
					<bid agent="Neutral" bid="4170"/>
				</task>
				<task id="27" pickup="Paris" delivery="Strasbourg" weight="26" reward="76696">
					<bid agent="Opponent" bid="2088"/>
					<bid agent="Neutral" bid="652"/>
				</task>
				<task id="28" pickup="Monaco" delivery="Genève" weight="22" reward="74352">
					<bid agent="Opponent" bid="2233"/>
					<bid agent="Neutral" bid="245"/>
				</task>
				<task id="29" pickup="Monaco" delivery="Lyon" weight="15" reward="72973">
					<bid agent="Opponent" bid="2118"/>
					<bid agent="Neutral" bid="245"/>
				</task>
				<task id="30" pickup="Brest" delivery="Monaco" weight="15" reward="100">
					<bid agent="Opponent" bid="6017"/>
					<bid agent="Neutral" bid="3302"/>
				</task>
				<task id="31" pickup="Genève" delivery="Le Havre" weight="23" reward="54358">
					<bid agent="Opponent" bid="3223"/>
					<bid agent="Neutral" bid="1415"/>
				</task>
				<task id="32" pickup="Marseille" delivery="Brest" weight="16" reward="15612">
					<bid agent="Opponent" bid="4883"/>
					<bid agent="Neutral" bid="1255"/>
				</task>
				<task id="33" pickup="Le Havre" delivery="Bordeaux" weight="22" reward="56495">
					<bid agent="Opponent" bid="2858"/>
					<bid agent="Neutral" bid="2100"/>
				</task>
				<task id="34" pickup="Monaco" delivery="Brest" weight="12" reward="100">
					<bid agent="Opponent" bid="6023"/>
					<bid agent="Neutral" bid="1282"/>
				</task>
				<task id="35" pickup="Le Havre" delivery="Marseille" weight="28" reward="42844">
					<bid agent="Opponent" bid="3610"/>
					<bid agent="Neutral" bid="2437"/>
				</task>
				<task id="36" pickup="Monaco" delivery="Lyon" weight="15" reward="72973">
					<bid agent="Opponent" bid="2473"/>
					<bid agent="Neutral" bid="1730"/>
				</task>
				<task id="37" pickup="Paris" delivery="Strasbourg" weight="26" reward="76696">
					<bid agent="Opponent" bid="2254"/>
					<bid agent="Neutral" bid="2435"/>
				</task>
				<task id="38" pickup="Strasbourg" delivery="Paris" weight="26" reward="76696">
					<bid agent="Opponent" bid="2535"/>
					<bid agent="Neutral" bid="1097"/>
				</task>
				<task id="39" pickup="Bordeaux" delivery="Genève" weight="23" reward="59460">
					<bid agent="Opponent" bid="2456"/>
					<bid agent="Neutral" bid="3310"/>
				</task>
			</tasks>
			<events>
				<event id="0" time="0" vehicle="Vehicle 1" move="Bordeaux"/>
				<event id="1" time="0" vehicle="Vehicle 4" pickup="13"/>
				<event id="2" time="0" vehicle="Vehicle 7" pickup="18"/>
				<event id="3" time="0" vehicle="Vehicle 8" move="Paris"/>
				<event id="4" time="300000000" vehicle="Vehicle 4" move="Lyon"/>
				<event id="5" time="300000000" vehicle="Vehicle 7" pickup="28"/>
				<event id="6" time="600000000" vehicle="Vehicle 7" move="Genève"/>
				<event id="7" time="1955555555" vehicle="Vehicle 4" move="Marseille"/>
				<event id="8" time="5411111111" vehicle="Vehicle 8" pickup="19"/>
				<event id="9" time="5466666665" vehicle="Vehicle 4" deliver="13"/>
				<event id="10" time="5711111111" vehicle="Vehicle 8" pickup="1"/>
				<event id="11" time="5766666665" vehicle="Vehicle 4" pickup="11"/>
				<event id="12" time="6011111110" vehicle="Vehicle 8" pickup="0"/>
				<event id="13" time="6066666664" vehicle="Vehicle 4" move="Bordeaux"/>
				<event id="14" time="6311111110" vehicle="Vehicle 8" move="Lyon"/>
				<event id="15" time="6388888888" vehicle="Vehicle 7" deliver="28"/>
				<event id="16" time="6688888888" vehicle="Vehicle 7" pickup="31"/>
				<event id="17" time="6988888888" vehicle="Vehicle 7" deliver="18"/>
				<event id="18" time="7288888887" vehicle="Vehicle 7" move="Strasbourg"/>
				<event id="19" time="9733333333" vehicle="Vehicle 1" pickup="39"/>
				<event id="20" time="10033333332" vehicle="Vehicle 1" pickup="16"/>
				<event id="21" time="10333333332" vehicle="Vehicle 1" pickup="21"/>
				<event id="22" time="10633333332" vehicle="Vehicle 1" move="Marseille"/>
				<event id="23" time="11488888886" vehicle="Vehicle 8" move="Marseille"/>
				<event id="24" time="11611111109" vehicle="Vehicle 7" pickup="26"/>
				<event id="25" time="11911111109" vehicle="Vehicle 7" pickup="38"/>
				<event id="26" time="12211111108" vehicle="Vehicle 7" move="Paris"/>
				<event id="27" time="13244444441" vehicle="Vehicle 4" deliver="11"/>
				<event id="28" time="14999999997" vehicle="Vehicle 8" move="Monaco"/>
				<event id="29" time="17499999997" vehicle="Vehicle 8" deliver="1"/>
				<event id="30" time="17622222218" vehicle="Vehicle 7" deliver="38"/>
				<event id="31" time="17799999997" vehicle="Vehicle 8" deliver="0"/>
				<event id="32" time="17922222218" vehicle="Vehicle 7" move="Brest"/>
				<event id="33" time="18099999997" vehicle="Vehicle 8" pickup="36"/>
				<event id="34" time="18399999997" vehicle="Vehicle 8" pickup="29"/>
				<event id="35" time="18699999997" vehicle="Vehicle 8" pickup="23"/>
				<event id="36" time="18999999997" vehicle="Vehicle 8" deliver="19"/>
				<event id="37" time="19299999997" vehicle="Vehicle 8" move="Marseille"/>
				<event id="38" time="21399999998" vehicle="Vehicle 1" deliver="21"/>
				<event id="39" time="21699999998" vehicle="Vehicle 1" move="Lyon"/>
				<event id="40" time="21799999997" vehicle="Vehicle 8" move="Lyon"/>
				<event id="41" time="24488888883" vehicle="Vehicle 7" pickup="30"/>
				<event id="42" time="24788888883" vehicle="Vehicle 7" deliver="26"/>
				<event id="43" time="25088888882" vehicle="Vehicle 7" pickup="8"/>
				<event id="44" time="25311111108" vehicle="Vehicle 8" deliver="36"/>
				<event id="45" time="25388888882" vehicle="Vehicle 7" pickup="5"/>
				<event id="46" time="25611111108" vehicle="Vehicle 8" deliver="29"/>
				<event id="47" time="25688888882" vehicle="Vehicle 7" move="Paris"/>
				<event id="48" time="25911111108" vehicle="Vehicle 8" move="Paris"/>
				<event id="49" time="26966666664" vehicle="Vehicle 1" move="Genève"/>
				<event id="50" time="29449999997" vehicle="Vehicle 1" deliver="39"/>
				<event id="51" time="29749999997" vehicle="Vehicle 1" move="Lyon"/>
				<event id="52" time="31088888884" vehicle="Vehicle 8" move="Le Havre"/>
				<event id="53" time="32233333330" vehicle="Vehicle 1" move="Paris"/>
				<event id="54" time="32255555548" vehicle="Vehicle 7" move="Le Havre"/>
				<event id="55" time="33266666661" vehicle="Vehicle 8" deliver="23"/>
				<event id="56" time="33566666661" vehicle="Vehicle 8" pickup="35"/>
				<event id="57" time="33866666661" vehicle="Vehicle 8" move="Paris"/>
				<event id="58" time="34433333325" vehicle="Vehicle 7" deliver="31"/>
				<event id="59" time="34733333325" vehicle="Vehicle 7" pickup="33"/>
				<event id="60" time="35033333324" vehicle="Vehicle 7" deliver="8"/>
				<event id="61" time="35333333324" vehicle="Vehicle 7" pickup="14"/>
				<event id="62" time="35633333324" vehicle="Vehicle 7" move="Paris"/>
				<event id="63" time="36044444438" vehicle="Vehicle 8" pickup="10"/>
				<event id="64" time="36344444438" vehicle="Vehicle 8" pickup="9"/>
				<event id="65" time="36644444438" vehicle="Vehicle 8" move="Lyon"/>
				<event id="66" time="37811111101" vehicle="Vehicle 7" move="Bordeaux"/>
				<event id="67" time="39999999996" vehicle="Vehicle 1" pickup="37"/>
				<event id="68" time="40299999996" vehicle="Vehicle 1" move="Brest"/>
				<event id="69" time="41822222215" vehicle="Vehicle 8" move="Marseille"/>
				<event id="70" time="44299999989" vehicle="Vehicle 7" deliver="33"/>
				<event id="71" time="44599999989" vehicle="Vehicle 7" move="Lyon"/>
				<event id="72" time="45333333325" vehicle="Vehicle 8" deliver="35"/>
				<event id="73" time="45633333325" vehicle="Vehicle 8" move="Monaco"/>
				<event id="74" time="48133333324" vehicle="Vehicle 8" deliver="10"/>
				<event id="75" time="48433333324" vehicle="Vehicle 8" deliver="9"/>
				<event id="76" time="50149999996" vehicle="Vehicle 1" pickup="24"/>
				<event id="77" time="50449999996" vehicle="Vehicle 1" pickup="22"/>
				<event id="78" time="50749999996" vehicle="Vehicle 1" move="Paris"/>
				<event id="79" time="51133333322" vehicle="Vehicle 7" pickup="12"/>
				<event id="80" time="51433333322" vehicle="Vehicle 7" move="Marseille"/>
				<event id="81" time="54944444432" vehicle="Vehicle 7" move="Monaco"/>
				<event id="82" time="57444444431" vehicle="Vehicle 7" deliver="12"/>
				<event id="83" time="57744444431" vehicle="Vehicle 7" pickup="34"/>
				<event id="84" time="58044444430" vehicle="Vehicle 7" pickup="20"/>
				<event id="85" time="58344444430" vehicle="Vehicle 7" deliver="30"/>
				<event id="86" time="58644444430" vehicle="Vehicle 7" pickup="15"/>
				<event id="87" time="58944444430" vehicle="Vehicle 7" deliver="5"/>
				<event id="88" time="59244444429" vehicle="Vehicle 7" move="Marseille"/>
				<event id="89" time="60599999996" vehicle="Vehicle 1" move="Strasbourg"/>
				<event id="90" time="61744444428" vehicle="Vehicle 7" pickup="32"/>
				<event id="91" time="62044444427" vehicle="Vehicle 7" move="Lyon"/>
				<event id="92" time="65555555537" vehicle="Vehicle 7" move="Genève"/>
				<event id="93" time="67211111092" vehicle="Vehicle 7" deliver="15"/>
				<event id="94" time="67511111092" vehicle="Vehicle 7" pickup="17"/>
				<event id="95" time="67811111092" vehicle="Vehicle 7" move="Strasbourg"/>
				<event id="96" time="68716666662" vehicle="Vehicle 1" deliver="37"/>
				<event id="97" time="69016666661" vehicle="Vehicle 1" move="Genève"/>
				<event id="98" time="72133333313" vehicle="Vehicle 7" deliver="14"/>
				<event id="99" time="72433333313" vehicle="Vehicle 7" move="Paris"/>
				<event id="100" time="75499999994" vehicle="Vehicle 1" move="Lyon"/>
				<event id="101" time="77844444423" vehicle="Vehicle 7" move="Brest"/>
				<event id="102" time="77983333327" vehicle="Vehicle 1" pickup="6"/>
				<event id="103" time="78283333326" vehicle="Vehicle 1" move="Marseille"/>
				<event id="104" time="83549999992" vehicle="Vehicle 1" deliver="22"/>
				<event id="105" time="83849999992" vehicle="Vehicle 1" move="Monaco"/>
				<event id="106" time="84411111089" vehicle="Vehicle 7" deliver="34"/>
				<event id="107" time="84711111089" vehicle="Vehicle 7" pickup="25"/>
				<event id="108" time="85011111088" vehicle="Vehicle 7" deliver="32"/>
				<event id="109" time="85311111088" vehicle="Vehicle 7" pickup="4"/>
				<event id="110" time="85611111088" vehicle="Vehicle 7" deliver="20"/>
				<event id="111" time="85911111088" vehicle="Vehicle 7" pickup="3"/>
				<event id="112" time="86211111087" vehicle="Vehicle 7" move="Paris"/>
				<event id="113" time="87599999992" vehicle="Vehicle 1" deliver="6"/>
				<event id="114" time="87899999992" vehicle="Vehicle 1" move="Marseille"/>
				<event id="115" time="91649999992" vehicle="Vehicle 1" move="Lyon"/>
				<event id="116" time="92777777752" vehicle="Vehicle 7" move="Bordeaux"/>
				<event id="117" time="96916666658" vehicle="Vehicle 1" move="Paris"/>
				<event id="118" time="99266666640" vehicle="Vehicle 7" deliver="17"/>
				<event id="119" time="99566666640" vehicle="Vehicle 7" deliver="25"/>
				<event id="120" time="99866666640" vehicle="Vehicle 7" move="Lyon"/>
				<event id="121" time="104683333324" vehicle="Vehicle 1" pickup="7"/>
				<event id="122" time="104983333324" vehicle="Vehicle 1" move="Le Havre"/>
				<event id="123" time="106399999973" vehicle="Vehicle 7" deliver="3"/>
				<event id="124" time="106699999973" vehicle="Vehicle 7" pickup="2"/>
				<event id="125" time="106999999973" vehicle="Vehicle 7" move="Paris"/>
				<event id="126" time="108249999990" vehicle="Vehicle 1" deliver="7"/>
				<event id="127" time="108549999990" vehicle="Vehicle 1" deliver="16"/>
				<event id="128" time="108849999990" vehicle="Vehicle 1" deliver="24"/>
				<event id="129" time="112177777750" vehicle="Vehicle 7" pickup="27"/>
				<event id="130" time="112477777750" vehicle="Vehicle 7" deliver="2"/>
				<event id="131" time="112777777750" vehicle="Vehicle 7" move="Strasbourg"/>
				<event id="132" time="118188888860" vehicle="Vehicle 7" deliver="27"/>
				<event id="133" time="118488888860" vehicle="Vehicle 7" deliver="4"/>
			</events>
		</round>
	</rounds>
	<statistics>
		<stat rank="1" agent="Neutral">
			<total-tasks value="30"/>
			<total-distance value="13457.0"/>
			<total-cost value="67285"/>
			<total-reward value="61724"/>
			<total-profit value="-5561"/>
		</stat>
		<stat rank="2" agent="Opponent">
			<total-tasks value="10"/>
			<total-distance value="7372.0"/>
			<total-cost value="36860"/>
			<total-reward value="26871"/>
			<total-profit value="-9989"/>
		</stat>
	</statistics>
</history>
