<?xml version="1.0" encoding="ISO-8859-1"?>

<history configuration="config/rounds/auction2.xml">
	<agents>
		<agent name="Zero">
			<vehicle name="Vehicle 1"/>
			<vehicle name="Vehicle 2"/>
			<vehicle name="Vehicle 3"/>
		</agent>
		<agent name="Opponent">
			<vehicle name="Vehicle 4"/>
			<vehicle name="Vehicle 5"/>
			<vehicle name="Vehicle 6"/>
			<vehicle name="Vehicle 7"/>
		</agent>
	</agents>
	<rounds>
		<round id="1">
			<tasks>
				<task id="0" pickup="Breda" delivery="Almere" weight="27" reward="62791">
					<bid agent="Zero" bid="895"/>
					<bid agent="Opponent" bid="570"/>
				</task>
				<task id="1" pickup="Den Haag" delivery="Groningen" weight="19" reward="8119">
					<bid agent="Zero" bid="1581"/>
					<bid agent="Opponent" bid="1065"/>
				</task>
				<task id="2" pickup="Apeldoorn" delivery="Den Haag" weight="26" reward="47362">
					<bid agent="Zero" bid="1108"/>
					<bid agent="Opponent" bid="758"/>
				</task>
				<task id="3" pickup="Utrecht" delivery="Groningen" weight="12" reward="30020">
					<bid agent="Zero" bid="986"/>
					<bid agent="Opponent" bid="909"/>
				</task>
				<task id="4" pickup="Utrecht" delivery="Amsterdam" weight="24" reward="91775">
					<bid agent="Zero" bid="228"/>
					<bid agent="Opponent" bid="614"/>
				</task>
				<task id="5" pickup="Nijmegen" delivery="Groningen" weight="26" reward="29695">
					<bid agent="Zero" bid="1341"/>
					<bid agent="Opponent" bid="861"/>
				</task>
				<task id="6" pickup="Almere" delivery="Utrecht" weight="26" reward="92712">
					<bid agent="Zero" bid="376"/>
					<bid agent="Opponent" bid="442"/>
				</task>
				<task id="7" pickup="Den Haag" delivery="Nijmegen" weight="28" reward="54405">
					<bid agent="Zero" bid="968"/>
					<bid agent="Opponent" bid="640"/>
				</task>
				<task id="8" pickup="Apeldoorn" delivery="Almere" weight="21" reward="77731">
					<bid agent="Zero" bid="519"/>
					<bid agent="Opponent" bid="508"/>
				</task>
				<task id="9" pickup="Apeldoorn" delivery="Den Haag" weight="26" reward="47362">
					<bid agent="Zero" bid="845"/>
					<bid agent="Opponent" bid="698"/>
				</task>
				<task id="10" pickup="Almere" delivery="Eindhoven" weight="12" reward="55300">
					<bid agent="Zero" bid="459"/>
					<bid agent="Opponent" bid="959"/>
				</task>
				<task id="11" pickup="Breda" delivery="Nijmegen" weight="11" reward="71177">
					<bid agent="Zero" bid="570"/>
					<bid agent="Opponent" bid="533"/>
				</task>
				<task id="12" pickup="Rotterdam" delivery="Almere" weight="22" reward="67350">
					<bid agent="Zero" bid="536"/>
					<bid agent="Opponent" bid="526"/>
				</task>
				<task id="13" pickup="Den Haag" delivery="Apeldoorn" weight="17" reward="47362">
					<bid agent="Zero" bid="987"/>
					<bid agent="Opponent" bid="705"/>
				</task>
				<task id="14" pickup="Eindhoven" delivery="Nijmegen" weight="28" reward="81761">
					<bid agent="Zero" bid="351"/>
					<bid agent="Opponent" bid="1677"/>
				</task>
				<task id="15" pickup="Rotterdam" delivery="Apeldoorn" weight="16" reward="57702">
					<bid agent="Zero" bid="691"/>
					<bid agent="Opponent" bid="586"/>
				</task>
				<task id="16" pickup="Amsterdam" delivery="Breda" weight="23" reward="61855">
					<bid agent="Zero" bid="219"/>
					<bid agent="Opponent" bid="1579"/>
				</task>
				<task id="17" pickup="Apeldoorn" delivery="Den Haag" weight="26" reward="47362">
					<bid agent="Zero" bid="834"/>
					<bid agent="Opponent" bid="1279"/>
				</task>
				<task id="18" pickup="Almere" delivery="Rotterdam" weight="25" reward="67350">
					<bid agent="Zero" bid="208"/>
					<bid agent="Opponent" bid="723"/>
				</task>
				<task id="19" pickup="Eindhoven" delivery="Breda" weight="15" reward="85018">
					<bid agent="Zero" bid="169"/>
					<bid agent="Opponent" bid="1184"/>
				</task>
				<task id="20" pickup="Amsterdam" delivery="Nijmegen" weight="20" reward="56603">
					<bid agent="Zero" bid="193"/>
					<bid agent="Opponent" bid="878"/>
				</task>
				<task id="21" pickup="Breda" delivery="Nijmegen" weight="11" reward="71177">
					<bid agent="Zero" bid="246"/>
					<bid agent="Opponent" bid="635"/>
				</task>
				<task id="22" pickup="Eindhoven" delivery="Groningen" weight="27" reward="1117">
					<bid agent="Zero" bid="1386"/>
					<bid agent="Opponent" bid="1221"/>
				</task>
				<task id="23" pickup="Amsterdam" delivery="Nijmegen" weight="20" reward="56603">
					<bid agent="Zero" bid="64"/>
					<bid agent="Opponent" bid="536"/>
				</task>
				<task id="24" pickup="Groningen" delivery="Amsterdam" weight="15" reward="34661">
					<bid agent="Zero" bid="1337"/>
					<bid agent="Opponent" bid="772"/>
				</task>
				<task id="25" pickup="Den Haag" delivery="Groningen" weight="19" reward="8119">
					<bid agent="Zero" bid="1013"/>
					<bid agent="Opponent" bid="968"/>
				</task>
				<task id="26" pickup="Eindhoven" delivery="Rotterdam" weight="15" reward="65233">
					<bid agent="Zero" bid="179"/>
					<bid agent="Opponent" bid="446"/>
				</task>
				<task id="27" pickup="Groningen" delivery="Amsterdam" weight="15" reward="34661">
					<bid agent="Zero" bid="1260"/>
					<bid agent="Opponent" bid="783"/>
				</task>
				<task id="28" pickup="Utrecht" delivery="Almere" weight="23" reward="92712">
					<bid agent="Zero" bid="0"/>
					<bid agent="Opponent" bid="465"/>
				</task>
				<task id="29" pickup="Utrecht" delivery="Breda" weight="29" reward="80418">
					<bid agent="Zero" bid="299"/>
					<bid agent="Opponent" bid="344"/>
				</task>
			</tasks>
			<events>
				<event id="0" time="0" vehicle="Vehicle 1" pickup="16"/>
				<event id="1" time="0" vehicle="Vehicle 2" pickup="19"/>
				<event id="2" time="0" vehicle="Vehicle 3" pickup="28"/>
				<event id="3" time="0" vehicle="Vehicle 4" move="Rotterdam"/>
				<event id="4" time="282222222" vehicle="Vehicle 4" move="Breda"/>
				<event id="5" time="300000000" vehicle="Vehicle 1" move="Almere"/>
				<event id="6" time="300000000" vehicle="Vehicle 2" move="Breda"/>
				<event id="7" time="300000000" vehicle="Vehicle 3" pickup="4"/>
				<event id="8" time="600000000" vehicle="Vehicle 3" move="Almere"/>
				<event id="9" time="822222222" vehicle="Vehicle 4" pickup="0"/>
				<event id="10" time="831666666" vehicle="Vehicle 1" pickup="10"/>
				<event id="11" time="991111111" vehicle="Vehicle 2" deliver="19"/>
				<event id="12" time="1081111111" vehicle="Vehicle 3" deliver="28"/>
				<event id="13" time="1122222221" vehicle="Vehicle 4" move="Nijmegen"/>
				<event id="14" time="1131666665" vehicle="Vehicle 1" pickup="6"/>
				<event id="15" time="1381111111" vehicle="Vehicle 3" move="Amsterdam"/>
				<event id="16" time="1431666665" vehicle="Vehicle 1" move="Utrecht"/>
				<event id="17" time="1735555555" vehicle="Vehicle 3" pickup="23"/>
				<event id="18" time="2035555554" vehicle="Vehicle 3" pickup="20"/>
				<event id="19" time="2153333331" vehicle="Vehicle 1" deliver="6"/>
				<event id="20" time="2191111109" vehicle="Vehicle 4" pickup="5"/>
				<event id="21" time="2335555554" vehicle="Vehicle 3" deliver="4"/>
				<event id="22" time="2453333331" vehicle="Vehicle 1" pickup="29"/>
				<event id="23" time="2491111109" vehicle="Vehicle 4" move="Apeldoorn"/>
				<event id="24" time="2635555554" vehicle="Vehicle 3" move="Utrecht"/>
				<event id="25" time="2753333331" vehicle="Vehicle 1" move="Breda"/>
				<event id="26" time="3125555552" vehicle="Vehicle 4" pickup="2"/>
				<event id="27" time="3142222220" vehicle="Vehicle 3" move="Nijmegen"/>
				<event id="28" time="3425555552" vehicle="Vehicle 4" move="Almere"/>
				<event id="29" time="3978333330" vehicle="Vehicle 1" pickup="21"/>
				<event id="30" time="4102222219" vehicle="Vehicle 3" deliver="23"/>
				<event id="31" time="4278333329" vehicle="Vehicle 1" deliver="29"/>
				<event id="32" time="4315555551" vehicle="Vehicle 4" deliver="0"/>
				<event id="33" time="4402222219" vehicle="Vehicle 3" deliver="20"/>
				<event id="34" time="4578333329" vehicle="Vehicle 1" deliver="16"/>
				<event id="35" time="4615555551" vehicle="Vehicle 4" move="Utrecht"/>
				<event id="36" time="4878333329" vehicle="Vehicle 1" move="Eindhoven"/>
				<event id="37" time="5096666661" vehicle="Vehicle 4" pickup="3"/>
				<event id="38" time="5396666661" vehicle="Vehicle 4" move="Rotterdam"/>
				<event id="39" time="5914999995" vehicle="Vehicle 1" deliver="10"/>
				<event id="40" time="6088888882" vehicle="Vehicle 4" move="Den Haag"/>
				<event id="41" time="6214999995" vehicle="Vehicle 1" pickup="26"/>
				<event id="42" time="6371111104" vehicle="Vehicle 4" deliver="2"/>
				<event id="43" time="6514999995" vehicle="Vehicle 1" pickup="14"/>
				<event id="44" time="6671111104" vehicle="Vehicle 4" pickup="1"/>
				<event id="45" time="6814999995" vehicle="Vehicle 1" move="Nijmegen"/>
				<event id="46" time="6971111104" vehicle="Vehicle 4" move="Amsterdam"/>
				<event id="47" time="7695555547" vehicle="Vehicle 4" move="Almere"/>
				<event id="48" time="7984999995" vehicle="Vehicle 1" deliver="21"/>
				<event id="49" time="8049999991" vehicle="Vehicle 4" move="Groningen"/>
				<event id="50" time="8284999995" vehicle="Vehicle 1" deliver="14"/>
				<event id="51" time="8584999995" vehicle="Vehicle 1" move="Apeldoorn"/>
				<event id="52" time="9536666661" vehicle="Vehicle 1" pickup="17"/>
				<event id="53" time="9761111102" vehicle="Vehicle 4" deliver="5"/>
				<event id="54" time="9836666661" vehicle="Vehicle 1" move="Almere"/>
				<event id="55" time="10061111101" vehicle="Vehicle 4" deliver="1"/>
				<event id="56" time="10361111101" vehicle="Vehicle 4" deliver="3"/>
				<event id="57" time="10661111101" vehicle="Vehicle 4" move="Almere"/>
				<event id="58" time="11171666660" vehicle="Vehicle 1" pickup="18"/>
				<event id="59" time="11471666660" vehicle="Vehicle 1" move="Amsterdam"/>
				<event id="60" time="12003333326" vehicle="Vehicle 1" move="Den Haag"/>
				<event id="61" time="12372222211" vehicle="Vehicle 4" move="Amsterdam"/>
				<event id="62" time="12726666655" vehicle="Vehicle 4" move="Den Haag"/>
				<event id="63" time="13089999992" vehicle="Vehicle 1" deliver="17"/>
				<event id="64" time="13389999992" vehicle="Vehicle 1" move="Rotterdam"/>
				<event id="65" time="13451111099" vehicle="Vehicle 4" pickup="7"/>
				<event id="66" time="13751111099" vehicle="Vehicle 4" move="Rotterdam"/>
				<event id="67" time="13813333325" vehicle="Vehicle 1" deliver="18"/>
				<event id="68" time="14033333320" vehicle="Vehicle 4" pickup="12"/>
				<event id="69" time="14113333324" vehicle="Vehicle 1" deliver="26"/>
				<event id="70" time="14333333320" vehicle="Vehicle 4" move="Breda"/>
				<event id="71" time="14873333320" vehicle="Vehicle 4" pickup="11"/>
				<event id="72" time="15173333319" vehicle="Vehicle 4" move="Nijmegen"/>
				<event id="73" time="16242222207" vehicle="Vehicle 4" deliver="7"/>
				<event id="74" time="16542222207" vehicle="Vehicle 4" move="Apeldoorn"/>
				<event id="75" time="17176666650" vehicle="Vehicle 4" pickup="9"/>
				<event id="76" time="17476666650" vehicle="Vehicle 4" pickup="8"/>
				<event id="77" time="17776666650" vehicle="Vehicle 4" move="Almere"/>
				<event id="78" time="18666666649" vehicle="Vehicle 4" deliver="12"/>
				<event id="79" time="18966666649" vehicle="Vehicle 4" deliver="8"/>
				<event id="80" time="19266666648" vehicle="Vehicle 4" move="Amsterdam"/>
				<event id="81" time="19621111092" vehicle="Vehicle 4" move="Den Haag"/>
				<event id="82" time="20345555535" vehicle="Vehicle 4" pickup="25"/>
				<event id="83" time="20645555535" vehicle="Vehicle 4" deliver="9"/>
				<event id="84" time="20945555535" vehicle="Vehicle 4" pickup="13"/>
				<event id="85" time="21245555534" vehicle="Vehicle 4" move="Rotterdam"/>
				<event id="86" time="21527777756" vehicle="Vehicle 4" pickup="15"/>
				<event id="87" time="21827777756" vehicle="Vehicle 4" move="Nijmegen"/>
				<event id="88" time="23072222200" vehicle="Vehicle 4" deliver="11"/>
				<event id="89" time="23372222200" vehicle="Vehicle 4" move="Eindhoven"/>
				<event id="90" time="24152222199" vehicle="Vehicle 4" pickup="22"/>
				<event id="91" time="24452222199" vehicle="Vehicle 4" move="Nijmegen"/>
				<event id="92" time="25232222198" vehicle="Vehicle 4" move="Apeldoorn"/>
				<event id="93" time="25866666642" vehicle="Vehicle 4" deliver="13"/>
				<event id="94" time="26166666641" vehicle="Vehicle 4" deliver="15"/>
				<event id="95" time="26466666641" vehicle="Vehicle 4" move="Groningen"/>
				<event id="96" time="28033333307" vehicle="Vehicle 4" deliver="25"/>
				<event id="97" time="28333333307" vehicle="Vehicle 4" pickup="27"/>
				<event id="98" time="28633333307" vehicle="Vehicle 4" pickup="24"/>
				<event id="99" time="28933333307" vehicle="Vehicle 4" deliver="22"/>
				<event id="100" time="29233333306" vehicle="Vehicle 4" move="Almere"/>
				<event id="101" time="30944444416" vehicle="Vehicle 4" move="Amsterdam"/>
				<event id="102" time="31298888859" vehicle="Vehicle 4" deliver="27"/>
				<event id="103" time="31598888859" vehicle="Vehicle 4" deliver="24"/>
			</events>
		</round>
	</rounds>
	<statistics>
		<stat rank="1" agent="Opponent">
			<total-tasks value="16"/>
			<total-distance value="2006.9"/>
			<total-cost value="10035"/>
			<total-reward value="12103"/>
			<total-profit value="2068"/>
		</stat>
		<stat rank="2" agent="Zero">
			<total-tasks value="14"/>
			<total-distance value="810.2"/>
			<total-cost value="4051"/>
			<total-reward value="3825"/>
			<total-profit value="-226"/>
		</stat>
	</statistics>
</history>
