<?xml version="1.0" encoding="ISO-8859-1"?>

<history configuration="config/rounds/auction2.xml">
	<agents>
		<agent name="Zero">
			<vehicle name="Vehicle 1"/>
			<vehicle name="Vehicle 2"/>
			<vehicle name="Vehicle 3"/>
		</agent>
		<agent name="Margin">
			<vehicle name="Vehicle 4"/>
			<vehicle name="Vehicle 5"/>
			<vehicle name="Vehicle 6"/>
			<vehicle name="Vehicle 7"/>
		</agent>
	</agents>
	<rounds>
		<round id="1">
			<tasks>
				<task id="0" pickup="Breda" delivery="Almere" weight="27" reward="62791">
					<bid agent="Zero" bid="895"/>
					<bid agent="Margin" bid="413"/>
				</task>
				<task id="1" pickup="Den Haag" delivery="Groningen" weight="19" reward="8119">
					<bid agent="Zero" bid="1581"/>
					<bid agent="Margin" bid="468"/>
				</task>
				<task id="2" pickup="Apeldoorn" delivery="Den Haag" weight="26" reward="47362">
					<bid agent="Zero" bid="1108"/>
					<bid agent="Margin" bid="326"/>
				</task>
				<task id="3" pickup="Utrecht" delivery="Groningen" weight="12" reward="30020">
					<bid agent="Zero" bid="986"/>
					<bid agent="Margin" bid="25"/>
				</task>
				<task id="4" pickup="Utrecht" delivery="Amsterdam" weight="24" reward="91775">
					<bid agent="Zero" bid="228"/>
					<bid agent="Margin" bid="159"/>
				</task>
				<task id="5" pickup="Nijmegen" delivery="Groningen" weight="26" reward="29695">
					<bid agent="Zero" bid="1341"/>
					<bid agent="Margin" bid="375"/>
				</task>
				<task id="6" pickup="Almere" delivery="Utrecht" weight="26" reward="92712">
					<bid agent="Zero" bid="376"/>
					<bid agent="Margin" bid="25"/>
				</task>
				<task id="7" pickup="Den Haag" delivery="Nijmegen" weight="28" reward="54405">
					<bid agent="Zero" bid="1013"/>
					<bid agent="Margin" bid="111"/>
				</task>
				<task id="8" pickup="Apeldoorn" delivery="Almere" weight="21" reward="77731">
					<bid agent="Zero" bid="735"/>
					<bid agent="Margin" bid="79"/>
				</task>
				<task id="9" pickup="Apeldoorn" delivery="Den Haag" weight="26" reward="47362">
					<bid agent="Zero" bid="1108"/>
					<bid agent="Margin" bid="46"/>
				</task>
				<task id="10" pickup="Almere" delivery="Eindhoven" weight="12" reward="55300">
					<bid agent="Zero" bid="835"/>
					<bid agent="Margin" bid="274"/>
				</task>
				<task id="11" pickup="Breda" delivery="Nijmegen" weight="11" reward="71177">
					<bid agent="Zero" bid="792"/>
					<bid agent="Margin" bid="198"/>
				</task>
				<task id="12" pickup="Rotterdam" delivery="Almere" weight="22" reward="67350">
					<bid agent="Zero" bid="839"/>
					<bid agent="Margin" bid="83"/>
				</task>
				<task id="13" pickup="Den Haag" delivery="Apeldoorn" weight="17" reward="47362">
					<bid agent="Zero" bid="1099"/>
					<bid agent="Margin" bid="25"/>
				</task>
				<task id="14" pickup="Eindhoven" delivery="Nijmegen" weight="28" reward="81761">
					<bid agent="Zero" bid="351"/>
					<bid agent="Margin" bid="38"/>
				</task>
				<task id="15" pickup="Rotterdam" delivery="Apeldoorn" weight="16" reward="57702">
					<bid agent="Zero" bid="958"/>
					<bid agent="Margin" bid="90"/>
				</task>
				<task id="16" pickup="Amsterdam" delivery="Breda" weight="23" reward="61855">
					<bid agent="Zero" bid="595"/>
					<bid agent="Margin" bid="25"/>
				</task>
				<task id="17" pickup="Apeldoorn" delivery="Den Haag" weight="26" reward="47362">
					<bid agent="Zero" bid="1108"/>
					<bid agent="Margin" bid="131"/>
				</task>
				<task id="18" pickup="Almere" delivery="Rotterdam" weight="25" reward="67350">
					<bid agent="Zero" bid="687"/>
					<bid agent="Margin" bid="30"/>
				</task>
				<task id="19" pickup="Eindhoven" delivery="Breda" weight="15" reward="85018">
					<bid agent="Zero" bid="311"/>
					<bid agent="Margin" bid="25"/>
				</task>
				<task id="20" pickup="Amsterdam" delivery="Nijmegen" weight="20" reward="56603">
					<bid agent="Zero" bid="660"/>
					<bid agent="Margin" bid="25"/>
				</task>
				<task id="21" pickup="Breda" delivery="Nijmegen" weight="11" reward="71177">
					<bid agent="Zero" bid="792"/>
					<bid agent="Margin" bid="25"/>
				</task>
				<task id="22" pickup="Eindhoven" delivery="Groningen" weight="27" reward="1117">
					<bid agent="Zero" bid="1341"/>
					<bid agent="Margin" bid="25"/>
				</task>
				<task id="23" pickup="Amsterdam" delivery="Nijmegen" weight="20" reward="56603">
					<bid agent="Zero" bid="660"/>
					<bid agent="Margin" bid="25"/>
				</task>
				<task id="24" pickup="Groningen" delivery="Amsterdam" weight="15" reward="34661">
					<bid agent="Zero" bid="1859"/>
					<bid agent="Margin" bid="25"/>
				</task>
				<task id="25" pickup="Den Haag" delivery="Groningen" weight="19" reward="8119">
					<bid agent="Zero" bid="1581"/>
					<bid agent="Margin" bid="25"/>
				</task>
				<task id="26" pickup="Eindhoven" delivery="Rotterdam" weight="15" reward="65233">
					<bid agent="Zero" bid="554"/>
					<bid agent="Margin" bid="25"/>
				</task>
				<task id="27" pickup="Groningen" delivery="Amsterdam" weight="15" reward="34661">
					<bid agent="Zero" bid="1859"/>
					<bid agent="Margin" bid="25"/>
				</task>
				<task id="28" pickup="Utrecht" delivery="Almere" weight="23" reward="92712">
					<bid agent="Zero" bid="216"/>
					<bid agent="Margin" bid="25"/>
				</task>
				<task id="29" pickup="Utrecht" delivery="Breda" weight="29" reward="80418">
					<bid agent="Zero" bid="367"/>
					<bid agent="Margin" bid="25"/>
				</task>
			</tasks>
			<events>
				<event id="0" time="0" vehicle="Vehicle 4" move="Rotterdam"/>
				<event id="1" time="0" vehicle="Vehicle 6" move="Almere"/>
				<event id="2" time="0" vehicle="Vehicle 7" pickup="15"/>
				<event id="3" time="282222222" vehicle="Vehicle 4" move="Utrecht"/>
				<event id="4" time="300000000" vehicle="Vehicle 7" move="Den Haag"/>
				<event id="5" time="582222222" vehicle="Vehicle 7" pickup="13"/>
				<event id="6" time="882222222" vehicle="Vehicle 7" move="Amsterdam"/>
				<event id="7" time="974444444" vehicle="Vehicle 4" pickup="4"/>
				<event id="8" time="1274444443" vehicle="Vehicle 4" move="Amsterdam"/>
				<event id="9" time="1606666665" vehicle="Vehicle 7" pickup="23"/>
				<event id="10" time="1711111111" vehicle="Vehicle 6" pickup="18"/>
				<event id="11" time="1781111109" vehicle="Vehicle 4" pickup="16"/>
				<event id="12" time="1906666665" vehicle="Vehicle 7" pickup="20"/>
				<event id="13" time="2011111110" vehicle="Vehicle 6" pickup="6"/>
				<event id="14" time="2081111108" vehicle="Vehicle 4" deliver="4"/>
				<event id="15" time="2206666664" vehicle="Vehicle 7" move="Utrecht"/>
				<event id="16" time="2311111110" vehicle="Vehicle 6" pickup="10"/>
				<event id="17" time="2381111108" vehicle="Vehicle 4" move="Utrecht"/>
				<event id="18" time="2611111110" vehicle="Vehicle 6" move="Utrecht"/>
				<event id="19" time="2713333330" vehicle="Vehicle 7" move="Nijmegen"/>
				<event id="20" time="2887777774" vehicle="Vehicle 4" pickup="29"/>
				<event id="21" time="3092222220" vehicle="Vehicle 6" deliver="6"/>
				<event id="22" time="3187777773" vehicle="Vehicle 4" move="Breda"/>
				<event id="23" time="3392222220" vehicle="Vehicle 6" move="Eindhoven"/>
				<event id="24" time="3673333329" vehicle="Vehicle 7" deliver="23"/>
				<event id="25" time="3973333329" vehicle="Vehicle 7" deliver="20"/>
				<event id="26" time="4004444439" vehicle="Vehicle 4" pickup="11"/>
				<event id="27" time="4273333328" vehicle="Vehicle 7" move="Apeldoorn"/>
				<event id="28" time="4304444439" vehicle="Vehicle 4" deliver="16"/>
				<event id="29" time="4413333330" vehicle="Vehicle 6" pickup="26"/>
				<event id="30" time="4604444439" vehicle="Vehicle 4" pickup="21"/>
				<event id="31" time="4713333330" vehicle="Vehicle 6" pickup="19"/>
				<event id="32" time="4904444439" vehicle="Vehicle 4" deliver="29"/>
				<event id="33" time="4907777772" vehicle="Vehicle 7" deliver="15"/>
				<event id="34" time="5013333329" vehicle="Vehicle 6" deliver="10"/>
				<event id="35" time="5204444438" vehicle="Vehicle 4" move="Eindhoven"/>
				<event id="36" time="5207777771" vehicle="Vehicle 7" pickup="2"/>
				<event id="37" time="5313333329" vehicle="Vehicle 6" move="Breda"/>
				<event id="38" time="5507777771" vehicle="Vehicle 7" deliver="13"/>
				<event id="39" time="5807777771" vehicle="Vehicle 7" pickup="9"/>
				<event id="40" time="5895555549" vehicle="Vehicle 4" pickup="14"/>
				<event id="41" time="6004444439" vehicle="Vehicle 6" deliver="19"/>
				<event id="42" time="6107777770" vehicle="Vehicle 7" pickup="17"/>
				<event id="43" time="6195555548" vehicle="Vehicle 4" pickup="22"/>
				<event id="44" time="6304444439" vehicle="Vehicle 6" pickup="0"/>
				<event id="45" time="6407777770" vehicle="Vehicle 7" move="Utrecht"/>
				<event id="46" time="6495555548" vehicle="Vehicle 4" move="Nijmegen"/>
				<event id="47" time="6604444439" vehicle="Vehicle 6" move="Rotterdam"/>
				<event id="48" time="7144444438" vehicle="Vehicle 6" deliver="26"/>
				<event id="49" time="7152222214" vehicle="Vehicle 7" move="Rotterdam"/>
				<event id="50" time="7275555547" vehicle="Vehicle 4" deliver="14"/>
				<event id="51" time="7444444438" vehicle="Vehicle 6" pickup="12"/>
				<event id="52" time="7575555547" vehicle="Vehicle 4" pickup="5"/>
				<event id="53" time="7744444438" vehicle="Vehicle 6" deliver="18"/>
				<event id="54" time="7844444436" vehicle="Vehicle 7" move="Den Haag"/>
				<event id="55" time="7875555547" vehicle="Vehicle 4" deliver="11"/>
				<event id="56" time="8044444437" vehicle="Vehicle 6" move="Utrecht"/>
				<event id="57" time="8126666657" vehicle="Vehicle 7" deliver="2"/>
				<event id="58" time="8175555546" vehicle="Vehicle 4" deliver="21"/>
				<event id="59" time="8426666657" vehicle="Vehicle 7" pickup="1"/>
				<event id="60" time="8475555546" vehicle="Vehicle 4" move="Apeldoorn"/>
				<event id="61" time="8726666657" vehicle="Vehicle 7" deliver="17"/>
				<event id="62" time="8736666659" vehicle="Vehicle 6" pickup="28"/>
				<event id="63" time="9026666656" vehicle="Vehicle 7" pickup="7"/>
				<event id="64" time="9036666658" vehicle="Vehicle 6" move="Almere"/>
				<event id="65" time="9109999990" vehicle="Vehicle 4" pickup="8"/>
				<event id="66" time="9326666656" vehicle="Vehicle 7" deliver="9"/>
				<event id="67" time="9409999990" vehicle="Vehicle 4" move="Groningen"/>
				<event id="68" time="9517777769" vehicle="Vehicle 6" deliver="0"/>
				<event id="69" time="9626666656" vehicle="Vehicle 7" pickup="25"/>
				<event id="70" time="9817777769" vehicle="Vehicle 6" deliver="12"/>
				<event id="71" time="9926666656" vehicle="Vehicle 7" move="Rotterdam"/>
				<event id="72" time="10117777768" vehicle="Vehicle 6" deliver="28"/>
				<event id="73" time="10208888877" vehicle="Vehicle 7" move="Utrecht"/>
				<event id="74" time="10901111099" vehicle="Vehicle 7" pickup="3"/>
				<event id="75" time="10976666656" vehicle="Vehicle 4" deliver="5"/>
				<event id="76" time="11201111098" vehicle="Vehicle 7" move="Nijmegen"/>
				<event id="77" time="11276666655" vehicle="Vehicle 4" pickup="27"/>
				<event id="78" time="11576666655" vehicle="Vehicle 4" pickup="24"/>
				<event id="79" time="11876666655" vehicle="Vehicle 4" deliver="22"/>
				<event id="80" time="12161111097" vehicle="Vehicle 7" deliver="7"/>
				<event id="81" time="12176666654" vehicle="Vehicle 4" move="Almere"/>
				<event id="82" time="12461111097" vehicle="Vehicle 7" move="Apeldoorn"/>
				<event id="83" time="13095555540" vehicle="Vehicle 7" move="Groningen"/>
				<event id="84" time="13887777764" vehicle="Vehicle 4" deliver="8"/>
				<event id="85" time="14187777763" vehicle="Vehicle 4" move="Amsterdam"/>
				<event id="86" time="14542222207" vehicle="Vehicle 4" deliver="24"/>
				<event id="87" time="14662222206" vehicle="Vehicle 7" deliver="3"/>
				<event id="88" time="14842222207" vehicle="Vehicle 4" deliver="27"/>
				<event id="89" time="14962222206" vehicle="Vehicle 7" deliver="25"/>
				<event id="90" time="15262222205" vehicle="Vehicle 7" deliver="1"/>
			</events>
		</round>
	</rounds>
	<statistics>
		<stat rank="1" agent="Zero">
			<total-tasks value="0"/>
			<total-distance value="0.0"/>
			<total-cost value="0"/>
			<total-reward value="0"/>
			<total-profit value="0"/>
		</stat>
		<stat rank="2" agent="Margin">
			<total-tasks value="30"/>
			<total-distance value="2081.0"/>
			<total-cost value="10405"/>
			<total-reward value="3196"/>
			<total-profit value="-7209"/>
		</stat>
	</statistics>
</history>
