<?xml version="1.0" encoding="ISO-8859-1"?>

<history configuration="config/rounds/auction2.xml">
	<agents>
		<agent name="AFK">
			<vehicle name="Vehicle 1"/>
			<vehicle name="Vehicle 2"/>
			<vehicle name="Vehicle 3"/>
		</agent>
		<agent name="Naive">
			<vehicle name="Vehicle 4"/>
			<vehicle name="Vehicle 5"/>
			<vehicle name="Vehicle 6"/>
			<vehicle name="Vehicle 7"/>
		</agent>
	</agents>
	<rounds>
		<round id="1">
			<tasks>
				<task id="0" pickup="Breda" delivery="Almere" weight="27" reward="62791">
					<bid agent="Naive" bid="954"/>
				</task>
				<task id="1" pickup="Den Haag" delivery="Groningen" weight="19" reward="8119">
					<bid agent="Naive" bid="1754"/>
				</task>
				<task id="2" pickup="Apeldoorn" delivery="Den Haag" weight="26" reward="47362">
					<bid agent="Naive" bid="1574"/>
				</task>
				<task id="3" pickup="Utrecht" delivery="Groningen" weight="12" reward="30020">
					<bid agent="Naive" bid="1494"/>
				</task>
				<task id="4" pickup="Utrecht" delivery="Amsterdam" weight="24" reward="91775">
					<bid agent="Naive" bid="1292"/>
				</task>
				<task id="5" pickup="Nijmegen" delivery="Groningen" weight="26" reward="29695">
					<bid agent="Naive" bid="1711"/>
				</task>
				<task id="6" pickup="Almere" delivery="Utrecht" weight="26" reward="92712">
					<bid agent="Naive" bid="1166"/>
				</task>
				<task id="7" pickup="Den Haag" delivery="Nijmegen" weight="28" reward="54405">
					<bid agent="Naive" bid="1450"/>
				</task>
				<task id="8" pickup="Apeldoorn" delivery="Almere" weight="21" reward="77731">
					<bid agent="Naive" bid="688"/>
				</task>
				<task id="9" pickup="Apeldoorn" delivery="Den Haag" weight="26" reward="47362">
					<bid agent="Naive" bid="1258"/>
				</task>
				<task id="10" pickup="Almere" delivery="Eindhoven" weight="12" reward="55300">
					<bid agent="Naive" bid="1325"/>
				</task>
				<task id="11" pickup="Breda" delivery="Nijmegen" weight="11" reward="71177">
					<bid agent="Naive" bid="1175"/>
				</task>
				<task id="12" pickup="Rotterdam" delivery="Almere" weight="22" reward="67350">
					<bid agent="Naive" bid="1663"/>
				</task>
				<task id="13" pickup="Den Haag" delivery="Apeldoorn" weight="17" reward="47362">
					<bid agent="Naive" bid="1805"/>
				</task>
				<task id="14" pickup="Eindhoven" delivery="Nijmegen" weight="28" reward="81761">
					<bid agent="Naive" bid="1007"/>
				</task>
				<task id="15" pickup="Rotterdam" delivery="Apeldoorn" weight="16" reward="57702">
					<bid agent="Naive" bid="1645"/>
				</task>
				<task id="16" pickup="Amsterdam" delivery="Breda" weight="23" reward="61855">
					<bid agent="Naive" bid="1568"/>
				</task>
				<task id="17" pickup="Apeldoorn" delivery="Den Haag" weight="26" reward="47362">
					<bid agent="Naive" bid="2146"/>
				</task>
				<task id="18" pickup="Almere" delivery="Rotterdam" weight="25" reward="67350">
					<bid agent="Naive" bid="1046"/>
				</task>
				<task id="19" pickup="Eindhoven" delivery="Breda" weight="15" reward="85018">
					<bid agent="Naive" bid="1402"/>
				</task>
				<task id="20" pickup="Amsterdam" delivery="Nijmegen" weight="20" reward="56603">
					<bid agent="Naive" bid="1320"/>
				</task>
				<task id="21" pickup="Breda" delivery="Nijmegen" weight="11" reward="71177">
					<bid agent="Naive" bid="1832"/>
				</task>
				<task id="22" pickup="Eindhoven" delivery="Groningen" weight="27" reward="1117">
					<bid agent="Naive" bid="3101"/>
				</task>
				<task id="23" pickup="Amsterdam" delivery="Nijmegen" weight="20" reward="56603">
					<bid agent="Naive" bid="1881"/>
				</task>
				<task id="24" pickup="Groningen" delivery="Amsterdam" weight="15" reward="34661">
					<bid agent="Naive" bid="2638"/>
				</task>
				<task id="25" pickup="Den Haag" delivery="Groningen" weight="19" reward="8119">
					<bid agent="Naive" bid="2989"/>
				</task>
				<task id="26" pickup="Eindhoven" delivery="Rotterdam" weight="15" reward="65233">
					<bid agent="Naive" bid="3697"/>
				</task>
				<task id="27" pickup="Groningen" delivery="Amsterdam" weight="15" reward="34661">
					<bid agent="Naive" bid="2414"/>
				</task>
				<task id="28" pickup="Utrecht" delivery="Almere" weight="23" reward="92712">
					<bid agent="Naive" bid="764"/>
				</task>
				<task id="29" pickup="Utrecht" delivery="Breda" weight="29" reward="80418">
					<bid agent="Naive" bid="1156"/>
				</task>
			</tasks>
			<events>
				<event id="0" time="0" vehicle="Vehicle 4" move="Rotterdam"/>
				<event id="1" time="282222222" vehicle="Vehicle 4" move="Breda"/>
				<event id="2" time="822222222" vehicle="Vehicle 4" pickup="0"/>
				<event id="3" time="1122222221" vehicle="Vehicle 4" move="Utrecht"/>
				<event id="4" time="1938888887" vehicle="Vehicle 4" move="Almere"/>
				<event id="5" time="2419999998" vehicle="Vehicle 4" deliver="0"/>
				<event id="6" time="2719999998" vehicle="Vehicle 4" move="Amsterdam"/>
				<event id="7" time="3074444442" vehicle="Vehicle 4" move="Den Haag"/>
				<event id="8" time="3798888886" vehicle="Vehicle 4" pickup="1"/>
				<event id="9" time="4098888885" vehicle="Vehicle 4" move="Amsterdam"/>
				<event id="10" time="4823333329" vehicle="Vehicle 4" move="Almere"/>
				<event id="11" time="5177777772" vehicle="Vehicle 4" move="Groningen"/>
				<event id="12" time="6888888882" vehicle="Vehicle 4" deliver="1"/>
				<event id="13" time="7188888881" vehicle="Vehicle 4" move="Apeldoorn"/>
				<event id="14" time="8755555547" vehicle="Vehicle 4" pickup="2"/>
				<event id="15" time="9055555546" vehicle="Vehicle 4" move="Utrecht"/>
				<event id="16" time="9799999990" vehicle="Vehicle 4" move="Rotterdam"/>
				<event id="17" time="10492222212" vehicle="Vehicle 4" move="Den Haag"/>
				<event id="18" time="10774444434" vehicle="Vehicle 4" deliver="2"/>
				<event id="19" time="11074444433" vehicle="Vehicle 4" move="Rotterdam"/>
				<event id="20" time="11356666655" vehicle="Vehicle 4" move="Utrecht"/>
				<event id="21" time="12048888876" vehicle="Vehicle 4" pickup="3"/>
				<event id="22" time="12348888876" vehicle="Vehicle 4" move="Almere"/>
				<event id="23" time="12829999987" vehicle="Vehicle 4" move="Groningen"/>
				<event id="24" time="14541111098" vehicle="Vehicle 4" deliver="3"/>
				<event id="25" time="14841111098" vehicle="Vehicle 4" move="Almere"/>
				<event id="26" time="16552222208" vehicle="Vehicle 4" move="Utrecht"/>
				<event id="27" time="17033333318" vehicle="Vehicle 4" pickup="4"/>
				<event id="28" time="17333333318" vehicle="Vehicle 4" move="Amsterdam"/>
				<event id="29" time="17839999984" vehicle="Vehicle 4" deliver="4"/>
				<event id="30" time="18139999984" vehicle="Vehicle 4" move="Utrecht"/>
				<event id="31" time="18646666650" vehicle="Vehicle 4" move="Nijmegen"/>
				<event id="32" time="19606666649" vehicle="Vehicle 4" pickup="5"/>
				<event id="33" time="19906666649" vehicle="Vehicle 4" move="Apeldoorn"/>
				<event id="34" time="20541111093" vehicle="Vehicle 4" move="Groningen"/>
				<event id="35" time="22107777758" vehicle="Vehicle 4" deliver="5"/>
				<event id="36" time="22407777758" vehicle="Vehicle 4" move="Almere"/>
				<event id="37" time="24118888868" vehicle="Vehicle 4" pickup="6"/>
				<event id="38" time="24418888868" vehicle="Vehicle 4" move="Utrecht"/>
				<event id="39" time="24899999979" vehicle="Vehicle 4" deliver="6"/>
				<event id="40" time="25199999979" vehicle="Vehicle 4" move="Rotterdam"/>
				<event id="41" time="25892222201" vehicle="Vehicle 4" move="Den Haag"/>
				<event id="42" time="26174444422" vehicle="Vehicle 4" pickup="7"/>
				<event id="43" time="26474444422" vehicle="Vehicle 4" move="Rotterdam"/>
				<event id="44" time="26756666644" vehicle="Vehicle 4" move="Nijmegen"/>
				<event id="45" time="28001111088" vehicle="Vehicle 4" deliver="7"/>
				<event id="46" time="28301111088" vehicle="Vehicle 4" move="Apeldoorn"/>
				<event id="47" time="28935555532" vehicle="Vehicle 4" pickup="8"/>
				<event id="48" time="29235555531" vehicle="Vehicle 4" move="Almere"/>
				<event id="49" time="30125555530" vehicle="Vehicle 4" deliver="8"/>
				<event id="50" time="30425555530" vehicle="Vehicle 4" move="Apeldoorn"/>
				<event id="51" time="31315555529" vehicle="Vehicle 4" pickup="9"/>
				<event id="52" time="31615555529" vehicle="Vehicle 4" move="Utrecht"/>
				<event id="53" time="32359999973" vehicle="Vehicle 4" move="Rotterdam"/>
				<event id="54" time="33052222195" vehicle="Vehicle 4" move="Den Haag"/>
				<event id="55" time="33334444417" vehicle="Vehicle 4" deliver="9"/>
				<event id="56" time="33634444417" vehicle="Vehicle 4" move="Amsterdam"/>
				<event id="57" time="34358888860" vehicle="Vehicle 4" move="Almere"/>
				<event id="58" time="34713333304" vehicle="Vehicle 4" pickup="10"/>
				<event id="59" time="35013333303" vehicle="Vehicle 4" move="Utrecht"/>
				<event id="60" time="35494444414" vehicle="Vehicle 4" move="Eindhoven"/>
				<event id="61" time="36515555524" vehicle="Vehicle 4" deliver="10"/>
				<event id="62" time="36815555524" vehicle="Vehicle 4" move="Breda"/>
				<event id="63" time="37506666634" vehicle="Vehicle 4" pickup="11"/>
				<event id="64" time="37806666634" vehicle="Vehicle 4" move="Nijmegen"/>
				<event id="65" time="38875555522" vehicle="Vehicle 4" deliver="11"/>
				<event id="66" time="39175555521" vehicle="Vehicle 4" move="Rotterdam"/>
				<event id="67" time="40419999965" vehicle="Vehicle 4" pickup="12"/>
				<event id="68" time="40719999965" vehicle="Vehicle 4" move="Utrecht"/>
				<event id="69" time="41412222187" vehicle="Vehicle 4" move="Almere"/>
				<event id="70" time="41893333298" vehicle="Vehicle 4" deliver="12"/>
				<event id="71" time="42193333297" vehicle="Vehicle 4" move="Amsterdam"/>
				<event id="72" time="42547777741" vehicle="Vehicle 4" move="Den Haag"/>
				<event id="73" time="43272222185" vehicle="Vehicle 4" pickup="13"/>
				<event id="74" time="43572222185" vehicle="Vehicle 4" move="Rotterdam"/>
				<event id="75" time="43854444407" vehicle="Vehicle 4" move="Utrecht"/>
				<event id="76" time="44546666628" vehicle="Vehicle 4" move="Apeldoorn"/>
				<event id="77" time="45291111072" vehicle="Vehicle 4" deliver="13"/>
				<event id="78" time="45591111072" vehicle="Vehicle 4" move="Nijmegen"/>
				<event id="79" time="46225555515" vehicle="Vehicle 4" move="Eindhoven"/>
				<event id="80" time="47005555514" vehicle="Vehicle 4" pickup="14"/>
				<event id="81" time="47305555514" vehicle="Vehicle 4" move="Nijmegen"/>
				<event id="82" time="48085555513" vehicle="Vehicle 4" deliver="14"/>
				<event id="83" time="48385555513" vehicle="Vehicle 4" move="Rotterdam"/>
				<event id="84" time="49629999957" vehicle="Vehicle 4" pickup="15"/>
				<event id="85" time="49929999957" vehicle="Vehicle 4" move="Utrecht"/>
				<event id="86" time="50622222179" vehicle="Vehicle 4" move="Apeldoorn"/>
				<event id="87" time="51366666622" vehicle="Vehicle 4" deliver="15"/>
				<event id="88" time="51666666622" vehicle="Vehicle 4" move="Amsterdam"/>
				<event id="89" time="52668888843" vehicle="Vehicle 4" pickup="16"/>
				<event id="90" time="52968888843" vehicle="Vehicle 4" move="Utrecht"/>
				<event id="91" time="53475555509" vehicle="Vehicle 4" move="Breda"/>
				<event id="92" time="54292222175" vehicle="Vehicle 4" deliver="16"/>
				<event id="93" time="54592222175" vehicle="Vehicle 4" move="Utrecht"/>
				<event id="94" time="55408888840" vehicle="Vehicle 4" move="Apeldoorn"/>
				<event id="95" time="56153333284" vehicle="Vehicle 4" pickup="17"/>
				<event id="96" time="56453333284" vehicle="Vehicle 4" move="Utrecht"/>
				<event id="97" time="57197777727" vehicle="Vehicle 4" move="Rotterdam"/>
				<event id="98" time="57889999949" vehicle="Vehicle 4" move="Den Haag"/>
				<event id="99" time="58172222171" vehicle="Vehicle 4" deliver="17"/>
				<event id="100" time="58472222171" vehicle="Vehicle 4" move="Amsterdam"/>
				<event id="101" time="59196666614" vehicle="Vehicle 4" move="Almere"/>
				<event id="102" time="59551111058" vehicle="Vehicle 4" pickup="18"/>
				<event id="103" time="59851111058" vehicle="Vehicle 4" move="Utrecht"/>
				<event id="104" time="60332222168" vehicle="Vehicle 4" move="Rotterdam"/>
				<event id="105" time="61024444389" vehicle="Vehicle 4" deliver="18"/>
				<event id="106" time="61324444389" vehicle="Vehicle 4" move="Breda"/>
				<event id="107" time="61864444389" vehicle="Vehicle 4" move="Eindhoven"/>
				<event id="108" time="62555555499" vehicle="Vehicle 4" pickup="19"/>
				<event id="109" time="62855555499" vehicle="Vehicle 4" move="Breda"/>
				<event id="110" time="63546666609" vehicle="Vehicle 4" deliver="19"/>
				<event id="111" time="63846666609" vehicle="Vehicle 4" move="Utrecht"/>
				<event id="112" time="64663333275" vehicle="Vehicle 4" move="Amsterdam"/>
				<event id="113" time="65169999941" vehicle="Vehicle 4" pickup="20"/>
				<event id="114" time="65469999941" vehicle="Vehicle 4" move="Utrecht"/>
				<event id="115" time="65976666607" vehicle="Vehicle 4" move="Nijmegen"/>
				<event id="116" time="66936666606" vehicle="Vehicle 4" deliver="20"/>
				<event id="117" time="67236666605" vehicle="Vehicle 4" move="Breda"/>
				<event id="118" time="68305555493" vehicle="Vehicle 4" pickup="21"/>
				<event id="119" time="68605555493" vehicle="Vehicle 4" move="Nijmegen"/>
				<event id="120" time="69674444381" vehicle="Vehicle 4" deliver="21"/>
				<event id="121" time="69974444381" vehicle="Vehicle 4" move="Eindhoven"/>
				<event id="122" time="70754444380" vehicle="Vehicle 4" pickup="22"/>
				<event id="123" time="71054444379" vehicle="Vehicle 4" move="Nijmegen"/>
				<event id="124" time="71834444379" vehicle="Vehicle 4" move="Apeldoorn"/>
				<event id="125" time="72468888822" vehicle="Vehicle 4" move="Groningen"/>
				<event id="126" time="74035555488" vehicle="Vehicle 4" deliver="22"/>
				<event id="127" time="74335555488" vehicle="Vehicle 4" move="Almere"/>
				<event id="128" time="76046666598" vehicle="Vehicle 4" move="Amsterdam"/>
				<event id="129" time="76401111042" vehicle="Vehicle 4" pickup="23"/>
				<event id="130" time="76701111042" vehicle="Vehicle 4" move="Utrecht"/>
				<event id="131" time="77207777707" vehicle="Vehicle 4" move="Nijmegen"/>
				<event id="132" time="78167777706" vehicle="Vehicle 4" deliver="23"/>
				<event id="133" time="78467777706" vehicle="Vehicle 4" move="Apeldoorn"/>
				<event id="134" time="79102222150" vehicle="Vehicle 4" move="Groningen"/>
				<event id="135" time="80668888815" vehicle="Vehicle 4" pickup="24"/>
				<event id="136" time="80968888815" vehicle="Vehicle 4" move="Almere"/>
				<event id="137" time="82679999926" vehicle="Vehicle 4" move="Amsterdam"/>
				<event id="138" time="83034444370" vehicle="Vehicle 4" deliver="24"/>
				<event id="139" time="83334444370" vehicle="Vehicle 4" move="Den Haag"/>
				<event id="140" time="84058888813" vehicle="Vehicle 4" pickup="25"/>
				<event id="141" time="84358888813" vehicle="Vehicle 4" move="Amsterdam"/>
				<event id="142" time="85083333257" vehicle="Vehicle 4" move="Almere"/>
				<event id="143" time="85437777701" vehicle="Vehicle 4" move="Groningen"/>
				<event id="144" time="87148888811" vehicle="Vehicle 4" deliver="25"/>
				<event id="145" time="87448888811" vehicle="Vehicle 4" move="Apeldoorn"/>
				<event id="146" time="89015555477" vehicle="Vehicle 4" move="Nijmegen"/>
				<event id="147" time="89649999921" vehicle="Vehicle 4" move="Eindhoven"/>
				<event id="148" time="90429999921" vehicle="Vehicle 4" pickup="26"/>
				<event id="149" time="90729999921" vehicle="Vehicle 4" move="Breda"/>
				<event id="150" time="91421111032" vehicle="Vehicle 4" move="Rotterdam"/>
				<event id="151" time="91961111032" vehicle="Vehicle 4" deliver="26"/>
				<event id="152" time="92261111031" vehicle="Vehicle 4" move="Utrecht"/>
				<event id="153" time="92953333253" vehicle="Vehicle 4" move="Almere"/>
				<event id="154" time="93434444363" vehicle="Vehicle 4" move="Groningen"/>
				<event id="155" time="95145555473" vehicle="Vehicle 4" pickup="27"/>
				<event id="156" time="95445555473" vehicle="Vehicle 4" move="Almere"/>
				<event id="157" time="97156666583" vehicle="Vehicle 4" move="Amsterdam"/>
				<event id="158" time="97511111027" vehicle="Vehicle 4" deliver="27"/>
				<event id="159" time="97811111027" vehicle="Vehicle 4" move="Utrecht"/>
				<event id="160" time="98317777692" vehicle="Vehicle 4" pickup="28"/>
				<event id="161" time="98617777692" vehicle="Vehicle 4" move="Almere"/>
				<event id="162" time="99098888802" vehicle="Vehicle 4" deliver="28"/>
				<event id="163" time="99398888802" vehicle="Vehicle 4" move="Utrecht"/>
				<event id="164" time="99879999913" vehicle="Vehicle 4" pickup="29"/>
				<event id="165" time="100179999913" vehicle="Vehicle 4" move="Breda"/>
				<event id="166" time="100996666579" vehicle="Vehicle 4" deliver="29"/>
			</events>
		</round>
	</rounds>
	<statistics>
		<stat rank="1" agent="Naive">
			<total-tasks value="30"/>
			<total-distance value="7496.7"/>
			<total-cost value="37484"/>
			<total-reward value="49915"/>
			<total-profit value="12431"/>
		</stat>
		<stat rank="2" agent="AFK">
			<total-tasks value="0"/>
			<total-distance value="0.0"/>
			<total-cost value="0"/>
			<total-reward value="0"/>
			<total-profit value="0"/>
		</stat>
	</statistics>
</history>
