<?xml version="1.0" encoding="ISO-8859-1"?>

<history configuration="config/rounds/auction2.xml">
	<agents>
		<agent name="Naive">
			<vehicle name="Vehicle 1"/>
			<vehicle name="Vehicle 2"/>
			<vehicle name="Vehicle 3"/>
		</agent>
		<agent name="Neutral">
			<vehicle name="Vehicle 4"/>
			<vehicle name="Vehicle 5"/>
			<vehicle name="Vehicle 6"/>
			<vehicle name="Vehicle 7"/>
		</agent>
	</agents>
	<rounds>
		<round id="1">
			<tasks>
				<task id="0" pickup="Breda" delivery="Almere" weight="27" reward="62791">
					<bid agent="Naive" bid="1180"/>
					<bid agent="Neutral" bid="352"/>
				</task>
				<task id="1" pickup="Den Haag" delivery="Groningen" weight="19" reward="8119">
					<bid agent="Naive" bid="1601"/>
					<bid agent="Neutral" bid="574"/>
				</task>
				<task id="2" pickup="Apeldoorn" delivery="Den Haag" weight="26" reward="47362">
					<bid agent="Naive" bid="1303"/>
					<bid agent="Neutral" bid="390"/>
				</task>
				<task id="3" pickup="Utrecht" delivery="Groningen" weight="12" reward="30020">
					<bid agent="Naive" bid="1315"/>
					<bid agent="Neutral" bid="295"/>
				</task>
				<task id="4" pickup="Utrecht" delivery="Amsterdam" weight="24" reward="91775">
					<bid agent="Naive" bid="510"/>
					<bid agent="Neutral" bid="162"/>
				</task>
				<task id="5" pickup="Nijmegen" delivery="Groningen" weight="26" reward="29695">
					<bid agent="Naive" bid="1788"/>
					<bid agent="Neutral" bid="552"/>
				</task>
				<task id="6" pickup="Almere" delivery="Utrecht" weight="26" reward="92712">
					<bid agent="Naive" bid="419"/>
					<bid agent="Neutral" bid="75"/>
				</task>
				<task id="7" pickup="Den Haag" delivery="Nijmegen" weight="28" reward="54405">
					<bid agent="Naive" bid="1362"/>
					<bid agent="Neutral" bid="372"/>
				</task>
				<task id="8" pickup="Apeldoorn" delivery="Almere" weight="21" reward="77731">
					<bid agent="Naive" bid="1151"/>
					<bid agent="Neutral" bid="210"/>
				</task>
				<task id="9" pickup="Apeldoorn" delivery="Den Haag" weight="26" reward="47362">
					<bid agent="Naive" bid="1743"/>
					<bid agent="Neutral" bid="525"/>
				</task>
				<task id="10" pickup="Almere" delivery="Eindhoven" weight="12" reward="55300">
					<bid agent="Naive" bid="950"/>
					<bid agent="Neutral" bid="496"/>
				</task>
				<task id="11" pickup="Breda" delivery="Nijmegen" weight="11" reward="71177">
					<bid agent="Naive" bid="1153"/>
					<bid agent="Neutral" bid="294"/>
				</task>
				<task id="12" pickup="Rotterdam" delivery="Almere" weight="22" reward="67350">
					<bid agent="Naive" bid="1067"/>
					<bid agent="Neutral" bid="237"/>
				</task>
				<task id="13" pickup="Den Haag" delivery="Apeldoorn" weight="17" reward="47362">
					<bid agent="Naive" bid="1116"/>
					<bid agent="Neutral" bid="431"/>
				</task>
				<task id="14" pickup="Eindhoven" delivery="Nijmegen" weight="28" reward="81761">
					<bid agent="Naive" bid="1436"/>
					<bid agent="Neutral" bid="421"/>
				</task>
				<task id="15" pickup="Rotterdam" delivery="Apeldoorn" weight="16" reward="57702">
					<bid agent="Naive" bid="1895"/>
					<bid agent="Neutral" bid="323"/>
				</task>
				<task id="16" pickup="Amsterdam" delivery="Breda" weight="23" reward="61855">
					<bid agent="Naive" bid="645"/>
					<bid agent="Neutral" bid="491"/>
				</task>
				<task id="17" pickup="Apeldoorn" delivery="Den Haag" weight="26" reward="47362">
					<bid agent="Naive" bid="1875"/>
					<bid agent="Neutral" bid="386"/>
				</task>
				<task id="18" pickup="Almere" delivery="Rotterdam" weight="25" reward="67350">
					<bid agent="Naive" bid="942"/>
					<bid agent="Neutral" bid="590"/>
				</task>
				<task id="19" pickup="Eindhoven" delivery="Breda" weight="15" reward="85018">
					<bid agent="Naive" bid="1735"/>
					<bid agent="Neutral" bid="500"/>
				</task>
				<task id="20" pickup="Amsterdam" delivery="Nijmegen" weight="20" reward="56603">
					<bid agent="Naive" bid="1314"/>
					<bid agent="Neutral" bid="330"/>
				</task>
				<task id="21" pickup="Breda" delivery="Nijmegen" weight="11" reward="71177">
					<bid agent="Naive" bid="1627"/>
					<bid agent="Neutral" bid="272"/>
				</task>
				<task id="22" pickup="Eindhoven" delivery="Groningen" weight="27" reward="1117">
					<bid agent="Naive" bid="3695"/>
					<bid agent="Neutral" bid="1726"/>
				</task>
				<task id="23" pickup="Amsterdam" delivery="Nijmegen" weight="20" reward="56603">
					<bid agent="Naive" bid="1216"/>
					<bid agent="Neutral" bid="330"/>
				</task>
				<task id="24" pickup="Groningen" delivery="Amsterdam" weight="15" reward="34661">
					<bid agent="Naive" bid="3682"/>
					<bid agent="Neutral" bid="950"/>
				</task>
				<task id="25" pickup="Den Haag" delivery="Groningen" weight="19" reward="8119">
					<bid agent="Naive" bid="3240"/>
					<bid agent="Neutral" bid="777"/>
				</task>
				<task id="26" pickup="Eindhoven" delivery="Rotterdam" weight="15" reward="65233">
					<bid agent="Naive" bid="2092"/>
					<bid agent="Neutral" bid="533"/>
				</task>
				<task id="27" pickup="Groningen" delivery="Amsterdam" weight="15" reward="34661">
					<bid agent="Naive" bid="4116"/>
					<bid agent="Neutral" bid="464"/>
				</task>
				<task id="28" pickup="Utrecht" delivery="Almere" weight="23" reward="92712">
					<bid agent="Naive" bid="528"/>
					<bid agent="Neutral" bid="324"/>
				</task>
				<task id="29" pickup="Utrecht" delivery="Breda" weight="29" reward="80418">
					<bid agent="Naive" bid="667"/>
					<bid agent="Neutral" bid="293"/>
				</task>
			</tasks>
			<events>
				<event id="0" time="0" vehicle="Vehicle 4" pickup="7"/>
				<event id="1" time="0" vehicle="Vehicle 6" pickup="24"/>
				<event id="2" time="0" vehicle="Vehicle 7" pickup="15"/>
				<event id="3" time="300000000" vehicle="Vehicle 4" move="Amsterdam"/>
				<event id="4" time="300000000" vehicle="Vehicle 6" pickup="27"/>
				<event id="5" time="300000000" vehicle="Vehicle 7" move="Utrecht"/>
				<event id="6" time="600000000" vehicle="Vehicle 6" move="Almere"/>
				<event id="7" time="992222222" vehicle="Vehicle 7" move="Apeldoorn"/>
				<event id="8" time="1024444444" vehicle="Vehicle 4" pickup="20"/>
				<event id="9" time="1324444444" vehicle="Vehicle 4" move="Utrecht"/>
				<event id="10" time="1736666665" vehicle="Vehicle 7" pickup="2"/>
				<event id="11" time="1831111110" vehicle="Vehicle 4" pickup="29"/>
				<event id="12" time="2036666664" vehicle="Vehicle 7" pickup="8"/>
				<event id="13" time="2131111109" vehicle="Vehicle 4" move="Nijmegen"/>
				<event id="14" time="2311111111" vehicle="Vehicle 6" move="Amsterdam"/>
				<event id="15" time="2336666664" vehicle="Vehicle 7" deliver="15"/>
				<event id="16" time="2636666664" vehicle="Vehicle 7" move="Almere"/>
				<event id="17" time="2665555555" vehicle="Vehicle 6" deliver="24"/>
				<event id="18" time="2965555555" vehicle="Vehicle 6" deliver="27"/>
				<event id="19" time="3091111108" vehicle="Vehicle 4" deliver="20"/>
				<event id="20" time="3391111108" vehicle="Vehicle 4" deliver="7"/>
				<event id="21" time="3526666663" vehicle="Vehicle 7" pickup="18"/>
				<event id="22" time="3691111108" vehicle="Vehicle 4" move="Eindhoven"/>
				<event id="23" time="3826666663" vehicle="Vehicle 7" deliver="8"/>
				<event id="24" time="4126666662" vehicle="Vehicle 7" pickup="6"/>
				<event id="25" time="4426666662" vehicle="Vehicle 7" move="Utrecht"/>
				<event id="26" time="4471111107" vehicle="Vehicle 4" pickup="19"/>
				<event id="27" time="4771111107" vehicle="Vehicle 4" move="Breda"/>
				<event id="28" time="4907777773" vehicle="Vehicle 7" deliver="6"/>
				<event id="29" time="5207777772" vehicle="Vehicle 7" move="Rotterdam"/>
				<event id="30" time="5462222217" vehicle="Vehicle 4" deliver="19"/>
				<event id="31" time="5762222217" vehicle="Vehicle 4" pickup="0"/>
				<event id="32" time="5899999994" vehicle="Vehicle 7" move="Den Haag"/>
				<event id="33" time="6062222216" vehicle="Vehicle 4" deliver="29"/>
				<event id="34" time="6182222216" vehicle="Vehicle 7" pickup="13"/>
				<event id="35" time="6362222216" vehicle="Vehicle 4" move="Utrecht"/>
				<event id="36" time="6482222216" vehicle="Vehicle 7" deliver="2"/>
				<event id="37" time="6782222216" vehicle="Vehicle 7" move="Rotterdam"/>
				<event id="38" time="7064444437" vehicle="Vehicle 7" deliver="18"/>
				<event id="39" time="7178888881" vehicle="Vehicle 4" pickup="28"/>
				<event id="40" time="7364444437" vehicle="Vehicle 7" move="Breda"/>
				<event id="41" time="7478888881" vehicle="Vehicle 4" pickup="4"/>
				<event id="42" time="7778888881" vehicle="Vehicle 4" move="Almere"/>
				<event id="43" time="7904444437" vehicle="Vehicle 7" pickup="21"/>
				<event id="44" time="8204444436" vehicle="Vehicle 7" move="Eindhoven"/>
				<event id="45" time="8259999992" vehicle="Vehicle 4" deliver="28"/>
				<event id="46" time="8559999992" vehicle="Vehicle 4" pickup="10"/>
				<event id="47" time="8859999992" vehicle="Vehicle 4" deliver="0"/>
				<event id="48" time="8895555547" vehicle="Vehicle 7" pickup="14"/>
				<event id="49" time="9159999992" vehicle="Vehicle 4" move="Amsterdam"/>
				<event id="50" time="9195555546" vehicle="Vehicle 7" pickup="26"/>
				<event id="51" time="9495555546" vehicle="Vehicle 7" move="Nijmegen"/>
				<event id="52" time="9514444436" vehicle="Vehicle 4" pickup="16"/>
				<event id="53" time="9814444436" vehicle="Vehicle 4" pickup="23"/>
				<event id="54" time="10114444435" vehicle="Vehicle 4" deliver="4"/>
				<event id="55" time="10275555545" vehicle="Vehicle 7" deliver="14"/>
				<event id="56" time="10414444435" vehicle="Vehicle 4" move="Utrecht"/>
				<event id="57" time="10575555545" vehicle="Vehicle 7" deliver="21"/>
				<event id="58" time="10875555545" vehicle="Vehicle 7" move="Apeldoorn"/>
				<event id="59" time="10921111101" vehicle="Vehicle 4" move="Breda"/>
				<event id="60" time="11509999989" vehicle="Vehicle 7" pickup="17"/>
				<event id="61" time="11737777766" vehicle="Vehicle 4" deliver="16"/>
				<event id="62" time="11809999989" vehicle="Vehicle 7" deliver="13"/>
				<event id="63" time="12037777765" vehicle="Vehicle 4" pickup="11"/>
				<event id="64" time="12109999989" vehicle="Vehicle 7" pickup="9"/>
				<event id="65" time="12337777765" vehicle="Vehicle 4" move="Eindhoven"/>
				<event id="66" time="12409999989" vehicle="Vehicle 7" move="Utrecht"/>
				<event id="67" time="13028888875" vehicle="Vehicle 4" pickup="22"/>
				<event id="68" time="13154444433" vehicle="Vehicle 7" move="Rotterdam"/>
				<event id="69" time="13328888875" vehicle="Vehicle 4" deliver="10"/>
				<event id="70" time="13628888875" vehicle="Vehicle 4" move="Nijmegen"/>
				<event id="71" time="13846666655" vehicle="Vehicle 7" move="Den Haag"/>
				<event id="72" time="14128888876" vehicle="Vehicle 7" deliver="9"/>
				<event id="73" time="14408888874" vehicle="Vehicle 4" deliver="23"/>
				<event id="74" time="14428888876" vehicle="Vehicle 7" pickup="1"/>
				<event id="75" time="14708888874" vehicle="Vehicle 4" pickup="5"/>
				<event id="76" time="14728888876" vehicle="Vehicle 7" pickup="25"/>
				<event id="77" time="15008888873" vehicle="Vehicle 4" deliver="11"/>
				<event id="78" time="15028888875" vehicle="Vehicle 7" deliver="17"/>
				<event id="79" time="15308888873" vehicle="Vehicle 4" move="Apeldoorn"/>
				<event id="80" time="15328888875" vehicle="Vehicle 7" move="Rotterdam"/>
				<event id="81" time="15611111097" vehicle="Vehicle 7" pickup="12"/>
				<event id="82" time="15911111097" vehicle="Vehicle 7" deliver="26"/>
				<event id="83" time="15943333317" vehicle="Vehicle 4" move="Groningen"/>
				<event id="84" time="16211111096" vehicle="Vehicle 7" move="Utrecht"/>
				<event id="85" time="16903333318" vehicle="Vehicle 7" pickup="3"/>
				<event id="86" time="17203333317" vehicle="Vehicle 7" move="Almere"/>
				<event id="87" time="17509999983" vehicle="Vehicle 4" deliver="5"/>
				<event id="88" time="17684444428" vehicle="Vehicle 7" deliver="12"/>
				<event id="89" time="17809999983" vehicle="Vehicle 4" deliver="22"/>
				<event id="90" time="17984444428" vehicle="Vehicle 7" move="Groningen"/>
				<event id="91" time="19695555538" vehicle="Vehicle 7" deliver="3"/>
				<event id="92" time="19995555538" vehicle="Vehicle 7" deliver="25"/>
				<event id="93" time="20295555537" vehicle="Vehicle 7" deliver="1"/>
			</events>
		</round>
	</rounds>
	<statistics>
		<stat rank="1" agent="Neutral">
			<total-tasks value="30"/>
			<total-distance value="2157.4"/>
			<total-cost value="10787"/>
			<total-reward value="13675"/>
			<total-profit value="2888"/>
		</stat>
		<stat rank="2" agent="Naive">
			<total-tasks value="0"/>
			<total-distance value="0.0"/>
			<total-cost value="0"/>
			<total-reward value="0"/>
			<total-profit value="0"/>
		</stat>
	</statistics>
</history>
