<?xml version="1.0" encoding="ISO-8859-1"?>

<history configuration="config/rounds/auction1.xml">
	<agents>
		<agent name="Naive">
			<vehicle name="Vehicle 1"/>
			<vehicle name="Vehicle 2"/>
		</agent>
		<agent name="Zero">
			<vehicle name="Vehicle 3"/>
			<vehicle name="Vehicle 4"/>
		</agent>
	</agents>
	<rounds>
		<round id="1">
			<tasks>
				<task id="0" pickup="Leeds" delivery="Sheffield" weight="6" reward="1281">
					<bid agent="Naive" bid="699"/>
					<bid agent="Zero" bid="2029"/>
				</task>
				<task id="1" pickup="Liverpool" delivery="Sheffield" weight="7" reward="14258">
					<bid agent="Naive" bid="1152"/>
					<bid agent="Zero" bid="2382"/>
				</task>
				<task id="2" pickup="Manchester" delivery="Cardiff" weight="9" reward="31460">
					<bid agent="Naive" bid="1906"/>
					<bid agent="Zero" bid="2689"/>
				</task>
				<task id="3" pickup="Manchester" delivery="London" weight="6" reward="31997">
					<bid agent="Naive" bid="2289"/>
					<bid agent="Zero" bid="2704"/>
				</task>
				<task id="4" pickup="Plymouth" delivery="Birmingham" weight="8" reward="58829">
					<bid agent="Naive" bid="3401"/>
					<bid agent="Zero" bid="1814"/>
				</task>
				<task id="5" pickup="Liverpool" delivery="Norwich" weight="5" reward="58793">
					<bid agent="Naive" bid="3305"/>
					<bid agent="Zero" bid="2461"/>
				</task>
				<task id="6" pickup="Birmingham" delivery="Norwich" weight="8" reward="35595">
					<bid agent="Naive" bid="1958"/>
					<bid agent="Zero" bid="0"/>
				</task>
				<task id="7" pickup="Sheffield" delivery="Manchester" weight="7" reward="20470">
					<bid agent="Naive" bid="2398"/>
					<bid agent="Zero" bid="372"/>
				</task>
				<task id="8" pickup="Liverpool" delivery="Cardiff" weight="6" reward="37671">
					<bid agent="Naive" bid="3326"/>
					<bid agent="Zero" bid="1150"/>
				</task>
				<task id="9" pickup="Sheffield" delivery="Norwich" weight="7" reward="51741">
					<bid agent="Naive" bid="3782"/>
					<bid agent="Zero" bid="347"/>
				</task>
				<task id="10" pickup="Portsmouth" delivery="Cardiff" weight="5" reward="48984">
					<bid agent="Naive" bid="2176"/>
					<bid agent="Zero" bid="902"/>
				</task>
				<task id="11" pickup="Plymouth" delivery="London" weight="7" reward="37707">
					<bid agent="Naive" bid="2622"/>
					<bid agent="Zero" bid="0"/>
				</task>
				<task id="12" pickup="Sheffield" delivery="Norwich" weight="7" reward="51741">
					<bid agent="Naive" bid="2891"/>
					<bid agent="Zero" bid="491"/>
				</task>
				<task id="13" pickup="Newcastle" delivery="Liverpool" weight="9" reward="24497">
					<bid agent="Naive" bid="2634"/>
					<bid agent="Zero" bid="985"/>
				</task>
				<task id="14" pickup="Cardiff" delivery="Newcastle" weight="8" reward="55643">
					<bid agent="Naive" bid="3996"/>
					<bid agent="Zero" bid="1150"/>
				</task>
				<task id="15" pickup="Birmingham" delivery="Sheffield" weight="6" reward="10034">
					<bid agent="Naive" bid="1794"/>
					<bid agent="Zero" bid="0"/>
				</task>
				<task id="16" pickup="Newcastle" delivery="Birmingham" weight="5" reward="35058">
					<bid agent="Naive" bid="3132"/>
					<bid agent="Zero" bid="0"/>
				</task>
				<task id="17" pickup="Birmingham" delivery="Plymouth" weight="6" reward="58829">
					<bid agent="Naive" bid="3681"/>
					<bid agent="Zero" bid="649"/>
				</task>
				<task id="18" pickup="Cardiff" delivery="Newcastle" weight="8" reward="55643">
					<bid agent="Naive" bid="3958"/>
					<bid agent="Zero" bid="0"/>
				</task>
				<task id="19" pickup="Leeds" delivery="Sheffield" weight="6" reward="1281">
					<bid agent="Naive" bid="2526"/>
					<bid agent="Zero" bid="413"/>
				</task>
			</tasks>
			<events>
				<event id="0" time="0" vehicle="Vehicle 1" move="Leeds"/>
				<event id="1" time="0" vehicle="Vehicle 3" pickup="11"/>
				<event id="2" time="0" vehicle="Vehicle 4" move="London"/>
				<event id="3" time="300000000" vehicle="Vehicle 3" pickup="4"/>
				<event id="4" time="600000000" vehicle="Vehicle 3" move="Portsmouth"/>
				<event id="5" time="1094444444" vehicle="Vehicle 1" pickup="0"/>
				<event id="6" time="1277777777" vehicle="Vehicle 4" move="Portsmouth"/>
				<event id="7" time="1394444444" vehicle="Vehicle 1" move="Sheffield"/>
				<event id="8" time="1853333332" vehicle="Vehicle 1" deliver="0"/>
				<event id="9" time="2108888887" vehicle="Vehicle 4" pickup="10"/>
				<event id="10" time="2153333331" vehicle="Vehicle 1" move="Leeds"/>
				<event id="11" time="2408888887" vehicle="Vehicle 4" move="London"/>
				<event id="12" time="2488888888" vehicle="Vehicle 3" move="London"/>
				<event id="13" time="2612222219" vehicle="Vehicle 1" move="Liverpool"/>
				<event id="14" time="3239999998" vehicle="Vehicle 4" move="Birmingham"/>
				<event id="15" time="3319999999" vehicle="Vehicle 3" move="Birmingham"/>
				<event id="16" time="3417777773" vehicle="Vehicle 1" pickup="1"/>
				<event id="17" time="3717777773" vehicle="Vehicle 1" move="Leeds"/>
				<event id="18" time="4523333328" vehicle="Vehicle 1" move="Sheffield"/>
				<event id="19" time="4551111109" vehicle="Vehicle 4" move="Cardiff"/>
				<event id="20" time="4631111110" vehicle="Vehicle 3" deliver="4"/>
				<event id="21" time="4931111110" vehicle="Vehicle 3" pickup="17"/>
				<event id="22" time="4982222216" vehicle="Vehicle 1" deliver="1"/>
				<event id="23" time="5231111109" vehicle="Vehicle 3" move="London"/>
				<event id="24" time="5282222215" vehicle="Vehicle 1" move="Leeds"/>
				<event id="25" time="5741111103" vehicle="Vehicle 1" move="Liverpool"/>
				<event id="26" time="5828888885" vehicle="Vehicle 4" pickup="14"/>
				<event id="27" time="6128888884" vehicle="Vehicle 4" pickup="18"/>
				<event id="28" time="6428888884" vehicle="Vehicle 4" move="Birmingham"/>
				<event id="29" time="6542222219" vehicle="Vehicle 3" deliver="11"/>
				<event id="30" time="6546666657" vehicle="Vehicle 1" move="Manchester"/>
				<event id="31" time="6842222219" vehicle="Vehicle 3" move="Portsmouth"/>
				<event id="32" time="6932222212" vehicle="Vehicle 1" pickup="2"/>
				<event id="33" time="7232222211" vehicle="Vehicle 1" move="Birmingham"/>
				<event id="34" time="7673333329" vehicle="Vehicle 3" move="Plymouth"/>
				<event id="35" time="7706666661" vehicle="Vehicle 4" pickup="15"/>
				<event id="36" time="8006666660" vehicle="Vehicle 4" move="Sheffield"/>
				<event id="37" time="8286666654" vehicle="Vehicle 1" move="Cardiff"/>
				<event id="38" time="9008888881" vehicle="Vehicle 4" pickup="12"/>
				<event id="39" time="9308888881" vehicle="Vehicle 4" pickup="9"/>
				<event id="40" time="9562222217" vehicle="Vehicle 3" deliver="17"/>
				<event id="41" time="9564444431" vehicle="Vehicle 1" deliver="2"/>
				<event id="42" time="9608888881" vehicle="Vehicle 4" move="Leeds"/>
				<event id="43" time="9864444431" vehicle="Vehicle 1" move="Birmingham"/>
				<event id="44" time="10067777769" vehicle="Vehicle 4" pickup="19"/>
				<event id="45" time="10367777769" vehicle="Vehicle 4" move="Sheffield"/>
				<event id="46" time="10826666657" vehicle="Vehicle 4" pickup="7"/>
				<event id="47" time="11126666656" vehicle="Vehicle 4" deliver="19"/>
				<event id="48" time="11142222208" vehicle="Vehicle 1" move="Manchester"/>
				<event id="49" time="11426666656" vehicle="Vehicle 4" deliver="15"/>
				<event id="50" time="11726666656" vehicle="Vehicle 4" move="Leeds"/>
				<event id="51" time="12185555544" vehicle="Vehicle 4" move="Newcastle"/>
				<event id="52" time="12196666651" vehicle="Vehicle 1" pickup="3"/>
				<event id="53" time="12496666651" vehicle="Vehicle 1" move="Birmingham"/>
				<event id="54" time="13279999988" vehicle="Vehicle 4" deliver="14"/>
				<event id="55" time="13551111095" vehicle="Vehicle 1" move="London"/>
				<event id="56" time="13579999988" vehicle="Vehicle 4" pickup="16"/>
				<event id="57" time="13879999988" vehicle="Vehicle 4" pickup="13"/>
				<event id="58" time="14179999988" vehicle="Vehicle 4" deliver="18"/>
				<event id="59" time="14479999988" vehicle="Vehicle 4" move="Leeds"/>
				<event id="60" time="14862222205" vehicle="Vehicle 1" deliver="3"/>
				<event id="61" time="15574444432" vehicle="Vehicle 4" move="Liverpool"/>
				<event id="62" time="16379999987" vehicle="Vehicle 4" pickup="8"/>
				<event id="63" time="16679999987" vehicle="Vehicle 4" pickup="5"/>
				<event id="64" time="16979999987" vehicle="Vehicle 4" deliver="13"/>
				<event id="65" time="17279999987" vehicle="Vehicle 4" move="Manchester"/>
				<event id="66" time="17665555542" vehicle="Vehicle 4" deliver="7"/>
				<event id="67" time="17965555542" vehicle="Vehicle 4" move="Birmingham"/>
				<event id="68" time="19019999986" vehicle="Vehicle 4" move="Cardiff"/>
				<event id="69" time="20297777763" vehicle="Vehicle 4" deliver="10"/>
				<event id="70" time="20597777763" vehicle="Vehicle 4" deliver="8"/>
				<event id="71" time="20897777763" vehicle="Vehicle 4" move="Birmingham"/>
				<event id="72" time="22175555540" vehicle="Vehicle 4" pickup="6"/>
				<event id="73" time="22475555540" vehicle="Vehicle 4" deliver="16"/>
				<event id="74" time="22775555540" vehicle="Vehicle 4" move="London"/>
				<event id="75" time="24086666650" vehicle="Vehicle 4" move="Norwich"/>
				<event id="76" time="25364444427" vehicle="Vehicle 4" deliver="9"/>
				<event id="77" time="25664444427" vehicle="Vehicle 4" deliver="5"/>
				<event id="78" time="25964444427" vehicle="Vehicle 4" deliver="12"/>
				<event id="79" time="26264444426" vehicle="Vehicle 4" deliver="6"/>
			</events>
		</round>
	</rounds>
	<statistics>
		<stat rank="1" agent="Naive">
			<total-tasks value="4"/>
			<total-distance value="1148.6"/>
			<total-cost value="5743"/>
			<total-reward value="6046"/>
			<total-profit value="303"/>
		</stat>
		<stat rank="2" agent="Zero">
			<total-tasks value="16"/>
			<total-distance value="2414.4"/>
			<total-cost value="12072"/>
			<total-reward value="10734"/>
			<total-profit value="-1338"/>
		</stat>
	</statistics>
</history>
