<?xml version="1.0" encoding="ISO-8859-1"?>

<history configuration="config/rounds/auction3.xml">
	<agents>
		<agent name="AFK">
			<vehicle name="Vehicle 1"/>
			<vehicle name="Vehicle 2"/>
			<vehicle name="Vehicle 3"/>
			<vehicle name="Vehicle 4"/>
		</agent>
		<agent name="Opponent">
			<vehicle name="Vehicle 5"/>
			<vehicle name="Vehicle 6"/>
			<vehicle name="Vehicle 7"/>
			<vehicle name="Vehicle 8"/>
		</agent>
	</agents>
	<rounds>
		<round id="1">
			<tasks>
				<task id="0" pickup="Paris" delivery="Monaco" weight="25" reward="40845">
					<bid agent="Opponent" bid="7365"/>
				</task>
				<task id="1" pickup="Paris" delivery="Monaco" weight="25" reward="40845">
					<bid agent="Opponent" bid="0"/>
				</task>
				<task id="2" pickup="Lyon" delivery="Paris" weight="28" reward="78143">
					<bid agent="Opponent" bid="0"/>
				</task>
				<task id="3" pickup="Brest" delivery="Lyon" weight="13" reward="37398">
					<bid agent="Opponent" bid="5910"/>
				</task>
				<task id="4" pickup="Brest" delivery="Strasbourg" weight="25" reward="35950">
					<bid agent="Opponent" bid="4870"/>
				</task>
				<task id="5" pickup="Brest" delivery="Monaco" weight="15" reward="100">
					<bid agent="Opponent" bid="0"/>
				</task>
				<task id="6" pickup="Lyon" delivery="Monaco" weight="28" reward="72973">
					<bid agent="Opponent" bid="5395"/>
				</task>
				<task id="7" pickup="Paris" delivery="Le Havre" weight="26" reward="96758">
					<bid agent="Opponent" bid="1960"/>
				</task>
				<task id="8" pickup="Brest" delivery="Le Havre" weight="18" reward="56013">
					<bid agent="Opponent" bid="0"/>
				</task>
				<task id="9" pickup="Paris" delivery="Monaco" weight="25" reward="40845">
					<bid agent="Opponent" bid="1960"/>
				</task>
				<task id="10" pickup="Paris" delivery="Monaco" weight="25" reward="40845">
					<bid agent="Opponent" bid="0"/>
				</task>
				<task id="11" pickup="Marseille" delivery="Bordeaux" weight="16" reward="65734">
					<bid agent="Opponent" bid="4355"/>
				</task>
				<task id="12" pickup="Lyon" delivery="Monaco" weight="28" reward="72973">
					<bid agent="Opponent" bid="3295"/>
				</task>
				<task id="13" pickup="Genève" delivery="Marseille" weight="29" reward="78212">
					<bid agent="Opponent" bid="1935"/>
				</task>
				<task id="14" pickup="Le Havre" delivery="Strasbourg" weight="10" reward="63183">
					<bid agent="Opponent" bid="2075"/>
				</task>
				<task id="15" pickup="Monaco" delivery="Genève" weight="22" reward="74352">
					<bid agent="Opponent" bid="1490"/>
				</task>
				<task id="16" pickup="Bordeaux" delivery="Le Havre" weight="23" reward="56495">
					<bid agent="Opponent" bid="0"/>
				</task>
				<task id="17" pickup="Genève" delivery="Bordeaux" weight="16" reward="59460">
					<bid agent="Opponent" bid="0"/>
				</task>
				<task id="18" pickup="Monaco" delivery="Genève" weight="22" reward="74352">
					<bid agent="Opponent" bid="0"/>
				</task>
				<task id="19" pickup="Paris" delivery="Monaco" weight="25" reward="40845">
					<bid agent="Opponent" bid="380"/>
				</task>
				<task id="20" pickup="Monaco" delivery="Brest" weight="12" reward="100">
					<bid agent="Opponent" bid="5185"/>
				</task>
				<task id="21" pickup="Bordeaux" delivery="Marseille" weight="21" reward="65734">
					<bid agent="Opponent" bid="2240"/>
				</task>
				<task id="22" pickup="Brest" delivery="Marseille" weight="11" reward="15612">
					<bid agent="Opponent" bid="3600"/>
				</task>
				<task id="23" pickup="Monaco" delivery="Le Havre" weight="23" reward="27332">
					<bid agent="Opponent" bid="3940"/>
				</task>
				<task id="24" pickup="Brest" delivery="Le Havre" weight="18" reward="56013">
					<bid agent="Opponent" bid="0"/>
				</task>
				<task id="25" pickup="Brest" delivery="Bordeaux" weight="21" reward="29263">
					<bid agent="Opponent" bid="5815"/>
				</task>
				<task id="26" pickup="Strasbourg" delivery="Brest" weight="25" reward="35950">
					<bid agent="Opponent" bid="2775"/>
				</task>
				<task id="27" pickup="Paris" delivery="Strasbourg" weight="26" reward="76696">
					<bid agent="Opponent" bid="190"/>
				</task>
				<task id="28" pickup="Monaco" delivery="Genève" weight="22" reward="74352">
					<bid agent="Opponent" bid="645"/>
				</task>
				<task id="29" pickup="Monaco" delivery="Lyon" weight="15" reward="72973">
					<bid agent="Opponent" bid="4750"/>
				</task>
				<task id="30" pickup="Brest" delivery="Monaco" weight="15" reward="100">
					<bid agent="Opponent" bid="4605"/>
				</task>
				<task id="31" pickup="Genève" delivery="Le Havre" weight="23" reward="54358">
					<bid agent="Opponent" bid="0"/>
				</task>
				<task id="32" pickup="Marseille" delivery="Brest" weight="16" reward="15612">
					<bid agent="Opponent" bid="0"/>
				</task>
				<task id="33" pickup="Le Havre" delivery="Bordeaux" weight="22" reward="56495">
					<bid agent="Opponent" bid="3625"/>
				</task>
				<task id="34" pickup="Monaco" delivery="Brest" weight="12" reward="100">
					<bid agent="Opponent" bid="6240"/>
				</task>
				<task id="35" pickup="Le Havre" delivery="Marseille" weight="28" reward="42844">
					<bid agent="Opponent" bid="280"/>
				</task>
				<task id="36" pickup="Monaco" delivery="Lyon" weight="15" reward="72973">
					<bid agent="Opponent" bid="1290"/>
				</task>
				<task id="37" pickup="Paris" delivery="Strasbourg" weight="26" reward="76696">
					<bid agent="Opponent" bid="4930"/>
				</task>
				<task id="38" pickup="Strasbourg" delivery="Paris" weight="26" reward="76696">
					<bid agent="Opponent" bid="3815"/>
				</task>
				<task id="39" pickup="Bordeaux" delivery="Genève" weight="23" reward="59460">
					<bid agent="Opponent" bid="0"/>
				</task>
			</tasks>
			<events>
				<event id="0" time="0" vehicle="Vehicle 5" pickup="2"/>
				<event id="1" time="0" vehicle="Vehicle 7" pickup="34"/>
				<event id="2" time="0" vehicle="Vehicle 8" move="Genève"/>
				<event id="3" time="300000000" vehicle="Vehicle 5" move="Paris"/>
				<event id="4" time="300000000" vehicle="Vehicle 7" pickup="18"/>
				<event id="5" time="600000000" vehicle="Vehicle 7" pickup="15"/>
				<event id="6" time="900000000" vehicle="Vehicle 7" move="Genève"/>
				<event id="7" time="4322222222" vehicle="Vehicle 8" pickup="13"/>
				<event id="8" time="4622222222" vehicle="Vehicle 8" move="Lyon"/>
				<event id="9" time="5477777777" vehicle="Vehicle 5" deliver="2"/>
				<event id="10" time="5777777777" vehicle="Vehicle 5" pickup="1"/>
				<event id="11" time="6077777776" vehicle="Vehicle 5" pickup="7"/>
				<event id="12" time="6277777776" vehicle="Vehicle 8" move="Marseille"/>
				<event id="13" time="6377777776" vehicle="Vehicle 5" move="Le Havre"/>
				<event id="14" time="6688888888" vehicle="Vehicle 7" deliver="15"/>
				<event id="15" time="6988888888" vehicle="Vehicle 7" deliver="18"/>
				<event id="16" time="7288888887" vehicle="Vehicle 7" move="Strasbourg"/>
				<event id="17" time="8555555553" vehicle="Vehicle 5" pickup="35"/>
				<event id="18" time="8855555553" vehicle="Vehicle 5" deliver="7"/>
				<event id="19" time="9155555552" vehicle="Vehicle 5" move="Paris"/>
				<event id="20" time="9788888886" vehicle="Vehicle 8" deliver="13"/>
				<event id="21" time="10088888885" vehicle="Vehicle 8" move="Monaco"/>
				<event id="22" time="11333333329" vehicle="Vehicle 5" pickup="10"/>
				<event id="23" time="11611111109" vehicle="Vehicle 7" pickup="26"/>
				<event id="24" time="11633333329" vehicle="Vehicle 5" move="Lyon"/>
				<event id="25" time="11911111109" vehicle="Vehicle 7" move="Paris"/>
				<event id="26" time="12588888884" vehicle="Vehicle 8" pickup="28"/>
				<event id="27" time="12888888884" vehicle="Vehicle 8" pickup="36"/>
				<event id="28" time="13188888883" vehicle="Vehicle 8" pickup="29"/>
				<event id="29" time="13488888883" vehicle="Vehicle 8" pickup="23"/>
				<event id="30" time="13788888883" vehicle="Vehicle 8" move="Marseille"/>
				<event id="31" time="16288888882" vehicle="Vehicle 8" move="Lyon"/>
				<event id="32" time="16811111106" vehicle="Vehicle 5" move="Marseille"/>
				<event id="33" time="17322222219" vehicle="Vehicle 7" move="Brest"/>
				<event id="34" time="19799999993" vehicle="Vehicle 8" deliver="36"/>
				<event id="35" time="20099999993" vehicle="Vehicle 8" move="Genève"/>
				<event id="36" time="20322222216" vehicle="Vehicle 5" deliver="35"/>
				<event id="37" time="20622222216" vehicle="Vehicle 5" move="Monaco"/>
				<event id="38" time="21755555548" vehicle="Vehicle 8" pickup="17"/>
				<event id="39" time="22055555547" vehicle="Vehicle 8" deliver="28"/>
				<event id="40" time="22355555547" vehicle="Vehicle 8" pickup="31"/>
				<event id="41" time="22655555547" vehicle="Vehicle 8" move="Lyon"/>
				<event id="42" time="23122222215" vehicle="Vehicle 5" deliver="10"/>
				<event id="43" time="23422222215" vehicle="Vehicle 5" deliver="1"/>
				<event id="44" time="23888888884" vehicle="Vehicle 7" deliver="34"/>
				<event id="45" time="24188888883" vehicle="Vehicle 7" deliver="26"/>
				<event id="46" time="24311111102" vehicle="Vehicle 8" deliver="29"/>
				<event id="47" time="24488888883" vehicle="Vehicle 7" pickup="30"/>
				<event id="48" time="24611111102" vehicle="Vehicle 8" move="Paris"/>
				<event id="49" time="24788888883" vehicle="Vehicle 7" pickup="5"/>
				<event id="50" time="25088888882" vehicle="Vehicle 7" pickup="25"/>
				<event id="51" time="25388888882" vehicle="Vehicle 7" move="Paris"/>
				<event id="52" time="29788888878" vehicle="Vehicle 8" move="Le Havre"/>
				<event id="53" time="31955555548" vehicle="Vehicle 7" move="Bordeaux"/>
				<event id="54" time="31966666655" vehicle="Vehicle 8" deliver="31"/>
				<event id="55" time="32266666654" vehicle="Vehicle 8" pickup="33"/>
				<event id="56" time="32566666654" vehicle="Vehicle 8" deliver="23"/>
				<event id="57" time="32866666654" vehicle="Vehicle 8" move="Paris"/>
				<event id="58" time="35044444431" vehicle="Vehicle 8" move="Bordeaux"/>
				<event id="59" time="38444444436" vehicle="Vehicle 7" pickup="21"/>
				<event id="60" time="38744444436" vehicle="Vehicle 7" deliver="25"/>
				<event id="61" time="39044444435" vehicle="Vehicle 7" pickup="39"/>
				<event id="62" time="39344444435" vehicle="Vehicle 7" move="Lyon"/>
				<event id="63" time="41533333319" vehicle="Vehicle 8" pickup="16"/>
				<event id="64" time="41833333319" vehicle="Vehicle 8" deliver="33"/>
				<event id="65" time="42133333318" vehicle="Vehicle 8" deliver="17"/>
				<event id="66" time="42433333318" vehicle="Vehicle 8" move="Paris"/>
				<event id="67" time="45877777767" vehicle="Vehicle 7" move="Genève"/>
				<event id="68" time="47533333322" vehicle="Vehicle 7" deliver="39"/>
				<event id="69" time="47833333322" vehicle="Vehicle 7" move="Lyon"/>
				<event id="70" time="48922222206" vehicle="Vehicle 8" move="Brest"/>
				<event id="71" time="49488888876" vehicle="Vehicle 7" pickup="12"/>
				<event id="72" time="49788888876" vehicle="Vehicle 7" move="Marseille"/>
				<event id="73" time="53299999987" vehicle="Vehicle 7" deliver="21"/>
				<event id="74" time="53599999987" vehicle="Vehicle 7" move="Monaco"/>
				<event id="75" time="55488888871" vehicle="Vehicle 8" pickup="4"/>
				<event id="76" time="55788888871" vehicle="Vehicle 8" pickup="3"/>
				<event id="77" time="56088888870" vehicle="Vehicle 8" pickup="8"/>
				<event id="78" time="56099999987" vehicle="Vehicle 7" deliver="12"/>
				<event id="79" time="56388888870" vehicle="Vehicle 8" move="Paris"/>
				<event id="80" time="56399999987" vehicle="Vehicle 7" deliver="5"/>
				<event id="81" time="56699999987" vehicle="Vehicle 7" deliver="30"/>
				<event id="82" time="62955555536" vehicle="Vehicle 8" move="Le Havre"/>
				<event id="83" time="65133333313" vehicle="Vehicle 8" deliver="8"/>
				<event id="84" time="65433333313" vehicle="Vehicle 8" pickup="14"/>
				<event id="85" time="65733333313" vehicle="Vehicle 8" deliver="16"/>
				<event id="86" time="66033333312" vehicle="Vehicle 8" move="Paris"/>
				<event id="87" time="68211111089" vehicle="Vehicle 8" pickup="27"/>
				<event id="88" time="68511111089" vehicle="Vehicle 8" move="Strasbourg"/>
				<event id="89" time="73922222199" vehicle="Vehicle 8" deliver="4"/>
				<event id="90" time="74222222198" vehicle="Vehicle 8" pickup="38"/>
				<event id="91" time="74522222198" vehicle="Vehicle 8" deliver="27"/>
				<event id="92" time="74822222198" vehicle="Vehicle 8" deliver="14"/>
				<event id="93" time="75122222197" vehicle="Vehicle 8" move="Paris"/>
				<event id="94" time="80533333307" vehicle="Vehicle 8" pickup="9"/>
				<event id="95" time="80833333307" vehicle="Vehicle 8" deliver="38"/>
				<event id="96" time="81133333306" vehicle="Vehicle 8" pickup="0"/>
				<event id="97" time="81433333306" vehicle="Vehicle 8" move="Lyon"/>
				<event id="98" time="86611111083" vehicle="Vehicle 8" move="Marseille"/>
				<event id="99" time="90122222193" vehicle="Vehicle 8" pickup="11"/>
				<event id="100" time="90422222193" vehicle="Vehicle 8" move="Monaco"/>
				<event id="101" time="92922222192" vehicle="Vehicle 8" deliver="0"/>
				<event id="102" time="93222222191" vehicle="Vehicle 8" pickup="20"/>
				<event id="103" time="93522222191" vehicle="Vehicle 8" deliver="9"/>
				<event id="104" time="93822222191" vehicle="Vehicle 8" move="Marseille"/>
				<event id="105" time="96322222190" vehicle="Vehicle 8" pickup="32"/>
				<event id="106" time="96622222190" vehicle="Vehicle 8" move="Bordeaux"/>
				<event id="107" time="103799999967" vehicle="Vehicle 8" deliver="11"/>
				<event id="108" time="104099999967" vehicle="Vehicle 8" move="Paris"/>
				<event id="109" time="110588888855" vehicle="Vehicle 8" move="Brest"/>
				<event id="110" time="117155555521" vehicle="Vehicle 8" pickup="24"/>
				<event id="111" time="117455555521" vehicle="Vehicle 8" deliver="20"/>
				<event id="112" time="117755555521" vehicle="Vehicle 8" pickup="22"/>
				<event id="113" time="118055555520" vehicle="Vehicle 8" deliver="32"/>
				<event id="114" time="118355555520" vehicle="Vehicle 8" move="Paris"/>
				<event id="115" time="124922222186" vehicle="Vehicle 8" pickup="37"/>
				<event id="116" time="125222222185" vehicle="Vehicle 8" move="Le Havre"/>
				<event id="117" time="127399999962" vehicle="Vehicle 8" deliver="24"/>
				<event id="118" time="127699999962" vehicle="Vehicle 8" move="Paris"/>
				<event id="119" time="129877777739" vehicle="Vehicle 8" pickup="19"/>
				<event id="120" time="130177777738" vehicle="Vehicle 8" move="Strasbourg"/>
				<event id="121" time="135588888848" vehicle="Vehicle 8" deliver="37"/>
				<event id="122" time="135888888848" vehicle="Vehicle 8" move="Genève"/>
				<event id="123" time="140211111070" vehicle="Vehicle 8" move="Lyon"/>
				<event id="124" time="141866666624" vehicle="Vehicle 8" pickup="6"/>
				<event id="125" time="142166666623" vehicle="Vehicle 8" deliver="3"/>
				<event id="126" time="142466666623" vehicle="Vehicle 8" move="Marseille"/>
				<event id="127" time="145977777733" vehicle="Vehicle 8" deliver="22"/>
				<event id="128" time="146277777732" vehicle="Vehicle 8" move="Monaco"/>
				<event id="129" time="148777777731" vehicle="Vehicle 8" deliver="6"/>
				<event id="130" time="149077777730" vehicle="Vehicle 8" deliver="19"/>
			</events>
		</round>
	</rounds>
	<statistics>
		<stat rank="1" agent="AFK">
			<total-tasks value="0"/>
			<total-distance value="0.0"/>
			<total-cost value="0"/>
			<total-reward value="0"/>
			<total-profit value="0"/>
		</stat>
    <stat rank="2" agent="Opponent">
			<total-tasks value="40"/>
			<total-distance value="18549.0"/>
			<total-cost value="92745"/>
			<total-reward value="94915"/>
			<total-profit value="-1"/>
		</stat>
	</statistics>
</history>
