<?xml version="1.0" encoding="ISO-8859-1"?>

<history configuration="config/rounds/auction1.xml">
	<agents>
		<agent name="Zero">
			<vehicle name="Vehicle 1"/>
			<vehicle name="Vehicle 2"/>
		</agent>
		<agent name="Opponent">
			<vehicle name="Vehicle 3"/>
			<vehicle name="Vehicle 4"/>
		</agent>
	</agents>
	<rounds>
		<round id="1">
			<tasks>
				<task id="0" pickup="Leeds" delivery="Sheffield" weight="6" reward="1281">
					<bid agent="Zero" bid="699"/>
					<bid agent="Opponent" bid="973"/>
				</task>
				<task id="1" pickup="Liverpool" delivery="Sheffield" weight="7" reward="14258">
					<bid agent="Zero" bid="725"/>
					<bid agent="Opponent" bid="1034"/>
				</task>
				<task id="2" pickup="Manchester" delivery="Cardiff" weight="9" reward="31460">
					<bid agent="Zero" bid="1373"/>
					<bid agent="Opponent" bid="1049"/>
				</task>
				<task id="3" pickup="Manchester" delivery="London" weight="6" reward="31997">
					<bid agent="Zero" bid="1388"/>
					<bid agent="Opponent" bid="878"/>
				</task>
				<task id="4" pickup="Plymouth" delivery="Birmingham" weight="8" reward="58829">
					<bid agent="Zero" bid="2831"/>
					<bid agent="Opponent" bid="1474"/>
				</task>
				<task id="5" pickup="Liverpool" delivery="Norwich" weight="5" reward="58793">
					<bid agent="Zero" bid="1616"/>
					<bid agent="Opponent" bid="1484"/>
				</task>
				<task id="6" pickup="Birmingham" delivery="Norwich" weight="8" reward="35595">
					<bid agent="Zero" bid="1616"/>
					<bid agent="Opponent" bid="1051"/>
				</task>
				<task id="7" pickup="Sheffield" delivery="Manchester" weight="7" reward="20470">
					<bid agent="Zero" bid="742"/>
					<bid agent="Opponent" bid="797"/>
				</task>
				<task id="8" pickup="Liverpool" delivery="Cardiff" weight="6" reward="37671">
					<bid agent="Zero" bid="1043"/>
					<bid agent="Opponent" bid="1038"/>
				</task>
				<task id="9" pickup="Sheffield" delivery="Norwich" weight="7" reward="51741">
					<bid agent="Zero" bid="1633"/>
					<bid agent="Opponent" bid="1341"/>
				</task>
				<task id="10" pickup="Portsmouth" delivery="Cardiff" weight="5" reward="48984">
					<bid agent="Zero" bid="1913"/>
					<bid agent="Opponent" bid="1336"/>
				</task>
				<task id="11" pickup="Plymouth" delivery="London" weight="7" reward="37707">
					<bid agent="Zero" bid="2448"/>
					<bid agent="Opponent" bid="1169"/>
				</task>
				<task id="12" pickup="Sheffield" delivery="Norwich" weight="7" reward="51741">
					<bid agent="Zero" bid="1633"/>
					<bid agent="Opponent" bid="1402"/>
				</task>
				<task id="13" pickup="Newcastle" delivery="Liverpool" weight="9" reward="24497">
					<bid agent="Zero" bid="0"/>
					<bid agent="Opponent" bid="1066"/>
				</task>
				<task id="14" pickup="Cardiff" delivery="Newcastle" weight="8" reward="55643">
					<bid agent="Zero" bid="2049"/>
					<bid agent="Opponent" bid="1431"/>
				</task>
				<task id="15" pickup="Birmingham" delivery="Sheffield" weight="6" reward="10034">
					<bid agent="Zero" bid="200"/>
					<bid agent="Opponent" bid="651"/>
				</task>
				<task id="16" pickup="Newcastle" delivery="Birmingham" weight="5" reward="35058">
					<bid agent="Zero" bid="0"/>
					<bid agent="Opponent" bid="1132"/>
				</task>
				<task id="17" pickup="Birmingham" delivery="Plymouth" weight="6" reward="58829">
					<bid agent="Zero" bid="2265"/>
					<bid agent="Opponent" bid="1486"/>
				</task>
				<task id="18" pickup="Cardiff" delivery="Newcastle" weight="8" reward="55643">
					<bid agent="Zero" bid="1849"/>
					<bid agent="Opponent" bid="1409"/>
				</task>
				<task id="19" pickup="Leeds" delivery="Sheffield" weight="6" reward="1281">
					<bid agent="Zero" bid="0"/>
					<bid agent="Opponent" bid="541"/>
				</task>
			</tasks>
			<events>
				<event id="0" time="0" vehicle="Vehicle 1" pickup="13"/>
				<event id="1" time="0" vehicle="Vehicle 4" move="London"/>
				<event id="2" time="300000000" vehicle="Vehicle 1" pickup="16"/>
				<event id="3" time="600000000" vehicle="Vehicle 1" move="Leeds"/>
				<event id="4" time="1277777777" vehicle="Vehicle 4" move="Birmingham"/>
				<event id="5" time="1694444444" vehicle="Vehicle 1" pickup="19"/>
				<event id="6" time="1994444444" vehicle="Vehicle 1" pickup="0"/>
				<event id="7" time="2294444443" vehicle="Vehicle 1" move="Sheffield"/>
				<event id="8" time="2588888887" vehicle="Vehicle 4" pickup="17"/>
				<event id="9" time="2753333331" vehicle="Vehicle 1" pickup="7"/>
				<event id="10" time="2888888887" vehicle="Vehicle 4" move="London"/>
				<event id="11" time="3053333330" vehicle="Vehicle 1" move="Leeds"/>
				<event id="12" time="3512222218" vehicle="Vehicle 1" move="Liverpool"/>
				<event id="13" time="4199999998" vehicle="Vehicle 4" move="Portsmouth"/>
				<event id="14" time="4317777772" vehicle="Vehicle 1" pickup="1"/>
				<event id="15" time="4617777772" vehicle="Vehicle 1" deliver="13"/>
				<event id="16" time="4917777772" vehicle="Vehicle 1" move="Manchester"/>
				<event id="17" time="5031111109" vehicle="Vehicle 4" move="Plymouth"/>
				<event id="18" time="5303333327" vehicle="Vehicle 1" deliver="7"/>
				<event id="19" time="5603333327" vehicle="Vehicle 1" move="Birmingham"/>
				<event id="20" time="6657777770" vehicle="Vehicle 1" deliver="16"/>
				<event id="21" time="6919999997" vehicle="Vehicle 4" pickup="4"/>
				<event id="22" time="6957777770" vehicle="Vehicle 1" pickup="15"/>
				<event id="23" time="7219999997" vehicle="Vehicle 4" deliver="17"/>
				<event id="24" time="7257777769" vehicle="Vehicle 1" move="Sheffield"/>
				<event id="25" time="7519999997" vehicle="Vehicle 4" pickup="11"/>
				<event id="26" time="7819999997" vehicle="Vehicle 4" move="Portsmouth"/>
				<event id="27" time="8259999991" vehicle="Vehicle 1" deliver="19"/>
				<event id="28" time="8559999991" vehicle="Vehicle 1" deliver="0"/>
				<event id="29" time="8859999991" vehicle="Vehicle 1" deliver="15"/>
				<event id="30" time="9159999991" vehicle="Vehicle 1" deliver="1"/>
				<event id="31" time="9708888885" vehicle="Vehicle 4" pickup="10"/>
				<event id="32" time="10008888884" vehicle="Vehicle 4" move="London"/>
				<event id="33" time="10839999995" vehicle="Vehicle 4" move="Birmingham"/>
				<event id="34" time="12151111106" vehicle="Vehicle 4" move="Manchester"/>
				<event id="35" time="13205555549" vehicle="Vehicle 4" pickup="2"/>
				<event id="36" time="13505555549" vehicle="Vehicle 4" pickup="3"/>
				<event id="37" time="13805555549" vehicle="Vehicle 4" move="Liverpool"/>
				<event id="38" time="14191111104" vehicle="Vehicle 4" pickup="8"/>
				<event id="39" time="14491111104" vehicle="Vehicle 4" pickup="5"/>
				<event id="40" time="14791111104" vehicle="Vehicle 4" move="Leeds"/>
				<event id="41" time="15596666658" vehicle="Vehicle 4" move="Sheffield"/>
				<event id="42" time="16055555546" vehicle="Vehicle 4" pickup="12"/>
				<event id="43" time="16355555546" vehicle="Vehicle 4" pickup="9"/>
				<event id="44" time="16655555546" vehicle="Vehicle 4" move="Birmingham"/>
				<event id="45" time="17657777767" vehicle="Vehicle 4" move="Cardiff"/>
				<event id="46" time="18935555544" vehicle="Vehicle 4" deliver="2"/>
				<event id="47" time="19235555543" vehicle="Vehicle 4" deliver="8"/>
				<event id="48" time="19535555543" vehicle="Vehicle 4" deliver="10"/>
				<event id="49" time="19835555543" vehicle="Vehicle 4" pickup="18"/>
				<event id="50" time="20135555542" vehicle="Vehicle 4" pickup="14"/>
				<event id="51" time="20435555542" vehicle="Vehicle 4" move="Birmingham"/>
				<event id="52" time="21713333319" vehicle="Vehicle 4" deliver="4"/>
				<event id="53" time="22013333318" vehicle="Vehicle 4" pickup="6"/>
				<event id="54" time="22313333318" vehicle="Vehicle 4" move="London"/>
				<event id="55" time="23624444428" vehicle="Vehicle 4" deliver="3"/>
				<event id="56" time="23924444428" vehicle="Vehicle 4" deliver="11"/>
				<event id="57" time="24224444427" vehicle="Vehicle 4" move="Norwich"/>
				<event id="58" time="25502222204" vehicle="Vehicle 4" deliver="12"/>
				<event id="59" time="25802222204" vehicle="Vehicle 4" deliver="6"/>
				<event id="60" time="26102222203" vehicle="Vehicle 4" deliver="5"/>
				<event id="61" time="26402222203" vehicle="Vehicle 4" deliver="9"/>
				<event id="62" time="26702222203" vehicle="Vehicle 4" move="London"/>
				<event id="63" time="27979999980" vehicle="Vehicle 4" move="Birmingham"/>
				<event id="64" time="29291111091" vehicle="Vehicle 4" move="Sheffield"/>
				<event id="65" time="30293333312" vehicle="Vehicle 4" move="Leeds"/>
				<event id="66" time="30752222200" vehicle="Vehicle 4" move="Newcastle"/>
				<event id="67" time="31846666643" vehicle="Vehicle 4" deliver="18"/>
				<event id="68" time="32146666642" vehicle="Vehicle 4" deliver="14"/>
			</events>
		</round>
	</rounds>
	<statistics>
		<stat rank="1" agent="Opponent">
			<total-tasks value="13"/>
			<total-distance value="2218.2"/>
			<total-cost value="11091"/>
			<total-reward value="16548"/>
			<total-profit value="5457"/>
		</stat>
		<stat rank="2" agent="Zero">
			<total-tasks value="7"/>
			<total-distance value="473.4"/>
			<total-cost value="2367"/>
			<total-reward value="2366"/>
			<total-profit value="-1"/>
		</stat>
	</statistics>
</history>
