<?xml version="1.0" encoding="ISO-8859-1"?>

<history configuration="config/rounds/auction2.xml">
	<agents>
		<agent name="Neutral">
			<vehicle name="Vehicle 1"/>
			<vehicle name="Vehicle 2"/>
			<vehicle name="Vehicle 3"/>
		</agent>
		<agent name="Opponent">
			<vehicle name="Vehicle 4"/>
			<vehicle name="Vehicle 5"/>
			<vehicle name="Vehicle 6"/>
			<vehicle name="Vehicle 7"/>
		</agent>
	</agents>
	<rounds>
		<round id="1">
			<tasks>
				<task id="0" pickup="Breda" delivery="Almere" weight="27" reward="62791">
					<bid agent="Neutral" bid="369"/>
					<bid agent="Opponent" bid="541"/>
				</task>
				<task id="1" pickup="Den Haag" delivery="Groningen" weight="19" reward="8119">
					<bid agent="Neutral" bid="612"/>
					<bid agent="Opponent" bid="1018"/>
				</task>
				<task id="2" pickup="Apeldoorn" delivery="Den Haag" weight="26" reward="47362">
					<bid agent="Neutral" bid="425"/>
					<bid agent="Opponent" bid="626"/>
				</task>
				<task id="3" pickup="Utrecht" delivery="Groningen" weight="12" reward="30020">
					<bid agent="Neutral" bid="295"/>
					<bid agent="Opponent" bid="824"/>
				</task>
				<task id="4" pickup="Utrecht" delivery="Amsterdam" weight="24" reward="91775">
					<bid agent="Neutral" bid="126"/>
					<bid agent="Opponent" bid="220"/>
				</task>
				<task id="5" pickup="Nijmegen" delivery="Groningen" weight="26" reward="29695">
					<bid agent="Neutral" bid="552"/>
					<bid agent="Opponent" bid="819"/>
				</task>
				<task id="6" pickup="Almere" delivery="Utrecht" weight="26" reward="92712">
					<bid agent="Neutral" bid="118"/>
					<bid agent="Opponent" bid="228"/>
				</task>
				<task id="7" pickup="Den Haag" delivery="Nijmegen" weight="28" reward="54405">
					<bid agent="Neutral" bid="281"/>
					<bid agent="Opponent" bid="556"/>
				</task>
				<task id="8" pickup="Apeldoorn" delivery="Almere" weight="21" reward="77731">
					<bid agent="Neutral" bid="213"/>
					<bid agent="Opponent" bid="315"/>
				</task>
				<task id="9" pickup="Apeldoorn" delivery="Den Haag" weight="26" reward="47362">
					<bid agent="Neutral" bid="517"/>
					<bid agent="Opponent" bid="607"/>
				</task>
				<task id="10" pickup="Almere" delivery="Eindhoven" weight="12" reward="55300">
					<bid agent="Neutral" bid="457"/>
					<bid agent="Opponent" bid="576"/>
				</task>
				<task id="11" pickup="Breda" delivery="Nijmegen" weight="11" reward="71177">
					<bid agent="Neutral" bid="411"/>
					<bid agent="Opponent" bid="463"/>
				</task>
				<task id="12" pickup="Rotterdam" delivery="Almere" weight="22" reward="67350">
					<bid agent="Neutral" bid="237"/>
					<bid agent="Opponent" bid="411"/>
				</task>
				<task id="13" pickup="Den Haag" delivery="Apeldoorn" weight="17" reward="47362">
					<bid agent="Neutral" bid="743"/>
					<bid agent="Opponent" bid="602"/>
				</task>
				<task id="14" pickup="Eindhoven" delivery="Nijmegen" weight="28" reward="81761">
					<bid agent="Neutral" bid="409"/>
					<bid agent="Opponent" bid="302"/>
				</task>
				<task id="15" pickup="Rotterdam" delivery="Apeldoorn" weight="16" reward="57702">
					<bid agent="Neutral" bid="311"/>
					<bid agent="Opponent" bid="537"/>
				</task>
				<task id="16" pickup="Amsterdam" delivery="Breda" weight="23" reward="61855">
					<bid agent="Neutral" bid="259"/>
					<bid agent="Opponent" bid="502"/>
				</task>
				<task id="17" pickup="Apeldoorn" delivery="Den Haag" weight="26" reward="47362">
					<bid agent="Neutral" bid="748"/>
					<bid agent="Opponent" bid="611"/>
				</task>
				<task id="18" pickup="Almere" delivery="Rotterdam" weight="25" reward="67350">
					<bid agent="Neutral" bid="314"/>
					<bid agent="Opponent" bid="369"/>
				</task>
				<task id="19" pickup="Eindhoven" delivery="Breda" weight="15" reward="85018">
					<bid agent="Neutral" bid="196"/>
					<bid agent="Opponent" bid="244"/>
				</task>
				<task id="20" pickup="Amsterdam" delivery="Nijmegen" weight="20" reward="56603">
					<bid agent="Neutral" bid="268"/>
					<bid agent="Opponent" bid="543"/>
				</task>
				<task id="21" pickup="Breda" delivery="Nijmegen" weight="11" reward="71177">
					<bid agent="Neutral" bid="163"/>
					<bid agent="Opponent" bid="380"/>
				</task>
				<task id="22" pickup="Eindhoven" delivery="Groningen" weight="27" reward="1117">
					<bid agent="Neutral" bid="988"/>
					<bid agent="Opponent" bid="977"/>
				</task>
				<task id="23" pickup="Amsterdam" delivery="Nijmegen" weight="20" reward="56603">
					<bid agent="Neutral" bid="203"/>
					<bid agent="Opponent" bid="485"/>
				</task>
				<task id="24" pickup="Groningen" delivery="Amsterdam" weight="15" reward="34661">
					<bid agent="Neutral" bid="758"/>
					<bid agent="Opponent" bid="709"/>
				</task>
				<task id="25" pickup="Den Haag" delivery="Groningen" weight="19" reward="8119">
					<bid agent="Neutral" bid="310"/>
					<bid agent="Opponent" bid="949"/>
				</task>
				<task id="26" pickup="Eindhoven" delivery="Rotterdam" weight="15" reward="65233">
					<bid agent="Neutral" bid="168"/>
					<bid agent="Opponent" bid="493"/>
				</task>
				<task id="27" pickup="Groningen" delivery="Amsterdam" weight="15" reward="34661">
					<bid agent="Neutral" bid="450"/>
					<bid agent="Opponent" bid="661"/>
				</task>
				<task id="28" pickup="Utrecht" delivery="Almere" weight="23" reward="92712">
					<bid agent="Neutral" bid="245"/>
					<bid agent="Opponent" bid="196"/>
				</task>
				<task id="29" pickup="Utrecht" delivery="Breda" weight="29" reward="80418">
					<bid agent="Neutral" bid="469"/>
					<bid agent="Opponent" bid="312"/>
				</task>
			</tasks>
			<events>
				<event id="0" time="0" vehicle="Vehicle 2" pickup="19"/>
				<event id="1" time="0" vehicle="Vehicle 3" move="Apeldoorn"/>
				<event id="2" time="0" vehicle="Vehicle 4" pickup="13"/>
				<event id="3" time="300000000" vehicle="Vehicle 2" pickup="26"/>
				<event id="4" time="300000000" vehicle="Vehicle 4" move="Rotterdam"/>
				<event id="5" time="582222222" vehicle="Vehicle 4" move="Utrecht"/>
				<event id="6" time="600000000" vehicle="Vehicle 2" move="Breda"/>
				<event id="7" time="744444444" vehicle="Vehicle 3" pickup="9"/>
				<event id="8" time="1044444443" vehicle="Vehicle 3" pickup="8"/>
				<event id="9" time="1274444443" vehicle="Vehicle 4" pickup="28"/>
				<event id="10" time="1291111111" vehicle="Vehicle 2" pickup="0"/>
				<event id="11" time="1344444443" vehicle="Vehicle 3" pickup="2"/>
				<event id="12" time="1574444443" vehicle="Vehicle 4" pickup="29"/>
				<event id="13" time="1591111111" vehicle="Vehicle 2" deliver="19"/>
				<event id="14" time="1644444443" vehicle="Vehicle 3" move="Almere"/>
				<event id="15" time="1874444443" vehicle="Vehicle 4" move="Almere"/>
				<event id="16" time="1891111111" vehicle="Vehicle 2" move="Utrecht"/>
				<event id="17" time="2355555553" vehicle="Vehicle 4" deliver="28"/>
				<event id="18" time="2534444442" vehicle="Vehicle 3" deliver="8"/>
				<event id="19" time="2655555553" vehicle="Vehicle 4" move="Utrecht"/>
				<event id="20" time="2707777776" vehicle="Vehicle 2" pickup="4"/>
				<event id="21" time="2834444442" vehicle="Vehicle 3" pickup="18"/>
				<event id="22" time="3007777775" vehicle="Vehicle 2" move="Almere"/>
				<event id="23" time="3134444441" vehicle="Vehicle 3" move="Amsterdam"/>
				<event id="24" time="3136666663" vehicle="Vehicle 4" move="Breda"/>
				<event id="25" time="3488888885" vehicle="Vehicle 3" move="Den Haag"/>
				<event id="26" time="3488888886" vehicle="Vehicle 2" deliver="0"/>
				<event id="27" time="3788888886" vehicle="Vehicle 2" pickup="10"/>
				<event id="28" time="3953333329" vehicle="Vehicle 4" deliver="29"/>
				<event id="29" time="4088888885" vehicle="Vehicle 2" move="Amsterdam"/>
				<event id="30" time="4213333329" vehicle="Vehicle 3" deliver="2"/>
				<event id="31" time="4253333328" vehicle="Vehicle 4" move="Eindhoven"/>
				<event id="32" time="4443333329" vehicle="Vehicle 2" deliver="4"/>
				<event id="33" time="4513333329" vehicle="Vehicle 3" pickup="1"/>
				<event id="34" time="4743333329" vehicle="Vehicle 2" pickup="16"/>
				<event id="35" time="4813333329" vehicle="Vehicle 3" deliver="9"/>
				<event id="36" time="4944444439" vehicle="Vehicle 4" pickup="22"/>
				<event id="37" time="5043333328" vehicle="Vehicle 2" move="Den Haag"/>
				<event id="38" time="5113333328" vehicle="Vehicle 3" pickup="25"/>
				<event id="39" time="5244444438" vehicle="Vehicle 4" pickup="14"/>
				<event id="40" time="5413333328" vehicle="Vehicle 3" move="Rotterdam"/>
				<event id="41" time="5544444438" vehicle="Vehicle 4" move="Nijmegen"/>
				<event id="42" time="5695555550" vehicle="Vehicle 3" deliver="18"/>
				<event id="43" time="5767777772" vehicle="Vehicle 2" pickup="7"/>
				<event id="44" time="5995555550" vehicle="Vehicle 3" pickup="12"/>
				<event id="45" time="6067777771" vehicle="Vehicle 2" move="Rotterdam"/>
				<event id="46" time="6295555549" vehicle="Vehicle 3" move="Utrecht"/>
				<event id="47" time="6324444437" vehicle="Vehicle 4" deliver="14"/>
				<event id="48" time="6349999993" vehicle="Vehicle 2" deliver="26"/>
				<event id="49" time="6624444437" vehicle="Vehicle 4" move="Apeldoorn"/>
				<event id="50" time="6649999993" vehicle="Vehicle 2" pickup="15"/>
				<event id="51" time="6949999993" vehicle="Vehicle 2" move="Breda"/>
				<event id="52" time="6987777771" vehicle="Vehicle 3" pickup="3"/>
				<event id="53" time="7258888880" vehicle="Vehicle 4" deliver="13"/>
				<event id="54" time="7287777770" vehicle="Vehicle 3" move="Almere"/>
				<event id="55" time="7489999993" vehicle="Vehicle 2" deliver="16"/>
				<event id="56" time="7558888880" vehicle="Vehicle 4" pickup="17"/>
				<event id="57" time="7768888881" vehicle="Vehicle 3" move="Groningen"/>
				<event id="58" time="7789999993" vehicle="Vehicle 2" pickup="21"/>
				<event id="59" time="7858888880" vehicle="Vehicle 4" move="Groningen"/>
				<event id="60" time="8089999993" vehicle="Vehicle 2" pickup="11"/>
				<event id="61" time="8389999993" vehicle="Vehicle 2" move="Eindhoven"/>
				<event id="62" time="9081111104" vehicle="Vehicle 2" deliver="10"/>
				<event id="63" time="9381111104" vehicle="Vehicle 2" move="Nijmegen"/>
				<event id="64" time="9425555546" vehicle="Vehicle 4" pickup="24"/>
				<event id="65" time="9479999992" vehicle="Vehicle 3" deliver="3"/>
				<event id="66" time="9725555546" vehicle="Vehicle 4" deliver="22"/>
				<event id="67" time="9779999992" vehicle="Vehicle 3" deliver="1"/>
				<event id="68" time="10025555545" vehicle="Vehicle 4" move="Almere"/>
				<event id="69" time="10079999992" vehicle="Vehicle 3" deliver="25"/>
				<event id="70" time="10161111103" vehicle="Vehicle 2" deliver="7"/>
				<event id="71" time="10379999992" vehicle="Vehicle 3" pickup="27"/>
				<event id="72" time="10461111103" vehicle="Vehicle 2" pickup="5"/>
				<event id="73" time="10679999992" vehicle="Vehicle 3" move="Almere"/>
				<event id="74" time="10761111103" vehicle="Vehicle 2" deliver="11"/>
				<event id="75" time="11061111102" vehicle="Vehicle 2" deliver="21"/>
				<event id="76" time="11361111102" vehicle="Vehicle 2" move="Apeldoorn"/>
				<event id="77" time="11736666655" vehicle="Vehicle 4" move="Amsterdam"/>
				<event id="78" time="11995555546" vehicle="Vehicle 2" deliver="15"/>
				<event id="79" time="12091111099" vehicle="Vehicle 4" deliver="24"/>
				<event id="80" time="12295555545" vehicle="Vehicle 2" move="Groningen"/>
				<event id="81" time="12391111099" vehicle="Vehicle 4" move="Den Haag"/>
				<event id="82" time="12391111103" vehicle="Vehicle 3" pickup="6"/>
				<event id="83" time="12691111103" vehicle="Vehicle 3" deliver="12"/>
				<event id="84" time="12991111103" vehicle="Vehicle 3" move="Amsterdam"/>
				<event id="85" time="13115555542" vehicle="Vehicle 4" deliver="17"/>
				<event id="86" time="13345555546" vehicle="Vehicle 3" pickup="20"/>
				<event id="87" time="13645555546" vehicle="Vehicle 3" deliver="27"/>
				<event id="88" time="13862222211" vehicle="Vehicle 2" deliver="5"/>
				<event id="89" time="13945555546" vehicle="Vehicle 3" pickup="23"/>
				<event id="90" time="14245555545" vehicle="Vehicle 3" move="Utrecht"/>
				<event id="91" time="14752222211" vehicle="Vehicle 3" deliver="6"/>
				<event id="92" time="15052222210" vehicle="Vehicle 3" move="Nijmegen"/>
				<event id="93" time="16012222209" vehicle="Vehicle 3" deliver="23"/>
				<event id="94" time="16312222209" vehicle="Vehicle 3" deliver="20"/>
			</events>
		</round>
	</rounds>
	<statistics>
		<stat rank="1" agent="Neutral">
			<total-tasks value="23"/>
			<total-distance value="1527.7"/>
			<total-cost value="7639"/>
			<total-reward value="7255"/>
			<total-profit value="-384"/>
		</stat>
		<stat rank="2" agent="Opponent">
			<total-tasks value="7"/>
			<total-distance value="829.4"/>
			<total-cost value="4147"/>
			<total-reward value="3709"/>
			<total-profit value="-438"/>
		</stat>
	</statistics>
</history>
