<?xml version="1.0" encoding="ISO-8859-1"?>

<history configuration="config/rounds/auction2.xml">
	<agents>
		<agent name="Neutral">
			<vehicle name="Vehicle 1"/>
			<vehicle name="Vehicle 2"/>
			<vehicle name="Vehicle 3"/>
		</agent>
		<agent name="Margin">
			<vehicle name="Vehicle 4"/>
			<vehicle name="Vehicle 5"/>
			<vehicle name="Vehicle 6"/>
			<vehicle name="Vehicle 7"/>
		</agent>
	</agents>
	<rounds>
		<round id="1">
			<tasks>
				<task id="0" pickup="Breda" delivery="Almere" weight="27" reward="62791">
					<bid agent="Neutral" bid="369"/>
					<bid agent="Margin" bid="413"/>
				</task>
				<task id="1" pickup="Den Haag" delivery="Groningen" weight="19" reward="8119">
					<bid agent="Neutral" bid="612"/>
					<bid agent="Margin" bid="724"/>
				</task>
				<task id="2" pickup="Apeldoorn" delivery="Den Haag" weight="26" reward="47362">
					<bid agent="Neutral" bid="425"/>
					<bid agent="Margin" bid="510"/>
				</task>
				<task id="3" pickup="Utrecht" delivery="Groningen" weight="12" reward="30020">
					<bid agent="Neutral" bid="295"/>
					<bid agent="Margin" bid="970"/>
				</task>
				<task id="4" pickup="Utrecht" delivery="Amsterdam" weight="24" reward="91775">
					<bid agent="Neutral" bid="126"/>
					<bid agent="Margin" bid="452"/>
				</task>
				<task id="5" pickup="Nijmegen" delivery="Groningen" weight="26" reward="29695">
					<bid agent="Neutral" bid="552"/>
					<bid agent="Margin" bid="1196"/>
				</task>
				<task id="6" pickup="Almere" delivery="Utrecht" weight="26" reward="92712">
					<bid agent="Neutral" bid="75"/>
					<bid agent="Margin" bid="641"/>
				</task>
				<task id="7" pickup="Den Haag" delivery="Nijmegen" weight="28" reward="54405">
					<bid agent="Neutral" bid="325"/>
					<bid agent="Margin" bid="788"/>
				</task>
				<task id="8" pickup="Apeldoorn" delivery="Almere" weight="21" reward="77731">
					<bid agent="Neutral" bid="195"/>
					<bid agent="Margin" bid="504"/>
				</task>
				<task id="9" pickup="Apeldoorn" delivery="Den Haag" weight="26" reward="47362">
					<bid agent="Neutral" bid="432"/>
					<bid agent="Margin" bid="1064"/>
				</task>
				<task id="10" pickup="Almere" delivery="Eindhoven" weight="12" reward="55300">
					<bid agent="Neutral" bid="535"/>
					<bid agent="Margin" bid="1614"/>
				</task>
				<task id="11" pickup="Breda" delivery="Nijmegen" weight="11" reward="71177">
					<bid agent="Neutral" bid="393"/>
					<bid agent="Margin" bid="1122"/>
				</task>
				<task id="12" pickup="Rotterdam" delivery="Almere" weight="22" reward="67350">
					<bid agent="Neutral" bid="294"/>
					<bid agent="Margin" bid="844"/>
				</task>
				<task id="13" pickup="Den Haag" delivery="Apeldoorn" weight="17" reward="47362">
					<bid agent="Neutral" bid="430"/>
					<bid agent="Margin" bid="1275"/>
				</task>
				<task id="14" pickup="Eindhoven" delivery="Nijmegen" weight="28" reward="81761">
					<bid agent="Neutral" bid="381"/>
					<bid agent="Margin" bid="1538"/>
				</task>
				<task id="15" pickup="Rotterdam" delivery="Apeldoorn" weight="16" reward="57702">
					<bid agent="Neutral" bid="649"/>
					<bid agent="Margin" bid="1130"/>
				</task>
				<task id="16" pickup="Amsterdam" delivery="Breda" weight="23" reward="61855">
					<bid agent="Neutral" bid="297"/>
					<bid agent="Margin" bid="1657"/>
				</task>
				<task id="17" pickup="Apeldoorn" delivery="Den Haag" weight="26" reward="47362">
					<bid agent="Neutral" bid="386"/>
					<bid agent="Margin" bid="1430"/>
				</task>
				<task id="18" pickup="Almere" delivery="Rotterdam" weight="25" reward="67350">
					<bid agent="Neutral" bid="381"/>
					<bid agent="Margin" bid="1763"/>
				</task>
				<task id="19" pickup="Eindhoven" delivery="Breda" weight="15" reward="85018">
					<bid agent="Neutral" bid="485"/>
					<bid agent="Margin" bid="1686"/>
				</task>
				<task id="20" pickup="Amsterdam" delivery="Nijmegen" weight="20" reward="56603">
					<bid agent="Neutral" bid="414"/>
					<bid agent="Margin" bid="1972"/>
				</task>
				<task id="21" pickup="Breda" delivery="Nijmegen" weight="11" reward="71177">
					<bid agent="Neutral" bid="240"/>
					<bid agent="Margin" bid="1484"/>
				</task>
				<task id="22" pickup="Eindhoven" delivery="Groningen" weight="27" reward="1117">
					<bid agent="Neutral" bid="1096"/>
					<bid agent="Margin" bid="3979"/>
				</task>
				<task id="23" pickup="Amsterdam" delivery="Nijmegen" weight="20" reward="56603">
					<bid agent="Neutral" bid="330"/>
					<bid agent="Margin" bid="2119"/>
				</task>
				<task id="24" pickup="Groningen" delivery="Amsterdam" weight="15" reward="34661">
					<bid agent="Neutral" bid="953"/>
					<bid agent="Margin" bid="2043"/>
				</task>
				<task id="25" pickup="Den Haag" delivery="Groningen" weight="19" reward="8119">
					<bid agent="Neutral" bid="864"/>
					<bid agent="Margin" bid="2823"/>
				</task>
				<task id="26" pickup="Eindhoven" delivery="Rotterdam" weight="15" reward="65233">
					<bid agent="Neutral" bid="398"/>
					<bid agent="Margin" bid="2548"/>
				</task>
				<task id="27" pickup="Groningen" delivery="Amsterdam" weight="15" reward="34661">
					<bid agent="Neutral" bid="464"/>
					<bid agent="Margin" bid="2183"/>
				</task>
				<task id="28" pickup="Utrecht" delivery="Almere" weight="23" reward="92712">
					<bid agent="Neutral" bid="248"/>
					<bid agent="Margin" bid="1267"/>
				</task>
				<task id="29" pickup="Utrecht" delivery="Breda" weight="29" reward="80418">
					<bid agent="Neutral" bid="726"/>
					<bid agent="Margin" bid="1663"/>
				</task>
			</tasks>
			<events>
				<event id="0" time="0" vehicle="Vehicle 2" pickup="14"/>
				<event id="1" time="0" vehicle="Vehicle 3" pickup="3"/>
				<event id="2" time="300000000" vehicle="Vehicle 2" move="Nijmegen"/>
				<event id="3" time="300000000" vehicle="Vehicle 3" pickup="4"/>
				<event id="4" time="600000000" vehicle="Vehicle 3" move="Rotterdam"/>
				<event id="5" time="1080000000" vehicle="Vehicle 2" deliver="14"/>
				<event id="6" time="1292222222" vehicle="Vehicle 3" move="Den Haag"/>
				<event id="7" time="1380000000" vehicle="Vehicle 2" move="Apeldoorn"/>
				<event id="8" time="1574444444" vehicle="Vehicle 3" pickup="1"/>
				<event id="9" time="1874444444" vehicle="Vehicle 3" pickup="25"/>
				<event id="10" time="2014444444" vehicle="Vehicle 2" pickup="17"/>
				<event id="11" time="2174444443" vehicle="Vehicle 3" move="Amsterdam"/>
				<event id="12" time="2314444444" vehicle="Vehicle 2" pickup="9"/>
				<event id="13" time="2614444444" vehicle="Vehicle 2" pickup="2"/>
				<event id="14" time="2898888887" vehicle="Vehicle 3" move="Almere"/>
				<event id="15" time="2914444444" vehicle="Vehicle 2" move="Utrecht"/>
				<event id="16" time="3253333331" vehicle="Vehicle 3" move="Groningen"/>
				<event id="17" time="3658888887" vehicle="Vehicle 2" move="Rotterdam"/>
				<event id="18" time="4351111109" vehicle="Vehicle 2" move="Den Haag"/>
				<event id="19" time="4633333331" vehicle="Vehicle 2" deliver="2"/>
				<event id="20" time="4933333331" vehicle="Vehicle 2" pickup="13"/>
				<event id="21" time="4964444441" vehicle="Vehicle 3" deliver="1"/>
				<event id="22" time="5233333330" vehicle="Vehicle 2" deliver="9"/>
				<event id="23" time="5264444440" vehicle="Vehicle 3" pickup="27"/>
				<event id="24" time="5533333330" vehicle="Vehicle 2" pickup="7"/>
				<event id="25" time="5564444440" vehicle="Vehicle 3" deliver="25"/>
				<event id="26" time="5833333330" vehicle="Vehicle 2" deliver="17"/>
				<event id="27" time="5864444440" vehicle="Vehicle 3" pickup="24"/>
				<event id="28" time="6133333329" vehicle="Vehicle 2" move="Rotterdam"/>
				<event id="29" time="6164444439" vehicle="Vehicle 3" deliver="3"/>
				<event id="30" time="6415555551" vehicle="Vehicle 2" pickup="15"/>
				<event id="31" time="6464444439" vehicle="Vehicle 3" move="Almere"/>
				<event id="32" time="6715555551" vehicle="Vehicle 2" move="Nijmegen"/>
				<event id="33" time="7959999995" vehicle="Vehicle 2" deliver="7"/>
				<event id="34" time="8175555549" vehicle="Vehicle 3" pickup="18"/>
				<event id="35" time="8259999995" vehicle="Vehicle 2" move="Apeldoorn"/>
				<event id="36" time="8475555549" vehicle="Vehicle 3" move="Amsterdam"/>
				<event id="37" time="8829999993" vehicle="Vehicle 3" deliver="4"/>
				<event id="38" time="8894444439" vehicle="Vehicle 2" deliver="15"/>
				<event id="39" time="9129999993" vehicle="Vehicle 3" deliver="27"/>
				<event id="40" time="9194444438" vehicle="Vehicle 2" pickup="8"/>
				<event id="41" time="9429999993" vehicle="Vehicle 3" deliver="24"/>
				<event id="42" time="9494444438" vehicle="Vehicle 2" deliver="13"/>
				<event id="43" time="9729999993" vehicle="Vehicle 3" pickup="16"/>
				<event id="44" time="9794444438" vehicle="Vehicle 2" move="Almere"/>
				<event id="45" time="10029999993" vehicle="Vehicle 3" move="Utrecht"/>
				<event id="46" time="10536666659" vehicle="Vehicle 3" pickup="29"/>
				<event id="47" time="10684444437" vehicle="Vehicle 2" pickup="10"/>
				<event id="48" time="10836666659" vehicle="Vehicle 3" move="Rotterdam"/>
				<event id="49" time="10984444437" vehicle="Vehicle 2" pickup="6"/>
				<event id="50" time="11284444436" vehicle="Vehicle 2" deliver="8"/>
				<event id="51" time="11528888880" vehicle="Vehicle 3" deliver="18"/>
				<event id="52" time="11584444436" vehicle="Vehicle 2" move="Amsterdam"/>
				<event id="53" time="11828888880" vehicle="Vehicle 3" move="Breda"/>
				<event id="54" time="11938888880" vehicle="Vehicle 2" pickup="23"/>
				<event id="55" time="12238888879" vehicle="Vehicle 2" pickup="20"/>
				<event id="56" time="12368888879" vehicle="Vehicle 3" pickup="11"/>
				<event id="57" time="12538888879" vehicle="Vehicle 2" move="Utrecht"/>
				<event id="58" time="12668888879" vehicle="Vehicle 3" deliver="16"/>
				<event id="59" time="12968888879" vehicle="Vehicle 3" pickup="21"/>
				<event id="60" time="13045555545" vehicle="Vehicle 2" deliver="6"/>
				<event id="61" time="13268888878" vehicle="Vehicle 3" deliver="29"/>
				<event id="62" time="13345555545" vehicle="Vehicle 2" pickup="28"/>
				<event id="63" time="13568888878" vehicle="Vehicle 3" move="Eindhoven"/>
				<event id="64" time="13645555545" vehicle="Vehicle 2" move="Nijmegen"/>
				<event id="65" time="14259999989" vehicle="Vehicle 3" pickup="22"/>
				<event id="66" time="14559999989" vehicle="Vehicle 3" move="Nijmegen"/>
				<event id="67" time="14605555544" vehicle="Vehicle 2" deliver="20"/>
				<event id="68" time="14905555544" vehicle="Vehicle 2" deliver="23"/>
				<event id="69" time="15205555543" vehicle="Vehicle 2" move="Eindhoven"/>
				<event id="70" time="15339999989" vehicle="Vehicle 3" deliver="11"/>
				<event id="71" time="15639999989" vehicle="Vehicle 3" pickup="5"/>
				<event id="72" time="15939999989" vehicle="Vehicle 3" deliver="21"/>
				<event id="73" time="15985555543" vehicle="Vehicle 2" pickup="19"/>
				<event id="74" time="16239999989" vehicle="Vehicle 3" move="Apeldoorn"/>
				<event id="75" time="16285555542" vehicle="Vehicle 2" pickup="26"/>
				<event id="76" time="16585555542" vehicle="Vehicle 2" deliver="10"/>
				<event id="77" time="16874444433" vehicle="Vehicle 3" move="Groningen"/>
				<event id="78" time="16885555542" vehicle="Vehicle 2" move="Breda"/>
				<event id="79" time="17576666652" vehicle="Vehicle 2" pickup="0"/>
				<event id="80" time="17876666652" vehicle="Vehicle 2" deliver="19"/>
				<event id="81" time="18176666651" vehicle="Vehicle 2" move="Rotterdam"/>
				<event id="82" time="18441111099" vehicle="Vehicle 3" deliver="5"/>
				<event id="83" time="18716666651" vehicle="Vehicle 2" deliver="26"/>
				<event id="84" time="18741111099" vehicle="Vehicle 3" deliver="22"/>
				<event id="85" time="19016666650" vehicle="Vehicle 2" pickup="12"/>
				<event id="86" time="19316666650" vehicle="Vehicle 2" move="Utrecht"/>
				<event id="87" time="20008888871" vehicle="Vehicle 2" move="Almere"/>
				<event id="88" time="20489999982" vehicle="Vehicle 2" deliver="12"/>
				<event id="89" time="20789999982" vehicle="Vehicle 2" deliver="28"/>
				<event id="90" time="21089999982" vehicle="Vehicle 2" deliver="0"/>
			</events>
		</round>
	</rounds>
	<statistics>
		<stat rank="1" agent="Neutral">
			<total-tasks value="30"/>
			<total-distance value="2018.8"/>
			<total-cost value="10094"/>
			<total-reward value="13370"/>
			<total-profit value="3276"/>
		</stat>
		<stat rank="2" agent="Margin">
			<total-tasks value="0"/>
			<total-distance value="0.0"/>
			<total-cost value="0"/>
			<total-reward value="0"/>
			<total-profit value="0"/>
		</stat>
	</statistics>
</history>
