<?xml version="1.0" encoding="ISO-8859-1"?>

<history configuration="config/rounds/auction1.xml">
	<agents>
		<agent name="Margin">
			<vehicle name="Vehicle 1"/>
			<vehicle name="Vehicle 2"/>
		</agent>
		<agent name="Neutral">
			<vehicle name="Vehicle 3"/>
			<vehicle name="Vehicle 4"/>
		</agent>
	</agents>
	<rounds>
		<round id="1">
			<tasks>
				<task id="0" pickup="Leeds" delivery="Sheffield" weight="6" reward="1281">
					<bid agent="Margin" bid="349"/>
					<bid agent="Neutral" bid="558"/>
				</task>
				<task id="1" pickup="Liverpool" delivery="Sheffield" weight="7" reward="14258">
					<bid agent="Margin" bid="378"/>
					<bid agent="Neutral" bid="731"/>
				</task>
				<task id="2" pickup="Manchester" delivery="Cardiff" weight="9" reward="31460">
					<bid agent="Margin" bid="741"/>
					<bid agent="Neutral" bid="1059"/>
				</task>
				<task id="3" pickup="Manchester" delivery="London" weight="6" reward="31997">
					<bid agent="Margin" bid="643"/>
					<bid agent="Neutral" bid="1160"/>
				</task>
				<task id="4" pickup="Plymouth" delivery="Birmingham" weight="8" reward="58829">
					<bid agent="Margin" bid="1379"/>
					<bid agent="Neutral" bid="1148"/>
				</task>
				<task id="5" pickup="Liverpool" delivery="Norwich" weight="5" reward="58793">
					<bid agent="Margin" bid="366"/>
					<bid agent="Neutral" bid="1127"/>
				</task>
				<task id="6" pickup="Birmingham" delivery="Norwich" weight="8" reward="35595">
					<bid agent="Margin" bid="25"/>
					<bid agent="Neutral" bid="473"/>
				</task>
				<task id="7" pickup="Sheffield" delivery="Manchester" weight="7" reward="20470">
					<bid agent="Margin" bid="263"/>
					<bid agent="Neutral" bid="513"/>
				</task>
				<task id="8" pickup="Liverpool" delivery="Cardiff" weight="6" reward="37671">
					<bid agent="Margin" bid="25"/>
					<bid agent="Neutral" bid="811"/>
				</task>
				<task id="9" pickup="Sheffield" delivery="Norwich" weight="7" reward="51741">
					<bid agent="Margin" bid="25"/>
					<bid agent="Neutral" bid="1381"/>
				</task>
				<task id="10" pickup="Portsmouth" delivery="Cardiff" weight="5" reward="48984">
					<bid agent="Margin" bid="682"/>
					<bid agent="Neutral" bid="894"/>
				</task>
				<task id="11" pickup="Plymouth" delivery="London" weight="7" reward="37707">
					<bid agent="Margin" bid="1340"/>
					<bid agent="Neutral" bid="344"/>
				</task>
				<task id="12" pickup="Sheffield" delivery="Norwich" weight="7" reward="51741">
					<bid agent="Margin" bid="344"/>
					<bid agent="Neutral" bid="1447"/>
				</task>
				<task id="13" pickup="Newcastle" delivery="Liverpool" weight="9" reward="24497">
					<bid agent="Margin" bid="25"/>
					<bid agent="Neutral" bid="935"/>
				</task>
				<task id="14" pickup="Cardiff" delivery="Newcastle" weight="8" reward="55643">
					<bid agent="Margin" bid="829"/>
					<bid agent="Neutral" bid="2225"/>
				</task>
				<task id="15" pickup="Birmingham" delivery="Sheffield" weight="6" reward="10034">
					<bid agent="Margin" bid="25"/>
					<bid agent="Neutral" bid="225"/>
				</task>
				<task id="16" pickup="Newcastle" delivery="Birmingham" weight="5" reward="35058">
					<bid agent="Margin" bid="25"/>
					<bid agent="Neutral" bid="1457"/>
				</task>
				<task id="17" pickup="Birmingham" delivery="Plymouth" weight="6" reward="58829">
					<bid agent="Margin" bid="856"/>
					<bid agent="Neutral" bid="1679"/>
				</task>
				<task id="18" pickup="Cardiff" delivery="Newcastle" weight="8" reward="55643">
					<bid agent="Margin" bid="137"/>
					<bid agent="Neutral" bid="1162"/>
				</task>
				<task id="19" pickup="Leeds" delivery="Sheffield" weight="6" reward="1281">
					<bid agent="Margin" bid="65"/>
					<bid agent="Neutral" bid="638"/>
				</task>
			</tasks>
			<events>
				<event id="0" time="0" vehicle="Vehicle 2" move="Birmingham"/>
				<event id="1" time="0" vehicle="Vehicle 3" pickup="4"/>
				<event id="2" time="300000000" vehicle="Vehicle 3" pickup="11"/>
				<event id="3" time="600000000" vehicle="Vehicle 3" move="Portsmouth"/>
				<event id="4" time="1311111111" vehicle="Vehicle 2" move="Manchester"/>
				<event id="5" time="2365555554" vehicle="Vehicle 2" move="Liverpool"/>
				<event id="6" time="2488888888" vehicle="Vehicle 3" move="London"/>
				<event id="7" time="2751111109" vehicle="Vehicle 2" pickup="1"/>
				<event id="8" time="3051111108" vehicle="Vehicle 2" pickup="8"/>
				<event id="9" time="3319999999" vehicle="Vehicle 3" deliver="11"/>
				<event id="10" time="3351111108" vehicle="Vehicle 2" move="Manchester"/>
				<event id="11" time="3619999999" vehicle="Vehicle 3" move="Birmingham"/>
				<event id="12" time="3736666663" vehicle="Vehicle 2" pickup="2"/>
				<event id="13" time="4036666662" vehicle="Vehicle 2" move="Birmingham"/>
				<event id="14" time="4931111110" vehicle="Vehicle 3" deliver="4"/>
				<event id="15" time="5091111106" vehicle="Vehicle 2" pickup="17"/>
				<event id="16" time="5391111106" vehicle="Vehicle 2" pickup="15"/>
				<event id="17" time="5691111106" vehicle="Vehicle 2" move="London"/>
				<event id="18" time="7002222216" vehicle="Vehicle 2" move="Portsmouth"/>
				<event id="19" time="7833333327" vehicle="Vehicle 2" pickup="10"/>
				<event id="20" time="8133333326" vehicle="Vehicle 2" move="Plymouth"/>
				<event id="21" time="10022222214" vehicle="Vehicle 2" deliver="17"/>
				<event id="22" time="10322222214" vehicle="Vehicle 2" move="Portsmouth"/>
				<event id="23" time="12211111102" vehicle="Vehicle 2" move="London"/>
				<event id="24" time="13042222212" vehicle="Vehicle 2" move="Birmingham"/>
				<event id="25" time="14353333322" vehicle="Vehicle 2" move="Cardiff"/>
				<event id="26" time="15631111099" vehicle="Vehicle 2" deliver="10"/>
				<event id="27" time="15931111099" vehicle="Vehicle 2" pickup="14"/>
				<event id="28" time="16231111098" vehicle="Vehicle 2" deliver="8"/>
				<event id="29" time="16531111098" vehicle="Vehicle 2" pickup="18"/>
				<event id="30" time="16831111098" vehicle="Vehicle 2" deliver="2"/>
				<event id="31" time="17131111097" vehicle="Vehicle 2" move="Birmingham"/>
				<event id="32" time="18408888873" vehicle="Vehicle 2" move="Sheffield"/>
				<event id="33" time="19411111095" vehicle="Vehicle 2" deliver="1"/>
				<event id="34" time="19711111095" vehicle="Vehicle 2" move="Leeds"/>
				<event id="35" time="20169999983" vehicle="Vehicle 2" move="Newcastle"/>
				<event id="36" time="21264444427" vehicle="Vehicle 2" pickup="16"/>
				<event id="37" time="21564444427" vehicle="Vehicle 2" pickup="13"/>
				<event id="38" time="21864444427" vehicle="Vehicle 2" deliver="18"/>
				<event id="39" time="22164444426" vehicle="Vehicle 2" deliver="14"/>
				<event id="40" time="22464444426" vehicle="Vehicle 2" move="Leeds"/>
				<event id="41" time="23558888869" vehicle="Vehicle 2" pickup="19"/>
				<event id="42" time="23858888869" vehicle="Vehicle 2" pickup="0"/>
				<event id="43" time="24158888868" vehicle="Vehicle 2" move="Sheffield"/>
				<event id="44" time="24617777756" vehicle="Vehicle 2" deliver="0"/>
				<event id="45" time="24917777756" vehicle="Vehicle 2" pickup="7"/>
				<event id="46" time="25217777755" vehicle="Vehicle 2" pickup="12"/>
				<event id="47" time="25517777755" vehicle="Vehicle 2" deliver="19"/>
				<event id="48" time="25817777755" vehicle="Vehicle 2" deliver="15"/>
				<event id="49" time="26117777754" vehicle="Vehicle 2" pickup="9"/>
				<event id="50" time="26417777754" vehicle="Vehicle 2" move="Leeds"/>
				<event id="51" time="26876666642" vehicle="Vehicle 2" move="Liverpool"/>
				<event id="52" time="27682222197" vehicle="Vehicle 2" pickup="5"/>
				<event id="53" time="27982222197" vehicle="Vehicle 2" deliver="13"/>
				<event id="54" time="28282222196" vehicle="Vehicle 2" move="Manchester"/>
				<event id="55" time="28667777751" vehicle="Vehicle 2" pickup="3"/>
				<event id="56" time="28967777751" vehicle="Vehicle 2" deliver="7"/>
				<event id="57" time="29267777750" vehicle="Vehicle 2" move="Birmingham"/>
				<event id="58" time="30322222194" vehicle="Vehicle 2" pickup="6"/>
				<event id="59" time="30622222194" vehicle="Vehicle 2" deliver="16"/>
				<event id="60" time="30922222194" vehicle="Vehicle 2" move="London"/>
				<event id="61" time="32233333304" vehicle="Vehicle 2" deliver="3"/>
				<event id="62" time="32533333304" vehicle="Vehicle 2" move="Norwich"/>
				<event id="63" time="33811111081" vehicle="Vehicle 2" deliver="6"/>
				<event id="64" time="34111111080" vehicle="Vehicle 2" deliver="12"/>
				<event id="65" time="34411111080" vehicle="Vehicle 2" deliver="9"/>
				<event id="66" time="34711111080" vehicle="Vehicle 2" deliver="5"/>
			</events>
		</round>
	</rounds>
	<statistics>
		<stat rank="1" agent="Neutral">
			<total-tasks value="2"/>
			<total-distance value="362.8"/>
			<total-cost value="1814"/>
			<total-reward value="1492"/>
			<total-profit value="-322"/>
		</stat>
		<stat rank="2" agent="Margin">
			<total-tasks value="18"/>
			<total-distance value="2179.0"/>
			<total-cost value="10895"/>
			<total-reward value="5803"/>
			<total-profit value="-5092"/>
		</stat>
	</statistics>
</history>
