<?xml version="1.0" encoding="ISO-8859-1"?>

<history configuration="config/rounds/auction1.xml">
	<agents>
		<agent name="Naive">
			<vehicle name="Vehicle 1"/>
			<vehicle name="Vehicle 2"/>
		</agent>
		<agent name="Neutral">
			<vehicle name="Vehicle 3"/>
			<vehicle name="Vehicle 4"/>
		</agent>
	</agents>
	<rounds>
		<round id="1">
			<tasks>
				<task id="0" pickup="Leeds" delivery="Sheffield" weight="6" reward="1281">
					<bid agent="Naive" bid="699"/>
					<bid agent="Neutral" bid="558"/>
				</task>
				<task id="1" pickup="Liverpool" delivery="Sheffield" weight="7" reward="14258">
					<bid agent="Naive" bid="1441"/>
					<bid agent="Neutral" bid="245"/>
				</task>
				<task id="2" pickup="Manchester" delivery="Cardiff" weight="9" reward="31460">
					<bid agent="Naive" bid="2210"/>
					<bid agent="Neutral" bid="588"/>
				</task>
				<task id="3" pickup="Manchester" delivery="London" weight="6" reward="31997">
					<bid agent="Naive" bid="2266"/>
					<bid agent="Neutral" bid="668"/>
				</task>
				<task id="4" pickup="Plymouth" delivery="Birmingham" weight="8" reward="58829">
					<bid agent="Naive" bid="5349"/>
					<bid agent="Neutral" bid="1022"/>
				</task>
				<task id="5" pickup="Liverpool" delivery="Norwich" weight="5" reward="58793">
					<bid agent="Naive" bid="2890"/>
					<bid agent="Neutral" bid="796"/>
				</task>
				<task id="6" pickup="Birmingham" delivery="Norwich" weight="8" reward="35595">
					<bid agent="Naive" bid="2583"/>
					<bid agent="Neutral" bid="407"/>
				</task>
				<task id="7" pickup="Sheffield" delivery="Manchester" weight="7" reward="20470">
					<bid agent="Naive" bid="1938"/>
					<bid agent="Neutral" bid="272"/>
				</task>
				<task id="8" pickup="Liverpool" delivery="Cardiff" weight="6" reward="37671">
					<bid agent="Naive" bid="2809"/>
					<bid agent="Neutral" bid="832"/>
				</task>
				<task id="9" pickup="Sheffield" delivery="Norwich" weight="7" reward="51741">
					<bid agent="Naive" bid="3296"/>
					<bid agent="Neutral" bid="714"/>
				</task>
				<task id="10" pickup="Portsmouth" delivery="Cardiff" weight="5" reward="48984">
					<bid agent="Naive" bid="4155"/>
					<bid agent="Neutral" bid="797"/>
				</task>
				<task id="11" pickup="Plymouth" delivery="London" weight="7" reward="37707">
					<bid agent="Naive" bid="4485"/>
					<bid agent="Neutral" bid="530"/>
				</task>
				<task id="12" pickup="Sheffield" delivery="Norwich" weight="7" reward="51741">
					<bid agent="Naive" bid="2519"/>
					<bid agent="Neutral" bid="727"/>
				</task>
				<task id="13" pickup="Newcastle" delivery="Liverpool" weight="9" reward="24497">
					<bid agent="Naive" bid="868"/>
					<bid agent="Neutral" bid="1020"/>
				</task>
				<task id="14" pickup="Cardiff" delivery="Newcastle" weight="8" reward="55643">
					<bid agent="Naive" bid="4076"/>
					<bid agent="Neutral" bid="1723"/>
				</task>
				<task id="15" pickup="Birmingham" delivery="Sheffield" weight="6" reward="10034">
					<bid agent="Naive" bid="1894"/>
					<bid agent="Neutral" bid="225"/>
				</task>
				<task id="16" pickup="Newcastle" delivery="Birmingham" weight="5" reward="35058">
					<bid agent="Naive" bid="2173"/>
					<bid agent="Neutral" bid="324"/>
				</task>
				<task id="17" pickup="Birmingham" delivery="Plymouth" weight="6" reward="58829">
					<bid agent="Naive" bid="3770"/>
					<bid agent="Neutral" bid="1722"/>
				</task>
				<task id="18" pickup="Cardiff" delivery="Newcastle" weight="8" reward="55643">
					<bid agent="Naive" bid="4038"/>
					<bid agent="Neutral" bid="1212"/>
				</task>
				<task id="19" pickup="Leeds" delivery="Sheffield" weight="6" reward="1281">
					<bid agent="Naive" bid="989"/>
					<bid agent="Neutral" bid="103"/>
				</task>
			</tasks>
			<events>
				<event id="0" time="0" vehicle="Vehicle 1" pickup="13"/>
				<event id="1" time="0" vehicle="Vehicle 4" move="London"/>
				<event id="2" time="300000000" vehicle="Vehicle 1" move="Leeds"/>
				<event id="3" time="1277777777" vehicle="Vehicle 4" move="Birmingham"/>
				<event id="4" time="1394444444" vehicle="Vehicle 1" move="Liverpool"/>
				<event id="5" time="2199999999" vehicle="Vehicle 1" deliver="13"/>
				<event id="6" time="2588888887" vehicle="Vehicle 4" move="Cardiff"/>
				<event id="7" time="3866666664" vehicle="Vehicle 4" pickup="18"/>
				<event id="8" time="4166666663" vehicle="Vehicle 4" pickup="14"/>
				<event id="9" time="4466666663" vehicle="Vehicle 4" move="Birmingham"/>
				<event id="10" time="5744444440" vehicle="Vehicle 4" pickup="15"/>
				<event id="11" time="6044444439" vehicle="Vehicle 4" move="Sheffield"/>
				<event id="12" time="7046666660" vehicle="Vehicle 4" pickup="7"/>
				<event id="13" time="7346666660" vehicle="Vehicle 4" move="Leeds"/>
				<event id="14" time="7805555548" vehicle="Vehicle 4" move="Liverpool"/>
				<event id="15" time="8611111103" vehicle="Vehicle 4" pickup="1"/>
				<event id="16" time="8911111103" vehicle="Vehicle 4" pickup="8"/>
				<event id="17" time="9211111102" vehicle="Vehicle 4" move="Manchester"/>
				<event id="18" time="9596666657" vehicle="Vehicle 4" pickup="2"/>
				<event id="19" time="9896666657" vehicle="Vehicle 4" pickup="3"/>
				<event id="20" time="10196666656" vehicle="Vehicle 4" deliver="7"/>
				<event id="21" time="10496666656" vehicle="Vehicle 4" move="Liverpool"/>
				<event id="22" time="10882222211" vehicle="Vehicle 4" pickup="5"/>
				<event id="23" time="11182222210" vehicle="Vehicle 4" move="Leeds"/>
				<event id="24" time="11987777765" vehicle="Vehicle 4" move="Newcastle"/>
				<event id="25" time="13082222209" vehicle="Vehicle 4" pickup="16"/>
				<event id="26" time="13382222209" vehicle="Vehicle 4" deliver="14"/>
				<event id="27" time="13682222209" vehicle="Vehicle 4" deliver="18"/>
				<event id="28" time="13982222209" vehicle="Vehicle 4" move="Leeds"/>
				<event id="29" time="15076666652" vehicle="Vehicle 4" pickup="0"/>
				<event id="30" time="15376666652" vehicle="Vehicle 4" pickup="19"/>
				<event id="31" time="15676666652" vehicle="Vehicle 4" move="Sheffield"/>
				<event id="32" time="16135555540" vehicle="Vehicle 4" deliver="15"/>
				<event id="33" time="16435555540" vehicle="Vehicle 4" pickup="9"/>
				<event id="34" time="16735555540" vehicle="Vehicle 4" deliver="1"/>
				<event id="35" time="17035555539" vehicle="Vehicle 4" pickup="12"/>
				<event id="36" time="17335555539" vehicle="Vehicle 4" deliver="0"/>
				<event id="37" time="17635555539" vehicle="Vehicle 4" deliver="19"/>
				<event id="38" time="17935555539" vehicle="Vehicle 4" move="Birmingham"/>
				<event id="39" time="18937777760" vehicle="Vehicle 4" pickup="17"/>
				<event id="40" time="19237777759" vehicle="Vehicle 4" pickup="6"/>
				<event id="41" time="19537777759" vehicle="Vehicle 4" move="London"/>
				<event id="42" time="20848888869" vehicle="Vehicle 4" move="Norwich"/>
				<event id="43" time="22126666646" vehicle="Vehicle 4" deliver="12"/>
				<event id="44" time="22426666646" vehicle="Vehicle 4" deliver="9"/>
				<event id="45" time="22726666646" vehicle="Vehicle 4" deliver="5"/>
				<event id="46" time="23026666645" vehicle="Vehicle 4" deliver="6"/>
				<event id="47" time="23326666645" vehicle="Vehicle 4" move="London"/>
				<event id="48" time="24604444422" vehicle="Vehicle 4" move="Portsmouth"/>
				<event id="49" time="25435555532" vehicle="Vehicle 4" move="Plymouth"/>
				<event id="50" time="27324444420" vehicle="Vehicle 4" pickup="11"/>
				<event id="51" time="27624444420" vehicle="Vehicle 4" pickup="4"/>
				<event id="52" time="27924444420" vehicle="Vehicle 4" deliver="17"/>
				<event id="53" time="28224444419" vehicle="Vehicle 4" move="Portsmouth"/>
				<event id="54" time="30113333307" vehicle="Vehicle 4" pickup="10"/>
				<event id="55" time="30413333307" vehicle="Vehicle 4" move="London"/>
				<event id="56" time="31244444417" vehicle="Vehicle 4" deliver="3"/>
				<event id="57" time="31544444417" vehicle="Vehicle 4" deliver="11"/>
				<event id="58" time="31844444417" vehicle="Vehicle 4" move="Birmingham"/>
				<event id="59" time="33155555527" vehicle="Vehicle 4" deliver="16"/>
				<event id="60" time="33455555527" vehicle="Vehicle 4" deliver="4"/>
				<event id="61" time="33755555527" vehicle="Vehicle 4" move="Cardiff"/>
				<event id="62" time="35033333304" vehicle="Vehicle 4" deliver="10"/>
				<event id="63" time="35333333304" vehicle="Vehicle 4" deliver="2"/>
				<event id="64" time="35633333304" vehicle="Vehicle 4" deliver="8"/>
			</events>
		</round>
	</rounds>
	<statistics>
		<stat rank="1" agent="Neutral">
			<total-tasks value="19"/>
			<total-distance value="2208.0"/>
			<total-cost value="11040"/>
			<total-reward value="13465"/>
			<total-profit value="2425"/>
		</stat>
		<stat rank="2" agent="Naive">
			<total-tasks value="1"/>
			<total-distance value="171.0"/>
			<total-cost value="855"/>
			<total-reward value="868"/>
			<total-profit value="13"/>
		</stat>
	</statistics>
</history>
