<?xml version="1.0" encoding="ISO-8859-1"?>

<history configuration="config/rounds/auction1.xml">
	<agents>
		<agent name="Naive">
			<vehicle name="Vehicle 1"/>
			<vehicle name="Vehicle 2"/>
		</agent>
		<agent name="Opponent">
			<vehicle name="Vehicle 3"/>
			<vehicle name="Vehicle 4"/>
		</agent>
	</agents>
	<rounds>
		<round id="1">
			<tasks>
				<task id="0" pickup="Leeds" delivery="Sheffield" weight="6" reward="1281">
					<bid agent="Naive" bid="699"/>
					<bid agent="Opponent" bid="1034"/>
				</task>
				<task id="1" pickup="Liverpool" delivery="Sheffield" weight="7" reward="14258">
					<bid agent="Naive" bid="1152"/>
					<bid agent="Opponent" bid="1034"/>
				</task>
				<task id="2" pickup="Manchester" delivery="Cardiff" weight="9" reward="31460">
					<bid agent="Naive" bid="1906"/>
					<bid agent="Opponent" bid="856"/>
				</task>
				<task id="3" pickup="Manchester" delivery="London" weight="6" reward="31997">
					<bid agent="Naive" bid="1956"/>
					<bid agent="Opponent" bid="898"/>
				</task>
				<task id="4" pickup="Plymouth" delivery="Birmingham" weight="8" reward="58829">
					<bid agent="Naive" bid="4566"/>
					<bid agent="Opponent" bid="1519"/>
				</task>
				<task id="5" pickup="Liverpool" delivery="Norwich" weight="5" reward="58793">
					<bid agent="Naive" bid="2580"/>
					<bid agent="Opponent" bid="1479"/>
				</task>
				<task id="6" pickup="Birmingham" delivery="Norwich" weight="8" reward="35595">
					<bid agent="Naive" bid="1803"/>
					<bid agent="Opponent" bid="1017"/>
				</task>
				<task id="7" pickup="Sheffield" delivery="Manchester" weight="7" reward="20470">
					<bid agent="Naive" bid="998"/>
					<bid agent="Opponent" bid="674"/>
				</task>
				<task id="8" pickup="Liverpool" delivery="Cardiff" weight="6" reward="37671">
					<bid agent="Naive" bid="2422"/>
					<bid agent="Opponent" bid="1050"/>
				</task>
				<task id="9" pickup="Sheffield" delivery="Norwich" weight="7" reward="51741">
					<bid agent="Naive" bid="2300"/>
					<bid agent="Opponent" bid="1313"/>
				</task>
				<task id="10" pickup="Portsmouth" delivery="Cardiff" weight="5" reward="48984">
					<bid agent="Naive" bid="3360"/>
					<bid agent="Opponent" bid="1438"/>
				</task>
				<task id="11" pickup="Plymouth" delivery="London" weight="7" reward="37707">
					<bid agent="Naive" bid="3736"/>
					<bid agent="Opponent" bid="1200"/>
				</task>
				<task id="12" pickup="Sheffield" delivery="Norwich" weight="7" reward="51741">
					<bid agent="Naive" bid="1758"/>
					<bid agent="Opponent" bid="1372"/>
				</task>
				<task id="13" pickup="Newcastle" delivery="Liverpool" weight="9" reward="24497">
					<bid agent="Naive" bid="1577"/>
					<bid agent="Opponent" bid="773"/>
				</task>
				<task id="14" pickup="Cardiff" delivery="Newcastle" weight="8" reward="55643">
					<bid agent="Naive" bid="3804"/>
					<bid agent="Opponent" bid="1577"/>
				</task>
				<task id="15" pickup="Birmingham" delivery="Sheffield" weight="6" reward="10034">
					<bid agent="Naive" bid="1554"/>
					<bid agent="Opponent" bid="743"/>
				</task>
				<task id="16" pickup="Newcastle" delivery="Birmingham" weight="5" reward="35058">
					<bid agent="Naive" bid="2004"/>
					<bid agent="Opponent" bid="1126"/>
				</task>
				<task id="17" pickup="Birmingham" delivery="Plymouth" weight="6" reward="58829">
					<bid agent="Naive" bid="3469"/>
					<bid agent="Opponent" bid="1592"/>
				</task>
				<task id="18" pickup="Cardiff" delivery="Newcastle" weight="8" reward="55643">
					<bid agent="Naive" bid="3768"/>
					<bid agent="Opponent" bid="1607"/>
				</task>
				<task id="19" pickup="Leeds" delivery="Sheffield" weight="6" reward="1281">
					<bid agent="Naive" bid="718"/>
					<bid agent="Opponent" bid="1257"/>
				</task>
			</tasks>
			<events>
				<event id="0" time="0" vehicle="Vehicle 1" move="Leeds"/>
				<event id="1" time="0" vehicle="Vehicle 4" move="London"/>
				<event id="2" time="1094444444" vehicle="Vehicle 1" pickup="0"/>
				<event id="3" time="1277777777" vehicle="Vehicle 4" move="Birmingham"/>
				<event id="4" time="1394444444" vehicle="Vehicle 1" move="Sheffield"/>
				<event id="5" time="1853333332" vehicle="Vehicle 1" deliver="0"/>
				<event id="6" time="2153333331" vehicle="Vehicle 1" move="Leeds"/>
				<event id="7" time="2588888887" vehicle="Vehicle 4" move="Manchester"/>
				<event id="8" time="2612222219" vehicle="Vehicle 1" pickup="19"/>
				<event id="9" time="2912222219" vehicle="Vehicle 1" move="Sheffield"/>
				<event id="10" time="3371111107" vehicle="Vehicle 1" deliver="19"/>
				<event id="11" time="3643333331" vehicle="Vehicle 4" pickup="2"/>
				<event id="12" time="3943333331" vehicle="Vehicle 4" pickup="3"/>
				<event id="13" time="4243333330" vehicle="Vehicle 4" move="Liverpool"/>
				<event id="14" time="4628888885" vehicle="Vehicle 4" pickup="1"/>
				<event id="15" time="4928888885" vehicle="Vehicle 4" pickup="5"/>
				<event id="16" time="5228888884" vehicle="Vehicle 4" pickup="8"/>
				<event id="17" time="5528888884" vehicle="Vehicle 4" move="Leeds"/>
				<event id="18" time="6334444439" vehicle="Vehicle 4" move="Newcastle"/>
				<event id="19" time="7428888882" vehicle="Vehicle 4" pickup="16"/>
				<event id="20" time="7728888882" vehicle="Vehicle 4" move="Leeds"/>
				<event id="21" time="8823333326" vehicle="Vehicle 4" move="Sheffield"/>
				<event id="22" time="9282222214" vehicle="Vehicle 4" move="Birmingham"/>
				<event id="23" time="10284444435" vehicle="Vehicle 4" pickup="17"/>
				<event id="24" time="10584444435" vehicle="Vehicle 4" move="London"/>
				<event id="25" time="11895555545" vehicle="Vehicle 4" move="Portsmouth"/>
				<event id="26" time="12726666655" vehicle="Vehicle 4" move="Plymouth"/>
				<event id="27" time="14615555543" vehicle="Vehicle 4" deliver="17"/>
				<event id="28" time="14915555543" vehicle="Vehicle 4" pickup="11"/>
				<event id="29" time="15215555542" vehicle="Vehicle 4" pickup="4"/>
				<event id="30" time="15515555542" vehicle="Vehicle 4" move="Portsmouth"/>
				<event id="31" time="17404444430" vehicle="Vehicle 4" pickup="10"/>
				<event id="32" time="17704444430" vehicle="Vehicle 4" move="London"/>
				<event id="33" time="18535555540" vehicle="Vehicle 4" deliver="11"/>
				<event id="34" time="18835555540" vehicle="Vehicle 4" deliver="3"/>
				<event id="35" time="19135555539" vehicle="Vehicle 4" move="Birmingham"/>
				<event id="36" time="20446666649" vehicle="Vehicle 4" pickup="15"/>
				<event id="37" time="20746666649" vehicle="Vehicle 4" move="Sheffield"/>
				<event id="38" time="21748888870" vehicle="Vehicle 4" pickup="9"/>
				<event id="39" time="22048888869" vehicle="Vehicle 4" deliver="1"/>
				<event id="40" time="22348888869" vehicle="Vehicle 4" deliver="15"/>
				<event id="41" time="22648888869" vehicle="Vehicle 4" pickup="12"/>
				<event id="42" time="22948888869" vehicle="Vehicle 4" move="Birmingham"/>
				<event id="43" time="23951111091" vehicle="Vehicle 4" pickup="6"/>
				<event id="44" time="24251111090" vehicle="Vehicle 4" move="London"/>
				<event id="45" time="25562222200" vehicle="Vehicle 4" move="Norwich"/>
				<event id="46" time="26839999977" vehicle="Vehicle 4" deliver="9"/>
				<event id="47" time="27139999977" vehicle="Vehicle 4" deliver="12"/>
				<event id="48" time="27439999977" vehicle="Vehicle 4" deliver="5"/>
				<event id="49" time="27739999977" vehicle="Vehicle 4" deliver="6"/>
				<event id="50" time="28039999977" vehicle="Vehicle 4" move="London"/>
				<event id="51" time="29317777754" vehicle="Vehicle 4" move="Birmingham"/>
				<event id="52" time="30628888864" vehicle="Vehicle 4" move="Cardiff"/>
				<event id="53" time="31906666641" vehicle="Vehicle 4" deliver="8"/>
				<event id="54" time="32206666640" vehicle="Vehicle 4" pickup="18"/>
				<event id="55" time="32506666640" vehicle="Vehicle 4" pickup="14"/>
				<event id="56" time="32806666640" vehicle="Vehicle 4" deliver="10"/>
				<event id="57" time="33106666639" vehicle="Vehicle 4" deliver="2"/>
				<event id="58" time="33406666639" vehicle="Vehicle 4" move="Birmingham"/>
				<event id="59" time="34684444416" vehicle="Vehicle 4" deliver="16"/>
				<event id="60" time="34984444416" vehicle="Vehicle 4" deliver="4"/>
				<event id="61" time="35284444415" vehicle="Vehicle 4" move="Sheffield"/>
				<event id="62" time="36286666636" vehicle="Vehicle 4" pickup="7"/>
				<event id="63" time="36586666636" vehicle="Vehicle 4" move="Leeds"/>
				<event id="64" time="37045555524" vehicle="Vehicle 4" move="Newcastle"/>
				<event id="65" time="38139999968" vehicle="Vehicle 4" deliver="14"/>
				<event id="66" time="38439999968" vehicle="Vehicle 4" pickup="13"/>
				<event id="67" time="38739999968" vehicle="Vehicle 4" deliver="18"/>
				<event id="68" time="39039999968" vehicle="Vehicle 4" move="Leeds"/>
				<event id="69" time="40134444412" vehicle="Vehicle 4" move="Liverpool"/>
				<event id="70" time="40939999967" vehicle="Vehicle 4" deliver="13"/>
				<event id="71" time="41239999967" vehicle="Vehicle 4" move="Manchester"/>
				<event id="72" time="41625555522" vehicle="Vehicle 4" deliver="7"/>
			</events>
		</round>
	</rounds>
	<statistics>
		<stat rank="1" agent="Opponent">
			<total-tasks value="18"/>
			<total-distance value="2801.3"/>
			<total-cost value="14007"/>
			<total-reward value="21268"/>
			<total-profit value="7261"/>
		</stat>
		<stat rank="2" agent="Naive">
			<total-tasks value="2"/>
			<total-distance value="222.4"/>
			<total-cost value="1112"/>
			<total-reward value="1417"/>
			<total-profit value="305"/>
		</stat>
	</statistics>
</history>
