<?xml version="1.0" encoding="ISO-8859-1"?>

<history configuration="config/rounds/auction3.xml">
	<agents>
		<agent name="Naive">
			<vehicle name="Vehicle 1"/>
			<vehicle name="Vehicle 2"/>
			<vehicle name="Vehicle 3"/>
			<vehicle name="Vehicle 4"/>
		</agent>
		<agent name="Margin">
			<vehicle name="Vehicle 5"/>
			<vehicle name="Vehicle 6"/>
			<vehicle name="Vehicle 7"/>
			<vehicle name="Vehicle 8"/>
		</agent>
	</agents>
	<rounds>
		<round id="1">
			<tasks>
				<task id="0" pickup="Paris" delivery="Monaco" weight="25" reward="40845">
					<bid agent="Naive" bid="5035"/>
					<bid agent="Margin" bid="3682"/>
				</task>
				<task id="1" pickup="Paris" delivery="Monaco" weight="25" reward="40845">
					<bid agent="Naive" bid="5096"/>
					<bid agent="Margin" bid="25"/>
				</task>
				<task id="2" pickup="Lyon" delivery="Paris" weight="28" reward="78143">
					<bid agent="Naive" bid="4957"/>
					<bid agent="Margin" bid="25"/>
				</task>
				<task id="3" pickup="Brest" delivery="Lyon" weight="13" reward="37398">
					<bid agent="Naive" bid="8920"/>
					<bid agent="Margin" bid="3265"/>
				</task>
				<task id="4" pickup="Brest" delivery="Strasbourg" weight="25" reward="35950">
					<bid agent="Naive" bid="9342"/>
					<bid agent="Margin" bid="2727"/>
				</task>
				<task id="5" pickup="Brest" delivery="Monaco" weight="15" reward="100">
					<bid agent="Naive" bid="11857"/>
					<bid agent="Margin" bid="25"/>
				</task>
				<task id="6" pickup="Lyon" delivery="Monaco" weight="28" reward="72973">
					<bid agent="Naive" bid="5617"/>
					<bid agent="Margin" bid="3021"/>
				</task>
				<task id="7" pickup="Paris" delivery="Le Havre" weight="26" reward="96758">
					<bid agent="Naive" bid="1318"/>
					<bid agent="Margin" bid="1082"/>
				</task>
				<task id="8" pickup="Brest" delivery="Le Havre" weight="18" reward="56013">
					<bid agent="Naive" bid="9313"/>
					<bid agent="Margin" bid="25"/>
				</task>
				<task id="9" pickup="Paris" delivery="Monaco" weight="25" reward="40845">
					<bid agent="Naive" bid="7168"/>
					<bid agent="Margin" bid="1024"/>
				</task>
				<task id="10" pickup="Paris" delivery="Monaco" weight="25" reward="40845">
					<bid agent="Naive" bid="5727"/>
					<bid agent="Margin" bid="25"/>
				</task>
				<task id="11" pickup="Marseille" delivery="Bordeaux" weight="16" reward="65734">
					<bid agent="Naive" bid="7646"/>
					<bid agent="Margin" bid="1959"/>
				</task>
				<task id="12" pickup="Lyon" delivery="Monaco" weight="28" reward="72973">
					<bid agent="Naive" bid="5478"/>
					<bid agent="Margin" bid="1317"/>
				</task>
				<task id="13" pickup="Genève" delivery="Marseille" weight="29" reward="78212">
					<bid agent="Naive" bid="5482"/>
					<bid agent="Margin" bid="717"/>
				</task>
				<task id="14" pickup="Le Havre" delivery="Strasbourg" weight="10" reward="63183">
					<bid agent="Naive" bid="6077"/>
					<bid agent="Margin" bid="782"/>
				</task>
				<task id="15" pickup="Monaco" delivery="Genève" weight="22" reward="74352">
					<bid agent="Naive" bid="13167"/>
					<bid agent="Margin" bid="43"/>
				</task>
				<task id="16" pickup="Bordeaux" delivery="Le Havre" weight="23" reward="56495">
					<bid agent="Naive" bid="7390"/>
					<bid agent="Margin" bid="93"/>
				</task>
				<task id="17" pickup="Genève" delivery="Bordeaux" weight="16" reward="59460">
					<bid agent="Naive" bid="10352"/>
					<bid agent="Margin" bid="86"/>
				</task>
				<task id="18" pickup="Monaco" delivery="Genève" weight="22" reward="74352">
					<bid agent="Naive" bid="10465"/>
					<bid agent="Margin" bid="25"/>
				</task>
				<task id="19" pickup="Paris" delivery="Monaco" weight="25" reward="40845">
					<bid agent="Naive" bid="8748"/>
					<bid agent="Margin" bid="77"/>
				</task>
				<task id="20" pickup="Monaco" delivery="Brest" weight="12" reward="100">
					<bid agent="Naive" bid="25929"/>
					<bid agent="Margin" bid="25"/>
				</task>
				<task id="21" pickup="Bordeaux" delivery="Marseille" weight="21" reward="65734">
					<bid agent="Naive" bid="9296"/>
					<bid agent="Margin" bid="25"/>
				</task>
				<task id="22" pickup="Brest" delivery="Marseille" weight="11" reward="15612">
					<bid agent="Naive" bid="17881"/>
					<bid agent="Margin" bid="25"/>
				</task>
				<task id="23" pickup="Monaco" delivery="Le Havre" weight="23" reward="27332">
					<bid agent="Naive" bid="20367"/>
					<bid agent="Margin" bid="25"/>
				</task>
				<task id="24" pickup="Brest" delivery="Le Havre" weight="18" reward="56013">
					<bid agent="Naive" bid="13647"/>
					<bid agent="Margin" bid="25"/>
				</task>
				<task id="25" pickup="Brest" delivery="Bordeaux" weight="21" reward="29263">
					<bid agent="Naive" bid="18089"/>
					<bid agent="Margin" bid="25"/>
				</task>
				<task id="26" pickup="Strasbourg" delivery="Brest" weight="25" reward="35950">
					<bid agent="Naive" bid="13183"/>
					<bid agent="Margin" bid="25"/>
				</task>
				<task id="27" pickup="Paris" delivery="Strasbourg" weight="26" reward="76696">
					<bid agent="Naive" bid="5391"/>
					<bid agent="Margin" bid="25"/>
				</task>
				<task id="28" pickup="Monaco" delivery="Genève" weight="22" reward="74352">
					<bid agent="Naive" bid="9073"/>
					<bid agent="Margin" bid="25"/>
				</task>
				<task id="29" pickup="Monaco" delivery="Lyon" weight="15" reward="72973">
					<bid agent="Naive" bid="8672"/>
					<bid agent="Margin" bid="25"/>
				</task>
				<task id="30" pickup="Brest" delivery="Monaco" weight="15" reward="100">
					<bid agent="Naive" bid="27011"/>
					<bid agent="Margin" bid="25"/>
				</task>
				<task id="31" pickup="Genève" delivery="Le Havre" weight="23" reward="54358">
					<bid agent="Naive" bid="15113"/>
					<bid agent="Margin" bid="25"/>
				</task>
				<task id="32" pickup="Marseille" delivery="Brest" weight="16" reward="15612">
					<bid agent="Naive" bid="23102"/>
					<bid agent="Margin" bid="25"/>
				</task>
				<task id="33" pickup="Le Havre" delivery="Bordeaux" weight="22" reward="56495">
					<bid agent="Naive" bid="6033"/>
					<bid agent="Margin" bid="25"/>
				</task>
				<task id="34" pickup="Monaco" delivery="Brest" weight="12" reward="100">
					<bid agent="Naive" bid="23276"/>
					<bid agent="Margin" bid="25"/>
				</task>
				<task id="35" pickup="Le Havre" delivery="Marseille" weight="28" reward="42844">
					<bid agent="Naive" bid="5916"/>
					<bid agent="Margin" bid="25"/>
				</task>
				<task id="36" pickup="Monaco" delivery="Lyon" weight="15" reward="72973">
					<bid agent="Naive" bid="8736"/>
					<bid agent="Margin" bid="25"/>
				</task>
				<task id="37" pickup="Paris" delivery="Strasbourg" weight="26" reward="76696">
					<bid agent="Naive" bid="4005"/>
					<bid agent="Margin" bid="25"/>
				</task>
				<task id="38" pickup="Strasbourg" delivery="Paris" weight="26" reward="76696">
					<bid agent="Naive" bid="8005"/>
					<bid agent="Margin" bid="25"/>
				</task>
				<task id="39" pickup="Bordeaux" delivery="Genève" weight="23" reward="59460">
					<bid agent="Naive" bid="17673"/>
					<bid agent="Margin" bid="25"/>
				</task>
			</tasks>
			<events>
				<event id="0" time="0" vehicle="Vehicle 5" pickup="6"/>
				<event id="1" time="0" vehicle="Vehicle 7" pickup="18"/>
				<event id="2" time="0" vehicle="Vehicle 8" pickup="38"/>
				<event id="3" time="300000000" vehicle="Vehicle 5" move="Paris"/>
				<event id="4" time="300000000" vehicle="Vehicle 7" pickup="23"/>
				<event id="5" time="300000000" vehicle="Vehicle 8" pickup="26"/>
				<event id="6" time="600000000" vehicle="Vehicle 7" move="Genève"/>
				<event id="7" time="600000000" vehicle="Vehicle 8" move="Paris"/>
				<event id="8" time="5477777777" vehicle="Vehicle 5" pickup="10"/>
				<event id="9" time="5777777777" vehicle="Vehicle 5" pickup="9"/>
				<event id="10" time="6011111111" vehicle="Vehicle 8" move="Brest"/>
				<event id="11" time="6077777776" vehicle="Vehicle 5" move="Lyon"/>
				<event id="12" time="6388888888" vehicle="Vehicle 7" deliver="18"/>
				<event id="13" time="6688888888" vehicle="Vehicle 7" move="Lyon"/>
				<event id="14" time="8344444443" vehicle="Vehicle 7" pickup="2"/>
				<event id="15" time="8644444443" vehicle="Vehicle 7" move="Paris"/>
				<event id="16" time="11255555553" vehicle="Vehicle 5" move="Marseille"/>
				<event id="17" time="12577777776" vehicle="Vehicle 8" deliver="26"/>
				<event id="18" time="12877777776" vehicle="Vehicle 8" pickup="30"/>
				<event id="19" time="13177777775" vehicle="Vehicle 8" pickup="22"/>
				<event id="20" time="13477777775" vehicle="Vehicle 8" move="Paris"/>
				<event id="21" time="13822222220" vehicle="Vehicle 7" deliver="2"/>
				<event id="22" time="14122222219" vehicle="Vehicle 7" move="Brest"/>
				<event id="23" time="14766666663" vehicle="Vehicle 5" move="Monaco"/>
				<event id="24" time="17266666662" vehicle="Vehicle 5" deliver="6"/>
				<event id="25" time="17566666662" vehicle="Vehicle 5" deliver="10"/>
				<event id="26" time="17866666662" vehicle="Vehicle 5" deliver="9"/>
				<event id="27" time="20044444441" vehicle="Vehicle 8" pickup="1"/>
				<event id="28" time="20344444441" vehicle="Vehicle 8" deliver="38"/>
				<event id="29" time="20644444441" vehicle="Vehicle 8" move="Lyon"/>
				<event id="30" time="20688888884" vehicle="Vehicle 7" pickup="24"/>
				<event id="31" time="20988888884" vehicle="Vehicle 7" pickup="25"/>
				<event id="32" time="21288888883" vehicle="Vehicle 7" pickup="8"/>
				<event id="33" time="21588888883" vehicle="Vehicle 7" move="Paris"/>
				<event id="34" time="25822222218" vehicle="Vehicle 8" move="Marseille"/>
				<event id="35" time="28155555549" vehicle="Vehicle 7" move="Le Havre"/>
				<event id="36" time="29333333328" vehicle="Vehicle 8" deliver="22"/>
				<event id="37" time="29633333328" vehicle="Vehicle 8" move="Monaco"/>
				<event id="38" time="30333333326" vehicle="Vehicle 7" deliver="23"/>
				<event id="39" time="30633333326" vehicle="Vehicle 7" deliver="24"/>
				<event id="40" time="30933333326" vehicle="Vehicle 7" pickup="33"/>
				<event id="41" time="31233333325" vehicle="Vehicle 7" deliver="8"/>
				<event id="42" time="31533333325" vehicle="Vehicle 7" move="Paris"/>
				<event id="43" time="32133333327" vehicle="Vehicle 8" deliver="1"/>
				<event id="44" time="32433333327" vehicle="Vehicle 8" pickup="28"/>
				<event id="45" time="32733333327" vehicle="Vehicle 8" pickup="36"/>
				<event id="46" time="33033333326" vehicle="Vehicle 8" pickup="15"/>
				<event id="47" time="33333333326" vehicle="Vehicle 8" deliver="30"/>
				<event id="48" time="33633333326" vehicle="Vehicle 8" move="Genève"/>
				<event id="49" time="33711111102" vehicle="Vehicle 7" move="Bordeaux"/>
				<event id="50" time="39422222214" vehicle="Vehicle 8" deliver="28"/>
				<event id="51" time="39722222214" vehicle="Vehicle 8" pickup="31"/>
				<event id="52" time="40022222213" vehicle="Vehicle 8" deliver="15"/>
				<event id="53" time="40199999990" vehicle="Vehicle 7" pickup="39"/>
				<event id="54" time="40322222213" vehicle="Vehicle 8" move="Lyon"/>
				<event id="55" time="40499999990" vehicle="Vehicle 7" deliver="33"/>
				<event id="56" time="40799999990" vehicle="Vehicle 7" deliver="25"/>
				<event id="57" time="41099999990" vehicle="Vehicle 7" move="Paris"/>
				<event id="58" time="41977777767" vehicle="Vehicle 8" deliver="36"/>
				<event id="59" time="42277777766" vehicle="Vehicle 8" move="Paris"/>
				<event id="60" time="47455555543" vehicle="Vehicle 8" pickup="7"/>
				<event id="61" time="47588888878" vehicle="Vehicle 7" pickup="19"/>
				<event id="62" time="47755555543" vehicle="Vehicle 8" move="Le Havre"/>
				<event id="63" time="47888888878" vehicle="Vehicle 7" pickup="0"/>
				<event id="64" time="48188888877" vehicle="Vehicle 7" move="Lyon"/>
				<event id="65" time="49933333320" vehicle="Vehicle 8" pickup="35"/>
				<event id="66" time="50233333319" vehicle="Vehicle 8" deliver="7"/>
				<event id="67" time="50533333319" vehicle="Vehicle 8" pickup="14"/>
				<event id="68" time="50833333319" vehicle="Vehicle 8" deliver="31"/>
				<event id="69" time="51133333318" vehicle="Vehicle 8" move="Paris"/>
				<event id="70" time="53311111095" vehicle="Vehicle 8" pickup="37"/>
				<event id="71" time="53366666654" vehicle="Vehicle 7" move="Genève"/>
				<event id="72" time="53611111095" vehicle="Vehicle 8" move="Strasbourg"/>
				<event id="73" time="55022222209" vehicle="Vehicle 7" deliver="39"/>
				<event id="74" time="55322222209" vehicle="Vehicle 7" move="Monaco"/>
				<event id="75" time="59022222205" vehicle="Vehicle 8" deliver="14"/>
				<event id="76" time="59322222205" vehicle="Vehicle 8" deliver="37"/>
				<event id="77" time="59622222205" vehicle="Vehicle 8" move="Genève"/>
				<event id="78" time="61111111097" vehicle="Vehicle 7" deliver="0"/>
				<event id="79" time="61411111097" vehicle="Vehicle 7" deliver="19"/>
				<event id="80" time="63944444426" vehicle="Vehicle 8" pickup="17"/>
				<event id="81" time="64244444425" vehicle="Vehicle 8" pickup="13"/>
				<event id="82" time="64544444425" vehicle="Vehicle 8" move="Lyon"/>
				<event id="83" time="66199999980" vehicle="Vehicle 8" move="Marseille"/>
				<event id="84" time="69711111091" vehicle="Vehicle 8" deliver="35"/>
				<event id="85" time="70011111090" vehicle="Vehicle 8" pickup="11"/>
				<event id="86" time="70311111090" vehicle="Vehicle 8" deliver="13"/>
				<event id="87" time="70611111090" vehicle="Vehicle 8" move="Bordeaux"/>
				<event id="88" time="77788888866" vehicle="Vehicle 8" deliver="11"/>
				<event id="89" time="78088888865" vehicle="Vehicle 8" pickup="21"/>
				<event id="90" time="78388888865" vehicle="Vehicle 8" deliver="17"/>
				<event id="91" time="78688888865" vehicle="Vehicle 8" pickup="16"/>
				<event id="92" time="78988888865" vehicle="Vehicle 8" move="Paris"/>
				<event id="93" time="85477777753" vehicle="Vehicle 8" move="Brest"/>
				<event id="94" time="92044444419" vehicle="Vehicle 8" pickup="3"/>
				<event id="95" time="92344444419" vehicle="Vehicle 8" pickup="5"/>
				<event id="96" time="92644444419" vehicle="Vehicle 8" move="Paris"/>
				<event id="97" time="99211111085" vehicle="Vehicle 8" move="Le Havre"/>
				<event id="98" time="101388888861" vehicle="Vehicle 8" deliver="16"/>
				<event id="99" time="101688888861" vehicle="Vehicle 8" move="Paris"/>
				<event id="100" time="103866666638" vehicle="Vehicle 8" move="Lyon"/>
				<event id="101" time="109044444415" vehicle="Vehicle 8" pickup="12"/>
				<event id="102" time="109344444415" vehicle="Vehicle 8" move="Marseille"/>
				<event id="103" time="112855555525" vehicle="Vehicle 8" deliver="21"/>
				<event id="104" time="113155555524" vehicle="Vehicle 8" move="Monaco"/>
				<event id="105" time="115655555523" vehicle="Vehicle 8" pickup="20"/>
				<event id="106" time="115955555523" vehicle="Vehicle 8" pickup="34"/>
				<event id="107" time="116255555522" vehicle="Vehicle 8" deliver="12"/>
				<event id="108" time="116555555522" vehicle="Vehicle 8" deliver="5"/>
				<event id="109" time="116855555522" vehicle="Vehicle 8" pickup="29"/>
				<event id="110" time="117155555521" vehicle="Vehicle 8" move="Marseille"/>
				<event id="111" time="119655555520" vehicle="Vehicle 8" pickup="32"/>
				<event id="112" time="119955555520" vehicle="Vehicle 8" move="Lyon"/>
				<event id="113" time="123466666630" vehicle="Vehicle 8" deliver="3"/>
				<event id="114" time="123766666630" vehicle="Vehicle 8" deliver="29"/>
				<event id="115" time="124066666629" vehicle="Vehicle 8" move="Paris"/>
				<event id="116" time="129244444406" vehicle="Vehicle 8" move="Brest"/>
				<event id="117" time="135811111072" vehicle="Vehicle 8" deliver="20"/>
				<event id="118" time="136111111071" vehicle="Vehicle 8" deliver="32"/>
				<event id="119" time="136411111071" vehicle="Vehicle 8" pickup="4"/>
				<event id="120" time="136711111071" vehicle="Vehicle 8" deliver="34"/>
				<event id="121" time="137011111070" vehicle="Vehicle 8" move="Paris"/>
				<event id="122" time="143577777735" vehicle="Vehicle 8" pickup="27"/>
				<event id="123" time="143877777735" vehicle="Vehicle 8" move="Strasbourg"/>
				<event id="124" time="149288888845" vehicle="Vehicle 8" deliver="27"/>
				<event id="125" time="149588888845" vehicle="Vehicle 8" deliver="4"/>
			</events>
		</round>
	</rounds>
	<statistics>
		<stat rank="1" agent="Naive">
			<total-tasks value="0"/>
			<total-distance value="0.0"/>
			<total-cost value="0"/>
			<total-reward value="0"/>
			<total-profit value="0"/>
		</stat>
		<stat rank="2" agent="Margin">
			<total-tasks value="40"/>
			<total-distance value="18519.0"/>
			<total-cost value="92595"/>
			<total-reward value="20525"/>
			<total-profit value="-72070"/>
		</stat>
	</statistics>
</history>
