<?xml version="1.0" encoding="ISO-8859-1"?>

<history configuration="config/rounds/auction1.xml">
	<agents>
		<agent name="Zero">
			<vehicle name="Vehicle 1"/>
			<vehicle name="Vehicle 2"/>
		</agent>
		<agent name="Neutral">
			<vehicle name="Vehicle 3"/>
			<vehicle name="Vehicle 4"/>
		</agent>
	</agents>
	<rounds>
		<round id="1">
			<tasks>
				<task id="0" pickup="Leeds" delivery="Sheffield" weight="6" reward="1281">
					<bid agent="Zero" bid="699"/>
					<bid agent="Neutral" bid="558"/>
				</task>
				<task id="1" pickup="Liverpool" delivery="Sheffield" weight="7" reward="14258">
					<bid agent="Zero" bid="1424"/>
					<bid agent="Neutral" bid="245"/>
				</task>
				<task id="2" pickup="Manchester" delivery="Cardiff" weight="9" reward="31460">
					<bid agent="Zero" bid="2078"/>
					<bid agent="Neutral" bid="588"/>
				</task>
				<task id="3" pickup="Manchester" delivery="London" weight="6" reward="31997">
					<bid agent="Zero" bid="2093"/>
					<bid agent="Neutral" bid="668"/>
				</task>
				<task id="4" pickup="Plymouth" delivery="Birmingham" weight="8" reward="58829">
					<bid agent="Zero" bid="3038"/>
					<bid agent="Neutral" bid="1022"/>
				</task>
				<task id="5" pickup="Liverpool" delivery="Norwich" weight="5" reward="58793">
					<bid agent="Zero" bid="2668"/>
					<bid agent="Neutral" bid="796"/>
				</task>
				<task id="6" pickup="Birmingham" delivery="Norwich" weight="8" reward="35595">
					<bid agent="Zero" bid="1755"/>
					<bid agent="Neutral" bid="407"/>
				</task>
				<task id="7" pickup="Sheffield" delivery="Manchester" weight="7" reward="20470">
					<bid agent="Zero" bid="1441"/>
					<bid agent="Neutral" bid="272"/>
				</task>
				<task id="8" pickup="Liverpool" delivery="Cardiff" weight="6" reward="37671">
					<bid agent="Zero" bid="2078"/>
					<bid agent="Neutral" bid="832"/>
				</task>
				<task id="9" pickup="Sheffield" delivery="Norwich" weight="7" reward="51741">
					<bid agent="Zero" bid="2315"/>
					<bid agent="Neutral" bid="714"/>
				</task>
				<task id="10" pickup="Portsmouth" delivery="Cardiff" weight="5" reward="48984">
					<bid agent="Zero" bid="1913"/>
					<bid agent="Neutral" bid="880"/>
				</task>
				<task id="11" pickup="Plymouth" delivery="London" weight="7" reward="37707">
					<bid agent="Zero" bid="2448"/>
					<bid agent="Neutral" bid="530"/>
				</task>
				<task id="12" pickup="Sheffield" delivery="Norwich" weight="7" reward="51741">
					<bid agent="Zero" bid="2315"/>
					<bid agent="Neutral" bid="727"/>
				</task>
				<task id="13" pickup="Newcastle" delivery="Liverpool" weight="9" reward="24497">
					<bid agent="Zero" bid="855"/>
					<bid agent="Neutral" bid="1020"/>
				</task>
				<task id="14" pickup="Cardiff" delivery="Newcastle" weight="8" reward="55643">
					<bid agent="Zero" bid="2890"/>
					<bid agent="Neutral" bid="1667"/>
				</task>
				<task id="15" pickup="Birmingham" delivery="Sheffield" weight="6" reward="10034">
					<bid agent="Zero" bid="1041"/>
					<bid agent="Neutral" bid="225"/>
				</task>
				<task id="16" pickup="Newcastle" delivery="Birmingham" weight="5" reward="35058">
					<bid agent="Zero" bid="648"/>
					<bid agent="Neutral" bid="529"/>
				</task>
				<task id="17" pickup="Birmingham" delivery="Plymouth" weight="6" reward="58829">
					<bid agent="Zero" bid="2404"/>
					<bid agent="Neutral" bid="1718"/>
				</task>
				<task id="18" pickup="Cardiff" delivery="Newcastle" weight="8" reward="55643">
					<bid agent="Zero" bid="2890"/>
					<bid agent="Neutral" bid="862"/>
				</task>
				<task id="19" pickup="Leeds" delivery="Sheffield" weight="6" reward="1281">
					<bid agent="Zero" bid="413"/>
					<bid agent="Neutral" bid="309"/>
				</task>
			</tasks>
			<events>
				<event id="0" time="0" vehicle="Vehicle 1" pickup="13"/>
				<event id="1" time="0" vehicle="Vehicle 4" move="London"/>
				<event id="2" time="300000000" vehicle="Vehicle 1" move="Leeds"/>
				<event id="3" time="1277777777" vehicle="Vehicle 4" move="Birmingham"/>
				<event id="4" time="1394444444" vehicle="Vehicle 1" move="Liverpool"/>
				<event id="5" time="2199999999" vehicle="Vehicle 1" deliver="13"/>
				<event id="6" time="2588888887" vehicle="Vehicle 4" pickup="15"/>
				<event id="7" time="2888888887" vehicle="Vehicle 4" pickup="17"/>
				<event id="8" time="3188888886" vehicle="Vehicle 4" move="Manchester"/>
				<event id="9" time="4243333330" vehicle="Vehicle 4" pickup="3"/>
				<event id="10" time="4543333330" vehicle="Vehicle 4" move="Liverpool"/>
				<event id="11" time="4928888885" vehicle="Vehicle 4" pickup="1"/>
				<event id="12" time="5228888884" vehicle="Vehicle 4" pickup="5"/>
				<event id="13" time="5528888884" vehicle="Vehicle 4" pickup="8"/>
				<event id="14" time="5828888884" vehicle="Vehicle 4" move="Leeds"/>
				<event id="15" time="6634444439" vehicle="Vehicle 4" pickup="0"/>
				<event id="16" time="6934444439" vehicle="Vehicle 4" pickup="19"/>
				<event id="17" time="7234444438" vehicle="Vehicle 4" move="Sheffield"/>
				<event id="18" time="7693333326" vehicle="Vehicle 4" pickup="12"/>
				<event id="19" time="7993333326" vehicle="Vehicle 4" deliver="0"/>
				<event id="20" time="8293333325" vehicle="Vehicle 4" pickup="9"/>
				<event id="21" time="8593333325" vehicle="Vehicle 4" deliver="19"/>
				<event id="22" time="8893333325" vehicle="Vehicle 4" pickup="7"/>
				<event id="23" time="9193333324" vehicle="Vehicle 4" deliver="15"/>
				<event id="24" time="9493333324" vehicle="Vehicle 4" move="Birmingham"/>
				<event id="25" time="10495555545" vehicle="Vehicle 4" pickup="6"/>
				<event id="26" time="10795555545" vehicle="Vehicle 4" move="London"/>
				<event id="27" time="12106666655" vehicle="Vehicle 4" move="Norwich"/>
				<event id="28" time="13384444432" vehicle="Vehicle 4" deliver="5"/>
				<event id="29" time="13684444432" vehicle="Vehicle 4" deliver="6"/>
				<event id="30" time="13984444432" vehicle="Vehicle 4" deliver="9"/>
				<event id="31" time="14284444431" vehicle="Vehicle 4" deliver="12"/>
				<event id="32" time="14584444431" vehicle="Vehicle 4" move="London"/>
				<event id="33" time="15862222208" vehicle="Vehicle 4" move="Portsmouth"/>
				<event id="34" time="16693333318" vehicle="Vehicle 4" move="Plymouth"/>
				<event id="35" time="18582222206" vehicle="Vehicle 4" pickup="11"/>
				<event id="36" time="18882222206" vehicle="Vehicle 4" pickup="4"/>
				<event id="37" time="19182222205" vehicle="Vehicle 4" deliver="17"/>
				<event id="38" time="19482222205" vehicle="Vehicle 4" move="Portsmouth"/>
				<event id="39" time="21371111093" vehicle="Vehicle 4" pickup="10"/>
				<event id="40" time="21671111093" vehicle="Vehicle 4" move="London"/>
				<event id="41" time="22502222203" vehicle="Vehicle 4" deliver="3"/>
				<event id="42" time="22802222203" vehicle="Vehicle 4" deliver="11"/>
				<event id="43" time="23102222202" vehicle="Vehicle 4" move="Birmingham"/>
				<event id="44" time="24413333312" vehicle="Vehicle 4" move="Manchester"/>
				<event id="45" time="25467777755" vehicle="Vehicle 4" deliver="7"/>
				<event id="46" time="25767777755" vehicle="Vehicle 4" pickup="2"/>
				<event id="47" time="26067777754" vehicle="Vehicle 4" move="Birmingham"/>
				<event id="48" time="27122222198" vehicle="Vehicle 4" move="Cardiff"/>
				<event id="49" time="28399999975" vehicle="Vehicle 4" pickup="14"/>
				<event id="50" time="28699999975" vehicle="Vehicle 4" pickup="18"/>
				<event id="51" time="28999999975" vehicle="Vehicle 4" deliver="10"/>
				<event id="52" time="29299999975" vehicle="Vehicle 4" deliver="8"/>
				<event id="53" time="29599999975" vehicle="Vehicle 4" deliver="2"/>
				<event id="54" time="29899999975" vehicle="Vehicle 4" move="Birmingham"/>
				<event id="55" time="31177777752" vehicle="Vehicle 4" move="Sheffield"/>
				<event id="56" time="32179999974" vehicle="Vehicle 4" move="Leeds"/>
				<event id="57" time="32638888862" vehicle="Vehicle 4" move="Newcastle"/>
				<event id="58" time="33733333306" vehicle="Vehicle 4" deliver="18"/>
				<event id="59" time="34033333305" vehicle="Vehicle 4" pickup="16"/>
				<event id="60" time="34333333305" vehicle="Vehicle 4" deliver="14"/>
				<event id="61" time="34633333305" vehicle="Vehicle 4" move="Leeds"/>
				<event id="62" time="35727777748" vehicle="Vehicle 4" move="Sheffield"/>
				<event id="63" time="36186666636" vehicle="Vehicle 4" deliver="1"/>
				<event id="64" time="36486666636" vehicle="Vehicle 4" move="Birmingham"/>
				<event id="65" time="37488888857" vehicle="Vehicle 4" deliver="4"/>
				<event id="66" time="37788888857" vehicle="Vehicle 4" deliver="16"/>
			</events>
		</round>
	</rounds>
	<statistics>
		<stat rank="1" agent="Neutral">
			<total-tasks value="19"/>
			<total-distance value="2402.0"/>
			<total-cost value="12010"/>
			<total-reward value="13549"/>
			<total-profit value="1539"/>
		</stat>
		<stat rank="2" agent="Zero">
			<total-tasks value="1"/>
			<total-distance value="171.0"/>
			<total-cost value="855"/>
			<total-reward value="855"/>
			<total-profit value="0"/>
		</stat>
	</statistics>
</history>
