<?xml version="1.0" encoding="ISO-8859-1"?>

<history configuration="config/rounds/auction2.xml">
	<agents>
		<agent name="Zero">
			<vehicle name="Vehicle 1"/>
			<vehicle name="Vehicle 2"/>
			<vehicle name="Vehicle 3"/>
		</agent>
		<agent name="Neutral">
			<vehicle name="Vehicle 4"/>
			<vehicle name="Vehicle 5"/>
			<vehicle name="Vehicle 6"/>
			<vehicle name="Vehicle 7"/>
		</agent>
	</agents>
	<rounds>
		<round id="1">
			<tasks>
				<task id="0" pickup="Breda" delivery="Almere" weight="27" reward="62791">
					<bid agent="Zero" bid="895"/>
					<bid agent="Neutral" bid="352"/>
				</task>
				<task id="1" pickup="Den Haag" delivery="Groningen" weight="19" reward="8119">
					<bid agent="Zero" bid="1581"/>
					<bid agent="Neutral" bid="574"/>
				</task>
				<task id="2" pickup="Apeldoorn" delivery="Den Haag" weight="26" reward="47362">
					<bid agent="Zero" bid="1108"/>
					<bid agent="Neutral" bid="390"/>
				</task>
				<task id="3" pickup="Utrecht" delivery="Groningen" weight="12" reward="30020">
					<bid agent="Zero" bid="986"/>
					<bid agent="Neutral" bid="295"/>
				</task>
				<task id="4" pickup="Utrecht" delivery="Amsterdam" weight="24" reward="91775">
					<bid agent="Zero" bid="228"/>
					<bid agent="Neutral" bid="162"/>
				</task>
				<task id="5" pickup="Nijmegen" delivery="Groningen" weight="26" reward="29695">
					<bid agent="Zero" bid="1341"/>
					<bid agent="Neutral" bid="524"/>
				</task>
				<task id="6" pickup="Almere" delivery="Utrecht" weight="26" reward="92712">
					<bid agent="Zero" bid="376"/>
					<bid agent="Neutral" bid="75"/>
				</task>
				<task id="7" pickup="Den Haag" delivery="Nijmegen" weight="28" reward="54405">
					<bid agent="Zero" bid="1013"/>
					<bid agent="Neutral" bid="356"/>
				</task>
				<task id="8" pickup="Apeldoorn" delivery="Almere" weight="21" reward="77731">
					<bid agent="Zero" bid="735"/>
					<bid agent="Neutral" bid="210"/>
				</task>
				<task id="9" pickup="Apeldoorn" delivery="Den Haag" weight="26" reward="47362">
					<bid agent="Zero" bid="1108"/>
					<bid agent="Neutral" bid="363"/>
				</task>
				<task id="10" pickup="Almere" delivery="Eindhoven" weight="12" reward="55300">
					<bid agent="Zero" bid="835"/>
					<bid agent="Neutral" bid="439"/>
				</task>
				<task id="11" pickup="Breda" delivery="Nijmegen" weight="11" reward="71177">
					<bid agent="Zero" bid="792"/>
					<bid agent="Neutral" bid="403"/>
				</task>
				<task id="12" pickup="Rotterdam" delivery="Almere" weight="22" reward="67350">
					<bid agent="Zero" bid="839"/>
					<bid agent="Neutral" bid="313"/>
				</task>
				<task id="13" pickup="Den Haag" delivery="Apeldoorn" weight="17" reward="47362">
					<bid agent="Zero" bid="1099"/>
					<bid agent="Neutral" bid="773"/>
				</task>
				<task id="14" pickup="Eindhoven" delivery="Nijmegen" weight="28" reward="81761">
					<bid agent="Zero" bid="351"/>
					<bid agent="Neutral" bid="169"/>
				</task>
				<task id="15" pickup="Rotterdam" delivery="Apeldoorn" weight="16" reward="57702">
					<bid agent="Zero" bid="958"/>
					<bid agent="Neutral" bid="323"/>
				</task>
				<task id="16" pickup="Amsterdam" delivery="Breda" weight="23" reward="61855">
					<bid agent="Zero" bid="595"/>
					<bid agent="Neutral" bid="435"/>
				</task>
				<task id="17" pickup="Apeldoorn" delivery="Den Haag" weight="26" reward="47362">
					<bid agent="Zero" bid="1108"/>
					<bid agent="Neutral" bid="386"/>
				</task>
				<task id="18" pickup="Almere" delivery="Rotterdam" weight="25" reward="67350">
					<bid agent="Zero" bid="687"/>
					<bid agent="Neutral" bid="574"/>
				</task>
				<task id="19" pickup="Eindhoven" delivery="Breda" weight="15" reward="85018">
					<bid agent="Zero" bid="311"/>
					<bid agent="Neutral" bid="376"/>
				</task>
				<task id="20" pickup="Amsterdam" delivery="Nijmegen" weight="20" reward="56603">
					<bid agent="Zero" bid="660"/>
					<bid agent="Neutral" bid="330"/>
				</task>
				<task id="21" pickup="Breda" delivery="Nijmegen" weight="11" reward="71177">
					<bid agent="Zero" bid="481"/>
					<bid agent="Neutral" bid="240"/>
				</task>
				<task id="22" pickup="Eindhoven" delivery="Groningen" weight="27" reward="1117">
					<bid agent="Zero" bid="1354"/>
					<bid agent="Neutral" bid="1596"/>
				</task>
				<task id="23" pickup="Amsterdam" delivery="Nijmegen" weight="20" reward="56603">
					<bid agent="Zero" bid="660"/>
					<bid agent="Neutral" bid="675"/>
				</task>
				<task id="24" pickup="Groningen" delivery="Amsterdam" weight="15" reward="34661">
					<bid agent="Zero" bid="929"/>
					<bid agent="Neutral" bid="1094"/>
				</task>
				<task id="25" pickup="Den Haag" delivery="Groningen" weight="19" reward="8119">
					<bid agent="Zero" bid="271"/>
					<bid agent="Neutral" bid="437"/>
				</task>
				<task id="26" pickup="Eindhoven" delivery="Rotterdam" weight="15" reward="65233">
					<bid agent="Zero" bid="0"/>
					<bid agent="Neutral" bid="404"/>
				</task>
				<task id="27" pickup="Groningen" delivery="Amsterdam" weight="15" reward="34661">
					<bid agent="Zero" bid="0"/>
					<bid agent="Neutral" bid="694"/>
				</task>
				<task id="28" pickup="Utrecht" delivery="Almere" weight="23" reward="92712">
					<bid agent="Zero" bid="169"/>
					<bid agent="Neutral" bid="168"/>
				</task>
				<task id="29" pickup="Utrecht" delivery="Breda" weight="29" reward="80418">
					<bid agent="Zero" bid="367"/>
					<bid agent="Neutral" bid="316"/>
				</task>
			</tasks>
			<events>
				<event id="0" time="0" vehicle="Vehicle 1" pickup="23"/>
				<event id="1" time="0" vehicle="Vehicle 2" pickup="26"/>
				<event id="2" time="0" vehicle="Vehicle 4" pickup="13"/>
				<event id="3" time="0" vehicle="Vehicle 6" move="Apeldoorn"/>
				<event id="4" time="0" vehicle="Vehicle 7" pickup="12"/>
				<event id="5" time="300000000" vehicle="Vehicle 1" move="Utrecht"/>
				<event id="6" time="300000000" vehicle="Vehicle 2" pickup="19"/>
				<event id="7" time="300000000" vehicle="Vehicle 4" move="Rotterdam"/>
				<event id="8" time="300000000" vehicle="Vehicle 7" move="Utrecht"/>
				<event id="9" time="582222222" vehicle="Vehicle 4" pickup="15"/>
				<event id="10" time="600000000" vehicle="Vehicle 2" pickup="22"/>
				<event id="11" time="882222222" vehicle="Vehicle 4" move="Breda"/>
				<event id="12" time="900000000" vehicle="Vehicle 2" move="Breda"/>
				<event id="13" time="992222222" vehicle="Vehicle 7" pickup="28"/>
				<event id="14" time="1060000000" vehicle="Vehicle 1" move="Nijmegen"/>
				<event id="15" time="1292222221" vehicle="Vehicle 7" pickup="4"/>
				<event id="16" time="1422222221" vehicle="Vehicle 4" pickup="0"/>
				<event id="17" time="1566666666" vehicle="Vehicle 6" pickup="9"/>
				<event id="18" time="1591111111" vehicle="Vehicle 2" deliver="19"/>
				<event id="19" time="1592222221" vehicle="Vehicle 7" move="Almere"/>
				<event id="20" time="1722222221" vehicle="Vehicle 4" move="Utrecht"/>
				<event id="21" time="1866666666" vehicle="Vehicle 6" pickup="17"/>
				<event id="22" time="1891111111" vehicle="Vehicle 2" move="Rotterdam"/>
				<event id="23" time="2073333331" vehicle="Vehicle 7" deliver="12"/>
				<event id="24" time="2166666665" vehicle="Vehicle 6" pickup="2"/>
				<event id="25" time="2373333331" vehicle="Vehicle 7" pickup="18"/>
				<event id="26" time="2431111110" vehicle="Vehicle 2" deliver="26"/>
				<event id="27" time="2466666665" vehicle="Vehicle 6" move="Utrecht"/>
				<event id="28" time="2500000000" vehicle="Vehicle 1" deliver="23"/>
				<event id="29" time="2538888886" vehicle="Vehicle 4" move="Apeldoorn"/>
				<event id="30" time="2673333331" vehicle="Vehicle 7" deliver="28"/>
				<event id="31" time="2731111110" vehicle="Vehicle 2" move="Den Haag"/>
				<event id="32" time="2973333331" vehicle="Vehicle 7" pickup="10"/>
				<event id="33" time="3013333331" vehicle="Vehicle 2" pickup="25"/>
				<event id="34" time="3211111109" vehicle="Vehicle 6" move="Rotterdam"/>
				<event id="35" time="3273333330" vehicle="Vehicle 7" move="Amsterdam"/>
				<event id="36" time="3283333330" vehicle="Vehicle 4" deliver="15"/>
				<event id="37" time="3313333331" vehicle="Vehicle 2" move="Amsterdam"/>
				<event id="38" time="3583333330" vehicle="Vehicle 4" pickup="8"/>
				<event id="39" time="3627777774" vehicle="Vehicle 7" deliver="4"/>
				<event id="40" time="3883333330" vehicle="Vehicle 4" deliver="13"/>
				<event id="41" time="3903333331" vehicle="Vehicle 6" move="Den Haag"/>
				<event id="42" time="3927777774" vehicle="Vehicle 7" pickup="16"/>
				<event id="43" time="4037777774" vehicle="Vehicle 2" move="Almere"/>
				<event id="44" time="4183333329" vehicle="Vehicle 4" move="Almere"/>
				<event id="45" time="4185555552" vehicle="Vehicle 6" deliver="9"/>
				<event id="46" time="4227777773" vehicle="Vehicle 7" pickup="20"/>
				<event id="47" time="4392222218" vehicle="Vehicle 2" move="Groningen"/>
				<event id="48" time="4485555552" vehicle="Vehicle 6" pickup="1"/>
				<event id="49" time="4527777773" vehicle="Vehicle 7" move="Den Haag"/>
				<event id="50" time="4785555552" vehicle="Vehicle 6" deliver="2"/>
				<event id="51" time="5073333328" vehicle="Vehicle 4" deliver="0"/>
				<event id="52" time="5085555551" vehicle="Vehicle 6" pickup="7"/>
				<event id="53" time="5252222217" vehicle="Vehicle 7" move="Rotterdam"/>
				<event id="54" time="5373333328" vehicle="Vehicle 4" pickup="6"/>
				<event id="55" time="5385555551" vehicle="Vehicle 6" deliver="17"/>
				<event id="56" time="5534444439" vehicle="Vehicle 7" deliver="18"/>
				<event id="57" time="5673333328" vehicle="Vehicle 4" deliver="8"/>
				<event id="58" time="5685555551" vehicle="Vehicle 6" move="Rotterdam"/>
				<event id="59" time="5834444439" vehicle="Vehicle 7" move="Breda"/>
				<event id="60" time="5967777773" vehicle="Vehicle 6" move="Utrecht"/>
				<event id="61" time="5973333328" vehicle="Vehicle 4" move="Utrecht"/>
				<event id="62" time="6103333328" vehicle="Vehicle 2" pickup="27"/>
				<event id="63" time="6374444438" vehicle="Vehicle 7" pickup="21"/>
				<event id="64" time="6403333328" vehicle="Vehicle 2" deliver="22"/>
				<event id="65" time="6454444438" vehicle="Vehicle 4" deliver="6"/>
				<event id="66" time="6659999995" vehicle="Vehicle 6" pickup="3"/>
				<event id="67" time="6674444438" vehicle="Vehicle 7" pickup="11"/>
				<event id="68" time="6703333328" vehicle="Vehicle 2" pickup="24"/>
				<event id="69" time="6754444438" vehicle="Vehicle 4" pickup="29"/>
				<event id="70" time="6959999995" vehicle="Vehicle 6" move="Nijmegen"/>
				<event id="71" time="6974444438" vehicle="Vehicle 7" deliver="16"/>
				<event id="72" time="7003333327" vehicle="Vehicle 2" deliver="25"/>
				<event id="73" time="7054444437" vehicle="Vehicle 4" move="Breda"/>
				<event id="74" time="7274444437" vehicle="Vehicle 7" move="Eindhoven"/>
				<event id="75" time="7303333327" vehicle="Vehicle 2" move="Almere"/>
				<event id="76" time="7871111103" vehicle="Vehicle 4" deliver="29"/>
				<event id="77" time="7919999995" vehicle="Vehicle 6" deliver="7"/>
				<event id="78" time="7965555548" vehicle="Vehicle 7" deliver="10"/>
				<event id="79" time="8219999995" vehicle="Vehicle 6" pickup="5"/>
				<event id="80" time="8265555547" vehicle="Vehicle 7" pickup="14"/>
				<event id="81" time="8519999995" vehicle="Vehicle 6" move="Apeldoorn"/>
				<event id="82" time="8565555547" vehicle="Vehicle 7" move="Nijmegen"/>
				<event id="83" time="9014444437" vehicle="Vehicle 2" move="Amsterdam"/>
				<event id="84" time="9154444439" vehicle="Vehicle 6" move="Groningen"/>
				<event id="85" time="9345555546" vehicle="Vehicle 7" deliver="14"/>
				<event id="86" time="9368888881" vehicle="Vehicle 2" deliver="24"/>
				<event id="87" time="9645555546" vehicle="Vehicle 7" deliver="21"/>
				<event id="88" time="9668888881" vehicle="Vehicle 2" deliver="27"/>
				<event id="89" time="9945555546" vehicle="Vehicle 7" deliver="11"/>
				<event id="90" time="10245555545" vehicle="Vehicle 7" deliver="20"/>
				<event id="91" time="10721111105" vehicle="Vehicle 6" deliver="1"/>
				<event id="92" time="11021111104" vehicle="Vehicle 6" deliver="5"/>
				<event id="93" time="11321111104" vehicle="Vehicle 6" deliver="3"/>
			</events>
		</round>
	</rounds>
	<statistics>
		<stat rank="1" agent="Neutral">
			<total-tasks value="23"/>
			<total-distance value="1488.4"/>
			<total-cost value="7442"/>
			<total-reward value="8170"/>
			<total-profit value="728"/>
		</stat>
		<stat rank="2" agent="Zero">
			<total-tasks value="7"/>
			<total-distance value="705.2"/>
			<total-cost value="3526"/>
			<total-reward value="3525"/>
			<total-profit value="-1"/>
		</stat>
	</statistics>
</history>
