<?xml version="1.0" encoding="ISO-8859-1"?>

<history configuration="config/rounds/auction2.xml">
	<agents>
		<agent name="Margin">
			<vehicle name="Vehicle 1"/>
			<vehicle name="Vehicle 2"/>
			<vehicle name="Vehicle 3"/>
		</agent>
		<agent name="Naive">
			<vehicle name="Vehicle 4"/>
			<vehicle name="Vehicle 5"/>
			<vehicle name="Vehicle 6"/>
			<vehicle name="Vehicle 7"/>
		</agent>
	</agents>
	<rounds>
		<round id="1">
			<tasks>
				<task id="0" pickup="Breda" delivery="Almere" weight="27" reward="62791">
					<bid agent="Margin" bid="447"/>
					<bid agent="Naive" bid="954"/>
				</task>
				<task id="1" pickup="Den Haag" delivery="Groningen" weight="19" reward="8119">
					<bid agent="Margin" bid="543"/>
					<bid agent="Naive" bid="1265"/>
				</task>
				<task id="2" pickup="Apeldoorn" delivery="Den Haag" weight="26" reward="47362">
					<bid agent="Margin" bid="392"/>
					<bid agent="Naive" bid="1647"/>
				</task>
				<task id="3" pickup="Utrecht" delivery="Groningen" weight="12" reward="30020">
					<bid agent="Margin" bid="25"/>
					<bid agent="Naive" bid="1494"/>
				</task>
				<task id="4" pickup="Utrecht" delivery="Amsterdam" weight="24" reward="91775">
					<bid agent="Margin" bid="96"/>
					<bid agent="Naive" bid="709"/>
				</task>
				<task id="5" pickup="Nijmegen" delivery="Groningen" weight="26" reward="29695">
					<bid agent="Margin" bid="375"/>
					<bid agent="Naive" bid="1739"/>
				</task>
				<task id="6" pickup="Almere" delivery="Utrecht" weight="26" reward="92712">
					<bid agent="Margin" bid="25"/>
					<bid agent="Naive" bid="830"/>
				</task>
				<task id="7" pickup="Den Haag" delivery="Nijmegen" weight="28" reward="54405">
					<bid agent="Margin" bid="111"/>
					<bid agent="Naive" bid="885"/>
				</task>
				<task id="8" pickup="Apeldoorn" delivery="Almere" weight="21" reward="77731">
					<bid agent="Margin" bid="58"/>
					<bid agent="Naive" bid="1178"/>
				</task>
				<task id="9" pickup="Apeldoorn" delivery="Den Haag" weight="26" reward="47362">
					<bid agent="Margin" bid="160"/>
					<bid agent="Naive" bid="1658"/>
				</task>
				<task id="10" pickup="Almere" delivery="Eindhoven" weight="12" reward="55300">
					<bid agent="Margin" bid="303"/>
					<bid agent="Naive" bid="1325"/>
				</task>
				<task id="11" pickup="Breda" delivery="Nijmegen" weight="11" reward="71177">
					<bid agent="Margin" bid="53"/>
					<bid agent="Naive" bid="1262"/>
				</task>
				<task id="12" pickup="Rotterdam" delivery="Almere" weight="22" reward="67350">
					<bid agent="Margin" bid="67"/>
					<bid agent="Naive" bid="1001"/>
				</task>
				<task id="13" pickup="Den Haag" delivery="Apeldoorn" weight="17" reward="47362">
					<bid agent="Margin" bid="286"/>
					<bid agent="Naive" bid="1109"/>
				</task>
				<task id="14" pickup="Eindhoven" delivery="Nijmegen" weight="28" reward="81761">
					<bid agent="Margin" bid="48"/>
					<bid agent="Naive" bid="1053"/>
				</task>
				<task id="15" pickup="Rotterdam" delivery="Apeldoorn" weight="16" reward="57702">
					<bid agent="Margin" bid="90"/>
					<bid agent="Naive" bid="1055"/>
				</task>
				<task id="16" pickup="Amsterdam" delivery="Breda" weight="23" reward="61855">
					<bid agent="Margin" bid="86"/>
					<bid agent="Naive" bid="1381"/>
				</task>
				<task id="17" pickup="Apeldoorn" delivery="Den Haag" weight="26" reward="47362">
					<bid agent="Margin" bid="25"/>
					<bid agent="Naive" bid="2249"/>
				</task>
				<task id="18" pickup="Almere" delivery="Rotterdam" weight="25" reward="67350">
					<bid agent="Margin" bid="25"/>
					<bid agent="Naive" bid="1046"/>
				</task>
				<task id="19" pickup="Eindhoven" delivery="Breda" weight="15" reward="85018">
					<bid agent="Margin" bid="26"/>
					<bid agent="Naive" bid="1608"/>
				</task>
				<task id="20" pickup="Amsterdam" delivery="Nijmegen" weight="20" reward="56603">
					<bid agent="Margin" bid="25"/>
					<bid agent="Naive" bid="1037"/>
				</task>
				<task id="21" pickup="Breda" delivery="Nijmegen" weight="11" reward="71177">
					<bid agent="Margin" bid="25"/>
					<bid agent="Naive" bid="1621"/>
				</task>
				<task id="22" pickup="Eindhoven" delivery="Groningen" weight="27" reward="1117">
					<bid agent="Margin" bid="25"/>
					<bid agent="Naive" bid="3705"/>
				</task>
				<task id="23" pickup="Amsterdam" delivery="Nijmegen" weight="20" reward="56603">
					<bid agent="Margin" bid="25"/>
					<bid agent="Naive" bid="1167"/>
				</task>
				<task id="24" pickup="Groningen" delivery="Amsterdam" weight="15" reward="34661">
					<bid agent="Margin" bid="25"/>
					<bid agent="Naive" bid="3002"/>
				</task>
				<task id="25" pickup="Den Haag" delivery="Groningen" weight="19" reward="8119">
					<bid agent="Margin" bid="25"/>
					<bid agent="Naive" bid="2373"/>
				</task>
				<task id="26" pickup="Eindhoven" delivery="Rotterdam" weight="15" reward="65233">
					<bid agent="Margin" bid="25"/>
					<bid agent="Naive" bid="2409"/>
				</task>
				<task id="27" pickup="Groningen" delivery="Amsterdam" weight="15" reward="34661">
					<bid agent="Margin" bid="25"/>
					<bid agent="Naive" bid="2368"/>
				</task>
				<task id="28" pickup="Utrecht" delivery="Almere" weight="23" reward="92712">
					<bid agent="Margin" bid="25"/>
					<bid agent="Naive" bid="1126"/>
				</task>
				<task id="29" pickup="Utrecht" delivery="Breda" weight="29" reward="80418">
					<bid agent="Margin" bid="25"/>
					<bid agent="Naive" bid="1595"/>
				</task>
			</tasks>
			<events>
				<event id="0" time="0" vehicle="Vehicle 1" move="Almere"/>
				<event id="1" time="0" vehicle="Vehicle 2" pickup="26"/>
				<event id="2" time="0" vehicle="Vehicle 3" pickup="3"/>
				<event id="3" time="300000000" vehicle="Vehicle 2" pickup="19"/>
				<event id="4" time="300000000" vehicle="Vehicle 3" move="Rotterdam"/>
				<event id="5" time="531666666" vehicle="Vehicle 1" pickup="18"/>
				<event id="6" time="600000000" vehicle="Vehicle 2" pickup="14"/>
				<event id="7" time="831666666" vehicle="Vehicle 1" pickup="6"/>
				<event id="8" time="900000000" vehicle="Vehicle 2" move="Breda"/>
				<event id="9" time="992222222" vehicle="Vehicle 3" pickup="15"/>
				<event id="10" time="1131666665" vehicle="Vehicle 1" move="Utrecht"/>
				<event id="11" time="1292222221" vehicle="Vehicle 3" move="Den Haag"/>
				<event id="12" time="1574444443" vehicle="Vehicle 3" pickup="25"/>
				<event id="13" time="1591111111" vehicle="Vehicle 2" deliver="19"/>
				<event id="14" time="1853333331" vehicle="Vehicle 1" pickup="29"/>
				<event id="15" time="1874444443" vehicle="Vehicle 3" pickup="7"/>
				<event id="16" time="1891111111" vehicle="Vehicle 2" move="Rotterdam"/>
				<event id="17" time="2153333330" vehicle="Vehicle 1" deliver="6"/>
				<event id="18" time="2174444442" vehicle="Vehicle 3" move="Rotterdam"/>
				<event id="19" time="2431111110" vehicle="Vehicle 2" deliver="26"/>
				<event id="20" time="2453333330" vehicle="Vehicle 1" move="Breda"/>
				<event id="21" time="2456666664" vehicle="Vehicle 3" move="Nijmegen"/>
				<event id="22" time="2731111110" vehicle="Vehicle 2" move="Utrecht"/>
				<event id="23" time="3423333331" vehicle="Vehicle 2" pickup="4"/>
				<event id="24" time="3678333329" vehicle="Vehicle 1" deliver="29"/>
				<event id="25" time="3701111108" vehicle="Vehicle 3" deliver="7"/>
				<event id="26" time="3723333331" vehicle="Vehicle 2" pickup="28"/>
				<event id="27" time="3978333329" vehicle="Vehicle 1" pickup="0"/>
				<event id="28" time="4001111107" vehicle="Vehicle 3" move="Apeldoorn"/>
				<event id="29" time="4023333330" vehicle="Vehicle 2" move="Almere"/>
				<event id="30" time="4278333328" vehicle="Vehicle 1" move="Rotterdam"/>
				<event id="31" time="4504444441" vehicle="Vehicle 2" deliver="28"/>
				<event id="32" time="4635555551" vehicle="Vehicle 3" deliver="15"/>
				<event id="33" time="4804444441" vehicle="Vehicle 2" move="Amsterdam"/>
				<event id="34" time="4935555551" vehicle="Vehicle 3" pickup="8"/>
				<event id="35" time="5088333327" vehicle="Vehicle 1" pickup="12"/>
				<event id="36" time="5158888884" vehicle="Vehicle 2" pickup="20"/>
				<event id="37" time="5235555550" vehicle="Vehicle 3" move="Groningen"/>
				<event id="38" time="5388333327" vehicle="Vehicle 1" deliver="18"/>
				<event id="39" time="5458888884" vehicle="Vehicle 2" deliver="4"/>
				<event id="40" time="5688333327" vehicle="Vehicle 1" move="Den Haag"/>
				<event id="41" time="5758888884" vehicle="Vehicle 2" pickup="23"/>
				<event id="42" time="6058888883" vehicle="Vehicle 2" move="Utrecht"/>
				<event id="43" time="6111666659" vehicle="Vehicle 1" pickup="13"/>
				<event id="44" time="6411666659" vehicle="Vehicle 1" move="Amsterdam"/>
				<event id="45" time="6565555549" vehicle="Vehicle 2" move="Nijmegen"/>
				<event id="46" time="6802222216" vehicle="Vehicle 3" deliver="25"/>
				<event id="47" time="7102222215" vehicle="Vehicle 3" pickup="24"/>
				<event id="48" time="7402222215" vehicle="Vehicle 3" deliver="3"/>
				<event id="49" time="7498333325" vehicle="Vehicle 1" move="Almere"/>
				<event id="50" time="7525555548" vehicle="Vehicle 2" deliver="23"/>
				<event id="51" time="7702222215" vehicle="Vehicle 3" pickup="27"/>
				<event id="52" time="7825555548" vehicle="Vehicle 2" deliver="20"/>
				<event id="53" time="8002222214" vehicle="Vehicle 3" move="Almere"/>
				<event id="54" time="8029999991" vehicle="Vehicle 1" deliver="0"/>
				<event id="55" time="8125555547" vehicle="Vehicle 2" deliver="14"/>
				<event id="56" time="8329999991" vehicle="Vehicle 1" deliver="12"/>
				<event id="57" time="8629999991" vehicle="Vehicle 1" move="Apeldoorn"/>
				<event id="58" time="9713333324" vehicle="Vehicle 3" deliver="8"/>
				<event id="59" time="9964999991" vehicle="Vehicle 1" pickup="2"/>
				<event id="60" time="10013333323" vehicle="Vehicle 3" pickup="10"/>
				<event id="61" time="10264999991" vehicle="Vehicle 1" deliver="13"/>
				<event id="62" time="10313333323" vehicle="Vehicle 3" move="Amsterdam"/>
				<event id="63" time="10564999991" vehicle="Vehicle 1" pickup="17"/>
				<event id="64" time="10667777767" vehicle="Vehicle 3" pickup="16"/>
				<event id="65" time="10864999991" vehicle="Vehicle 1" pickup="9"/>
				<event id="66" time="10967777767" vehicle="Vehicle 3" deliver="27"/>
				<event id="67" time="11164999991" vehicle="Vehicle 1" move="Utrecht"/>
				<event id="68" time="11267777766" vehicle="Vehicle 3" deliver="24"/>
				<event id="69" time="11567777766" vehicle="Vehicle 3" move="Den Haag"/>
				<event id="70" time="12281666657" vehicle="Vehicle 1" move="Rotterdam"/>
				<event id="71" time="12292222210" vehicle="Vehicle 3" pickup="1"/>
				<event id="72" time="12592222210" vehicle="Vehicle 3" move="Rotterdam"/>
				<event id="73" time="12874444432" vehicle="Vehicle 3" move="Breda"/>
				<event id="74" time="13319999990" vehicle="Vehicle 1" move="Den Haag"/>
				<event id="75" time="13414444431" vehicle="Vehicle 3" pickup="21"/>
				<event id="76" time="13714444431" vehicle="Vehicle 3" deliver="16"/>
				<event id="77" time="13743333323" vehicle="Vehicle 1" deliver="9"/>
				<event id="78" time="14014444430" vehicle="Vehicle 3" pickup="11"/>
				<event id="79" time="14043333322" vehicle="Vehicle 1" deliver="17"/>
				<event id="80" time="14314444430" vehicle="Vehicle 3" move="Eindhoven"/>
				<event id="81" time="14343333322" vehicle="Vehicle 1" deliver="2"/>
				<event id="82" time="15005555540" vehicle="Vehicle 3" pickup="22"/>
				<event id="83" time="15305555540" vehicle="Vehicle 3" deliver="10"/>
				<event id="84" time="15605555540" vehicle="Vehicle 3" move="Nijmegen"/>
				<event id="85" time="16385555539" vehicle="Vehicle 3" deliver="21"/>
				<event id="86" time="16685555539" vehicle="Vehicle 3" deliver="11"/>
				<event id="87" time="16985555539" vehicle="Vehicle 3" pickup="5"/>
				<event id="88" time="17285555538" vehicle="Vehicle 3" move="Apeldoorn"/>
				<event id="89" time="17919999982" vehicle="Vehicle 3" move="Groningen"/>
				<event id="90" time="19486666648" vehicle="Vehicle 3" deliver="22"/>
				<event id="91" time="19786666648" vehicle="Vehicle 3" deliver="1"/>
				<event id="92" time="20086666647" vehicle="Vehicle 3" deliver="5"/>
			</events>
		</round>
	</rounds>
	<statistics>
		<stat rank="1" agent="Naive">
			<total-tasks value="0"/>
			<total-distance value="0.0"/>
			<total-cost value="0"/>
			<total-reward value="0"/>
			<total-profit value="0"/>
		</stat>
		<stat rank="2" agent="Margin">
			<total-tasks value="30"/>
			<total-distance value="2013.7"/>
			<total-cost value="10069"/>
			<total-reward value="3491"/>
			<total-profit value="-6578"/>
		</stat>
	</statistics>
</history>
