<?xml version="1.0" encoding="ISO-8859-1"?>

<history configuration="config/rounds/auction2.xml">
	<agents>
		<agent name="Margin">
			<vehicle name="Vehicle 1"/>
			<vehicle name="Vehicle 2"/>
			<vehicle name="Vehicle 3"/>
		</agent>
		<agent name="Zero">
			<vehicle name="Vehicle 4"/>
			<vehicle name="Vehicle 5"/>
			<vehicle name="Vehicle 6"/>
			<vehicle name="Vehicle 7"/>
		</agent>
	</agents>
	<rounds>
		<round id="1">
			<tasks>
				<task id="0" pickup="Breda" delivery="Almere" weight="27" reward="62791">
					<bid agent="Margin" bid="447"/>
					<bid agent="Zero" bid="827"/>
				</task>
				<task id="1" pickup="Den Haag" delivery="Groningen" weight="19" reward="8119">
					<bid agent="Margin" bid="543"/>
					<bid agent="Zero" bid="1255"/>
				</task>
				<task id="2" pickup="Apeldoorn" delivery="Den Haag" weight="26" reward="47362">
					<bid agent="Margin" bid="392"/>
					<bid agent="Zero" bid="773"/>
				</task>
				<task id="3" pickup="Utrecht" delivery="Groningen" weight="12" reward="30020">
					<bid agent="Margin" bid="25"/>
					<bid agent="Zero" bid="1298"/>
				</task>
				<task id="4" pickup="Utrecht" delivery="Amsterdam" weight="24" reward="91775">
					<bid agent="Margin" bid="96"/>
					<bid agent="Zero" bid="539"/>
				</task>
				<task id="5" pickup="Nijmegen" delivery="Groningen" weight="26" reward="29695">
					<bid agent="Margin" bid="375"/>
					<bid agent="Zero" bid="1276"/>
				</task>
				<task id="6" pickup="Almere" delivery="Utrecht" weight="26" reward="92712">
					<bid agent="Margin" bid="25"/>
					<bid agent="Zero" bid="617"/>
				</task>
				<task id="7" pickup="Den Haag" delivery="Nijmegen" weight="28" reward="54405">
					<bid agent="Margin" bid="141"/>
					<bid agent="Zero" bid="687"/>
				</task>
				<task id="8" pickup="Apeldoorn" delivery="Almere" weight="21" reward="77731">
					<bid agent="Margin" bid="143"/>
					<bid agent="Zero" bid="400"/>
				</task>
				<task id="9" pickup="Apeldoorn" delivery="Den Haag" weight="26" reward="47362">
					<bid agent="Margin" bid="98"/>
					<bid agent="Zero" bid="773"/>
				</task>
				<task id="10" pickup="Almere" delivery="Eindhoven" weight="12" reward="55300">
					<bid agent="Margin" bid="188"/>
					<bid agent="Zero" bid="1076"/>
				</task>
				<task id="11" pickup="Breda" delivery="Nijmegen" weight="11" reward="71177">
					<bid agent="Margin" bid="198"/>
					<bid agent="Zero" bid="724"/>
				</task>
				<task id="12" pickup="Rotterdam" delivery="Almere" weight="22" reward="67350">
					<bid agent="Margin" bid="299"/>
					<bid agent="Zero" bid="528"/>
				</task>
				<task id="13" pickup="Den Haag" delivery="Apeldoorn" weight="17" reward="47362">
					<bid agent="Margin" bid="25"/>
					<bid agent="Zero" bid="773"/>
				</task>
				<task id="14" pickup="Eindhoven" delivery="Nijmegen" weight="28" reward="81761">
					<bid agent="Margin" bid="47"/>
					<bid agent="Zero" bid="905"/>
				</task>
				<task id="15" pickup="Rotterdam" delivery="Apeldoorn" weight="16" reward="57702">
					<bid agent="Margin" bid="28"/>
					<bid agent="Zero" bid="646"/>
				</task>
				<task id="16" pickup="Amsterdam" delivery="Breda" weight="23" reward="61855">
					<bid agent="Margin" bid="42"/>
					<bid agent="Zero" bid="921"/>
				</task>
				<task id="17" pickup="Apeldoorn" delivery="Den Haag" weight="26" reward="47362">
					<bid agent="Margin" bid="66"/>
					<bid agent="Zero" bid="773"/>
				</task>
				<task id="18" pickup="Almere" delivery="Rotterdam" weight="25" reward="67350">
					<bid agent="Margin" bid="25"/>
					<bid agent="Zero" bid="928"/>
				</task>
				<task id="19" pickup="Eindhoven" delivery="Breda" weight="15" reward="85018">
					<bid agent="Margin" bid="25"/>
					<bid agent="Zero" bid="865"/>
				</task>
				<task id="20" pickup="Amsterdam" delivery="Nijmegen" weight="20" reward="56603">
					<bid agent="Margin" bid="25"/>
					<bid agent="Zero" bid="986"/>
				</task>
				<task id="21" pickup="Breda" delivery="Nijmegen" weight="11" reward="71177">
					<bid agent="Margin" bid="25"/>
					<bid agent="Zero" bid="724"/>
				</task>
				<task id="22" pickup="Eindhoven" delivery="Groningen" weight="27" reward="1117">
					<bid agent="Margin" bid="25"/>
					<bid agent="Zero" bid="1895"/>
				</task>
				<task id="23" pickup="Amsterdam" delivery="Nijmegen" weight="20" reward="56603">
					<bid agent="Margin" bid="25"/>
					<bid agent="Zero" bid="986"/>
				</task>
				<task id="24" pickup="Groningen" delivery="Amsterdam" weight="15" reward="34661">
					<bid agent="Margin" bid="25"/>
					<bid agent="Zero" bid="929"/>
				</task>
				<task id="25" pickup="Den Haag" delivery="Groningen" weight="19" reward="8119">
					<bid agent="Margin" bid="25"/>
					<bid agent="Zero" bid="1255"/>
				</task>
				<task id="26" pickup="Eindhoven" delivery="Rotterdam" weight="15" reward="65233">
					<bid agent="Margin" bid="25"/>
					<bid agent="Zero" bid="1108"/>
				</task>
				<task id="27" pickup="Groningen" delivery="Amsterdam" weight="15" reward="34661">
					<bid agent="Margin" bid="25"/>
					<bid agent="Zero" bid="929"/>
				</task>
				<task id="28" pickup="Utrecht" delivery="Almere" weight="23" reward="92712">
					<bid agent="Margin" bid="25"/>
					<bid agent="Zero" bid="528"/>
				</task>
				<task id="29" pickup="Utrecht" delivery="Breda" weight="29" reward="80418">
					<bid agent="Margin" bid="25"/>
					<bid agent="Zero" bid="679"/>
				</task>
			</tasks>
			<events>
				<event id="0" time="0" vehicle="Vehicle 1" pickup="20"/>
				<event id="1" time="0" vehicle="Vehicle 2" pickup="19"/>
				<event id="2" time="0" vehicle="Vehicle 3" pickup="4"/>
				<event id="3" time="300000000" vehicle="Vehicle 1" pickup="23"/>
				<event id="4" time="300000000" vehicle="Vehicle 2" pickup="26"/>
				<event id="5" time="300000000" vehicle="Vehicle 3" pickup="28"/>
				<event id="6" time="600000000" vehicle="Vehicle 1" move="Den Haag"/>
				<event id="7" time="600000000" vehicle="Vehicle 2" move="Breda"/>
				<event id="8" time="600000000" vehicle="Vehicle 3" move="Apeldoorn"/>
				<event id="9" time="1291111111" vehicle="Vehicle 2" pickup="0"/>
				<event id="10" time="1344444444" vehicle="Vehicle 3" pickup="2"/>
				<event id="11" time="1591111111" vehicle="Vehicle 2" deliver="19"/>
				<event id="12" time="1644444444" vehicle="Vehicle 3" move="Almere"/>
				<event id="13" time="1686666666" vehicle="Vehicle 1" pickup="7"/>
				<event id="14" time="1891111111" vehicle="Vehicle 2" move="Rotterdam"/>
				<event id="15" time="1986666666" vehicle="Vehicle 1" move="Rotterdam"/>
				<event id="16" time="2409999999" vehicle="Vehicle 1" move="Nijmegen"/>
				<event id="17" time="2431111110" vehicle="Vehicle 2" pickup="12"/>
				<event id="18" time="2534444443" vehicle="Vehicle 3" deliver="28"/>
				<event id="19" time="2731111110" vehicle="Vehicle 2" deliver="26"/>
				<event id="20" time="2834444443" vehicle="Vehicle 3" pickup="10"/>
				<event id="21" time="3031111109" vehicle="Vehicle 2" pickup="15"/>
				<event id="22" time="3134444442" vehicle="Vehicle 3" move="Amsterdam"/>
				<event id="23" time="3331111109" vehicle="Vehicle 2" move="Utrecht"/>
				<event id="24" time="3488888886" vehicle="Vehicle 3" deliver="4"/>
				<event id="25" time="3788888886" vehicle="Vehicle 3" move="Den Haag"/>
				<event id="26" time="4023333330" vehicle="Vehicle 2" move="Apeldoorn"/>
				<event id="27" time="4276666665" vehicle="Vehicle 1" deliver="7"/>
				<event id="28" time="4513333330" vehicle="Vehicle 3" deliver="2"/>
				<event id="29" time="4576666665" vehicle="Vehicle 1" deliver="23"/>
				<event id="30" time="4767777774" vehicle="Vehicle 2" deliver="15"/>
				<event id="31" time="4813333330" vehicle="Vehicle 3" pickup="13"/>
				<event id="32" time="4876666665" vehicle="Vehicle 1" deliver="20"/>
				<event id="33" time="5067777773" vehicle="Vehicle 2" pickup="8"/>
				<event id="34" time="5113333329" vehicle="Vehicle 3" pickup="1"/>
				<event id="35" time="5367777773" vehicle="Vehicle 2" move="Almere"/>
				<event id="36" time="5413333329" vehicle="Vehicle 3" pickup="25"/>
				<event id="37" time="5713333329" vehicle="Vehicle 3" move="Rotterdam"/>
				<event id="38" time="5995555551" vehicle="Vehicle 3" move="Utrecht"/>
				<event id="39" time="6257777772" vehicle="Vehicle 2" deliver="0"/>
				<event id="40" time="6557777772" vehicle="Vehicle 2" pickup="18"/>
				<event id="41" time="6687777772" vehicle="Vehicle 3" pickup="3"/>
				<event id="42" time="6857777772" vehicle="Vehicle 2" deliver="8"/>
				<event id="43" time="6987777772" vehicle="Vehicle 3" move="Apeldoorn"/>
				<event id="44" time="7157777771" vehicle="Vehicle 2" deliver="12"/>
				<event id="45" time="7457777771" vehicle="Vehicle 2" move="Apeldoorn"/>
				<event id="46" time="7732222216" vehicle="Vehicle 3" deliver="13"/>
				<event id="47" time="8032222215" vehicle="Vehicle 3" move="Groningen"/>
				<event id="48" time="8347777770" vehicle="Vehicle 2" pickup="9"/>
				<event id="49" time="8647777770" vehicle="Vehicle 2" pickup="17"/>
				<event id="50" time="8947777770" vehicle="Vehicle 2" move="Utrecht"/>
				<event id="51" time="9598888880" vehicle="Vehicle 3" deliver="3"/>
				<event id="52" time="9692222214" vehicle="Vehicle 2" move="Rotterdam"/>
				<event id="53" time="9898888880" vehicle="Vehicle 3" pickup="27"/>
				<event id="54" time="10198888879" vehicle="Vehicle 3" pickup="24"/>
				<event id="55" time="10384444435" vehicle="Vehicle 2" deliver="18"/>
				<event id="56" time="10498888879" vehicle="Vehicle 3" deliver="25"/>
				<event id="57" time="10684444435" vehicle="Vehicle 2" move="Den Haag"/>
				<event id="58" time="10798888879" vehicle="Vehicle 3" deliver="1"/>
				<event id="59" time="10966666657" vehicle="Vehicle 2" deliver="17"/>
				<event id="60" time="11098888878" vehicle="Vehicle 3" move="Almere"/>
				<event id="61" time="11266666656" vehicle="Vehicle 2" deliver="9"/>
				<event id="62" time="12809999989" vehicle="Vehicle 3" pickup="6"/>
				<event id="63" time="13109999989" vehicle="Vehicle 3" move="Amsterdam"/>
				<event id="64" time="13464444433" vehicle="Vehicle 3" deliver="27"/>
				<event id="65" time="13764444433" vehicle="Vehicle 3" pickup="16"/>
				<event id="66" time="14064444432" vehicle="Vehicle 3" deliver="24"/>
				<event id="67" time="14364444432" vehicle="Vehicle 3" move="Utrecht"/>
				<event id="68" time="14871111098" vehicle="Vehicle 3" deliver="6"/>
				<event id="69" time="15171111097" vehicle="Vehicle 3" pickup="29"/>
				<event id="70" time="15471111097" vehicle="Vehicle 3" move="Breda"/>
				<event id="71" time="16287777762" vehicle="Vehicle 3" deliver="16"/>
				<event id="72" time="16587777762" vehicle="Vehicle 3" pickup="21"/>
				<event id="73" time="16887777762" vehicle="Vehicle 3" pickup="11"/>
				<event id="74" time="17187777761" vehicle="Vehicle 3" deliver="29"/>
				<event id="75" time="17487777761" vehicle="Vehicle 3" move="Eindhoven"/>
				<event id="76" time="18178888871" vehicle="Vehicle 3" deliver="10"/>
				<event id="77" time="18478888871" vehicle="Vehicle 3" pickup="22"/>
				<event id="78" time="18778888871" vehicle="Vehicle 3" pickup="14"/>
				<event id="79" time="19078888870" vehicle="Vehicle 3" move="Nijmegen"/>
				<event id="80" time="19858888870" vehicle="Vehicle 3" deliver="14"/>
				<event id="81" time="20158888869" vehicle="Vehicle 3" deliver="21"/>
				<event id="82" time="20458888869" vehicle="Vehicle 3" pickup="5"/>
				<event id="83" time="20758888869" vehicle="Vehicle 3" deliver="11"/>
				<event id="84" time="21058888868" vehicle="Vehicle 3" move="Apeldoorn"/>
				<event id="85" time="21693333312" vehicle="Vehicle 3" move="Groningen"/>
				<event id="86" time="23259999978" vehicle="Vehicle 3" deliver="5"/>
				<event id="87" time="23559999978" vehicle="Vehicle 3" deliver="22"/>
			</events>
		</round>
	</rounds>
	<statistics>
		<stat rank="1" agent="Zero">
			<total-tasks value="0"/>
			<total-distance value="0.0"/>
			<total-cost value="0"/>
			<total-reward value="0"/>
			<total-profit value="0"/>
		</stat>
		<stat rank="2" agent="Margin">
			<total-tasks value="30"/>
			<total-distance value="1933.0"/>
			<total-cost value="9665"/>
			<total-reward value="3478"/>
			<total-profit value="-6187"/>
		</stat>
	</statistics>
</history>
