<?xml version="1.0" encoding="ISO-8859-1"?>

<history configuration="config/rounds/auction3.xml">
	<agents>
		<agent name="Opponent">
			<vehicle name="Vehicle 1"/>
			<vehicle name="Vehicle 2"/>
			<vehicle name="Vehicle 3"/>
			<vehicle name="Vehicle 4"/>
		</agent>
		<agent name="AFK">
			<vehicle name="Vehicle 5"/>
			<vehicle name="Vehicle 6"/>
			<vehicle name="Vehicle 7"/>
			<vehicle name="Vehicle 8"/>
		</agent>
	</agents>
	<rounds>
		<round id="1">
			<tasks>
				<task id="0" pickup="Paris" delivery="Monaco" weight="25" reward="40845">
					<bid agent="Opponent" bid="5035"/>
				</task>
				<task id="1" pickup="Paris" delivery="Monaco" weight="25" reward="40845">
					<bid agent="Opponent" bid="0"/>
				</task>
				<task id="2" pickup="Lyon" delivery="Paris" weight="28" reward="78143">
					<bid agent="Opponent" bid="3075"/>
				</task>
				<task id="3" pickup="Brest" delivery="Lyon" weight="13" reward="37398">
					<bid agent="Opponent" bid="2955"/>
				</task>
				<task id="4" pickup="Brest" delivery="Strasbourg" weight="25" reward="35950">
					<bid agent="Opponent" bid="3535"/>
				</task>
				<task id="5" pickup="Brest" delivery="Monaco" weight="15" reward="100">
					<bid agent="Opponent" bid="845"/>
				</task>
				<task id="6" pickup="Lyon" delivery="Monaco" weight="28" reward="72973">
					<bid agent="Opponent" bid="3450"/>
				</task>
				<task id="7" pickup="Paris" delivery="Le Havre" weight="26" reward="96758">
					<bid agent="Opponent" bid="980"/>
				</task>
				<task id="8" pickup="Brest" delivery="Le Havre" weight="18" reward="56013">
					<bid agent="Opponent" bid="980"/>
				</task>
				<task id="9" pickup="Paris" delivery="Monaco" weight="25" reward="40845">
					<bid agent="Opponent" bid="980"/>
				</task>
				<task id="10" pickup="Paris" delivery="Monaco" weight="25" reward="40845">
					<bid agent="Opponent" bid="0"/>
				</task>
				<task id="11" pickup="Marseille" delivery="Bordeaux" weight="16" reward="65734">
					<bid agent="Opponent" bid="4355"/>
				</task>
				<task id="12" pickup="Lyon" delivery="Monaco" weight="28" reward="72973">
					<bid agent="Opponent" bid="3295"/>
				</task>
				<task id="13" pickup="Genève" delivery="Marseille" weight="29" reward="78212">
					<bid agent="Opponent" bid="1260"/>
				</task>
				<task id="14" pickup="Le Havre" delivery="Strasbourg" weight="10" reward="63183">
					<bid agent="Opponent" bid="180"/>
				</task>
				<task id="15" pickup="Monaco" delivery="Genève" weight="22" reward="74352">
					<bid agent="Opponent" bid="2605"/>
				</task>
				<task id="16" pickup="Bordeaux" delivery="Le Havre" weight="23" reward="56495">
					<bid agent="Opponent" bid="1290"/>
				</task>
				<task id="17" pickup="Genève" delivery="Bordeaux" weight="16" reward="59460">
					<bid agent="Opponent" bid="0"/>
				</task>
				<task id="18" pickup="Monaco" delivery="Genève" weight="22" reward="74352">
					<bid agent="Opponent" bid="0"/>
				</task>
				<task id="19" pickup="Paris" delivery="Monaco" weight="25" reward="40845">
					<bid agent="Opponent" bid="2940"/>
				</task>
				<task id="20" pickup="Monaco" delivery="Brest" weight="12" reward="100">
					<bid agent="Opponent" bid="6690"/>
				</task>
				<task id="21" pickup="Bordeaux" delivery="Marseille" weight="21" reward="65734">
					<bid agent="Opponent" bid="4950"/>
				</task>
				<task id="22" pickup="Brest" delivery="Marseille" weight="11" reward="15612">
					<bid agent="Opponent" bid="0"/>
				</task>
				<task id="23" pickup="Monaco" delivery="Le Havre" weight="23" reward="27332">
					<bid agent="Opponent" bid="0"/>
				</task>
				<task id="24" pickup="Brest" delivery="Le Havre" weight="18" reward="56013">
					<bid agent="Opponent" bid="835"/>
				</task>
				<task id="25" pickup="Brest" delivery="Bordeaux" weight="21" reward="29263">
					<bid agent="Opponent" bid="7300"/>
				</task>
				<task id="26" pickup="Strasbourg" delivery="Brest" weight="25" reward="35950">
					<bid agent="Opponent" bid="1910"/>
				</task>
				<task id="27" pickup="Paris" delivery="Strasbourg" weight="26" reward="76696">
					<bid agent="Opponent" bid="0"/>
				</task>
				<task id="28" pickup="Monaco" delivery="Genève" weight="22" reward="74352">
					<bid agent="Opponent" bid="0"/>
				</task>
				<task id="29" pickup="Monaco" delivery="Lyon" weight="15" reward="72973">
					<bid agent="Opponent" bid="2135"/>
				</task>
				<task id="30" pickup="Brest" delivery="Monaco" weight="15" reward="100">
					<bid agent="Opponent" bid="5910"/>
				</task>
				<task id="31" pickup="Genève" delivery="Le Havre" weight="23" reward="54358">
					<bid agent="Opponent" bid="0"/>
				</task>
				<task id="32" pickup="Marseille" delivery="Brest" weight="16" reward="15612">
					<bid agent="Opponent" bid="9160"/>
				</task>
				<task id="33" pickup="Le Havre" delivery="Bordeaux" weight="22" reward="56495">
					<bid agent="Opponent" bid="0"/>
				</task>
				<task id="34" pickup="Monaco" delivery="Brest" weight="12" reward="100">
					<bid agent="Opponent" bid="0"/>
				</task>
				<task id="35" pickup="Le Havre" delivery="Marseille" weight="28" reward="42844">
					<bid agent="Opponent" bid="0"/>
				</task>
				<task id="36" pickup="Monaco" delivery="Lyon" weight="15" reward="72973">
					<bid agent="Opponent" bid="3160"/>
				</task>
				<task id="37" pickup="Paris" delivery="Strasbourg" weight="26" reward="76696">
					<bid agent="Opponent" bid="2795"/>
				</task>
				<task id="38" pickup="Strasbourg" delivery="Paris" weight="26" reward="76696">
					<bid agent="Opponent" bid="3920"/>
				</task>
				<task id="39" pickup="Bordeaux" delivery="Genève" weight="23" reward="59460">
					<bid agent="Opponent" bid="140"/>
				</task>
			</tasks>
			<events>
				<event id="0" time="0" vehicle="Vehicle 1" pickup="1"/>
				<event id="1" time="0" vehicle="Vehicle 2" move="Monaco"/>
				<event id="2" time="0" vehicle="Vehicle 3" pickup="22"/>
				<event id="3" time="300000000" vehicle="Vehicle 1" pickup="9"/>
				<event id="4" time="300000000" vehicle="Vehicle 3" pickup="30"/>
				<event id="5" time="600000000" vehicle="Vehicle 1" pickup="10"/>
				<event id="6" time="600000000" vehicle="Vehicle 3" pickup="4"/>
				<event id="7" time="900000000" vehicle="Vehicle 1" move="Lyon"/>
				<event id="8" time="900000000" vehicle="Vehicle 3" pickup="5"/>
				<event id="9" time="1200000000" vehicle="Vehicle 3" pickup="3"/>
				<event id="10" time="1500000000" vehicle="Vehicle 3" move="Paris"/>
				<event id="11" time="2500000000" vehicle="Vehicle 2" pickup="34"/>
				<event id="12" time="2800000000" vehicle="Vehicle 2" pickup="36"/>
				<event id="13" time="3100000000" vehicle="Vehicle 2" pickup="20"/>
				<event id="14" time="3400000000" vehicle="Vehicle 2" move="Marseille"/>
				<event id="15" time="5900000000" vehicle="Vehicle 2" pickup="32"/>
				<event id="16" time="6200000000" vehicle="Vehicle 2" move="Lyon"/>
				<event id="17" time="8066666666" vehicle="Vehicle 3" move="Strasbourg"/>
				<event id="18" time="8666666666" vehicle="Vehicle 1" move="Marseille"/>
				<event id="19" time="9711111111" vehicle="Vehicle 2" deliver="36"/>
				<event id="20" time="10011111110" vehicle="Vehicle 2" move="Genève"/>
				<event id="21" time="11666666664" vehicle="Vehicle 2" move="Strasbourg"/>
				<event id="22" time="13477777776" vehicle="Vehicle 3" deliver="4"/>
				<event id="23" time="13777777776" vehicle="Vehicle 3" move="Genève"/>
				<event id="24" time="13933333332" vehicle="Vehicle 1" move="Monaco"/>
				<event id="25" time="15988888885" vehicle="Vehicle 2" pickup="26"/>
				<event id="26" time="16288888884" vehicle="Vehicle 2" move="Paris"/>
				<event id="27" time="17683333331" vehicle="Vehicle 1" deliver="9"/>
				<event id="28" time="17983333331" vehicle="Vehicle 1" deliver="10"/>
				<event id="29" time="18099999998" vehicle="Vehicle 3" move="Lyon"/>
				<event id="30" time="18283333330" vehicle="Vehicle 1" deliver="1"/>
				<event id="31" time="19755555553" vehicle="Vehicle 3" deliver="3"/>
				<event id="32" time="20055555552" vehicle="Vehicle 3" pickup="12"/>
				<event id="33" time="20355555552" vehicle="Vehicle 3" move="Marseille"/>
				<event id="34" time="21699999995" vehicle="Vehicle 2" move="Brest"/>
				<event id="35" time="23866666662" vehicle="Vehicle 3" deliver="22"/>
				<event id="36" time="24166666661" vehicle="Vehicle 3" pickup="11"/>
				<event id="37" time="24466666661" vehicle="Vehicle 3" move="Monaco"/>
				<event id="38" time="26966666660" vehicle="Vehicle 3" deliver="12"/>
				<event id="39" time="27266666659" vehicle="Vehicle 3" pickup="28"/>
				<event id="40" time="27566666659" vehicle="Vehicle 3" deliver="5"/>
				<event id="41" time="27866666659" vehicle="Vehicle 3" pickup="15"/>
				<event id="42" time="28166666658" vehicle="Vehicle 3" deliver="30"/>
				<event id="43" time="28266666661" vehicle="Vehicle 2" deliver="26"/>
				<event id="44" time="28466666658" vehicle="Vehicle 3" move="Genève"/>
				<event id="45" time="28566666661" vehicle="Vehicle 2" pickup="8"/>
				<event id="46" time="28866666661" vehicle="Vehicle 2" deliver="20"/>
				<event id="47" time="29166666660" vehicle="Vehicle 2" deliver="34"/>
				<event id="48" time="29466666660" vehicle="Vehicle 2" pickup="24"/>
				<event id="49" time="29766666660" vehicle="Vehicle 2" pickup="25"/>
				<event id="50" time="30066666659" vehicle="Vehicle 2" deliver="32"/>
				<event id="51" time="30366666659" vehicle="Vehicle 2" move="Paris"/>
				<event id="52" time="34255555546" vehicle="Vehicle 3" pickup="17"/>
				<event id="53" time="34555555546" vehicle="Vehicle 3" deliver="28"/>
				<event id="54" time="34855555546" vehicle="Vehicle 3" deliver="15"/>
				<event id="55" time="35155555545" vehicle="Vehicle 3" move="Lyon"/>
				<event id="56" time="36811111100" vehicle="Vehicle 3" pickup="2"/>
				<event id="57" time="36933333325" vehicle="Vehicle 2" move="Bordeaux"/>
				<event id="58" time="37111111099" vehicle="Vehicle 3" move="Paris"/>
				<event id="59" time="42288888875" vehicle="Vehicle 3" deliver="2"/>
				<event id="60" time="42588888875" vehicle="Vehicle 3" pickup="7"/>
				<event id="61" time="42888888875" vehicle="Vehicle 3" move="Le Havre"/>
				<event id="62" time="43422222213" vehicle="Vehicle 2" pickup="16"/>
				<event id="63" time="43722222213" vehicle="Vehicle 2" deliver="25"/>
				<event id="64" time="44022222212" vehicle="Vehicle 2" pickup="21"/>
				<event id="65" time="44322222212" vehicle="Vehicle 2" move="Paris"/>
				<event id="66" time="45066666652" vehicle="Vehicle 3" pickup="33"/>
				<event id="67" time="45366666652" vehicle="Vehicle 3" deliver="7"/>
				<event id="68" time="45666666652" vehicle="Vehicle 3" move="Paris"/>
				<event id="69" time="47844444429" vehicle="Vehicle 3" pickup="27"/>
				<event id="70" time="48144444428" vehicle="Vehicle 3" move="Bordeaux"/>
				<event id="71" time="50811111100" vehicle="Vehicle 2" move="Le Havre"/>
				<event id="72" time="52988888876" vehicle="Vehicle 2" deliver="24"/>
				<event id="73" time="53288888875" vehicle="Vehicle 2" pickup="14"/>
				<event id="74" time="53588888875" vehicle="Vehicle 2" deliver="16"/>
				<event id="75" time="53888888875" vehicle="Vehicle 2" pickup="35"/>
				<event id="76" time="54188888874" vehicle="Vehicle 2" deliver="8"/>
				<event id="77" time="54488888874" vehicle="Vehicle 2" move="Paris"/>
				<event id="78" time="54633333316" vehicle="Vehicle 3" deliver="33"/>
				<event id="79" time="54933333316" vehicle="Vehicle 3" deliver="11"/>
				<event id="80" time="55233333315" vehicle="Vehicle 3" pickup="39"/>
				<event id="81" time="55533333315" vehicle="Vehicle 3" deliver="17"/>
				<event id="82" time="55833333315" vehicle="Vehicle 3" move="Paris"/>
				<event id="83" time="56666666651" vehicle="Vehicle 2" move="Strasbourg"/>
				<event id="84" time="62077777761" vehicle="Vehicle 2" deliver="14"/>
				<event id="85" time="62322222203" vehicle="Vehicle 3" pickup="37"/>
				<event id="86" time="62377777761" vehicle="Vehicle 2" move="Genève"/>
				<event id="87" time="62622222203" vehicle="Vehicle 3" move="Strasbourg"/>
				<event id="88" time="66699999983" vehicle="Vehicle 2" pickup="13"/>
				<event id="89" time="66999999983" vehicle="Vehicle 2" move="Lyon"/>
				<event id="90" time="68033333313" vehicle="Vehicle 3" deliver="37"/>
				<event id="91" time="68333333313" vehicle="Vehicle 3" pickup="38"/>
				<event id="92" time="68633333313" vehicle="Vehicle 3" deliver="27"/>
				<event id="93" time="68655555538" vehicle="Vehicle 2" move="Marseille"/>
				<event id="94" time="68933333313" vehicle="Vehicle 3" move="Paris"/>
				<event id="95" time="72166666648" vehicle="Vehicle 2" deliver="13"/>
				<event id="96" time="72466666648" vehicle="Vehicle 2" deliver="35"/>
				<event id="97" time="72766666648" vehicle="Vehicle 2" deliver="21"/>
				<event id="98" time="74344444423" vehicle="Vehicle 3" pickup="0"/>
				<event id="99" time="74644444423" vehicle="Vehicle 3" deliver="38"/>
				<event id="100" time="74944444423" vehicle="Vehicle 3" pickup="19"/>
				<event id="101" time="75244444422" vehicle="Vehicle 3" move="Lyon"/>
				<event id="102" time="80422222199" vehicle="Vehicle 3" move="Genève"/>
				<event id="103" time="82077777753" vehicle="Vehicle 3" deliver="39"/>
				<event id="104" time="82377777753" vehicle="Vehicle 3" move="Lyon"/>
				<event id="105" time="84033333308" vehicle="Vehicle 3" pickup="6"/>
				<event id="106" time="84333333308" vehicle="Vehicle 3" move="Marseille"/>
				<event id="107" time="87844444418" vehicle="Vehicle 3" move="Monaco"/>
				<event id="108" time="90344444417" vehicle="Vehicle 3" deliver="19"/>
				<event id="109" time="90644444417" vehicle="Vehicle 3" deliver="0"/>
				<event id="110" time="90944444417" vehicle="Vehicle 3" pickup="23"/>
				<event id="111" time="91244444416" vehicle="Vehicle 3" deliver="6"/>
				<event id="112" time="91544444416" vehicle="Vehicle 3" pickup="18"/>
				<event id="113" time="91844444416" vehicle="Vehicle 3" pickup="29"/>
				<event id="114" time="92144444415" vehicle="Vehicle 3" move="Genève"/>
				<event id="115" time="97933333303" vehicle="Vehicle 3" deliver="18"/>
				<event id="116" time="98233333302" vehicle="Vehicle 3" pickup="31"/>
				<event id="117" time="98533333302" vehicle="Vehicle 3" move="Lyon"/>
				<event id="118" time="100188888856" vehicle="Vehicle 3" deliver="29"/>
				<event id="119" time="100488888856" vehicle="Vehicle 3" move="Paris"/>
				<event id="120" time="105666666633" vehicle="Vehicle 3" move="Le Havre"/>
				<event id="121" time="107844444410" vehicle="Vehicle 3" deliver="31"/>
				<event id="122" time="108144444409" vehicle="Vehicle 3" deliver="23"/>
			</events>
		</round>
	</rounds>
	<statistics>
    <stat rank="1" agent="AFK">
			<total-tasks value="0"/>
			<total-distance value="0.0"/>
			<total-cost value="0"/>
			<total-reward value="0"/>
			<total-profit value="0"/>
		</stat>
		<stat rank="2" agent="Opponent">
			<total-tasks value="40"/>
			<total-distance value="15345.0"/>
			<total-cost value="76725"/>
			<total-reward value="86665"/>
			<total-profit value="-1"/>
		</stat>
	</statistics>
</history>
