<?xml version="1.0" encoding="ISO-8859-1"?>

<history configuration="config/rounds/auction3.xml">
	<agents>
		<agent name="Opponent">
			<vehicle name="Vehicle 1"/>
			<vehicle name="Vehicle 2"/>
			<vehicle name="Vehicle 3"/>
			<vehicle name="Vehicle 4"/>
		</agent>
		<agent name="Margin">
			<vehicle name="Vehicle 5"/>
			<vehicle name="Vehicle 6"/>
			<vehicle name="Vehicle 7"/>
			<vehicle name="Vehicle 8"/>
		</agent>
	</agents>
	<rounds>
		<round id="1">
			<tasks>
				<task id="0" pickup="Paris" delivery="Monaco" weight="25" reward="40845">
					<bid agent="Opponent" bid="4626"/>
					<bid agent="Margin" bid="3682"/>
				</task>
				<task id="1" pickup="Paris" delivery="Monaco" weight="25" reward="40845">
					<bid agent="Opponent" bid="4085"/>
					<bid agent="Margin" bid="25"/>
				</task>
				<task id="2" pickup="Lyon" delivery="Paris" weight="28" reward="78143">
					<bid agent="Opponent" bid="1953"/>
					<bid agent="Margin" bid="25"/>
				</task>
				<task id="3" pickup="Brest" delivery="Lyon" weight="13" reward="37398">
					<bid agent="Opponent" bid="4201"/>
					<bid agent="Margin" bid="3265"/>
				</task>
				<task id="4" pickup="Brest" delivery="Strasbourg" weight="25" reward="35950">
					<bid agent="Opponent" bid="4276"/>
					<bid agent="Margin" bid="2727"/>
				</task>
				<task id="5" pickup="Brest" delivery="Monaco" weight="15" reward="100">
					<bid agent="Opponent" bid="6325"/>
					<bid agent="Margin" bid="25"/>
				</task>
				<task id="6" pickup="Lyon" delivery="Monaco" weight="28" reward="72973">
					<bid agent="Opponent" bid="2228"/>
					<bid agent="Margin" bid="3021"/>
				</task>
				<task id="7" pickup="Paris" delivery="Le Havre" weight="26" reward="96758">
					<bid agent="Opponent" bid="1285"/>
					<bid agent="Margin" bid="1249"/>
				</task>
				<task id="8" pickup="Brest" delivery="Le Havre" weight="18" reward="56013">
					<bid agent="Opponent" bid="3108"/>
					<bid agent="Margin" bid="25"/>
				</task>
				<task id="9" pickup="Paris" delivery="Monaco" weight="25" reward="40845">
					<bid agent="Opponent" bid="3832"/>
					<bid agent="Margin" bid="4541"/>
				</task>
				<task id="10" pickup="Paris" delivery="Monaco" weight="25" reward="40845">
					<bid agent="Opponent" bid="3825"/>
					<bid agent="Margin" bid="5148"/>
				</task>
				<task id="11" pickup="Marseille" delivery="Bordeaux" weight="16" reward="65734">
					<bid agent="Opponent" bid="2641"/>
					<bid agent="Margin" bid="3266"/>
				</task>
				<task id="12" pickup="Lyon" delivery="Monaco" weight="28" reward="72973">
					<bid agent="Opponent" bid="2307"/>
					<bid agent="Margin" bid="4315"/>
				</task>
				<task id="13" pickup="Genève" delivery="Marseille" weight="29" reward="78212">
					<bid agent="Opponent" bid="2139"/>
					<bid agent="Margin" bid="3952"/>
				</task>
				<task id="14" pickup="Le Havre" delivery="Strasbourg" weight="10" reward="63183">
					<bid agent="Opponent" bid="3034"/>
					<bid agent="Margin" bid="1763"/>
				</task>
				<task id="15" pickup="Monaco" delivery="Genève" weight="22" reward="74352">
					<bid agent="Opponent" bid="1921"/>
					<bid agent="Margin" bid="2214"/>
				</task>
				<task id="16" pickup="Bordeaux" delivery="Le Havre" weight="23" reward="56495">
					<bid agent="Opponent" bid="3099"/>
					<bid agent="Margin" bid="1745"/>
				</task>
				<task id="17" pickup="Genève" delivery="Bordeaux" weight="16" reward="59460">
					<bid agent="Opponent" bid="3019"/>
					<bid agent="Margin" bid="3548"/>
				</task>
				<task id="18" pickup="Monaco" delivery="Genève" weight="22" reward="74352">
					<bid agent="Opponent" bid="2383"/>
					<bid agent="Margin" bid="2344"/>
				</task>
				<task id="19" pickup="Paris" delivery="Monaco" weight="25" reward="40845">
					<bid agent="Opponent" bid="3515"/>
					<bid agent="Margin" bid="3263"/>
				</task>
				<task id="20" pickup="Monaco" delivery="Brest" weight="12" reward="100">
					<bid agent="Opponent" bid="5906"/>
					<bid agent="Margin" bid="2839"/>
				</task>
				<task id="21" pickup="Bordeaux" delivery="Marseille" weight="21" reward="65734">
					<bid agent="Opponent" bid="2730"/>
					<bid agent="Margin" bid="1556"/>
				</task>
				<task id="22" pickup="Brest" delivery="Marseille" weight="11" reward="15612">
					<bid agent="Opponent" bid="6007"/>
					<bid agent="Margin" bid="2169"/>
				</task>
				<task id="23" pickup="Monaco" delivery="Le Havre" weight="23" reward="27332">
					<bid agent="Opponent" bid="4560"/>
					<bid agent="Margin" bid="25"/>
				</task>
				<task id="24" pickup="Brest" delivery="Le Havre" weight="18" reward="56013">
					<bid agent="Opponent" bid="3659"/>
					<bid agent="Margin" bid="1175"/>
				</task>
				<task id="25" pickup="Brest" delivery="Bordeaux" weight="21" reward="29263">
					<bid agent="Opponent" bid="4903"/>
					<bid agent="Margin" bid="3211"/>
				</task>
				<task id="26" pickup="Strasbourg" delivery="Brest" weight="25" reward="35950">
					<bid agent="Opponent" bid="4716"/>
					<bid agent="Margin" bid="1272"/>
				</task>
				<task id="27" pickup="Paris" delivery="Strasbourg" weight="26" reward="76696">
					<bid agent="Opponent" bid="3012"/>
					<bid agent="Margin" bid="25"/>
				</task>
				<task id="28" pickup="Monaco" delivery="Genève" weight="22" reward="74352">
					<bid agent="Opponent" bid="2066"/>
					<bid agent="Margin" bid="25"/>
				</task>
				<task id="29" pickup="Monaco" delivery="Lyon" weight="15" reward="72973">
					<bid agent="Opponent" bid="2060"/>
					<bid agent="Margin" bid="1004"/>
				</task>
				<task id="30" pickup="Brest" delivery="Monaco" weight="15" reward="100">
					<bid agent="Opponent" bid="5820"/>
					<bid agent="Margin" bid="248"/>
				</task>
				<task id="31" pickup="Genève" delivery="Le Havre" weight="23" reward="54358">
					<bid agent="Opponent" bid="3146"/>
					<bid agent="Margin" bid="161"/>
				</task>
				<task id="32" pickup="Marseille" delivery="Brest" weight="16" reward="15612">
					<bid agent="Opponent" bid="5213"/>
					<bid agent="Margin" bid="79"/>
				</task>
				<task id="33" pickup="Le Havre" delivery="Bordeaux" weight="22" reward="56495">
					<bid agent="Opponent" bid="3589"/>
					<bid agent="Margin" bid="413"/>
				</task>
				<task id="34" pickup="Monaco" delivery="Brest" weight="12" reward="100">
					<bid agent="Opponent" bid="5943"/>
					<bid agent="Margin" bid="433"/>
				</task>
				<task id="35" pickup="Le Havre" delivery="Marseille" weight="28" reward="42844">
					<bid agent="Opponent" bid="4022"/>
					<bid agent="Margin" bid="210"/>
				</task>
				<task id="36" pickup="Monaco" delivery="Lyon" weight="15" reward="72973">
					<bid agent="Opponent" bid="2475"/>
					<bid agent="Margin" bid="25"/>
				</task>
				<task id="37" pickup="Paris" delivery="Strasbourg" weight="26" reward="76696">
					<bid agent="Opponent" bid="2221"/>
					<bid agent="Margin" bid="25"/>
				</task>
				<task id="38" pickup="Strasbourg" delivery="Paris" weight="26" reward="76696">
					<bid agent="Opponent" bid="1985"/>
					<bid agent="Margin" bid="25"/>
				</task>
				<task id="39" pickup="Bordeaux" delivery="Genève" weight="23" reward="59460">
					<bid agent="Opponent" bid="2750"/>
					<bid agent="Margin" bid="25"/>
				</task>
			</tasks>
			<events>
				<event id="0" time="0" vehicle="Vehicle 1" pickup="10"/>
				<event id="1" time="0" vehicle="Vehicle 6" pickup="16"/>
				<event id="2" time="0" vehicle="Vehicle 7" pickup="36"/>
				<event id="3" time="0" vehicle="Vehicle 8" move="Paris"/>
				<event id="4" time="300000000" vehicle="Vehicle 1" pickup="9"/>
				<event id="5" time="300000000" vehicle="Vehicle 6" move="Paris"/>
				<event id="6" time="300000000" vehicle="Vehicle 7" pickup="20"/>
				<event id="7" time="600000000" vehicle="Vehicle 1" move="Lyon"/>
				<event id="8" time="600000000" vehicle="Vehicle 7" pickup="29"/>
				<event id="9" time="900000000" vehicle="Vehicle 7" move="Marseille"/>
				<event id="10" time="3400000000" vehicle="Vehicle 7" pickup="32"/>
				<event id="11" time="3700000000" vehicle="Vehicle 7" move="Lyon"/>
				<event id="12" time="5411111111" vehicle="Vehicle 8" pickup="0"/>
				<event id="13" time="5711111111" vehicle="Vehicle 8" pickup="1"/>
				<event id="14" time="6011111110" vehicle="Vehicle 8" pickup="19"/>
				<event id="15" time="6311111110" vehicle="Vehicle 8" move="Lyon"/>
				<event id="16" time="6788888888" vehicle="Vehicle 6" pickup="37"/>
				<event id="17" time="7088888887" vehicle="Vehicle 6" pickup="7"/>
				<event id="18" time="7211111111" vehicle="Vehicle 7" deliver="36"/>
				<event id="19" time="7388888887" vehicle="Vehicle 6" move="Le Havre"/>
				<event id="20" time="7511111111" vehicle="Vehicle 7" pickup="2"/>
				<event id="21" time="7811111111" vehicle="Vehicle 7" deliver="29"/>
				<event id="22" time="8111111110" vehicle="Vehicle 7" move="Paris"/>
				<event id="23" time="8366666666" vehicle="Vehicle 1" move="Marseille"/>
				<event id="24" time="9566666664" vehicle="Vehicle 6" deliver="16"/>
				<event id="25" time="9866666664" vehicle="Vehicle 6" pickup="14"/>
				<event id="26" time="10166666663" vehicle="Vehicle 6" deliver="7"/>
				<event id="27" time="10466666663" vehicle="Vehicle 6" move="Paris"/>
				<event id="28" time="11488888886" vehicle="Vehicle 8" move="Marseille"/>
				<event id="29" time="12644444440" vehicle="Vehicle 6" pickup="27"/>
				<event id="30" time="12944444440" vehicle="Vehicle 6" move="Strasbourg"/>
				<event id="31" time="13288888886" vehicle="Vehicle 7" deliver="2"/>
				<event id="32" time="13588888886" vehicle="Vehicle 7" move="Brest"/>
				<event id="33" time="13633333332" vehicle="Vehicle 1" move="Monaco"/>
				<event id="34" time="14999999997" vehicle="Vehicle 8" move="Monaco"/>
				<event id="35" time="17383333331" vehicle="Vehicle 1" pickup="15"/>
				<event id="36" time="17499999997" vehicle="Vehicle 8" deliver="1"/>
				<event id="37" time="17683333331" vehicle="Vehicle 1" deliver="9"/>
				<event id="38" time="17799999997" vehicle="Vehicle 8" pickup="28"/>
				<event id="39" time="17983333331" vehicle="Vehicle 1" deliver="10"/>
				<event id="40" time="18099999997" vehicle="Vehicle 8" deliver="0"/>
				<event id="41" time="18283333330" vehicle="Vehicle 1" move="Genève"/>
				<event id="42" time="18355555550" vehicle="Vehicle 6" deliver="27"/>
				<event id="43" time="18399999997" vehicle="Vehicle 8" pickup="18"/>
				<event id="44" time="18655555550" vehicle="Vehicle 6" pickup="38"/>
				<event id="45" time="18699999997" vehicle="Vehicle 8" deliver="19"/>
				<event id="46" time="18955555550" vehicle="Vehicle 6" deliver="14"/>
				<event id="47" time="18999999997" vehicle="Vehicle 8" pickup="34"/>
				<event id="48" time="19255555549" vehicle="Vehicle 6" pickup="26"/>
				<event id="49" time="19299999997" vehicle="Vehicle 8" pickup="23"/>
				<event id="50" time="19555555549" vehicle="Vehicle 6" deliver="37"/>
				<event id="51" time="19599999997" vehicle="Vehicle 8" move="Genève"/>
				<event id="52" time="19855555549" vehicle="Vehicle 6" move="Paris"/>
				<event id="53" time="20155555552" vehicle="Vehicle 7" deliver="20"/>
				<event id="54" time="20455555552" vehicle="Vehicle 7" deliver="32"/>
				<event id="55" time="25266666659" vehicle="Vehicle 6" deliver="38"/>
				<event id="56" time="25388888885" vehicle="Vehicle 8" deliver="18"/>
				<event id="57" time="25566666659" vehicle="Vehicle 6" move="Brest"/>
				<event id="58" time="25688888885" vehicle="Vehicle 8" pickup="31"/>
				<event id="59" time="25988888885" vehicle="Vehicle 8" deliver="28"/>
				<event id="60" time="26288888884" vehicle="Vehicle 8" move="Lyon"/>
				<event id="61" time="26966666662" vehicle="Vehicle 1" pickup="17"/>
				<event id="62" time="27266666661" vehicle="Vehicle 1" pickup="13"/>
				<event id="63" time="27566666661" vehicle="Vehicle 1" deliver="15"/>
				<event id="64" time="27866666661" vehicle="Vehicle 1" move="Lyon"/>
				<event id="65" time="27944444439" vehicle="Vehicle 8" move="Paris"/>
				<event id="66" time="30349999994" vehicle="Vehicle 1" pickup="6"/>
				<event id="67" time="30649999994" vehicle="Vehicle 1" move="Marseille"/>
				<event id="68" time="32133333325" vehicle="Vehicle 6" pickup="30"/>
				<event id="69" time="32433333325" vehicle="Vehicle 6" pickup="5"/>
				<event id="70" time="32733333325" vehicle="Vehicle 6" pickup="22"/>
				<event id="71" time="33033333324" vehicle="Vehicle 6" deliver="26"/>
				<event id="72" time="33122222216" vehicle="Vehicle 8" move="Le Havre"/>
				<event id="73" time="33333333324" vehicle="Vehicle 6" pickup="3"/>
				<event id="74" time="33633333324" vehicle="Vehicle 6" pickup="4"/>
				<event id="75" time="33933333324" vehicle="Vehicle 6" move="Paris"/>
				<event id="76" time="35299999993" vehicle="Vehicle 8" deliver="31"/>
				<event id="77" time="35599999993" vehicle="Vehicle 8" move="Paris"/>
				<event id="78" time="35916666660" vehicle="Vehicle 1" deliver="13"/>
				<event id="79" time="36216666659" vehicle="Vehicle 1" move="Lyon"/>
				<event id="80" time="37777777770" vehicle="Vehicle 8" move="Brest"/>
				<event id="81" time="40499999990" vehicle="Vehicle 6" move="Strasbourg"/>
				<event id="82" time="41483333325" vehicle="Vehicle 1" pickup="12"/>
				<event id="83" time="41783333325" vehicle="Vehicle 1" move="Marseille"/>
				<event id="84" time="44344444436" vehicle="Vehicle 8" deliver="34"/>
				<event id="85" time="44644444436" vehicle="Vehicle 8" pickup="25"/>
				<event id="86" time="44944444436" vehicle="Vehicle 8" pickup="24"/>
				<event id="87" time="45244444435" vehicle="Vehicle 8" pickup="8"/>
				<event id="88" time="45544444435" vehicle="Vehicle 8" move="Paris"/>
				<event id="89" time="45911111101" vehicle="Vehicle 6" deliver="4"/>
				<event id="90" time="46211111100" vehicle="Vehicle 6" move="Genève"/>
				<event id="91" time="47049999991" vehicle="Vehicle 1" move="Monaco"/>
				<event id="92" time="50533333321" vehicle="Vehicle 6" move="Lyon"/>
				<event id="93" time="50799999991" vehicle="Vehicle 1" deliver="6"/>
				<event id="94" time="51099999991" vehicle="Vehicle 1" deliver="12"/>
				<event id="95" time="51399999991" vehicle="Vehicle 1" move="Marseille"/>
				<event id="96" time="52111111101" vehicle="Vehicle 8" move="Le Havre"/>
				<event id="97" time="52188888875" vehicle="Vehicle 6" deliver="3"/>
				<event id="98" time="52488888875" vehicle="Vehicle 6" move="Marseille"/>
				<event id="99" time="54288888877" vehicle="Vehicle 8" deliver="23"/>
				<event id="100" time="54588888877" vehicle="Vehicle 8" pickup="33"/>
				<event id="101" time="54888888877" vehicle="Vehicle 8" deliver="8"/>
				<event id="102" time="55149999991" vehicle="Vehicle 1" pickup="11"/>
				<event id="103" time="55188888876" vehicle="Vehicle 8" deliver="24"/>
				<event id="104" time="55449999991" vehicle="Vehicle 1" move="Bordeaux"/>
				<event id="105" time="55488888876" vehicle="Vehicle 8" pickup="35"/>
				<event id="106" time="55788888876" vehicle="Vehicle 8" move="Paris"/>
				<event id="107" time="55999999986" vehicle="Vehicle 6" deliver="22"/>
				<event id="108" time="56299999986" vehicle="Vehicle 6" move="Monaco"/>
				<event id="109" time="57966666653" vehicle="Vehicle 8" move="Bordeaux"/>
				<event id="110" time="58799999986" vehicle="Vehicle 6" deliver="5"/>
				<event id="111" time="59099999986" vehicle="Vehicle 6" deliver="30"/>
				<event id="112" time="64455555541" vehicle="Vehicle 8" deliver="33"/>
				<event id="113" time="64755555541" vehicle="Vehicle 8" pickup="21"/>
				<event id="114" time="65055555540" vehicle="Vehicle 8" deliver="25"/>
				<event id="115" time="65355555540" vehicle="Vehicle 8" pickup="39"/>
				<event id="116" time="65655555540" vehicle="Vehicle 8" move="Marseille"/>
				<event id="117" time="66216666657" vehicle="Vehicle 1" deliver="11"/>
				<event id="118" time="66516666657" vehicle="Vehicle 1" deliver="17"/>
				<event id="119" time="72833333317" vehicle="Vehicle 8" deliver="21"/>
				<event id="120" time="73133333316" vehicle="Vehicle 8" deliver="35"/>
				<event id="121" time="73433333316" vehicle="Vehicle 8" move="Lyon"/>
				<event id="122" time="76944444426" vehicle="Vehicle 8" move="Genève"/>
				<event id="123" time="78599999981" vehicle="Vehicle 8" deliver="39"/>
			</events>
		</round>
	</rounds>
	<statistics>
		<stat rank="1" agent="Opponent">
			<total-tasks value="8"/>
			<total-distance value="3721.0"/>
			<total-cost value="18605"/>
			<total-reward value="21912"/>
			<total-profit value="3307"/>
		</stat>
		<stat rank="2" agent="Margin">
			<total-tasks value="32"/>
			<total-distance value="12587.0"/>
			<total-cost value="62935"/>
			<total-reward value="35083"/>
			<total-profit value="-27852"/>
		</stat>
	</statistics>
</history>
