<?xml version="1.0" encoding="ISO-8859-1"?>

<history configuration="config/rounds/auction3.xml">
	<agents>
		<agent name="Opponent">
			<vehicle name="Vehicle 1"/>
			<vehicle name="Vehicle 2"/>
			<vehicle name="Vehicle 3"/>
			<vehicle name="Vehicle 4"/>
		</agent>
		<agent name="Zero">
			<vehicle name="Vehicle 5"/>
			<vehicle name="Vehicle 6"/>
			<vehicle name="Vehicle 7"/>
			<vehicle name="Vehicle 8"/>
		</agent>
	</agents>
	<rounds>
		<round id="1">
			<tasks>
				<task id="0" pickup="Paris" delivery="Monaco" weight="25" reward="40845">
					<bid agent="Opponent" bid="4212"/>
					<bid agent="Zero" bid="7365"/>
				</task>
				<task id="1" pickup="Paris" delivery="Monaco" weight="25" reward="40845">
					<bid agent="Opponent" bid="4466"/>
					<bid agent="Zero" bid="7365"/>
				</task>
				<task id="2" pickup="Lyon" delivery="Paris" weight="28" reward="78143">
					<bid agent="Opponent" bid="2967"/>
					<bid agent="Zero" bid="2330"/>
				</task>
				<task id="3" pickup="Brest" delivery="Lyon" weight="13" reward="37398">
					<bid agent="Opponent" bid="4441"/>
					<bid agent="Zero" bid="8240"/>
				</task>
				<task id="4" pickup="Brest" delivery="Strasbourg" weight="25" reward="35950">
					<bid agent="Opponent" bid="4621"/>
					<bid agent="Zero" bid="8345"/>
				</task>
				<task id="5" pickup="Brest" delivery="Monaco" weight="15" reward="100">
					<bid agent="Opponent" bid="6607"/>
					<bid agent="Zero" bid="10945"/>
				</task>
				<task id="6" pickup="Lyon" delivery="Monaco" weight="28" reward="72973">
					<bid agent="Opponent" bid="3689"/>
					<bid agent="Zero" bid="5035"/>
				</task>
				<task id="7" pickup="Paris" delivery="Le Havre" weight="26" reward="96758">
					<bid agent="Opponent" bid="2906"/>
					<bid agent="Zero" bid="980"/>
				</task>
				<task id="8" pickup="Brest" delivery="Le Havre" weight="18" reward="56013">
					<bid agent="Opponent" bid="3561"/>
					<bid agent="Zero" bid="5910"/>
				</task>
				<task id="9" pickup="Paris" delivery="Monaco" weight="25" reward="40845">
					<bid agent="Opponent" bid="4458"/>
					<bid agent="Zero" bid="6015"/>
				</task>
				<task id="10" pickup="Paris" delivery="Monaco" weight="25" reward="40845">
					<bid agent="Opponent" bid="4506"/>
					<bid agent="Zero" bid="6015"/>
				</task>
				<task id="11" pickup="Marseille" delivery="Bordeaux" weight="16" reward="65734">
					<bid agent="Opponent" bid="4213"/>
					<bid agent="Zero" bid="4355"/>
				</task>
				<task id="12" pickup="Lyon" delivery="Monaco" weight="28" reward="72973">
					<bid agent="Opponent" bid="3709"/>
					<bid agent="Zero" bid="5395"/>
				</task>
				<task id="13" pickup="Genève" delivery="Marseille" weight="29" reward="78212">
					<bid agent="Opponent" bid="3751"/>
					<bid agent="Zero" bid="4270"/>
				</task>
				<task id="14" pickup="Le Havre" delivery="Strasbourg" weight="10" reward="63183">
					<bid agent="Opponent" bid="11016"/>
					<bid agent="Zero" bid="3415"/>
				</task>
				<task id="15" pickup="Monaco" delivery="Genève" weight="22" reward="74352">
					<bid agent="Opponent" bid="3816"/>
					<bid agent="Zero" bid="2605"/>
				</task>
				<task id="16" pickup="Bordeaux" delivery="Le Havre" weight="23" reward="56495">
					<bid agent="Opponent" bid="7652"/>
					<bid agent="Zero" bid="2920"/>
				</task>
				<task id="17" pickup="Genève" delivery="Bordeaux" weight="16" reward="59460">
					<bid agent="Opponent" bid="3204"/>
					<bid agent="Zero" bid="1355"/>
				</task>
				<task id="18" pickup="Monaco" delivery="Genève" weight="22" reward="74352">
					<bid agent="Opponent" bid="2533"/>
					<bid agent="Zero" bid="0"/>
				</task>
				<task id="19" pickup="Paris" delivery="Monaco" weight="25" reward="40845">
					<bid agent="Opponent" bid="4015"/>
					<bid agent="Zero" bid="4550"/>
				</task>
				<task id="20" pickup="Monaco" delivery="Brest" weight="12" reward="100">
					<bid agent="Opponent" bid="6619"/>
					<bid agent="Zero" bid="5390"/>
				</task>
				<task id="21" pickup="Bordeaux" delivery="Marseille" weight="21" reward="65734">
					<bid agent="Opponent" bid="4454"/>
					<bid agent="Zero" bid="3230"/>
				</task>
				<task id="22" pickup="Brest" delivery="Marseille" weight="11" reward="15612">
					<bid agent="Opponent" bid="5305"/>
					<bid agent="Zero" bid="2830"/>
				</task>
				<task id="23" pickup="Monaco" delivery="Le Havre" weight="23" reward="27332">
					<bid agent="Opponent" bid="5106"/>
					<bid agent="Zero" bid="1960"/>
				</task>
				<task id="24" pickup="Brest" delivery="Le Havre" weight="18" reward="56013">
					<bid agent="Opponent" bid="3972"/>
					<bid agent="Zero" bid="1040"/>
				</task>
				<task id="25" pickup="Brest" delivery="Bordeaux" weight="21" reward="29263">
					<bid agent="Opponent" bid="5394"/>
					<bid agent="Zero" bid="0"/>
				</task>
				<task id="26" pickup="Strasbourg" delivery="Brest" weight="25" reward="35950">
					<bid agent="Opponent" bid="4877"/>
					<bid agent="Zero" bid="2075"/>
				</task>
				<task id="27" pickup="Paris" delivery="Strasbourg" weight="26" reward="76696">
					<bid agent="Opponent" bid="1980"/>
					<bid agent="Zero" bid="0"/>
				</task>
				<task id="28" pickup="Monaco" delivery="Genève" weight="22" reward="74352">
					<bid agent="Opponent" bid="2438"/>
					<bid agent="Zero" bid="5755"/>
				</task>
				<task id="29" pickup="Monaco" delivery="Lyon" weight="15" reward="72973">
					<bid agent="Opponent" bid="2460"/>
					<bid agent="Zero" bid="4565"/>
				</task>
				<task id="30" pickup="Brest" delivery="Monaco" weight="15" reward="100">
					<bid agent="Opponent" bid="6285"/>
					<bid agent="Zero" bid="5705"/>
				</task>
				<task id="31" pickup="Genève" delivery="Le Havre" weight="23" reward="54358">
					<bid agent="Opponent" bid="3490"/>
					<bid agent="Zero" bid="150"/>
				</task>
				<task id="32" pickup="Marseille" delivery="Brest" weight="16" reward="15612">
					<bid agent="Opponent" bid="6091"/>
					<bid agent="Zero" bid="3160"/>
				</task>
				<task id="33" pickup="Le Havre" delivery="Bordeaux" weight="22" reward="56495">
					<bid agent="Opponent" bid="3573"/>
					<bid agent="Zero" bid="0"/>
				</task>
				<task id="34" pickup="Monaco" delivery="Brest" weight="12" reward="100">
					<bid agent="Opponent" bid="5533"/>
					<bid agent="Zero" bid="6120"/>
				</task>
				<task id="35" pickup="Le Havre" delivery="Marseille" weight="28" reward="42844">
					<bid agent="Opponent" bid="4584"/>
					<bid agent="Zero" bid="1820"/>
				</task>
				<task id="36" pickup="Monaco" delivery="Lyon" weight="15" reward="72973">
					<bid agent="Opponent" bid="3194"/>
					<bid agent="Zero" bid="2250"/>
				</task>
				<task id="37" pickup="Paris" delivery="Strasbourg" weight="26" reward="76696">
					<bid agent="Opponent" bid="2397"/>
					<bid agent="Zero" bid="3240"/>
				</task>
				<task id="38" pickup="Strasbourg" delivery="Paris" weight="26" reward="76696">
					<bid agent="Opponent" bid="2466"/>
					<bid agent="Zero" bid="0"/>
				</task>
				<task id="39" pickup="Bordeaux" delivery="Genève" weight="23" reward="59460">
					<bid agent="Opponent" bid="3048"/>
					<bid agent="Zero" bid="1935"/>
				</task>
			</tasks>
			<events>
				<event id="0" time="0" vehicle="Vehicle 1" pickup="1"/>
				<event id="1" time="0" vehicle="Vehicle 6" pickup="39"/>
				<event id="2" time="0" vehicle="Vehicle 7" pickup="36"/>
				<event id="3" time="300000000" vehicle="Vehicle 1" move="Brest"/>
				<event id="4" time="300000000" vehicle="Vehicle 6" pickup="21"/>
				<event id="5" time="300000000" vehicle="Vehicle 7" pickup="23"/>
				<event id="6" time="600000000" vehicle="Vehicle 6" pickup="16"/>
				<event id="7" time="600000000" vehicle="Vehicle 7" pickup="20"/>
				<event id="8" time="900000000" vehicle="Vehicle 6" move="Paris"/>
				<event id="9" time="900000000" vehicle="Vehicle 7" move="Marseille"/>
				<event id="10" time="3400000000" vehicle="Vehicle 7" pickup="32"/>
				<event id="11" time="3700000000" vehicle="Vehicle 7" move="Lyon"/>
				<event id="12" time="7211111111" vehicle="Vehicle 7" deliver="36"/>
				<event id="13" time="7388888888" vehicle="Vehicle 6" move="Le Havre"/>
				<event id="14" time="7511111111" vehicle="Vehicle 7" pickup="2"/>
				<event id="15" time="7811111111" vehicle="Vehicle 7" move="Paris"/>
				<event id="16" time="9566666665" vehicle="Vehicle 6" deliver="16"/>
				<event id="17" time="9866666665" vehicle="Vehicle 6" pickup="14"/>
				<event id="18" time="10150000000" vehicle="Vehicle 1" pickup="5"/>
				<event id="19" time="10166666664" vehicle="Vehicle 6" move="Paris"/>
				<event id="20" time="10450000000" vehicle="Vehicle 1" pickup="3"/>
				<event id="21" time="10750000000" vehicle="Vehicle 1" pickup="8"/>
				<event id="22" time="11050000000" vehicle="Vehicle 1" move="Paris"/>
				<event id="23" time="12344444441" vehicle="Vehicle 6" pickup="27"/>
				<event id="24" time="12644444441" vehicle="Vehicle 6" move="Lyon"/>
				<event id="25" time="12988888887" vehicle="Vehicle 7" deliver="2"/>
				<event id="26" time="13288888886" vehicle="Vehicle 7" move="Brest"/>
				<event id="27" time="17822222218" vehicle="Vehicle 6" move="Marseille"/>
				<event id="28" time="19855555552" vehicle="Vehicle 7" pickup="22"/>
				<event id="29" time="20155555551" vehicle="Vehicle 7" deliver="20"/>
				<event id="30" time="20455555551" vehicle="Vehicle 7" pickup="30"/>
				<event id="31" time="20755555551" vehicle="Vehicle 7" deliver="32"/>
				<event id="32" time="20900000000" vehicle="Vehicle 1" move="Le Havre"/>
				<event id="33" time="21055555550" vehicle="Vehicle 7" pickup="24"/>
				<event id="34" time="21333333328" vehicle="Vehicle 6" deliver="21"/>
				<event id="35" time="21355555550" vehicle="Vehicle 7" move="Paris"/>
				<event id="36" time="21633333328" vehicle="Vehicle 6" move="Lyon"/>
				<event id="37" time="24166666666" vehicle="Vehicle 1" deliver="8"/>
				<event id="38" time="24466666666" vehicle="Vehicle 1" move="Paris"/>
				<event id="39" time="25144444438" vehicle="Vehicle 6" move="Genève"/>
				<event id="40" time="26799999993" vehicle="Vehicle 6" deliver="39"/>
				<event id="41" time="27099999993" vehicle="Vehicle 6" pickup="17"/>
				<event id="42" time="27399999993" vehicle="Vehicle 6" move="Strasbourg"/>
				<event id="43" time="27733333332" vehicle="Vehicle 1" move="Lyon"/>
				<event id="44" time="27922222216" vehicle="Vehicle 7" move="Le Havre"/>
				<event id="45" time="30099999993" vehicle="Vehicle 7" deliver="24"/>
				<event id="46" time="30399999993" vehicle="Vehicle 7" pickup="35"/>
				<event id="47" time="30699999993" vehicle="Vehicle 7" move="Paris"/>
				<event id="48" time="31722222215" vehicle="Vehicle 6" pickup="26"/>
				<event id="49" time="32022222214" vehicle="Vehicle 6" deliver="27"/>
				<event id="50" time="32322222214" vehicle="Vehicle 6" pickup="38"/>
				<event id="51" time="32622222214" vehicle="Vehicle 6" deliver="14"/>
				<event id="52" time="32877777770" vehicle="Vehicle 7" move="Lyon"/>
				<event id="53" time="32922222214" vehicle="Vehicle 6" move="Paris"/>
				<event id="54" time="35499999998" vehicle="Vehicle 1" deliver="3"/>
				<event id="55" time="35799999998" vehicle="Vehicle 1" pickup="6"/>
				<event id="56" time="36099999998" vehicle="Vehicle 1" move="Marseille"/>
				<event id="57" time="38055555547" vehicle="Vehicle 7" move="Marseille"/>
				<event id="58" time="38333333324" vehicle="Vehicle 6" move="Brest"/>
				<event id="59" time="41366666664" vehicle="Vehicle 1" move="Monaco"/>
				<event id="60" time="41566666657" vehicle="Vehicle 7" deliver="22"/>
				<event id="61" time="41866666657" vehicle="Vehicle 7" deliver="35"/>
				<event id="62" time="42166666656" vehicle="Vehicle 7" move="Monaco"/>
				<event id="63" time="44666666655" vehicle="Vehicle 7" pickup="18"/>
				<event id="64" time="44899999990" vehicle="Vehicle 6" deliver="26"/>
				<event id="65" time="44966666655" vehicle="Vehicle 7" deliver="30"/>
				<event id="66" time="45116666663" vehicle="Vehicle 1" deliver="6"/>
				<event id="67" time="45199999990" vehicle="Vehicle 6" pickup="25"/>
				<event id="68" time="45266666654" vehicle="Vehicle 7" pickup="15"/>
				<event id="69" time="45416666663" vehicle="Vehicle 1" deliver="1"/>
				<event id="70" time="45499999990" vehicle="Vehicle 6" move="Paris"/>
				<event id="71" time="45566666654" vehicle="Vehicle 7" move="Genève"/>
				<event id="72" time="45716666663" vehicle="Vehicle 1" deliver="5"/>
				<event id="73" time="46016666662" vehicle="Vehicle 1" move="Marseille"/>
				<event id="74" time="49766666661" vehicle="Vehicle 1" move="Lyon"/>
				<event id="75" time="51355555542" vehicle="Vehicle 7" deliver="15"/>
				<event id="76" time="51655555542" vehicle="Vehicle 7" deliver="18"/>
				<event id="77" time="51955555542" vehicle="Vehicle 7" pickup="31"/>
				<event id="78" time="52066666656" vehicle="Vehicle 6" deliver="38"/>
				<event id="79" time="52255555541" vehicle="Vehicle 7" move="Lyon"/>
				<event id="80" time="52366666656" vehicle="Vehicle 6" pickup="7"/>
				<event id="81" time="52666666656" vehicle="Vehicle 6" move="Le Havre"/>
				<event id="82" time="53911111096" vehicle="Vehicle 7" move="Paris"/>
				<event id="83" time="54844444433" vehicle="Vehicle 6" deliver="7"/>
				<event id="84" time="55033333327" vehicle="Vehicle 1" move="Paris"/>
				<event id="85" time="55144444432" vehicle="Vehicle 6" pickup="33"/>
				<event id="86" time="55444444432" vehicle="Vehicle 6" move="Paris"/>
				<event id="87" time="57622222209" vehicle="Vehicle 6" move="Bordeaux"/>
				<event id="88" time="59088888872" vehicle="Vehicle 7" move="Le Havre"/>
				<event id="89" time="61266666649" vehicle="Vehicle 7" deliver="31"/>
				<event id="90" time="61566666649" vehicle="Vehicle 7" deliver="23"/>
				<event id="91" time="62799999993" vehicle="Vehicle 1" pickup="9"/>
				<event id="92" time="63099999993" vehicle="Vehicle 1" pickup="0"/>
				<event id="93" time="63399999993" vehicle="Vehicle 1" pickup="19"/>
				<event id="94" time="63699999993" vehicle="Vehicle 1" move="Lyon"/>
				<event id="95" time="64111111097" vehicle="Vehicle 6" deliver="17"/>
				<event id="96" time="64411111097" vehicle="Vehicle 6" deliver="33"/>
				<event id="97" time="64711111097" vehicle="Vehicle 6" deliver="25"/>
				<event id="98" time="71466666659" vehicle="Vehicle 1" move="Marseille"/>
				<event id="99" time="76733333325" vehicle="Vehicle 1" move="Monaco"/>
				<event id="100" time="80483333324" vehicle="Vehicle 1" deliver="9"/>
				<event id="101" time="80783333324" vehicle="Vehicle 1" deliver="0"/>
				<event id="102" time="81083333323" vehicle="Vehicle 1" move="Genève"/>
				<event id="103" time="89766666655" vehicle="Vehicle 1" pickup="13"/>
				<event id="104" time="90066666654" vehicle="Vehicle 1" move="Lyon"/>
				<event id="105" time="92549999987" vehicle="Vehicle 1" move="Marseille"/>
				<event id="106" time="97816666653" vehicle="Vehicle 1" deliver="13"/>
				<event id="107" time="98116666652" vehicle="Vehicle 1" pickup="11"/>
				<event id="108" time="98416666652" vehicle="Vehicle 1" move="Bordeaux"/>
				<event id="109" time="109183333318" vehicle="Vehicle 1" deliver="11"/>
				<event id="110" time="109483333318" vehicle="Vehicle 1" move="Lyon"/>
				<event id="111" time="119283333317" vehicle="Vehicle 1" pickup="12"/>
				<event id="112" time="119583333317" vehicle="Vehicle 1" move="Marseille"/>
				<event id="113" time="124849999983" vehicle="Vehicle 1" move="Monaco"/>
				<event id="114" time="128599999983" vehicle="Vehicle 1" deliver="19"/>
				<event id="115" time="128899999983" vehicle="Vehicle 1" deliver="12"/>
				<event id="116" time="129199999983" vehicle="Vehicle 1" pickup="29"/>
				<event id="117" time="129499999983" vehicle="Vehicle 1" pickup="34"/>
				<event id="118" time="129799999983" vehicle="Vehicle 1" pickup="28"/>
				<event id="119" time="130099999983" vehicle="Vehicle 1" move="Genève"/>
				<event id="120" time="138783333316" vehicle="Vehicle 1" deliver="28"/>
				<event id="121" time="139083333315" vehicle="Vehicle 1" move="Lyon"/>
				<event id="122" time="141566666647" vehicle="Vehicle 1" deliver="29"/>
				<event id="123" time="141866666647" vehicle="Vehicle 1" move="Paris"/>
				<event id="124" time="149633333313" vehicle="Vehicle 1" pickup="37"/>
				<event id="125" time="149933333313" vehicle="Vehicle 1" move="Brest"/>
				<event id="126" time="159783333312" vehicle="Vehicle 1" pickup="4"/>
				<event id="127" time="160083333311" vehicle="Vehicle 1" deliver="34"/>
				<event id="128" time="160383333311" vehicle="Vehicle 1" move="Paris"/>
				<event id="129" time="170233333310" vehicle="Vehicle 1" pickup="10"/>
				<event id="130" time="170533333310" vehicle="Vehicle 1" move="Strasbourg"/>
				<event id="131" time="178649999976" vehicle="Vehicle 1" deliver="4"/>
				<event id="132" time="178949999976" vehicle="Vehicle 1" deliver="37"/>
				<event id="133" time="179249999976" vehicle="Vehicle 1" move="Genève"/>
				<event id="134" time="185733333309" vehicle="Vehicle 1" move="Monaco"/>
				<event id="135" time="194416666641" vehicle="Vehicle 1" deliver="10"/>
			</events>
		</round>
	</rounds>
	<statistics>
		<stat rank="1" agent="Opponent">
			<total-tasks value="17"/>
			<total-distance value="11071.0"/>
			<total-cost value="55355"/>
			<total-reward value="69077"/>
			<total-profit value="13722"/>
		</stat>
		<stat rank="2" agent="Zero">
			<total-tasks value="23"/>
			<total-distance value="10177.0"/>
			<total-cost value="50885"/>
			<total-reward value="45150"/>
			<total-profit value="-5735"/>
		</stat>
	</statistics>
</history>
